split,scenario,model,segment,adequate_n,n,mae,rmse,bias,r2,predicted_mean,realized_mean,delta_mae_low,delta_rmse_low,bias_low,delta_bias_low,benchmark_bias_low,delta_mae_high,delta_rmse_high,bias_high,delta_bias_high,benchmark_bias_high
validation,upside,M0,all,True,4170,0.171285748115,0.21456402298,-0.0102754060707,0.311957256623,0.385788041441,0.396063447512,0,0,-0.0168217999132,0,-0.0168217999132,0,0,-0.0043086634047,0,-0.0043086634047
validation,upside,M0,realized_gt60,True,1143,0.206564402653,0.228285396949,-0.204928262401,-5.46031712227,0.525033165369,0.72996142777,0,0,-0.212493422024,0,-0.212493422024,0,0,-0.197966548032,0,-0.197966548032
validation,upside,M0,realized_gt75,True,417,0.240387679637,0.263475845868,-0.239649723166,-16.9124240023,0.587784316616,0.827434039783,0,0,-0.252703440198,0,-0.252703440198,0,0,-0.227616861159,0,-0.227616861159
validation,upside,M0,realized_ge90,False,65,0.277174301529,0.303777096893,-0.277174301529,-118.685249863,0.661007387619,0.938181689148,0,0,-0.306787414047,0,-0.306787414047,0,0,-0.244929599226,0,-0.244929599226
validation,upside,M0,low_le10,True,719,0.276015363668,0.330270120452,0.273422231092,-595.117771932,0.318982891655,0.0455606605626,0,0,0.259035947446,0,0.259035947446,0,0,0.29086320237,0,0.29086320237
validation,upside,M0,cure,True,569,0.331003719626,0.366832167821,0.330703406669,-3749.23410078,0.372137336161,0.0414339294918,0,0,0.317127910196,0,0.317127910196,0,0,0.344809802956,0,0.344809802956
validation,upside,M0,unsecured,True,1463,0.239227904792,0.273518168193,-0.0102486681423,0.148123283963,0.481448844859,0.491697513001,0,0,-0.0238508207172,0,-0.0238508207172,0,0,0.00321470428605,0,0.00321470428605
validation,upside,M0,secured,True,2707,0.134566363106,0.17460394858,-0.0102898566024,0.364816134053,0.334088094858,0.34437795146,0,0,-0.0171908312849,0,-0.0171908312849,0,0,-0.00351800424829,0,-0.00351800424829
validation,upside,M0,guarantee:zero,True,3321,0.182443859396,0.225868671602,-0.0123797670434,0.274058935137,0.405648343055,0.418028110098,0,0,-0.0213378783101,0,-0.0213378783101,0,0,-0.00509597670075,0,-0.00509597670075
validation,upside,M0,guarantee:partial,True,665,0.132693151729,0.168273274233,-0.0105012324619,0.402229834164,0.326758679273,0.337259911735,0,0,-0.0217437572926,0,-0.0217437572926,0,0,0.00258330075161,0,0.00258330075161
validation,upside,M0,guarantee:full,True,184,0.109372645029,0.142205165945,0.0285221881696,0.0709295744585,0.240670998952,0.212148810783,0,0,0.00662636140081,0,0.00662636140081,0,0,0.0486988910825,0,0.0486988910825
validation,upside,M0,product_type:Financial Guarantee,True,175,0.182252263461,0.227998608267,-0.0055410302688,0.259706036328,0.401519249951,0.407060280219,0,0,-0.0396988457385,0,-0.0396988457385,0,0,0.032117535861,0,0.032117535861
validation,upside,M0,product_type:Import LC,True,369,0.177256378757,0.223102864241,-0.00743624270101,0.251808770094,0.387449628707,0.394885871408,0,0,-0.0282322262303,0,-0.0282322262303,0,0,0.0116601947614,0,0.0116601947614
validation,upside,M0,product_type:OVD,True,1410,0.177482772436,0.222027780547,-0.00519471586985,0.281202698927,0.4044114287,0.40960614457,0,0,-0.0163797167409,0,-0.0163797167409,0,0,0.00662285735369,0,0.00662285735369
validation,upside,M0,product_type:Performance Guarantee,True,309,0.173678017323,0.217171310967,-0.00822215489587,0.213114610858,0.404465082094,0.41268723699,0,0,-0.0331062579638,0,-0.0331062579638,0,0,0.0171045542806,0,0.0171045542806
validation,upside,M0,product_type:Term Loan,True,1907,0.164154485204,0.205370925479,-0.0153485024761,0.362911378896,0.367226809775,0.382575312251,0,0,-0.0248613644819,0,-0.0248613644819,0,0,-0.00663908770898,0,-0.00663908770898
validation,upside,M0,industry:Construction,True,507,0.167017664481,0.208540740062,-0.00709665797513,0.321580672454,0.377996545768,0.385093203743,0,0,-0.024176895926,0,-0.024176895926,0,0,0.010238427451,0,0.010238427451
validation,upside,M0,industry:Hospitality,True,342,0.166084798044,0.210945594918,-0.018419476666,0.271357083435,0.371826200857,0.390245677523,0,0,-0.0419100120856,0,-0.0419100120856,0,0,0.00532334513798,0,0.00532334513798
validation,upside,M0,industry:Manufacturing,True,748,0.176922448787,0.223407417875,0.00188902965307,0.271521311613,0.398390519384,0.396501489731,0,0,-0.0133967684382,0,-0.0133967684382,0,0,0.0172729902829,0,0.0172729902829
validation,upside,M0,industry:Retail,True,861,0.17610664917,0.219551708741,-0.0220790711948,0.331035129397,0.383948883499,0.406027954694,0,0,-0.0385178002177,0,-0.0385178002177,0,0,-0.00683015366745,0,-0.00683015366745
validation,upside,M0,industry:Services,True,981,0.167685627971,0.20913051301,-0.00262718649566,0.359018645372,0.393854811723,0.396481998219,0,0,-0.015102073979,0,-0.015102073979,0,0,0.0110677164744,0,0.0110677164744
validation,upside,M0,industry:Technology,True,302,0.16000384644,0.205417915403,-0.0286354214486,0.257102528895,0.374324929111,0.40296035056,0,0,-0.0526678678163,0,-0.0526678678163,0,0,-0.00160117607143,0,-0.00160117607143
validation,upside,M0,industry:Transport,True,429,0.177146931292,0.217132699362,-0.00962406376173,0.27887497544,0.377467429668,0.387091493429,0,0,-0.0311176020832,0,-0.0311176020832,0,0,0.0110212012051,0,0.0110212012051
validation,upside,M0,collateral_type:Cash,True,424,0.0751725022399,0.100284818844,-0.00778367770365,0.345846119895,0.14439756059,0.152181238293,0,0,-0.0185225412426,0,-0.0185225412426,0,0,0.00193971934205,0,0.00193971934205
validation,upside,M0,collateral_type:Mortgage,True,1441,0.124756797993,0.162223759461,-0.0119660560248,0.310029605235,0.346300631345,0.35826668737,0,0,-0.021406574313,0,-0.021406574313,0,0,-0.00214575167611,0,-0.00214575167611
validation,upside,M0,collateral_type:Other,True,842,0.181263014335,0.218884908313,-0.00868322535002,0.159857983463,0.408708666654,0.417391892004,0,0,-0.0238331455481,0,-0.0238331455481,0,0,0.00459968781091,0,0.00459968781091
validation,upside,M0,collateral_type:Unsecured,True,1463,0.239227904792,0.273518168193,-0.0102486681423,0.148123283963,0.481448844859,0.491697513001,0,0,-0.0238508207172,0,-0.0238508207172,0,0,0.00321470428605,0,0.00321470428605
validation,upside,M0,lien_rank:First,True,1451,0.112594944816,0.14720245001,-0.0117447893277,0.451401191966,0.275418128313,0.287162917641,0,0,-0.0195527356907,0,-0.0195527356907,0,0,-0.00414705042061,0,-0.00414705042061
validation,upside,M0,lien_rank:Second,True,1256,0.159948949045,0.201676844414,-0.00860903862121,0.181016785687,0.401866853979,0.410475892601,0,0,-0.0207528611975,0,-0.0207528611975,0,0,0.00343662006912,0,0.00343662006912
validation,upside,M0,lien_rank:Unsecured,True,1463,0.239227904792,0.273518168193,-0.0102486681423,0.148123283963,0.481448844859,0.491697513001,0,0,-0.0238508207172,0,-0.0238508207172,0,0,0.00321470428605,0,0.00321470428605
validation,upside,M0,latent_regime:0,True,2399,0.166232154088,0.204418569673,-0.016006026685,0.257585742866,0.331717303169,0.347723329854,0,0,-0.024332408069,0,-0.024332408069,0,0,-0.00806830516583,0,-0.00806830516583
validation,upside,M0,latent_regime:1,True,1771,0.178131356286,0.227586947996,-0.00251269638483,0.298651741008,0.45903236731,0.461545063695,0,0,-0.0151619064793,0,-0.0151619064793,0,0,0.00820121558,0,0.00820121558
validation,upside,M0,age:1-6,True,1014,0.175414966379,0.220246267447,-0.00301245319974,0.235453663274,0.387478803787,0.390491256986,0,0,-0.0164419117984,0,-0.0164419117984,0,0,0.0120823976973,0,0.0120823976973
validation,upside,M0,age:7-12,True,1101,0.175764360952,0.218288850142,-0.0142010796041,0.318449998833,0.383131382313,0.397332461918,0,0,-0.0283354557275,0,-0.0283354557275,0,0,-0.00117686762117,0,-0.00117686762117
validation,upside,M0,age:13-24,True,2055,0.166848774853,0.209653963209,-0.0117559256089,0.343869092225,0.386377116225,0.398133041834,0,0,-0.0212429346238,0,-0.0212429346238,0,0,-0.00199765476233,0,-0.00199765476233
validation,upside,M0,predicted:0-0.1,True,160,0.0568596141387,0.0828771978536,-0.0380135725194,-0.136757312008,0.0581409660222,0.0961545385416,0,0,-0.0504208570657,0,-0.0504208570657,0,0,-0.0261417947199,0,-0.0261417947199
validation,upside,M0,predicted:0.1-0.25,True,667,0.0876695477394,0.11193777769,-0.014485182947,0.121562982094,0.186207574159,0.200692757106,0,0,-0.0226259386945,0,-0.0226259386945,0,0,-0.00690564398372,0,-0.00690564398372
validation,upside,M0,predicted:0.25-0.5,True,2398,0.180937616469,0.213769863279,-0.0145162227267,0.0743716595315,0.38153961181,0.396055834537,0,0,-0.0230155644958,0,-0.0230155644958,0,0,-0.00595639518185,0,-0.00595639518185
validation,upside,M0,predicted:0.5-0.75,True,894,0.227597646545,0.277483745068,0.00596796003577,0.0331039739029,0.581193859789,0.575225899753,0,0,-0.0135678077429,0,-0.0135678077429,0,0,0.0249170685332,0,0.0249170685332
validation,upside,M0,predicted:0.75-1,False,51,0.182896916303,0.283621512294,0.0464684537337,-0.0369657911016,0.798310323726,0.751841869993,0,0,-0.0331464413577,0,-0.0331464413577,0,0,0.135982526818,0,0.135982526818
validation,upside,M1,all,True,4170,0.170918848074,0.214219075264,-0.0109454540195,0.314167766931,0.385117993492,0.396063447512,-0.0012351461087,-0.00129109064318,-0.0174874819127,-0.00171137532668,-0.0168217999132,0.000494129585352,0.000581562568572,-0.00523255618632,0.000367151221766,-0.0043086634047
validation,upside,M1,realized_gt60,True,1143,0.206323621378,0.228114816033,-0.204398579242,-5.45066608807,0.525562848528,0.72996142777,-0.00199050297285,-0.00187338840314,-0.211500817962,-0.00136809112291,-0.212493422024,0.00146342976963,0.00186454350595,-0.197093503005,0.00231807233806,-0.197966548032
validation,upside,M1,realized_gt75,True,417,0.237434156636,0.26135499888,-0.236807804689,-16.6252127611,0.590626235093,0.827434039783,-0.00652909366851,-0.00570879289417,-0.249359098071,-0.00110759518755,-0.252703440198,0.000783131141432,0.0014076153055,-0.224987857809,0.00633208952976,-0.227616861159
validation,upside,M1,realized_ge90,False,65,0.275000744777,0.301963357896,-0.274602218537,-117.26032506,0.663579470611,0.938181689148,-0.00979836776169,-0.00904053787922,-0.305498891782,-0.00646379285788,-0.306787414047,0.00656739544106,0.00596834081538,-0.242450465009,0.0105374776431,-0.244929599226
validation,upside,M1,low_le10,True,719,0.274241254598,0.329144160757,0.271006608741,-591.060120909,0.316567269303,0.0455606605626,-0.00372824049205,-0.00331758328271,0.256660356618,-0.00439659233386,0.259035947446,0.000384860569814,0.00110557978621,0.288706707828,-0.000324107168847,0.29086320237
validation,upside,M1,cure,True,569,0.330003845529,0.366087275653,0.329452247339,-3734.01905705,0.37088617683,0.0414339294918,-0.00322544024205,-0.00329643385361,0.314920683046,-0.00363391776159,0.317127910196,0.00121936145403,0.00176760391078,0.343076157823,0.000741734337723,0.344809802956
validation,upside,M1,unsecured,True,1463,0.238174429111,0.272947080607,-0.01045750552,0.151676893103,0.481240007481,0.491697513001,-0.00284536321033,-0.00240155724854,-0.024757792577,-0.00232654112407,-0.0238508207172,0.000562159913629,0.00100591358949,0.00286399150387,0.00185396029146,0.00321470428605
validation,upside,M1,secured,True,2707,0.13457052334,0.174434394126,-0.0112091661195,0.366049164155,0.333168785341,0.34437795146,-0.0010743400721,-0.00116377734766,-0.0175229014981,-0.00213888006242,-0.0171908312849,0.000913227512082,0.000783481495369,-0.00428406167203,0.000116867908558,-0.00351800424829
validation,upside,M1,guarantee:zero,True,3321,0.182277143348,0.22553284801,-0.0124926688752,0.276216001904,0.405535441223,0.418028110098,-0.000988042437705,-0.0012675076569,-0.0212801793242,-0.00119525273333,-0.0213378783101,0.000780744334966,0.000661943187039,-0.00516615867614,0.000889773078783,-0.00509597670075
validation,upside,M1,guarantee:partial,True,665,0.132148841402,0.168252891869,-0.013545951793,0.402374637091,0.323713959942,0.337259911735,-0.00233854148935,-0.00243120928885,-0.0247893312505,-0.00503776744569,-0.0217437572926,0.00170033608441,0.00227715090746,-0.000401515890369,-0.000858148822716,0.00258330075161
validation,upside,M1,guarantee:full,True,184,0.106033825433,0.140111089149,0.0263786305195,0.0980906133728,0.238527441302,0.212148810783,-0.0072777197604,-0.00621587806844,0.00465203280355,-0.00638437446093,0.00662636140081,0.000885609459176,0.00157489444798,0.0467449832613,0.00217646601534,0.0486988910825
validation,upside,M1,product_type:Financial Guarantee,True,175,0.179489139179,0.227341709798,-0.00274253203644,0.26396568884,0.404317748183,0.407060280219,-0.00667205140471,-0.00468549615212,-0.0368936968838,-0.00190595616289,-0.0396988457385,0.0010812582278,0.00348109236063,0.034319459635,0.0072903315998,0.032117535861
validation,upside,M1,product_type:Import LC,True,369,0.177033968525,0.222244203748,-0.00364567512905,0.257556844756,0.391240196279,0.394885871408,-0.00315270484663,-0.00345758304779,-0.0244838376397,0.000931146465301,-0.0282322262303,0.00280900441812,0.00222725419022,0.0167021301883,0.00659843619104,0.0116601947614
validation,upside,M1,product_type:OVD,True,1410,0.177991929659,0.221897177271,-0.00730441142,0.282048085674,0.40230173315,0.40960614457,-0.000986714523952,-0.00196434222379,-0.0188733199528,-0.00356184173696,-0.0163797167409,0.00200642026589,0.00146757129488,0.00434352511991,-0.000830211657301,0.00662285735369
validation,upside,M1,product_type:Performance Guarantee,True,309,0.173365269214,0.217746501777,-0.00900156989979,0.2089408678,0.40368566709,0.41268723699,-0.00313990723605,-0.00271092201378,-0.0332037886765,-0.0037788803542,-0.0331062579638,0.00280855998305,0.00388089024326,0.0171928185015,0.00231037787239,0.0171045542806
validation,upside,M1,product_type:Term Loan,True,1907,0.163323006672,0.20483546024,-0.0161177980237,0.36622922034,0.366457514228,0.382575312251,-0.00180679765571,-0.0016332805115,-0.0258335244871,-0.00200845157676,-0.0248613644819,0.000373332207917,0.000914906573769,-0.00764259924702,0.000611988686689,-0.00663908770898
validation,upside,M1,industry:Construction,True,507,0.16711121761,0.208433505491,-0.00841555906999,0.32227819852,0.376677644673,0.385093203743,-0.00224298631583,-0.00258614305825,-0.0255227593408,-0.00474715458316,-0.024176895926,0.0025696449737,0.00269178920085,0.00889515680956,0.00215457562811,0.010238427451
validation,upside,M1,industry:Hospitality,True,342,0.163238366121,0.20777629256,-0.0151561470155,0.293087255381,0.375089530508,0.390245677523,-0.00564822546072,-0.00630861266967,-0.0379335903937,-0.000589120245944,-0.0419100120856,0.00036654592304,0.000740399575441,0.00844208987549,0.00700374173012,0.00532334513798
validation,upside,M1,industry:Manufacturing,True,748,0.17545084501,0.221886851827,0.00291885205766,0.281403976486,0.399420341789,0.396501489731,-0.00344011023293,-0.00335172668722,-0.0124377760922,-0.00125364369913,-0.0133967684382,0.000317964732834,0.000423981152241,0.0184882996528,0.00356693948396,0.0172729902829
validation,upside,M1,industry:Retail,True,861,0.175664847049,0.21944035356,-0.0242604855021,0.331713546467,0.381767469192,0.406027954694,-0.00234854456618,-0.00240531964589,-0.0392598044558,-0.00452266647256,-0.0385178002177,0.00157434186444,0.00201014450174,-0.00904601767154,0.000438896703329,-0.00683015366745
validation,upside,M1,industry:Services,True,981,0.16879012581,0.210237614629,-0.00403921131629,0.352214188003,0.392442786903,0.396481998219,-0.000797401434358,-0.00096185820273,-0.0174952109379,-0.00371218713085,-0.015102073979,0.00279204187078,0.00340758934026,0.0105055485605,0.000826635435472,0.0110677164744
validation,upside,M1,industry:Technology,True,302,0.160188136256,0.20610042339,-0.0284515857311,0.252157723822,0.374508764829,0.40296035056,-0.0028201947014,-0.0025769768621,-0.0539922137065,-0.00379817326518,-0.0526678678163,0.00344999400359,0.004028330995,-0.00214592984374,0.00349773089592,-0.00160117607143
validation,upside,M1,industry:Transport,True,429,0.176536344948,0.216423136701,-0.0114979735742,0.283580368354,0.375593519855,0.387091493429,-0.00354566124536,-0.00352858871389,-0.0329990471748,-0.00553795981202,-0.0311176020832,0.00207803536185,0.00238077135174,0.00954847513548,0.00160837215777,0.0110212012051
validation,upside,M1,collateral_type:Cash,True,424,0.0760978251954,0.101481955943,-0.0108861206826,0.330135147161,0.141295117611,0.152181238293,-0.00129619112257,-0.00113552084543,-0.0214647147968,-0.00564581170941,-0.0185225412426,0.00311016614097,0.0033042873911,-0.00144086738861,-0.000426853104291,0.00193971934205
validation,upside,M1,collateral_type:Mortgage,True,1441,0.124926934398,0.16257392688,-0.0118748825215,0.30704772501,0.346391804848,0.35826668737,-0.0012726410895,-0.00124449860254,-0.0211286526697,-0.00158859086474,-0.021406574313,0.00143118810439,0.00175481194384,-0.00191648008011,0.00193110542892,-0.00214575167611
validation,upside,M1,collateral_type:Other,True,842,0.180519259301,0.217724740495,-0.0102325318321,0.168740483349,0.407159360172,0.417391892004,-0.00240431644389,-0.00303490632466,-0.0252148044035,-0.00352527636145,-0.0238331455481,0.00101972264087,0.000649829835416,0.00275968757643,0.000459943969965,0.00459968781091
validation,upside,M1,collateral_type:Unsecured,True,1463,0.238174429111,0.272947080607,-0.01045750552,0.151676893103,0.481240007481,0.491697513001,-0.00284536321033,-0.00240155724854,-0.024757792577,-0.00232654112407,-0.0238508207172,0.000562159913629,0.00100591358949,0.00286399150387,0.00185396029146,0.00321470428605
validation,upside,M1,lien_rank:First,True,1451,0.112824587325,0.147556379054,-0.0134455579477,0.44875995231,0.273717359693,0.287162917641,-0.00100621670689,-0.000824935845049,-0.0211638051985,-0.00283404954973,-0.0195527356907,0.00134737021138,0.00152830939289,-0.00505508358711,-0.000304390266722,-0.00414705042061
validation,upside,M1,lien_rank:Second,True,1256,0.159692619803,0.201060883719,-0.00862556377662,0.186011817309,0.401850328824,0.410475892601,-0.00185945326318,-0.002195890413,-0.0208974478935,-0.00155548406233,-0.0207528611975,0.00112993513675,0.00112372070227,0.00376584140128,0.0015717397293,0.00343662006912
validation,upside,M1,lien_rank:Unsecured,True,1463,0.238174429111,0.272947080607,-0.01045750552,0.151676893103,0.481240007481,0.491697513001,-0.00284536321033,-0.00240155724854,-0.024757792577,-0.00232654112407,-0.0238508207172,0.000562159913629,0.00100591358949,0.00286399150387,0.00185396029146,0.00321470428605
validation,upside,M1,latent_regime:0,True,2399,0.166037564571,0.204052036131,-0.0168395780576,0.260245733742,0.330883751797,0.347723329854,-0.00142403927947,-0.0016619392059,-0.0248808576004,-0.00226506256125,-0.024332408069,0.000960569131171,0.000976645616443,-0.00888223265692,0.000583544260788,-0.00806830516583
validation,upside,M1,latent_regime:1,True,1771,0.177531044079,0.227267163392,-0.00296126228182,0.300621298648,0.458583801413,0.461545063695,-0.00180628430329,-0.00160370746954,-0.0154009944887,-0.0019135879208,-0.0151619064793,0.000714209691782,0.00100824042952,0.00772987420491,0.00104951774511,0.00820121558
validation,upside,M1,age:1-6,True,1014,0.176416798179,0.220104029219,-0.00870702019756,0.236440854583,0.381784236789,0.390491256986,-0.00087251565272,-0.00210141226933,-0.022486970157,-0.00795659230345,-0.0164419117984,0.00285636020439,0.00189159912587,0.00588350788935,-0.00357086419401,0.0120823976973
validation,upside,M1,age:7-12,True,1101,0.175098599575,0.217988051334,-0.0128936006753,0.320327036326,0.384438861242,0.397332461918,-0.00245259179424,-0.00196890184703,-0.0268243667623,-0.00066389081296,-0.0283354557275,0.000943517084347,0.00141967919854,0.000309503213781,0.00375140331528,-0.00117686762117
validation,upside,M1,age:13-24,True,2055,0.165966620431,0.20917902772,-0.0110062143249,0.346838431682,0.387126827509,0.398133041834,-0.00209730934751,-0.00179444292123,-0.020218502102,-0.000746960748845,-0.0212429346238,0.00024066544525,0.000745722033464,-0.0011074702977,0.00214025683257,-0.00199765476233
validation,upside,M1,predicted:0-0.1,True,176,0.0541412653247,0.077957898463,-0.0360494618564,-0.216722848248,0.0577155027859,0.0937649646424,-0.00226515105018,-0.000827422714018,-0.0456049214761,-0.0137204420904,-0.0359008518578,0.00458775232665,0.00774866855306,-0.0250782940724,-0.00634456822071,-0.0148474732741
validation,upside,M1,predicted:0.1-0.25,True,663,0.0908543395012,0.115329983757,-0.0171454118258,0.0943994765279,0.187206997095,0.204352408921,-0.00119184029774,-0.00165436348098,-0.0268552181616,-0.00635358231831,-0.0214273388549,0.00256456274933,0.00314999564639,-0.00874985717883,-0.00246913870098,-0.00425558647864
validation,upside,M1,predicted:0.25-0.5,True,2388,0.180789578802,0.21378931649,-0.0129932015568,0.0671417798299,0.381528618431,0.394521819988,-0.00106006249118,-0.00160189588129,-0.0218320282385,-0.00279724599927,-0.0205400464735,0.00101009177598,0.000664712115452,-0.00468269265618,4.7940363224e-05,-0.00342709378285
validation,upside,M1,predicted:0.5-0.75,True,891,0.226794476484,0.27740742282,0.00153093935665,0.0162532669138,0.582332757357,0.580801818,-0.00364984685685,-0.00256781102188,-0.0160259078871,0.00196010289878,-0.0210846008068,0.000355122227127,0.00146842674187,0.0182676383327,0.00706451324442,0.014001817448
validation,upside,M1,predicted:0.75-1,False,52,0.176286806893,0.268897451114,0.0333320849383,-0.0422322967526,0.802250724627,0.768918639689,-0.0166473105573,-0.00908310668696,-0.0276923760283,0.00334345118912,-0.0424404476745,0.00226414540682,0.00605329740746,0.115186221893,0.0278698119642,0.0971850507131
validation,upside,M2,all,True,4170,0.171833186229,0.215392856663,-0.00986391413599,0.306631345607,0.386199533376,0.396063447512,-0.000563886713302,-0.00038130348955,-0.0162320512471,-0.000924084125122,-0.0168217999132,0.00165392195363,0.00205187412626,-0.00406429023227,0.00160636749284,-0.0043086634047
validation,upside,M2,realized_gt60,True,1143,0.208557342956,0.22959639575,-0.20649254559,-5.53473088129,0.523468882179,0.72996142777,-0.000632098318486,-0.00144528441445,-0.213249061573,-0.00413474698433,-0.212493422024,0.00413807610601,0.00372195611433,-0.19931149168,0.00109117735206,-0.197966548032
validation,upside,M2,realized_gt75,True,417,0.23857679867,0.261806853992,-0.238394823547,-16.6862096964,0.589039216235,0.827434039783,-0.00613855410707,-0.00546434164884,-0.250914225991,-0.00342570040695,-0.252703440198,0.00307045776279,0.00308986030788,-0.226001109965,0.00560675205323,-0.227616861159
validation,upside,M2,realized_ge90,False,65,0.274927170305,0.302208040886,-0.274927170305,-117.452057022,0.663254518843,0.938181689148,-0.0124456632826,-0.0115145537834,-0.305666719013,-0.00669917089435,-0.306787414047,0.00669917089435,0.00760847072577,-0.242194083498,0.0124456632826,-0.244929599226
validation,upside,M2,low_le10,True,719,0.276187283729,0.331128607119,0.273205892026,-598.220833624,0.318766552589,0.0455606605626,-0.00260955684573,-0.00200263103679,0.258017713726,-0.00304473689988,0.259035947446,0.00276799762511,0.00345188286697,0.290351483262,0.00246808718411,0.29086320237
validation,upside,M2,cure,True,569,0.33162325815,0.368043980164,0.331139688754,-3774.05246063,0.372573618246,0.0414339294918,-0.00234469336984,-0.00164691297968,0.316692466855,-0.00258355093853,0.317127910196,0.00373033363944,0.00443034736534,0.346320860027,0.0034344508791,0.344809802956
validation,upside,M2,unsecured,True,1463,0.239337565715,0.274579795694,-0.00868866752285,0.141497538642,0.483008845478,0.491697513001,-0.0017853088268,-0.00099050995331,-0.0230036373534,-0.00126276378304,-0.0238508207172,0.00198846932703,0.00310771266761,0.0045703001727,0.00429079030535,0.00321470428605
validation,upside,M2,secured,True,2707,0.135350398202,0.175274136368,-0.0104990769712,0.359930683894,0.333878874489,0.34437795146,-0.000553168347138,-0.000629180013742,-0.0167343534779,-0.00170648942827,-0.0171908312849,0.00187123119744,0.00186303904484,-0.00355679393926,0.00111211777239,-0.00351800424829
validation,upside,M2,guarantee:zero,True,3321,0.183456545713,0.22685837927,-0.0115774972997,0.267683163567,0.406450612799,0.418028110098,-3.42465421193e-05,-0.000255412054741,-0.0204966374577,-0.000485040230799,-0.0213378783101,0.00229964609575,0.00238601041701,-0.00466339088266,0.0021882482526,-0.00509597670075
validation,upside,M2,guarantee:partial,True,665,0.13125533194,0.167927211677,-0.0122827484277,0.404685995522,0.324977163308,0.337259911735,-0.00363808881105,-0.00274049747685,-0.0229298833504,-0.0048136221134,-0.0217437572926,0.00120147884992,0.00236030639371,0.00034876528268,0.000903268149825,0.00258330075161
validation,upside,M2,guarantee:full,True,184,0.108697839786,0.143638206932,0.0298063820091,0.0521102240486,0.241955192792,0.212148810783,-0.00558678305313,-0.00552482490175,0.00740903379079,-0.00447875969749,0.00662636140081,0.00430704605812,0.00774037575368,0.0501412694052,0.00613585996254,0.0486988910825
validation,upside,M2,product_type:Financial Guarantee,True,175,0.183679997117,0.231667828956,-0.00535505597996,0.235686952138,0.401705224239,0.407060280219,-0.00356130125105,-0.00126897531083,-0.0404643634957,-0.00591806043097,-0.0396988457385,0.00723182047576,0.00900745849557,0.0326213415845,0.00694912865248,0.032117535861
validation,upside,M2,product_type:Import LC,True,369,0.175329548702,0.22013430803,-0.00558904851458,0.271586833917,0.389296822894,0.394885871408,-0.00519056458705,-0.0066851431914,-0.02564794538,-0.00150428127232,-0.0282322262303,0.00184935350812,0.000800741322348,0.0137808391933,0.00537143551095,0.0116601947614
validation,upside,M2,product_type:OVD,True,1410,0.17916575672,0.223012516513,-0.00664445332914,0.274812550593,0.402961691241,0.40960614457,-0.000157611327524,-0.000903069147878,-0.0180913036416,-0.0034339472832,-0.0163797167409,0.00350116927147,0.00308011806484,0.00470525983299,0.000268442319534,0.00662285735369
validation,upside,M2,product_type:Performance Guarantee,True,309,0.175399853139,0.22084587056,-0.00519900601271,0.186260979863,0.407488230977,0.41268723699,-0.0015453502605,-0.000308052228065,-0.0298050230383,-0.000519902630474,-0.0331062579638,0.00521223694811,0.00779474242361,0.0206970692345,0.0066113218581,0.0171045542806
validation,upside,M2,product_type:Term Loan,True,1907,0.164070011543,0.20608605471,-0.0142411411624,0.358466797207,0.368334171089,0.382575312251,-0.00155748893604,-0.000855609054388,-0.0244595761493,-0.000419346780029,-0.0248613644819,0.00132291943801,0.00247575516372,-0.00538398630491,0.0027260697122,-0.00663908770898
validation,upside,M2,industry:Construction,True,507,0.166910278541,0.208939399502,-0.00604007944142,0.318984376101,0.379053124301,0.385093203743,-0.00315959404896,-0.00329082607338,-0.0246572821873,-0.00266379587332,-0.024176895926,0.00299188559302,0.00392508260217,0.0123193293814,0.00500869960218,0.010238427451
validation,upside,M2,industry:Hospitality,True,342,0.16345255212,0.207651804712,-0.0179470707358,0.293934086196,0.372298606788,0.390245677523,-0.00651310392828,-0.00727248130641,-0.0410226210895,-0.00487810598474,-0.0419100120856,0.00112677237528,0.000994640001794,0.00477868170348,0.00583882060899,0.00532334513798
validation,upside,M2,industry:Manufacturing,True,748,0.177260952035,0.223714810234,0.00127057638794,0.269515265084,0.397772066119,0.396501489731,-0.00215631711094,-0.00218157967155,-0.0139922754037,-0.0039513053997,-0.0133967684382,0.00272174460393,0.00326988269721,0.0175983943653,0.00229746597023,0.0172729902829
validation,upside,M2,industry:Retail,True,861,0.175620978395,0.21915048222,-0.0214163444622,0.333477936108,0.384611610232,0.406027954694,-0.00309415554526,-0.00315366428383,-0.0369082972016,-0.00228171713038,-0.0385178002177,0.00177113003503,0.00201491088274,-0.00643155832517,0.00348307500413,-0.00683015366745
validation,upside,M2,industry:Services,True,981,0.170792429284,0.213392548837,-0.00172987090291,0.332626292732,0.394752127316,0.396481998219,0.00117956582001,0.00176264995662,-0.0153858876011,-0.00166132591386,-0.015102073979,0.00550870297451,0.0067463998684,0.0125644464797,0.00331169466142,0.0110677164744
validation,upside,M2,industry:Technology,True,302,0.162639790959,0.207400149366,-0.0270336953999,0.242695784491,0.37592665516,0.40296035056,-0.00134815518531,-0.00215928266444,-0.0528688523697,-0.00356444351235,-0.0526678678163,0.00672689071965,0.00650053328322,-0.000493164270033,0.00591485688004,-0.00160117607143
validation,upside,M2,industry:Transport,True,429,0.176118083943,0.216639475955,-0.0106807521406,0.28214736858,0.376410741289,0.387091493429,-0.00458693206815,-0.00397235454551,-0.0317160617894,-0.00526509935587,-0.0311176020832,0.00236680834655,0.00271219037243,0.0116646091491,0.00346494006802,0.0110212012051
validation,upside,M2,collateral_type:Cash,True,424,0.0768348150264,0.102091447868,-0.00711005949063,0.322064682743,0.145071178803,0.152181238293,-0.00169855926747,-0.0016795659719,-0.0176271438719,-0.00270345973052,-0.0185225412426,0.00473006223673,0.00511830565213,0.00220522680925,0.00443664174877,0.00193971934205
validation,upside,M2,collateral_type:Mortgage,True,1441,0.125819937189,0.163725639518,-0.0119645176927,0.297194868413,0.346302169677,0.35826668737,-0.000287645923801,-0.000264116909254,-0.0212655606734,-0.00177870791018,-0.021406574313,0.00282968664267,0.00340484920847,-0.0022697087773,0.00172001842889,-0.00214575167611
validation,upside,M2,collateral_type:Other,True,842,0.181127122177,0.218271744864,-0.00969770325638,0.164558379139,0.407694188748,0.417391892004,-0.00204130147975,-0.00283870901775,-0.0246292686001,-0.00378583664474,-0.0238331455481,0.00178093453174,0.00158123940458,0.00332342378614,0.00147402140307,0.00459968781091
validation,upside,M2,collateral_type:Unsecured,True,1463,0.239337565715,0.274579795694,-0.00868866752285,0.141497538642,0.483008845478,0.491697513001,-0.0017853088268,-0.00099050995331,-0.0230036373534,-0.00126276378304,-0.0238508207172,0.00198846932703,0.00310771266761,0.0045703001727,0.00429079030535,0.00321470428605
validation,upside,M2,lien_rank:First,True,1451,0.113225058866,0.148230243409,-0.0116814499953,0.443713620591,0.275481467646,0.287162917641,-0.00105286587027,-0.000653508529077,-0.0194330969064,-0.00151535999521,-0.0195527356907,0.00226233914703,0.00287786770028,-0.00388906927513,0.001801036126,-0.00414705042061
validation,upside,M2,lien_rank:Second,True,1256,0.160910802165,0.202059734876,-0.00913313488689,0.177904097825,0.401342757714,0.410475892601,-0.000867910429941,-0.00148841951153,-0.0218303519769,-0.00242354681737,-0.0207528611975,0.00268528380259,0.00244636679101,0.00246689220012,0.00144179068458,0.00343662006912
validation,upside,M2,lien_rank:Unsecured,True,1463,0.239337565715,0.274579795694,-0.00868866752285,0.141497538642,0.483008845478,0.491697513001,-0.0017853088268,-0.00099050995331,-0.0230036373534,-0.00126276378304,-0.0238508207172,0.00198846932703,0.00310771266761,0.0045703001727,0.00429079030535,0.00321470428605
validation,upside,M2,latent_regime:0,True,2399,0.166599059378,0.204840266395,-0.0142165929196,0.254519518699,0.333506736935,0.347723329854,-0.00104570397823,-0.0013632486966,-0.0226730014242,0.000298677952659,-0.024332408069,0.00170997368806,0.00196032247936,-0.00679281293173,0.00350703405242,-0.00806830516583
validation,upside,M2,latent_regime:1,True,1771,0.178923344509,0.228912930801,-0.00396776709937,0.290455446064,0.457577296596,0.461545063695,-0.000847465518172,-0.000525580298193,-0.0160544845789,-0.00325978949764,-0.0151619064793,0.00227074385598,0.00295537975681,0.00653445381339,0.000516778711698,0.00820121558
validation,upside,M2,age:1-6,True,1014,0.177577392769,0.223314960048,-0.00680836123552,0.214000385279,0.383682895751,0.390491256986,-0.000231027899097,0.000210464700001,-0.0197762744087,-0.00690986756657,-0.0164419117984,0.00434727895886,0.00586940489292,0.00848058794407,-0.00088461706083,0.0120823976973
validation,upside,M2,age:7-12,True,1101,0.175931288285,0.218622859503,-0.010678799698,0.3163626889,0.386653662219,0.397332461918,-0.00184219351023,-0.00165049451018,-0.0248495235483,0.00114517904163,-0.0283354557275,0.00221585838281,0.00250093742722,0.00308851592004,0.00609866334985,-0.00117686762117
validation,upside,M2,age:13-24,True,2055,0.166803193141,0.209590300571,-0.0109350292879,0.344267507609,0.387198012546,0.398133041834,-0.00152841172021,-0.00180858022582,-0.0208247155075,-0.000873230256348,-0.0212429346238,0.00136140395355,0.00153529471406,-0.00115236658753,0.00260383778607,-0.00199765476233
validation,upside,M2,predicted:0-0.1,True,164,0.053333581061,0.0780306396,-0.0327090544674,-0.214194420102,0.05879205854,0.0915011130074,-0.00444574599762,-0.00211763068149,-0.044610280801,-0.0145690910989,-0.0352566672875,0.00472432546202,0.00783518555053,-0.0208382994156,-0.0034276751681,-0.0112022219529
validation,upside,M2,predicted:0.1-0.25,True,663,0.0888193741862,0.113062301909,-0.0184520413274,0.131600754402,0.186253880054,0.204705921381,-0.00260131081135,-0.00324001451967,-0.0267993115279,-0.0057800215432,-0.0245588102134,0.0023225078253,0.00275321301053,-0.0102750710004,-0.000255798362516,-0.00664790546335
validation,upside,M2,predicted:0.25-0.5,True,2405,0.179908035932,0.212826033153,-0.0143234284791,0.0831356072876,0.382646642367,0.396970070846,-0.00086852476334,-0.00146597353395,-0.0236566364678,-0.0021935040012,-0.0228993470172,0.00187734361238,0.00150995636805,-0.00585068453514,0.000834648007671,-0.00470723995336
validation,upside,M2,predicted:0.5-0.75,True,886,0.233056443025,0.282562582538,0.00837343071984,0.018562016076,0.581763680249,0.573390249529,-0.00117371494341,0.000288003731645,-0.00932571561281,0.00409038949312,-0.0172502321873,0.00372568965324,0.00516564404372,0.0282628578931,0.00990506279046,0.0212340489478
validation,upside,M2,predicted:0.75-1,False,52,0.187376908806,0.28808476868,0.0672010050022,-0.00619708959555,0.800308432854,0.733107427851,-0.0210158280406,-0.0132305584149,-0.00254999512939,0.00423229776417,-0.0209378534525,0.00391794967559,0.0117209645209,0.149869504946,0.0348127862868,0.132151421053
validation,upside,M3,all,True,4170,0.171320517466,0.21443501113,-0.00990712907441,0.312784412823,0.386156318437,0.396063447512,-0.00105629007242,-0.00119134802172,-0.0163658905987,-0.00100586777014,-0.0168217999132,0.00109517302098,0.00113814628689,-0.00404165412505,0.00154815765576,-0.0043086634047
validation,upside,M3,realized_gt60,True,1143,0.207544268379,0.228458111364,-0.205415880155,-5.47009621456,0.524545547614,0.72996142777,-0.00177398475604,-0.00248577015656,-0.212374128087,-0.00306923719514,-0.212493422024,0.00336926710057,0.00265610025196,-0.198042351921,0.00237883157482,-0.197966548032
validation,upside,M3,realized_gt75,True,417,0.237161406121,0.260572332124,-0.236905869944,-16.5198081348,0.590528169839,0.827434039783,-0.00757809919927,-0.00702155040227,-0.248899699464,-0.00224863156334,-0.252703440198,0.00184178599692,0.00205730382758,-0.224750591546,0.00678520954561,-0.227616861159
validation,upside,M3,realized_ge90,False,65,0.271516827442,0.299241702682,-0.271516827442,-115.138125058,0.666664861706,0.938181689148,-0.0165020483668,-0.0138588614353,-0.301133034901,-0.00516047158639,-0.306787414047,0.00516047158639,0.00664811430049,-0.240332657688,0.0165020483668,-0.244929599226
validation,upside,M3,low_le10,True,719,0.274001339753,0.329074313594,0.270233943604,-590.808867282,0.315794604167,0.0455606605626,-0.00474878420988,-0.00389015229281,0.255494329032,-0.00613010731683,0.259035947446,0.000817893878275,0.00153110860776,0.287187222126,-0.000317504057707,0.29086320237
validation,upside,M3,cure,True,569,0.329332919001,0.365917952327,0.328561363836,-3730.56480098,0.369995293327,0.0414339294918,-0.00488137550331,-0.00394294293733,0.313923479353,-0.00549198266946,0.317127910196,0.00136722555015,0.00221759032701,0.342530190211,0.000816667034245,0.344809802956
validation,upside,M3,unsecured,True,1463,0.238736164018,0.27351529477,-0.00822404301436,0.148141182512,0.483473469987,0.491697513001,-0.00249440516021,-0.00221709021763,-0.0216912415722,-0.000802019434033,-0.0238508207172,0.00177155080068,0.00232268575698,0.005310974652,0.00470436492476,0.00321470428605
validation,upside,M3,secured,True,2707,0.134885685214,0.174362067697,-0.0108167540858,0.366574770296,0.333561197375,0.34437795146,-0.000998419905405,-0.0015425927357,-0.0171316049686,-0.00197990866108,-0.0171908312849,0.00137097652161,0.000914271668574,-0.00391148360815,0.000863770824515,-0.00351800424829
validation,upside,M3,guarantee:zero,True,3321,0.182714266628,0.225720646855,-0.0116101591683,0.275010125315,0.40641795093,0.418028110098,-0.000811695632114,-0.00142195519341,-0.0202527236798,-0.000636084802995,-0.0213378783101,0.0015559753679,0.00120644770744,-0.00433861366582,0.0021859156915,-0.00509597670075
validation,upside,M3,guarantee:partial,True,665,0.132333555951,0.168390255678,-0.0123340067281,0.401398420808,0.324925905007,0.337259911735,-0.00276065099339,-0.00252975232823,-0.0228634410059,-0.00487559921422,-0.0217437572926,0.00236481487008,0.00301584682426,0.000327276686558,0.00115560493097,0.00258330075161
validation,upside,M3,guarantee:full,True,184,0.106579693766,0.141535046593,0.0296017653903,0.079665138222,0.241750576173,0.212148810783,-0.00890275534939,-0.00874566136415,0.00822556374378,-0.00570668005851,0.00662636140081,0.00334481049503,0.00673151726977,0.0503295992344,0.00658978227753,0.0486988910825
validation,upside,M3,product_type:Financial Guarantee,True,175,0.185030473174,0.232370606905,-0.00792967085789,0.231042741629,0.399130609362,0.407060280219,-0.00267334680728,-0.00114381432254,-0.0438594188098,-0.00781874280286,-0.0396988457385,0.00829465618548,0.00991168066304,0.0294146156294,0.00378112707845,0.032117535861
validation,upside,M3,product_type:Import LC,True,369,0.174736313644,0.218808870111,-0.00538377533006,0.280332039354,0.389502096078,0.394885871408,-0.00586111423062,-0.00805608123871,-0.0253239484371,-0.00118681140767,-0.0282322262303,0.000694395448016,-0.000588426789307,0.0143796039267,0.00504488472442,0.0116601947614
validation,upside,M3,product_type:OVD,True,1410,0.178807576824,0.222046971289,-0.00610794124344,0.281078436548,0.403498203326,0.40960614457,-0.000507223154639,-0.00197207072536,-0.0172498926901,-0.00315107024252,-0.0163797167409,0.00293749095843,0.00206886815293,0.00556541356094,0.000906803686847,0.00662285735369
validation,upside,M3,product_type:Performance Guarantee,True,309,0.175028717858,0.21979056313,-0.0083962955495,0.194019269252,0.40429094144,0.41268723699,-0.00247246880027,-0.00140755512559,-0.0331823144572,-0.00451125616609,-0.0331062579638,0.00525575933898,0.00671588475123,0.0188823526608,0.00414988735053,0.0171045542806
validation,upside,M3,product_type:Term Loan,True,1907,0.163264797144,0.205053439308,-0.0140177085817,0.364879627152,0.36855760367,0.382575312251,-0.00220918513099,-0.00202764032836,-0.0242587225838,-0.000419205996883,-0.0248613644819,0.000792688939152,0.00163489684968,-0.00533986292934,0.00274887138055,-0.00663908770898
validation,upside,M3,industry:Construction,True,507,0.166611880637,0.208404450905,-0.00772628251876,0.322467127395,0.377366921224,0.385093203743,-0.00288238528094,-0.00336611525403,-0.0259569987939,-0.00421786611229,-0.024176895926,0.00218326218891,0.00310207712153,0.00988535201816,0.0033140105372,0.010238427451
validation,upside,M3,industry:Hospitality,True,342,0.165085842552,0.209890734614,-0.0196702575429,0.278626206137,0.37057541998,0.390245677523,-0.0049568954933,-0.00530252128116,-0.0435409597585,-0.00716054614546,-0.0419100120856,0.00337336828609,0.00382283101424,0.00330960363151,0.00428369723787,0.00532334513798
validation,upside,M3,industry:Manufacturing,True,748,0.176221517466,0.222204048147,0.00190143433823,0.279347983221,0.39840292407,0.396501489731,-0.0034895389223,-0.00422278942991,-0.0131966885803,-0.00348151827812,-0.0133967684382,0.00207974011804,0.00192910999569,0.0176758107118,0.00352768821264,0.0172729902829
validation,upside,M3,industry:Retail,True,861,0.175380429781,0.218716696475,-0.0213592698711,0.336113947841,0.384668684823,0.406027954694,-0.00315740130281,-0.00355681928349,-0.0372318735837,-0.001789821353,-0.0385178002177,0.00160555362088,0.00194202549959,-0.00608033406412,0.00376966396414,-0.00683015366745
validation,upside,M3,industry:Services,True,981,0.169727313717,0.21084992343,-0.000649845798566,0.348435391698,0.395832152421,0.396481998219,-0.000301323911497,-0.000922012464168,-0.0143556494615,-0.000629821247093,-0.015102073979,0.00439668609817,0.00453272369509,0.0132753754387,0.00500036890142,0.0110677164744
validation,upside,M3,industry:Technology,True,302,0.161694398269,0.20675963449,-0.0276109984102,0.247366134093,0.37534935215,0.40296035056,-0.00289689824935,-0.00287972839845,-0.053508148478,-0.0041387912159,-0.0526678678163,0.00551278940136,0.00571351001662,-0.000894489077053,0.00611795875077,-0.00160117607143
validation,upside,M3,industry:Transport,True,429,0.175581650487,0.216005900445,-0.0110121123574,0.286340037341,0.376079381072,0.387091493429,-0.00537424807117,-0.00498835840896,-0.0329963270701,-0.0054763257077,-0.0311176020832,0.0020403732519,0.00238759431433,0.0101842599569,0.00343977426372,0.0110212012051
validation,upside,M3,collateral_type:Cash,True,424,0.0772411654233,0.10275676039,-0.0113437370763,0.313199914206,0.140837501217,0.152181238293,-0.000744832770571,-0.000202021418968,-0.0221864830253,-0.00687898303711,-0.0185225412426,0.00476218157214,0.00548533849843,-0.00213185632841,0.000157333020621,0.00193971934205
validation,upside,M3,collateral_type:Mortgage,True,1441,0.124914479264,0.162307646159,-0.0112421597857,0.30931584662,0.347024527584,0.35826668737,-0.00146660693962,-0.00179653030496,-0.0206808987755,-0.00125704455172,-0.021406574313,0.00183340819894,0.00184062536603,-0.00113563106284,0.0026581845203,-0.00214575167611
validation,upside,M3,collateral_type:Other,True,842,0.180978065459,0.217577344899,-0.00982334505787,0.169865596818,0.407568546946,0.417391892004,-0.00245520794131,-0.00341899696237,-0.0244409212772,-0.00374138875833,-0.0238331455481,0.00180169568736,0.00069362171274,0.00325881385783,0.00152163589365,0.00459968781091
validation,upside,M3,collateral_type:Unsecured,True,1463,0.238736164018,0.27351529477,-0.00822404301436,0.148141182512,0.483473469987,0.491697513001,-0.00249440516021,-0.00221709021763,-0.0216912415722,-0.000802019434033,-0.0238508207172,0.00177155080068,0.00232268575698,0.005310974652,0.00470436492476,0.00321470428605
validation,upside,M3,lien_rank:First,True,1451,0.112736022675,0.147312501415,-0.0122324018139,0.450580599129,0.274930515827,0.287162917641,-0.00138622024407,-0.00150125376944,-0.0203058912598,-0.00235460249314,-0.0195527356907,0.00157464859319,0.00162081412846,-0.00435591231702,0.00107715621907,-0.00414705042061
validation,upside,M3,lien_rank:Second,True,1256,0.160474188673,0.201132256264,-0.00918132028532,0.185433816076,0.401294572315,0.410475892601,-0.00126320483511,-0.00245624685886,-0.0222048496228,-0.00266287654616,-0.0207528611975,0.00217751062971,0.00143443594405,0.00258967862525,0.00128042424261,0.00343662006912
validation,upside,M3,lien_rank:Unsecured,True,1463,0.238736164018,0.27351529477,-0.00822404301436,0.148141182512,0.483473469987,0.491697513001,-0.00249440516021,-0.00221709021763,-0.0216912415722,-0.000802019434033,-0.0238508207172,0.00177155080068,0.00232268575698,0.005310974652,0.00470436492476,0.00321470428605
validation,upside,M3,latent_regime:0,True,2399,0.166257371725,0.204278602175,-0.0147804406342,0.258602072164,0.33294288922,0.347723329854,-0.00144161742206,-0.00171686731421,-0.0227628753037,-0.000429052107936,-0.024332408069,0.00139826354013,0.00163702841326,-0.00741291655734,0.00310662333983,-0.00806830516583
validation,upside,M3,latent_regime:1,True,1771,0.178179064408,0.22747085589,-0.00330573187968,0.299367074035,0.458239331815,0.461545063695,-0.00163363075938,-0.00199540965265,-0.0153003390339,-0.0027742303425,-0.0151619064793,0.0016539797926,0.00168257767705,0.00730581094698,0.00124752329062,0.00820121558
validation,upside,M3,age:1-6,True,1014,0.177528148041,0.221958963453,-0.00654922172633,0.223516782443,0.38394203526,0.390491256986,-5.10297032584e-05,-0.000784717682525,-0.0201047656325,-0.00641236352753,-0.0164419117984,0.00423339066777,0.00421873424202,0.00825605245337,-0.000773112811882,0.0120823976973
validation,upside,M3,age:7-12,True,1101,0.176361163339,0.219257108296,-0.0117453496955,0.312390322103,0.385587112222,0.397332461918,-0.00136978285959,-0.0011433184951,-0.0255829541253,8.70092436184e-05,-0.0283354557275,0.00279546311993,0.00306725246949,0.00180584845005,0.00497735661246,-0.00117686762117
validation,upside,M3,age:13-24,True,2055,0.165556873422,0.207946600862,-0.0105791666156,0.354512265171,0.387553875218,0.398133041834,-0.00320332373458,-0.00367757927886,-0.0201166960511,-0.00074686731621,-0.0212429346238,0.000464803621692,0.000165556954444,-0.000685918622449,0.00317408967698,-0.00199765476233
validation,upside,M3,predicted:0-0.1,True,185,0.0544421994534,0.078315046514,-0.0339820478652,-0.228533513737,0.0582080290678,0.092190076933,-0.00333504981357,-0.00138633835726,-0.0427269322988,-0.0199674528499,-0.0302958051819,0.00548330229489,0.00780709337048,-0.023366105117,-0.00854394388299,-0.00790519009087
validation,upside,M3,predicted:0.1-0.25,True,654,0.0918982456649,0.116069312006,-0.0145605816735,0.0879400417318,0.190089563112,0.204650144786,-0.00332597658705,-0.00448190606457,-0.0243227347351,-0.00749379023562,-0.0192216907162,0.00174307140103,0.00174881243404,-0.00574541953453,-0.00168581504727,-0.000834713680677
validation,upside,M3,predicted:0.25-0.5,True,2387,0.180423055761,0.213478719475,-0.0139481152947,0.0717110100013,0.383070995803,0.397019111098,-0.000827965828409,-0.00176865788097,-0.0232166578019,-0.00211238015679,-0.0231129240793,0.00190071234768,0.00122364088681,-0.00656398928105,0.00122468350465,-0.00626404411556
validation,upside,M3,predicted:0.5-0.75,True,892,0.228640280338,0.277872751708,0.00564911934449,0.026384035274,0.581990074921,0.576340955577,-0.00338155322371,-0.00274073728632,-0.0122699834487,0.00468330318068,-0.0203367272438,0.00207327451221,0.00349854463775,0.0266448031746,0.0104758045868,0.018486838828
validation,upside,M3,predicted:0.75-1,False,52,0.18492950206,0.282289069637,0.052917457356,-0.0301073976757,0.80113796962,0.748220512264,-0.0180706942514,-0.00896191833157,-0.0101090218949,0.00959232345333,-0.0314606085041,0.00564402810042,0.00981582236342,0.132217809675,0.0319510079968,0.110698071835
validation,upside,M4,all,True,4170,0.167809962261,0.210982588628,-0.00689094462906,0.334734740282,0.389172502883,0.396063447512,-0.00500353453065,-0.00553320127253,-0.0129986647689,0.00145022197488,-0.0168217999132,-0.00191359728428,-0.00179827984414,-0.00105180724667,0.00515775779459,-0.0043086634047
validation,upside,M4,realized_gt60,True,1143,0.197763576511,0.22008359676,-0.195459035682,-5.00444573841,0.534502392087,0.72996142777,-0.0123091625525,-0.0116013295477,-0.201983264393,0.00586996179507,-0.212493422024,-0.00533129165996,-0.00488756186069,-0.188364266782,0.0130193951734,-0.197966548032
validation,upside,M4,realized_gt75,True,417,0.224970320659,0.250114864665,-0.223729931074,-15.141792206,0.603704108708,0.827434039783,-0.0213692303094,-0.0189809539271,-0.235688925731,0.00926309495151,-0.252703440198,-0.00892763732227,-0.00713421278847,-0.21223406015,0.0219333311701,-0.227616861159
validation,upside,M4,realized_ge90,False,65,0.252576660811,0.283614391147,-0.252576660811,-103.324690291,0.685605028337,0.938181689148,-0.0393615001814,-0.0360138460409,-0.28395111488,0.00778563588546,-0.306787414047,-0.00778563588546,-0.00339506078889,-0.221359476739,0.0393615001814,-0.244929599226
validation,upside,M4,low_le10,True,719,0.271663000982,0.325679135466,0.26721035512,-578.660053947,0.312771015682,0.0455606605626,-0.00845511521069,-0.00921588521833,0.252858957711,-0.00995053624751,0.259035947446,-0.000483146316544,9.94561072089e-05,0.283842664971,-0.00202377570442,0.29086320237
validation,upside,M4,cure,True,569,0.324752329936,0.361659076358,0.323866925804,-3644.20780527,0.365300855296,0.0414339294918,-0.0114541893534,-0.0107017430287,0.309035270003,-0.0119860127133,0.317127910196,-0.0016274994481,0.000143981493892,0.3380838871,-0.00226346480176,0.344809802956
validation,upside,M4,unsecured,True,1463,0.231838868518,0.268152884219,-0.00373569856127,0.181216024158,0.48796181444,0.491697513001,-0.0103757152347,-0.00875836024204,-0.0170392094514,0.0023992752469,-0.0238508207172,-0.00407136923682,-0.00159826145625,0.00941477203981,0.0100831859855,0.00321470428605
validation,upside,M4,secured,True,2707,0.133205496117,0.17236431322,-0.00859619952274,0.381006564779,0.335781751938,0.34437795146,-0.00304822813405,-0.00437082804282,-0.0151391642737,-0.000434993872147,-0.0171908312849,0.000449920033554,-1.89897939618e-05,-0.00212738639169,0.00364604785534,-0.00351800424829
validation,upside,M4,guarantee:zero,True,3321,0.178698287396,0.221794251943,-0.00896204748753,0.300013051898,0.409066062611,0.418028110098,-0.00560788455513,-0.00607946606288,-0.0171109421392,0.00127149864159,-0.0213378783101,-0.00182753000995,-0.00210301773209,-0.00189377964015,0.00570678076241,-0.00509597670075
validation,upside,M4,guarantee:partial,True,665,0.13100526273,0.167332996591,-0.00764247496441,0.408891611646,0.329617436771,0.337259911735,-0.00475804362985,-0.00418432134224,-0.0188632394556,-0.000806901960655,-0.0217437572926,0.00142414424643,0.00217867576604,0.00520372568744,0.00627729257968,0.00258330075161
validation,upside,M4,guarantee:full,True,184,0.104304513428,0.14051123711,0.0332063394252,0.0929316705172,0.245355150208,0.212148810783,-0.0112960889248,-0.00842102274961,0.012245531933,-0.00264451922489,0.00662636140081,0.00258854701047,0.0065596861665,0.0547741212715,0.0111649213081,0.0486988910825
validation,upside,M4,product_type:Financial Guarantee,True,175,0.181393022174,0.226745386195,-0.00280840375933,0.2678219015,0.40425187646,0.407060280219,-0.00894490414132,-0.0102121661214,-0.0355051450881,-0.00653254909023,-0.0396988457385,0.00645824893033,0.00657180867421,0.0327125830162,0.0107859226167,0.032117535861
validation,upside,M4,product_type:Import LC,True,369,0.172374516325,0.215869945792,-0.00550110903029,0.299534602386,0.389384762378,0.394885871408,-0.0103086518012,-0.0134653533835,-0.0251523071857,-0.00304441273291,-0.0282322262303,0.000368506232896,-0.00137472682688,0.0151278738702,0.00706353465526,0.0116601947614
validation,upside,M4,product_type:OVD,True,1410,0.173768697803,0.21737763511,-0.00158871736979,0.310996351136,0.4080174272,0.40960614457,-0.00643611161084,-0.00798979589789,-0.011788538733,0.000926476631314,-0.0163797167409,-0.00102907798707,-0.00127092380499,0.00963844889982,0.00643255937911,0.00662285735369
validation,upside,M4,product_type:Performance Guarantee,True,309,0.17358204119,0.219504285879,-0.00465313594735,0.196117482017,0.408034101042,0.41268723699,-0.00574484080823,-0.00407772765053,-0.0289438844357,-0.00216948637137,-0.0331062579638,0.00564406005605,0.00863306189419,0.0212515987124,0.00966750580399,0.0171045542806
validation,upside,M4,product_type:Term Loan,True,1907,0.160339199054,0.202130986248,-0.011817487527,0.382854284929,0.370757824724,0.382575312251,-0.0061525684081,-0.00581664163208,-0.0218866261423,0.00135469466529,-0.0248613644819,-0.0017438297336,-0.000547669143999,-0.00299300016728,0.00609741760314,-0.00663908770898
validation,upside,M4,industry:Construction,True,507,0.163463128955,0.206468090719,-0.00387831685978,0.334999036254,0.381214886883,0.385093203743,-0.00807731113942,-0.00730106361805,-0.0219397825711,-0.00108940311324,-0.024176895926,0.000583631892208,0.00264583326129,0.0133285687125,0.00888885976233,0.010238427451
validation,upside,M4,industry:Hospitality,True,342,0.158844702593,0.200630533283,-0.0144662215504,0.340874853182,0.375779455973,0.390245677523,-0.0120411754048,-0.0170915930639,-0.0349021437062,-0.0030298402842,-0.0419100120856,-0.00210778067553,-0.00394298196737,0.00755638682222,0.0100173663391,0.00532334513798
validation,upside,M4,industry:Manufacturing,True,748,0.172819353019,0.220433115473,0.00431668423886,0.290789183766,0.40081817397,0.396501489731,-0.00766938643889,-0.00683084147011,-0.0107885682484,-0.00170080955732,-0.0133967684382,-0.000647134850122,0.000492621232491,0.0199491688255,0.00723406107891,0.0172729902829
validation,upside,M4,industry:Retail,True,861,0.173270172383,0.216635917919,-0.0198636862583,0.34868572544,0.386164268436,0.406027954694,-0.00583620629279,-0.00711134536134,-0.034609373328,-0.00181124429329,-0.0385178002177,0.000306672199841,0.000642614539364,-0.00451054221263,0.00576259917566,-0.00683015366745
validation,upside,M4,industry:Services,True,981,0.167275345854,0.208409638217,0.00150912854782,0.363429966505,0.397991126767,0.396481998219,-0.00378572205033,-0.00511274023372,-0.0112526845731,9.07731530719e-05,-0.015102073979,0.0031559405046,0.00368940527707,0.0155944959686,0.00800957524825,0.0110677164744
validation,upside,M4,industry:Technology,True,302,0.155700654444,0.197172552365,-0.0264271208337,0.315544588731,0.376533229726,0.40296035056,-0.0109417307652,-0.0157650837096,-0.0506124128794,-0.00521571550097,-0.0526678678163,0.00184699059168,-0.000888989035654,-0.000237798115771,0.0103796489587,-0.00160117607143
validation,upside,M4,industry:Transport,True,429,0.170148348619,0.211217128389,-0.00337341548006,0.317632440985,0.383718077949,0.387091493429,-0.01167244829,-0.0118148673135,-0.0243049344196,-0.000238113581649,-0.0311176020832,-0.00198438707808,-6.30625424284e-05,0.0166250059481,0.0121243101183,0.0110212012051
validation,upside,M4,collateral_type:Cash,True,424,0.0776188177036,0.102419020826,-0.0064460967637,0.317707225646,0.14573514153,0.152181238293,-0.000519009961578,-0.00155118750714,-0.0173105573734,-0.00264528841781,-0.0185225412426,0.00591948099583,0.00580485424382,0.00327430234871,0.00537160211512,0.00193971934205
validation,upside,M4,collateral_type:Mortgage,True,1441,0.122801418256,0.160531454068,-0.00856918909832,0.324349952109,0.349697498271,0.35826668737,-0.00421144087462,-0.00449924945007,-0.0177040015874,0.000561086820874,-0.021406574313,0.000365353461376,0.00115302110622,0.00149802525882,0.00627716097216,-0.00214575167611
validation,upside,M4,collateral_type:Other,True,842,0.1790024413,0.214777168671,-0.00972513727978,0.19109542252,0.407666754724,0.417391892004,-0.00548867903509,-0.00751217655219,-0.0243827762373,-0.00499496578542,-0.0238331455481,0.00116759669668,-0.00106690311234,0.0027143999417,0.00360587640944,0.00459968781091
validation,upside,M4,collateral_type:Unsecured,True,1463,0.231838868518,0.268152884219,-0.00373569856127,0.181216024158,0.48796181444,0.491697513001,-0.0103757152347,-0.00875836024204,-0.0170392094514,0.0023992752469,-0.0238508207172,-0.00407136923682,-0.00159826145625,0.00941477203981,0.0100831859855,0.00321470428605
validation,upside,M4,lien_rank:First,True,1451,0.112327061473,0.146607844217,-0.011188231727,0.455824232579,0.275974685914,0.287162917641,-0.0023829463443,-0.00304766239608,-0.0186951575177,-0.00176199590935,-0.0195527356907,0.00153716156233,0.00134733577212,-0.00299989668369,0.00303259836498,-0.00414705042061
validation,upside,M4,lien_rank:Second,True,1256,0.157325407476,0.197991321927,-0.00560174193647,0.210676130235,0.404874150664,0.410475892601,-0.00572760987824,-0.00707081679959,-0.0175815187901,-0.000276779442462,-0.0207528611975,1.69615186888e-05,-0.000460466550186,0.00623812829756,0.00627057473095,0.00343662006912
validation,upside,M4,lien_rank:Unsecured,True,1463,0.231838868518,0.268152884219,-0.00373569856127,0.181216024158,0.48796181444,0.491697513001,-0.0103757152347,-0.00875836024204,-0.0170392094514,0.0023992752469,-0.0238508207172,-0.00407136923682,-0.00159826145625,0.00941477203981,0.0100831859855,0.00321470428605
validation,upside,M4,latent_regime:0,True,2399,0.163529299423,0.201420679191,-0.0125415042067,0.279201747355,0.335181825648,0.347723329854,-0.00484696370303,-0.00533425538671,-0.0205217133364,0.000830891824382,-0.024332408069,-0.000452892012658,-0.000562747096803,-0.00569889814378,0.0059881330728,-0.00806830516583
validation,upside,M4,latent_regime:1,True,1771,0.17360855636,0.223283092477,0.000763314222805,0.324927065085,0.462308377918,0.461545063695,-0.00680016767442,-0.00702795851091,-0.0109221220912,0.000813748017743,-0.0151619064793,-0.00221716282039,-0.00148559979493,0.0112678808361,0.00629731655312,0.00820121558
validation,upside,M4,age:1-6,True,1014,0.174832066424,0.218645040606,-0.00411149447261,0.246530009923,0.386379762514,0.390491256986,-0.00329178027603,-0.00477303238449,-0.0171341969377,-0.00472299926524,-0.0164419117984,0.00246179655332,0.0018287365326,0.010632951411,0.0027442504519,0.0120823976973
validation,upside,M4,age:7-12,True,1101,0.172902252793,0.215126904955,-0.00905078193704,0.338051694761,0.38828167998,0.397332461918,-0.00579760737503,-0.00712986862158,-0.0218405110518,0.000934279571614,-0.0283354557275,0.000595494750696,0.000630121411441,0.00347456310982,0.00887462987906,-0.00117686762117
validation,upside,M4,age:13-24,True,2055,0.161616762506,0.204800271225,-0.00710524223615,0.373897557516,0.391027799598,0.398133041834,-0.00765425982628,-0.00765971198092,-0.015758693351,0.00216201540422,-0.0212429346238,-0.00284629733504,-0.00216396149788,0.00209417435962,0.00725215219923,-0.00199765476233
validation,upside,M4,predicted:0-0.1,True,171,0.0597358832534,0.0859147124508,-0.0411424015119,-0.231862788192,0.0564677975786,0.0976101990905,-0.00126106568476,0.00138697933985,-0.0531416417406,-0.0250418828481,-0.0331134477943,0.0110772274892,0.0177907743282,-0.0298130585105,-0.0117019850615,-0.0108201258706
validation,upside,M4,predicted:0.1-0.25,True,646,0.0914029552908,0.116049423743,-0.0117339474038,0.109399829186,0.186492899898,0.198226847302,-0.00523586438437,-0.00887299500361,-0.0212929492688,-0.0131456933867,-0.0128338564806,0.0015394726199,0.000927139590799,-0.00284347559955,-0.00524932131408,0.0065462276242
validation,upside,M4,predicted:0.25-0.5,True,2355,0.177917978311,0.211557548833,-0.00901374203002,0.0788841580851,0.380426471685,0.389440213715,-0.00392896703151,-0.00615914602748,-0.0172650761644,-0.00260331759424,-0.0178359679379,0.000367993968054,-0.00160764397249,-0.00101676610069,0.00224205466999,-0.000776822074201
validation,upside,M4,predicted:0.5-0.75,True,933,0.214964387653,0.264842498745,0.00313932541023,0.0476315283204,0.58334273767,0.58020341226,-0.0126497757231,-0.00841392857389,-0.0145878275098,0.0163932147538,-0.0352699810184,-0.00510785786947,0.000233260694134,0.0204976469604,0.024591427595,-0.000329528782525
validation,upside,M4,predicted:0.75-1,False,65,0.168427459585,0.272195861755,0.0642863607864,0.0265169954174,0.808551003638,0.744264642852,-0.0410422606921,-0.0196125386455,0.0017377854668,0.0337275655012,-0.0515614441635,-0.00876314865239,0.0131105953473,0.13212762807,0.0669428616582,0.087833193278
validation,upside,M4_without_mi,all,True,4170,0.167748205063,0.210593067096,-0.00781454209404,0.337188932676,0.388248905418,0.396063447512,-0.00505394394316,-0.0059625388067,-0.0139299842451,0.000371257103714,-0.0168217999132,-0.0020746842557,-0.00219540085592,-0.00195912284764,0.00418005715646,-0.0043086634047
validation,upside,M4_without_mi,realized_gt60,True,1143,0.197454551182,0.219943478686,-0.195082950724,-4.99680261041,0.534878477045,0.72996142777,-0.0125054351513,-0.0114432903081,-0.20178880191,0.00636578599168,-0.212493422024,-0.00570902984413,-0.0047171012199,-0.187834756918,0.0133019084595,-0.197966548032
validation,upside,M4_without_mi,realized_gt75,True,417,0.223848971386,0.249292712755,-0.222438182218,-15.0358473333,0.604995857565,0.827434039783,-0.0226934687665,-0.0200620388591,-0.234503488669,0.0110392681846,-0.252703440198,-0.0105242361011,-0.00809178584266,-0.210894424949,0.0231344194423,-0.227616861159
validation,upside,M4_without_mi,realized_ge90,False,65,0.251022777891,0.282998865232,-0.251022777891,-102.872351691,0.687158911257,0.938181689148,-0.0399204217199,-0.0358666184906,-0.281986813382,0.0108458614189,-0.306787414047,-0.0108458614189,-0.00591484589016,-0.219745014382,0.0399204217199,-0.244929599226
validation,upside,M4_without_mi,low_le10,True,719,0.269943560415,0.323766006722,0.265823798843,-571.869891421,0.311384459406,0.0455606605626,-0.0102283051323,-0.0116171551363,0.251241590728,-0.0119427715196,0.259035947446,-0.00170634911449,-0.0014702700827,0.282645144215,-0.00328059099252,0.29086320237
validation,upside,M4_without_mi,cure,True,569,0.322340563206,0.359468706259,0.321394132247,-3600.1874763,0.362828061739,0.0414339294918,-0.0136045067061,-0.0130096993393,0.306632820585,-0.0142794583732,0.317127910196,-0.00420303840133,-0.00211433024143,0.33594762332,-0.00514221940222,0.344809802956
validation,upside,M4_without_mi,unsecured,True,1463,0.230787633487,0.267070654416,-0.00483682705758,0.187811696672,0.486860685944,0.491697513001,-0.0113647950124,-0.00977398017755,-0.0186631392549,0.0016405278427,-0.0238508207172,-0.00499224494643,-0.00294213755368,0.00792422217945,0.00898967704813,0.00321470428605
validation,upside,M4_without_mi,secured,True,2707,0.133678502889,0.172538525082,-0.0094238502205,0.379754675768,0.33495410124,0.34437795146,-0.00249738616188,-0.00411285293116,-0.0157413129064,-0.00106363140737,-0.0171908312849,0.000768226311293,-4.97239453547e-06,-0.00306964904426,0.00280527391488,-0.00351800424829
validation,upside,M4_without_mi,guarantee:zero,True,3321,0.178435325018,0.221137552372,-0.00974975957597,0.304152028458,0.408278350522,0.418028110098,-0.00587927302699,-0.00697471129622,-0.0178202496229,0.000589388311866,-0.0213378783101,-0.00203037227292,-0.00264134545461,-0.00261508967188,0.0047700374517,-0.00509597670075
validation,upside,M4_without_mi,guarantee:partial,True,665,0.131776976184,0.168141673696,-0.00882802274507,0.403164458084,0.32843188899,0.337259911735,-0.00362847334834,-0.00330594064417,-0.0205102370432,-0.00155690781755,-0.0217437572926,0.00181336176151,0.00293385676173,0.00426844159441,0.00472675588128,0.00258330075161
validation,upside,M4_without_mi,guarantee:full,True,184,0.104862019368,0.142447568834,0.0307768812235,0.0677594884858,0.242925692006,0.212148810783,-0.0104817495312,-0.00623745989011,0.00837471572506,-0.00462499688797,0.00662636140081,0.00158393598995,0.00752092652111,0.0522350809971,0.00896370285835,0.0486988910825
validation,upside,M4_without_mi,product_type:Financial Guarantee,True,175,0.178264811603,0.223616261827,-0.00131546093142,0.287890823292,0.405744819288,0.407060280219,-0.0117768157995,-0.0128843420965,-0.033693535273,-0.00399885230651,-0.0396988457385,0.00378484580056,0.00445521124827,0.0351695941532,0.011276702891,0.032117535861
validation,upside,M4_without_mi,product_type:Import LC,True,369,0.174135472807,0.217748737946,-0.00475971599602,0.287288749267,0.390126155412,0.394885871408,-0.00807044950584,-0.0108447532182,-0.0248726168132,-0.00253587039994,-0.0282322262303,0.0015446676455,0.000279265335483,0.0148332125445,0.00811869710933,0.0116601947614
validation,upside,M4_without_mi,product_type:OVD,True,1410,0.173897434819,0.216861330195,-0.00329612250545,0.314265440952,0.406310022064,0.40960614457,-0.0065904828732,-0.0089444775535,-0.0139002080871,-0.000761147909643,-0.0163797167409,-0.00107101556193,-0.00195093232158,0.00797052170275,0.00486606831653,0.00662285735369
validation,upside,M4_without_mi,product_type:Performance Guarantee,True,309,0.173046463064,0.218673141191,-0.0073702004559,0.202193698099,0.405317036534,0.41268723699,-0.00678594701938,-0.00543333400977,-0.0324752175642,-0.0050312983482,-0.0331062579638,0.00489246353003,0.00819521650477,0.0176115545034,0.00739330542528,0.0171045542806
validation,upside,M4_without_mi,product_type:Term Loan,True,1907,0.160142078361,0.201728327531,-0.0124148793881,0.385310628637,0.370160432863,0.382575312251,-0.00600037104994,-0.00600117742618,-0.0220079261639,0.000790818549381,-0.0248613644819,-0.00186951082538,-0.000800364261766,-0.00299983407409,0.00537940805414,-0.00663908770898
validation,upside,M4_without_mi,industry:Construction,True,507,0.162106443297,0.205367785846,-0.00201992432255,0.342067965006,0.38307327942,0.385093203743,-0.00939347840914,-0.00857778365816,-0.0202332626144,0.000542872850621,-0.024176895926,-0.00100489342599,0.00151985087764,0.0150105555588,0.0106341840614,0.010238427451
validation,upside,M4_without_mi,industry:Hospitality,True,342,0.157325006633,0.199868915771,-0.0147702448167,0.345869590696,0.375475432707,0.390245677523,-0.0143692868464,-0.0196166549733,-0.0362649747066,-0.00337632808322,-0.0419100120856,-0.00335586357198,-0.00334981777815,0.0064885223544,0.0105219130743,0.00532334513798
validation,upside,M4_without_mi,industry:Manufacturing,True,748,0.172827031206,0.22063057611,0.00499839550507,0.289518014117,0.401499885236,0.396501489731,-0.0075189700044,-0.0067740498379,-0.0098207565484,-0.0015271845985,-0.0133967684382,-0.000510460317544,0.00114197076202,0.020744277715,0.00806327433785,0.0172729902829
validation,upside,M4_without_mi,industry:Retail,True,861,0.173344248181,0.215258192406,-0.019140440391,0.35694362605,0.386887514303,0.406027954694,-0.00584936790429,-0.00814911293056,-0.033753869447,-0.00099129239834,-0.0385178002177,0.000252052899405,-0.000729974482061,-0.00386688179185,0.00647459194011,-0.00683015366745
validation,upside,M4_without_mi,industry:Services,True,981,0.16776375636,0.208640890067,-0.00164772461004,0.362016503385,0.394834273609,0.396481998219,-0.00335489439844,-0.00463169718013,-0.014666629999,-0.00279116679162,-0.015102073979,0.00318362880136,0.00395515254379,0.0118413127175,0.00464142741875,0.0110677164744
validation,upside,M4_without_mi,industry:Technology,True,302,0.157931610873,0.198603609772,-0.0295575307891,0.305573124553,0.373402819771,0.40296035056,-0.00882717983226,-0.0149452889002,-0.0534878078991,-0.00747739205793,-0.0526678678163,0.00471518488447,0.000691956835791,-0.00492168801686,0.00725209201419,-0.00160117607143
validation,upside,M4_without_mi,industry:Transport,True,429,0.169513490895,0.210281493522,-0.00752261933255,0.32366445943,0.379568874097,0.387091493429,-0.0118082514611,-0.0122207407499,-0.028632963117,-0.00409243336477,-0.0311176020832,-0.00263469396979,-0.00103357799562,0.0120493624669,0.00769916013695,0.0110212012051
validation,upside,M4_without_mi,collateral_type:Cash,True,424,0.0774806081633,0.101670085129,-0.00691874840981,0.327649228598,0.145262489884,0.152181238293,-0.000493913694374,-0.00205284688433,-0.0181917649115,-0.00257562690541,-0.0185225412426,0.00503719151203,0.00434804484397,0.00329067816836,0.00455736400029,0.00193971934205
validation,upside,M4_without_mi,collateral_type:Mortgage,True,1441,0.122864629241,0.160676422447,-0.00882807751655,0.323129105777,0.349438609853,0.35826668737,-0.00404391081588,-0.00432940620692,-0.0179659540179,0.000320634170858,-0.021406574313,0.000486281797874,0.00145097332671,0.0010485997067,0.00597434929549,-0.00214575167611
validation,upside,M4_without_mi,collateral_type:Other,True,842,0.180484559054,0.215220085227,-0.0117049329214,0.187755713236,0.405686959083,0.417391892004,-0.00388930955927,-0.0065308223583,-0.0259598080157,-0.00657325452452,-0.0238331455481,0.00242323659235,-0.000211508172066,0.00077447639221,0.00140701504449,0.00459968781091
validation,upside,M4_without_mi,collateral_type:Unsecured,True,1463,0.230787633487,0.267070654416,-0.00483682705758,0.187811696672,0.486860685944,0.491697513001,-0.0113647950124,-0.00977398017755,-0.0186631392549,0.0016405278427,-0.0238508207172,-0.00499224494643,-0.00294213755368,0.00792422217945,0.00898967704813,0.00321470428605
validation,upside,M4_without_mi,lien_rank:First,True,1451,0.112486454163,0.146517816931,-0.0115894644846,0.456492349973,0.275573453156,0.287162917641,-0.00237396479255,-0.00307524487238,-0.0187408593962,-0.00185056657992,-0.0195527356907,0.00190087314372,0.00134274696493,-0.00369031605506,0.00223284264448,-0.00414705042061
validation,upside,M4_without_mi,lien_rank:Second,True,1256,0.158160718416,0.198394936749,-0.00692201399665,0.207454700797,0.403553878604,0.410475892601,-0.0049154590974,-0.00639882534301,-0.0193617353377,-0.00125173367898,-0.0207528611975,0.000644590816014,-7.67674469807e-06,0.00544102915429,0.00505536422578,0.00343662006912
validation,upside,M4_without_mi,lien_rank:Unsecured,True,1463,0.230787633487,0.267070654416,-0.00483682705758,0.187811696672,0.486860685944,0.491697513001,-0.0113647950124,-0.00977398017755,-0.0186631392549,0.0016405278427,-0.0238508207172,-0.00499224494643,-0.00294213755368,0.00792422217945,0.00898967704813,0.00321470428605
validation,upside,M4_without_mi,latent_regime:0,True,2399,0.163682963479,0.20130818637,-0.0133555523825,0.280006649678,0.334367777472,0.347723329854,-0.00463925175031,-0.00553473808497,-0.0210939225308,9.77070188273e-05,-0.024332408069,-0.000472913068718,-0.000684442166893,-0.00649179350377,0.00528810842122,-0.00806830516583
validation,upside,M4_without_mi,latent_regime:1,True,1771,0.173254989117,0.222553482679,-0.000308678919605,0.329331653897,0.461236384775,0.461545063695,-0.00743815861031,-0.00781101554629,-0.0116212635527,-0.000395499874123,-0.0151619064793,-0.00240334978082,-0.0021064573488,0.0100325157852,0.00497556256046,0.00820121558
validation,upside,M4_without_mi,age:1-6,True,1014,0.174598028358,0.217876093832,-0.00569130636105,0.251820406781,0.384799950625,0.390491256986,-0.00339025344811,-0.00528912693948,-0.0184669866027,-0.00612002660793,-0.0164419117984,0.00206173188937,0.000768232736503,0.00883650647305,0.000993824821561,0.0120823976973
validation,upside,M4_without_mi,age:7-12,True,1101,0.173232308993,0.214760291944,-0.0102402575127,0.340305918407,0.387092204405,0.397332461918,-0.00548338504847,-0.00721366229545,-0.0232203569644,1.65423437202e-05,-0.0283354557275,0.000356048274192,-6.1136223837e-05,0.00180294521113,0.00740183483078,-0.00117686762117
validation,upside,M4_without_mi,age:13-24,True,2055,0.161430093507,0.204597152084,-0.00756259482268,0.375138867651,0.390570447011,0.398133041834,-0.00774687671287,-0.00785353310855,-0.0163810406575,0.00140611182262,-0.0212429346238,-0.0033530322639,-0.00211284735358,0.00121349886093,0.00692954132623,-0.00199765476233
validation,upside,M4_without_mi,predicted:0-0.1,True,157,0.0581785219182,0.0831195650026,-0.0384731583356,-0.260466094104,0.055001957666,0.0934751160016,-0.0012689510713,0.000739071371419,-0.0507595352217,-0.0181500185646,-0.0386519096763,0.00939994628204,0.0128481302394,-0.0269066210026,-0.00658519879958,-0.0131609793181
validation,upside,M4_without_mi,predicted:0.1-0.25,True,676,0.0963683128957,0.12227045025,-0.0143148073109,0.0869867747555,0.185392287765,0.199707095076,-0.0035936927263,-0.00629566285137,-0.0236295802911,-0.0144669099294,-0.0144869108167,0.00307999677517,0.00442068760285,-0.00481255519255,-0.00683789493673,0.00594907346652
validation,upside,M4_without_mi,predicted:0.25-0.5,True,2348,0.176797131528,0.210475926859,-0.00953364738328,0.0797933589642,0.380235806061,0.389769453444,-0.00378397246465,-0.00682922012458,-0.0176212809806,-0.0039660284298,-0.0162266154122,0.000109083551797,-0.00218747357587,-0.00141850020922,0.000888549817597,0.000542684929381
validation,upside,M4_without_mi,predicted:0.5-0.75,True,922,0.216811645167,0.267171663489,0.00408038629693,0.038201695159,0.583520189604,0.579439803307,-0.0130259694957,-0.00910634865015,-0.0128353627114,0.017122133166,-0.0330476977329,-0.00596733091841,-0.00133597183727,0.0221900302703,0.0251005089225,0.00155145147188
validation,upside,M4_without_mi,predicted:0.75-1,False,67,0.152403074357,0.241776857401,0.0261692978944,0.0308553668826,0.809524690492,0.783355392598,-0.0486611283836,-0.0296482813753,-0.0274640782947,0.0380419018486,-0.0839785704661,-0.0189960891283,0.00933116375643,0.0828581688455,0.0686295605238,0.0309093127269
validation,baseline,M0,all,True,4170,0.175507431015,0.222558783355,-0.00334080238786,0.319366352038,0.419051386577,0.422392188965,0,0,-0.00968832571661,0,-0.00968832571661,0,0,0.00332933968265,0,0.00332933968265
validation,baseline,M0,realized_gt60,True,1312,0.189949302184,0.213229086211,-0.187140177909,-4.03379443209,0.55760244559,0.744742623499,0,0,-0.193492413161,0,-0.193492413161,0,0,-0.181075226322,0,-0.181075226322
validation,baseline,M0,realized_gt75,True,582,0.217769360375,0.241380005706,-0.216428669656,-12.2233205637,0.615572704241,0.832001373897,0,0,-0.2264134994,0,-0.2264134994,0,0,-0.207041175119,0,-0.207041175119
validation,baseline,M0,realized_ge90,True,104,0.255288225382,0.282131482691,-0.255288225382,-80.7112391115,0.69063556004,0.945923785422,0,0,-0.279512035117,0,-0.279512035117,0,0,-0.229167463106,0,-0.229167463106
validation,baseline,M0,low_le10,True,704,0.30587288185,0.363522750727,0.303662495127,-745.140312235,0.349148876922,0.0454863817952,0,0,0.287711223515,0,0.287711223515,0,0,0.32074811355,0,0.32074811355
validation,baseline,M0,cure,True,569,0.364205576694,0.401781532743,0.363996646113,-4497.87054282,0.405430575605,0.0414339294918,0,0,0.348630025343,0,0.348630025343,0,0,0.379796055876,0,0.379796055876
validation,baseline,M0,unsecured,True,1463,0.240486692344,0.280730162521,0.000891665116716,0.156946585341,0.522012377528,0.521120712411,0,0,-0.0146330083074,0,-0.0146330083074,0,0,0.0149626005048,0,0.0149626005048
validation,baseline,M0,secured,True,2707,0.140389344822,0.183601826925,-0.00562824234323,0.369534711628,0.363406048652,0.369034290995,0,0,-0.0126944600282,0,-0.0126944600282,0,0,0.00192535605216,0,0.00192535605216
validation,baseline,M0,guarantee:zero,True,3321,0.186036376893,0.233621913596,-0.00497716804662,0.282759707396,0.440043115512,0.445020283558,0,0,-0.0134023096105,0,-0.0134023096105,0,0,0.00303101872573,0,0.00303101872573
validation,baseline,M0,guarantee:partial,True,665,0.138762348135,0.177594511085,-0.00605384380183,0.403014154199,0.356344585321,0.362398429123,0,0,-0.0181839354846,0,-0.0181839354846,0,0,0.0077140862913,0,0.0077140862913
validation,baseline,M0,guarantee:full,True,184,0.118272924803,0.153202517426,0.0359991046395,0.0948739816016,0.266804055283,0.230804950644,0,0,0.0113148903485,0,0.0113148903485,0,0,0.0568200398462,0,0.0568200398462
validation,baseline,M0,product_type:Financial Guarantee,True,175,0.186913498345,0.237456885998,-0.000972996656176,0.266777711582,0.437728333154,0.43870132981,0,0,-0.0361014748766,0,-0.0361014748766,0,0,0.0369558805759,0,0.0369558805759
validation,baseline,M0,product_type:Import LC,True,369,0.181922569788,0.229993034684,0.00127365819905,0.266001223796,0.420506503451,0.419232845252,0,0,-0.020514164632,0,-0.020514164632,0,0,0.0224777952723,0,0.0224777952723
validation,baseline,M0,product_type:OVD,True,1410,0.182310172453,0.231503530492,0.00348415908775,0.279803641102,0.439157058359,0.435672899271,0,0,-0.00768084686384,0,-0.00768084686384,0,0,0.0158027953886,0,0.0158027953886
validation,baseline,M0,product_type:Performance Guarantee,True,309,0.17651440392,0.224472024187,0.00260363905251,0.225872358617,0.441124201673,0.438520562621,0,0,-0.022559270914,0,-0.022559270914,0,0,0.0279932301188,0,0.0279932301188
validation,baseline,M0,product_type:Term Loan,True,1907,0.168026430467,0.212393354422,-0.0104604300991,0.375083191587,0.398613578053,0.409074008152,0,0,-0.0203859278037,0,-0.0203859278037,0,0,-0.00124491457918,0,-0.00124491457918
validation,baseline,M0,industry:Construction,True,507,0.173879467866,0.219302447219,-0.00110730359937,0.306305628434,0.409502869602,0.410610173202,0,0,-0.0181685844983,0,-0.0181685844983,0,0,0.0166027867391,0,0.0166027867391
validation,baseline,M0,industry:Hospitality,True,342,0.168875918702,0.217292372054,-0.0138782645691,0.301280790472,0.406202337472,0.420080602041,0,0,-0.0393811440703,0,-0.0393811440703,0,0,0.00924050655571,0,0.00924050655571
validation,baseline,M0,industry:Manufacturing,True,748,0.181722998522,0.233790580901,0.0120316552112,0.264138190767,0.433393166242,0.42136151103,0,0,-0.0047401729739,0,-0.0047401729739,0,0,0.0283705829406,0,0.0283705829406
validation,baseline,M0,industry:Retail,True,861,0.179034091016,0.225617796385,-0.0164758884735,0.349763257297,0.416348733575,0.432824622048,0,0,-0.0321479305046,0,-0.0321479305046,0,0,-0.00067426608319,0,-0.00067426608319
validation,baseline,M0,industry:Services,True,981,0.171703773444,0.21715790042,0.00712174737434,0.363819928874,0.428519220596,0.421397473222,0,0,-0.00739422345878,0,-0.00739422345878,0,0,0.02242395491,0,0.02242395491
validation,baseline,M0,industry:Technology,True,302,0.162445179495,0.208311723131,-0.0262634083535,0.295340613156,0.404525508205,0.430788916559,0,0,-0.0508267832436,0,-0.0508267832436,0,0,0.00146538276826,0,0.00146538276826
validation,baseline,M0,industry:Transport,True,429,0.182695878123,0.226148190265,-0.00580932289871,0.285770082363,0.409572775949,0.415382098848,0,0,-0.0277257636404,0,-0.0277257636404,0,0,0.0158935311047,0,0.0158935311047
validation,baseline,M0,collateral_type:Cash,True,424,0.0792328542327,0.104308282081,-0.00272715581685,0.351190296775,0.157711442718,0.160438598535,0,0,-0.0138593726452,0,-0.0138593726452,0,0,0.00740703096256,0,0.00740703096256
validation,baseline,M0,collateral_type:Mortgage,True,1441,0.132213809697,0.17297129171,-0.00735876840611,0.301912120478,0.377371425652,0.384730194058,0,0,-0.0172406264623,0,-0.0172406264623,0,0,0.00262554018372,0,0.00262554018372
validation,baseline,M0,collateral_type:Other,True,842,0.185177109818,0.227360622037,-0.00412749724889,0.161644177699,0.443085864163,0.447213361411,0,0,-0.019182760638,0,-0.019182760638,0,0,0.00856962786408,0,0.00856962786408
validation,baseline,M0,collateral_type:Unsecured,True,1463,0.240486692344,0.280730162521,0.000891665116716,0.156946585341,0.522012377528,0.521120712411,0,0,-0.0146330083074,0,-0.0146330083074,0,0,0.0149626005048,0,0.0149626005048
validation,baseline,M0,lien_rank:First,True,1451,0.118449689952,0.15540135449,-0.00843595918132,0.457692790955,0.299748939124,0.308184898305,0,0,-0.016780635595,0,-0.016780635595,0,0,-0.000328552964447,0,-0.000328552964447
validation,baseline,M0,lien_rank:Second,True,1256,0.165735235919,0.211551232884,-0.00238461405336,0.17992396711,0.436946228529,0.439330842582,0,0,-0.0139304126588,0,-0.0139304126588,0,0,0.00973568247972,0,0.00973568247972
validation,baseline,M0,lien_rank:Unsecured,True,1463,0.240486692344,0.280730162521,0.000891665116716,0.156946585341,0.522012377528,0.521120712411,0,0,-0.0146330083074,0,-0.0146330083074,0,0,0.0149626005048,0,0.0149626005048
validation,baseline,M0,latent_regime:0,True,2399,0.170673613071,0.211181404365,-0.00866308342611,0.271474078794,0.361199581763,0.369862665189,0,0,-0.0172777062952,0,-0.0172777062952,0,0,-0.000480516771382,0,-0.000480516771382
validation,baseline,M0,latent_regime:1,True,1771,0.182055330083,0.237101534153,0.00386876972438,0.294012362972,0.497417552442,0.493548782718,0,0,-0.00897001817221,0,-0.00897001817221,0,0,0.0139629086093,0,0.0139629086093
validation,baseline,M0,age:1-6,True,1014,0.180501371293,0.228751141024,0.00586937153464,0.244061581428,0.421302920466,0.415433548932,0,0,-0.00777781398071,0,-0.00777781398071,0,0,0.0210386722089,0,0.0210386722089
validation,baseline,M0,age:7-12,True,1101,0.179735275279,0.225867762059,-0.00744686289915,0.329401772572,0.416019258706,0.423466121605,0,0,-0.0213149491878,0,-0.0213149491878,0,0,0.00604874547029,0,0.00604874547029
validation,baseline,M0,age:13-24,True,2055,0.170778130784,0.217619959101,-0.00568549520269,0.3488035668,0.419564923035,0.425250418238,0,0,-0.0155512336779,0,-0.0155512336779,0,0,0.00434702339667,0,0.00434702339667
validation,baseline,M0,predicted:0-0.1,True,126,0.0522823373164,0.0770493616947,-0.0280101464878,-0.165084078194,0.0591778421532,0.087187988641,0,0,-0.0407525582462,0,-0.0407525582462,0,0,-0.0161679851494,0,-0.0161679851494
validation,baseline,M0,predicted:0.1-0.25,True,556,0.0862158671191,0.109363764154,-0.0104860535965,0.115771077866,0.184686696094,0.195172749691,0,0,-0.0191501675915,0,-0.0191501675915,0,0,-0.00190738321488,0,-0.00190738321488
validation,baseline,M0,predicted:0.25-0.5,True,2166,0.175782968405,0.209375762201,-0.0112227448047,0.0854074616775,0.386128092305,0.39735083711,0,0,-0.0210663564311,0,-0.0210663564311,0,0,-0.00183235843127,0,-0.00183235843127
validation,baseline,M0,predicted:0.5-0.75,True,1218,0.228013985052,0.280078550761,0.0119425290537,0.0276123106207,0.588770038403,0.576827509349,0,0,-0.00319066577519,0,-0.00319066577519,0,0,0.0280389938181,0,0.0280389938181
validation,baseline,M0,predicted:0.75-1,True,104,0.181494686108,0.288460728943,0.0499119534564,-0.0335724011155,0.806026117087,0.756114163631,0,0,-0.000639128352532,0,-0.000639128352532,0,0,0.106276435668,0,0.106276435668
validation,baseline,M1,all,True,4170,0.1752351906,0.222258894078,-0.0037482965728,0.321199370813,0.418643892392,0.422392188965,-0.00114181998236,-0.00134907236892,-0.0101813399835,-0.00145597462226,-0.00968832571661,0.000596110901911,0.000653178488922,0.00265219112377,0.000652644435075,0.00332933968265
validation,baseline,M1,realized_gt60,True,1312,0.190087994657,0.213181241299,-0.187058443944,-4.03153569304,0.557684179555,0.744742623499,-0.001788014742,-0.00184747078711,-0.1929971399,-0.00179954126515,-0.193492413161,0.00192243632408,0.00173499048662,-0.180689830645,0.00218137654945,-0.181075226322
validation,baseline,M1,realized_gt75,True,582,0.214845943558,0.238933456147,-0.213499116844,-11.9566244321,0.618502257053,0.832001373897,-0.00571191439177,-0.00524660964537,-0.222994638931,-0.000120116888308,-0.2264134994,-0.000128775375806,0.00048046814509,-0.204632807184,0.00580046830709,-0.207041175119
validation,baseline,M1,realized_ge90,True,104,0.252512160838,0.278626083546,-0.252397125075,-78.6933778052,0.693526660347,0.945923785422,-0.0090004579519,-0.00920147251986,-0.274860524776,-0.0035386472998,-0.279512035117,0.00367555567089,0.00312518395063,-0.227621513848,0.0090004579519,-0.229167463106
validation,baseline,M1,low_le10,True,704,0.30439165715,0.362369630117,0.301813903573,-740.414197238,0.347300285368,0.0454863817952,-0.00354715432413,-0.00339634354141,0.286177381704,-0.00403424655678,0.287711223515,0.000632831726673,0.00119805359664,0.319186427652,0.000468851005377,0.32074811355
validation,baseline,M1,cure,True,569,0.363314889281,0.400833947796,0.36294017383,-4476.67477083,0.404374103322,0.0414339294918,-0.003196468377,-0.00344580207688,0.347378161264,-0.00345717327884,0.348630025343,0.00116806736344,0.00155053531126,0.377283849041,0.00116355013582,0.379796055876
validation,baseline,M1,unsecured,True,1463,0.23986247734,0.280259427019,0.000975480390603,0.159771521862,0.522096192802,0.521120712411,-0.00237468538111,-0.00224888343716,-0.0145869292599,-0.00193878361148,-0.0146330083074,0.0009728902956,0.000967750387243,0.0147573461934,0.00195865252648,0.0149626005048
validation,baseline,M1,secured,True,2707,0.140307329314,0.183430809281,-0.00630126506096,0.37070867024,0.362733025934,0.369034290995,-0.00105955393568,-0.00122995488163,-0.0132409749246,-0.00185639937146,-0.0126944600282,0.00102186067446,0.000809883049107,0.00135281565264,0.000396208216369,0.00192535605216
validation,baseline,M1,guarantee:zero,True,3321,0.185980208029,0.233357269545,-0.00486453439603,0.284383749115,0.440155749162,0.445020283558,-0.000918246080011,-0.00118673828084,-0.0136838050074,-0.0010256584958,-0.0134023096105,0.000846760821553,0.000804108509684,0.00277468077595,0.00119682442849,0.00303101872573
validation,baseline,M1,guarantee:partial,True,665,0.137810128964,0.17735759997,-0.00849843836611,0.404605850316,0.353899990756,0.362398429123,-0.00280746261134,-0.00232099203809,-0.0203948329758,-0.00452474058241,-0.0181839354846,0.00129095968995,0.0020945127441,0.00483457501546,-0.000259393310078,0.0077140862913
validation,baseline,M1,guarantee:full,True,184,0.116558359652,0.151599189333,0.0335662148593,0.113719888553,0.264371165503,0.230804950644,-0.00562524830589,-0.00556504426801,0.00949965028527,-0.00634833781878,0.0113148903485,0.00228827364335,0.00189326915994,0.0548411511497,0.00155120427602,0.0568200398462
validation,baseline,M1,product_type:Financial Guarantee,True,175,0.184741715748,0.236634429116,0.00304809799908,0.271848100358,0.441749427809,0.43870132981,-0.00630743041416,-0.00444854703086,-0.0325582618902,-0.000877634659166,-0.0361014748766,0.00184268622822,0.00316999763247,0.0415370700905,0.00867237493582,0.0369558805759
validation,baseline,M1,product_type:Import LC,True,369,0.18179995507,0.229667575625,0.00457760772377,0.268077091265,0.423810452976,0.419232845252,-0.00319208636141,-0.00308069380158,-0.0168568828122,0.000325050251626,-0.020514164632,0.00291167705095,0.00269648154368,0.0263464915542,0.00622989122411,0.0224777952723
validation,baseline,M1,product_type:OVD,True,1410,0.182822570066,0.231272168095,0.00153464282154,0.281242436382,0.437207542093,0.435672899271,-0.00102065000034,-0.00215101866647,-0.00976720512701,-0.00336241145741,-0.00768084686384,0.0021477152526,0.00138670636951,0.014002235296,-0.000655613149822,0.0158027953886
validation,baseline,M1,product_type:Performance Guarantee,True,309,0.175839347351,0.224931736843,0.000823785185752,0.222698326679,0.439344347807,0.438520562621,-0.00362232551832,-0.00294057884915,-0.0253834424269,-0.00480050884088,-0.022559270914,0.00230500491055,0.0037760738738,0.027402774605,0.00132144989,0.0279932301188
validation,baseline,M1,product_type:Term Loan,True,1907,0.16738467698,0.211966177914,-0.0106299670211,0.377594393775,0.398444041131,0.409074008152,-0.00156133630818,-0.00173442633404,-0.0207487943628,-0.00141326931925,-0.0203859278037,0.000646369722119,0.000964039491174,-0.00146355784216,0.00113674603259,-0.00124491457918
validation,baseline,M1,industry:Construction,True,507,0.17410199779,0.219103875118,-0.00213695602305,0.307561300563,0.408473217179,0.410610173202,-0.00220897883634,-0.00264964655159,-0.0192461423283,-0.0043840639469,-0.0181685844983,0.00276035956946,0.00243976078447,0.0151648212538,0.00247924717996,0.0166027867391
validation,baseline,M1,industry:Hospitality,True,342,0.166093300644,0.214843612884,-0.0111850775155,0.31694037478,0.408895524526,0.420080602041,-0.00607275259734,-0.00601453376041,-0.035850741236,-0.00150488902922,-0.0393811440703,0.00108080640005,0.00158758317484,0.0111216954932,0.0067386237296,0.00924050655571
validation,baseline,M1,industry:Manufacturing,True,748,0.180721351239,0.232729839065,0.0134959736933,0.270800466448,0.434857484724,0.42136151103,-0.00284726548178,-0.00301467656272,-0.00287277323305,-0.000806788400925,-0.0047401729739,0.000817047143625,0.000799503723569,0.0293299121822,0.0039250935398,0.0283705829406
validation,baseline,M1,industry:Retail,True,861,0.178724771836,0.225470160357,-0.0183639770979,0.350613961123,0.41446064495,0.432824622048,-0.00245589638889,-0.00253312404989,-0.0332742174036,-0.00439888226039,-0.0321479305046,0.00160413232557,0.00213393866972,-0.00202813803905,0.000588270169335,-0.00067426608319
validation,baseline,M1,industry:Services,True,981,0.172510839905,0.21756387574,0.00588968444987,0.361439036193,0.427287157672,0.421397473222,-0.00104943557746,-0.00161305773455,-0.00850699741453,-0.00347641035256,-0.00739422345878,0.00266810592035,0.00270651841972,0.0212309561444,0.000843152429276,0.02242395491
validation,baseline,M1,industry:Technology,True,302,0.163340974832,0.21047409189,-0.0263497568753,0.280635324966,0.404439159683,0.430788916559,-0.00215242949845,-0.00106313530781,-0.0509780354956,-0.00428563488958,-0.0508267832436,0.00397678617452,0.00533954370277,0.00202452322504,0.00364410980824,0.00146538276826
validation,baseline,M1,industry:Transport,True,429,0.181896073376,0.225273757189,-0.00658606388087,0.291282740377,0.408796034967,0.415382098848,-0.00354577134816,-0.00343223280817,-0.0293754347377,-0.00439705569522,-0.0277257636404,0.0020379308694,0.00205731765132,0.0144170612943,0.00265372984228,0.0158935311047
validation,baseline,M1,collateral_type:Cash,True,424,0.0797535128951,0.105441344795,-0.00531791796646,0.337018174334,0.155120680568,0.160438598535,-0.0019097974043,-0.00121822318309,-0.0163587146188,-0.00529307013437,-0.0138593726452,0.00266727728602,0.00316823481073,0.00453679616467,5.10032082343e-05,0.00740703096256
validation,baseline,M1,collateral_type:Mortgage,True,1441,0.13226583166,0.173300686347,-0.00727651507035,0.299250807743,0.377453678988,0.384730194058,-0.00130949173034,-0.00133580504708,-0.0174756049206,-0.00155241311414,-0.0172406264623,0.00133274969797,0.0019037184605,0.0028667338068,0.0018388094911,0.00262554018372
validation,baseline,M1,collateral_type:Other,True,842,0.18456221801,0.226221513103,-0.00512739796423,0.17002369663,0.442085963447,0.447213361411,-0.00263950125703,-0.00309461902315,-0.0202064172689,-0.00302468260415,-0.019182760638,0.00104609160349,0.00052372655864,0.0078728840087,0.00108917457218,0.00856962786408
validation,baseline,M1,collateral_type:Unsecured,True,1463,0.23986247734,0.280259427019,0.000975480390603,0.159771521862,0.522096192802,0.521120712411,-0.00237468538111,-0.00224888343716,-0.0145869292599,-0.00193878361148,-0.0146330083074,0.0009728902956,0.000967750387243,0.0147573461934,0.00195865252648,0.0149626005048
validation,baseline,M1,lien_rank:First,True,1451,0.118642201827,0.155874823846,-0.00953859030206,0.454383205954,0.298646308003,0.308184898305,-0.000966353875499,-0.000627246837431,-0.017896007779,-0.00226538017856,-0.016780635595,0.00141557634571,0.0017096759537,-0.000978836012228,0.000178354513236,-0.000328552964447
validation,baseline,M1,lien_rank:Second,True,1256,0.16533607134,0.210827843717,-0.00256132961126,0.185522798586,0.436769512971,0.439330842582,-0.00191395298684,-0.00233436020373,-0.0139266149555,-0.00176791497856,-0.0139304126588,0.000998509964012,0.000945078082882,0.0097462220866,0.00145097943928,0.00973568247972
validation,baseline,M1,lien_rank:Unsecured,True,1463,0.23986247734,0.280259427019,0.000975480390603,0.159771521862,0.522096192802,0.521120712411,-0.00237468538111,-0.00224888343716,-0.0145869292599,-0.00193878361148,-0.0146330083074,0.0009728902956,0.000967750387243,0.0147573461934,0.00195865252648,0.0149626005048
validation,baseline,M1,latent_regime:0,True,2399,0.17057079122,0.210862464691,-0.00879641975492,0.27367295005,0.361066245434,0.369862665189,-0.0012911995801,-0.00167699998217,-0.0177114297315,-0.00147538370699,-0.0172777062952,0.000963454444935,0.000900129593299,-0.000750639441887,0.00132273010958,-0.000480516771382
validation,baseline,M1,latent_regime:1,True,1771,0.181553594955,0.236823523256,0.00308990078118,0.295666989025,0.496638683499,0.493548782718,-0.00172818505173,-0.00159611517576,-0.00959993185597,-0.00221269576379,-0.00897001817221,0.000834120468518,0.00118036732473,0.0138269285403,0.000722673740848,0.0139629086093
validation,baseline,M1,age:1-6,True,1014,0.181308359944,0.22821853855,0.00106729080077,0.2475775942,0.416500839733,0.415433548932,-0.000938547536002,-0.00245558755217,-0.0133658701552,-0.00712198294043,-0.00777781398071,0.00251923439279,0.00141477263288,0.0157241003374,-0.00275414695627,0.0210386722089
validation,baseline,M1,age:7-12,True,1101,0.179083166345,0.225468979481,-0.0056920019289,0.331767641981,0.417774119676,0.423466121605,-0.0023298037942,-0.00209916961596,-0.0191164384848,-0.000382158400142,-0.0213149491878,0.000831923402243,0.00129504895971,0.00707395584434,0.00416680813424,0.00604874547029
validation,baseline,M1,age:13-24,True,2055,0.170176886459,0.217495476933,-0.00508308294736,0.349548343701,0.42016733529,0.425250418238,-0.00188778142061,-0.00146005180354,-0.0143897725467,-0.000855082447962,-0.0155512336779,0.000595980467692,0.00110499829252,0.00516424845718,0.00199382775157,0.00434702339667
validation,baseline,M1,predicted:0-0.1,True,134,0.0543157235233,0.0796097556814,-0.0320294726003,-0.169117576894,0.0593174854055,0.0913469580058,-0.00356110132682,-0.00138162311301,-0.0461169402389,-0.0110371100608,-0.0385352488748,0.00483331681726,0.00718030718583,-0.0189119916636,-0.00273742283693,-0.0125326552991
validation,baseline,M1,predicted:0.1-0.25,True,563,0.0884209862265,0.113059131029,-0.0103991326044,0.119619434208,0.185665790813,0.196064923417,-0.00247751049155,-0.00254744270433,-0.0185941295952,-0.00630813194207,-0.0148721038298,0.00154415648561,0.00209994124694,-0.00215478152284,-0.0021628163715,0.0017866783321
validation,baseline,M1,predicted:0.25-0.5,True,2153,0.174864167806,0.208553132464,-0.0126758760733,0.0839334845004,0.386543177447,0.399219053521,-0.000890419548172,-0.00107322420175,-0.0217883407306,-0.00289538975137,-0.0201242769778,0.00161636318326,0.00126125195272,-0.0030108249216,-8.97844504325e-05,-0.00154713309832
validation,baseline,M1,predicted:0.5-0.75,True,1207,0.229547183099,0.280827279124,0.0129461443195,0.0335550453126,0.588643529738,0.575697385418,-0.00330910391369,-0.00286889286232,-0.00382288422531,0.00146844019993,-0.00780364977943,0.000406597944131,0.000775192667242,0.0276188576103,0.00576032017822,0.0247268735072
validation,baseline,M1,predicted:0.75-1,True,113,0.178101055902,0.28402771868,0.0547029138788,-0.0214345927762,0.801295987293,0.746593073414,-0.00778598665481,-0.00690081153329,0.00574899543169,-0.000901029471818,0.000535588685528,0.00383560822445,0.00587394342406,0.106980195081,0.0143144233003,0.100713403675
validation,baseline,M2,all,True,4170,0.176082416244,0.223207606383,-0.00357260636581,0.31539208071,0.418819582599,0.422392188965,-0.000529718876902,-0.000654742202091,-0.0102278783077,-0.00156458396696,-0.00968832571661,0.00165660589242,0.00175625131884,0.00282500631272,0.000990704076599,0.00332933968265
validation,baseline,M2,realized_gt60,True,1312,0.191952391953,0.214432407292,-0.188649170038,-4.09076942212,0.556093453461,0.744742623499,-0.000596247688669,-0.00167690143417,-0.194244284329,-0.00407040715264,-0.193492413161,0.00416230341015,0.00349538053043,-0.181881437509,0.000982486276892,-0.181075226322
validation,baseline,M2,realized_gt75,True,582,0.216906009615,0.240472586203,-0.215418210079,-12.1240866205,0.616583163818,0.832001373897,-0.00405916226275,-0.00414223088029,-0.224846228202,-0.00294245211521,-0.2264134994,0.00303573431373,0.00291996183849,-0.205656282467,0.00447101001352,-0.207041175119
validation,baseline,M2,realized_ge90,True,104,0.253715205521,0.280527113571,-0.253715205521,-79.7845630447,0.692208579901,0.945923785422,-0.0107236285069,-0.0106928635857,-0.278394633435,-0.00752732800653,-0.279512035117,0.00752732800653,0.00735219769302,-0.228925255434,0.0107236285069,-0.229167463106
validation,baseline,M2,low_le10,True,704,0.305599829593,0.36350350479,0.302988546708,-745.061308713,0.348474928503,0.0454863817952,-0.0028627853846,-0.00317127543537,0.286836279805,-0.00345807255389,0.287711223515,0.00203116519838,0.00299164218454,0.319918893675,0.00184592601237,0.32074811355
validation,baseline,M2,cure,True,569,0.3640611687,0.401849302035,0.363699979812,-4499.38833773,0.405133909304,0.0414339294918,-0.00306216573302,-0.00277965592979,0.34818449677,-0.003323788851,0.348630025343,0.00293478238536,0.00321132494678,0.379299785148,0.00274200414941,0.379796055876
validation,baseline,M2,unsecured,True,1463,0.240481901287,0.281379689501,0.00242705919414,0.153040917282,0.523547771605,0.521120712411,-0.00199772841767,-0.00129126940233,-0.0133450511586,-0.00129454153193,-0.0146330083074,0.00203046894254,0.00270548562246,0.0156770969326,0.0041357675209,0.0149626005048
validation,baseline,M2,secured,True,2707,0.141277670542,0.18427654181,-0.00681512971794,0.364892427393,0.362219161277,0.369034290995,-0.000561952743145,-0.000668851645126,-0.0136109950954,-0.00263158867348,-0.0126944600282,0.00199332363625,0.00182367301398,0.0012148615083,0.000240004085984,0.00192535605216
validation,baseline,M2,guarantee:zero,True,3321,0.18710090024,0.234516979627,-0.00493880831166,0.277253312873,0.440081475247,0.445020283558,-9.08483715098e-05,-0.000289896750712,-0.0134105630107,-0.00131907490775,-0.0134023096105,0.00239874224932,0.00236433694375,0.00256618964734,0.00131734452693,0.00303101872573
validation,baseline,M2,guarantee:partial,True,665,0.137201715155,0.176678306081,-0.00785220172313,0.409157931244,0.354546227399,0.362398429123,-0.00380036631255,-0.00333267403053,-0.0200241775146,-0.00481292295158,-0.0181839354846,0.00114732081995,0.00185935379435,0.00466954512577,0.000938608073998,0.0077140862913
validation,baseline,M2,guarantee:full,True,184,0.117730681866,0.153740121095,0.0365528695841,0.0885104721772,0.267357820228,0.230804950644,-0.00524698345511,-0.00618486016594,0.0121308372573,-0.00516981118282,0.0113148903485,0.0044477319822,0.00690463568331,0.0575523164393,0.00548227620088,0.0568200398462
validation,baseline,M2,product_type:Financial Guarantee,True,175,0.190122935584,0.242198977208,-0.00101042899754,0.237199917419,0.437690900812,0.43870132981,-0.00161254281403,-0.000415066065489,-0.0365344170117,-0.00610013349003,-0.0361014748766,0.00884024667314,0.00985806337338,0.0385250637394,0.00637357266006,0.0369558805759
validation,baseline,M2,product_type:Import LC,True,369,0.180160953547,0.227691995406,0.00359483049187,0.280614806722,0.422827675744,0.419232845252,-0.0053684844161,-0.00619954787417,-0.0170178790031,-0.000873546933977,-0.020514164632,0.00196405711609,0.00158489478039,0.0246106655901,0.00612698584536,0.0224777952723
validation,baseline,M2,product_type:OVD,True,1410,0.183968064778,0.232044203751,0.00130957365291,0.276435695742,0.436982472924,0.435672899271,-0.0001271507607,-0.00134122487382,-0.0100368815693,-0.004196112892,-0.00768084686384,0.00357129292133,0.00244649583562,0.0131747702865,-0.000292353091613,0.0158027953886
validation,baseline,M2,product_type:Performance Guarantee,True,309,0.177194657758,0.227296719087,0.00453199089775,0.206266951957,0.443052553519,0.438520562621,-0.00286156478547,-0.00100009626612,-0.0214791484935,-0.00158292905998,-0.022559270914,0.00403643802596,0.00659436218427,0.0308474431359,0.00503493378859,0.0279932301188
validation,baseline,M2,product_type:Term Loan,True,1907,0.167994048017,0.212946811059,-0.0101176297642,0.371822119844,0.398956378387,0.409074008152,-0.00152773354934,-0.0011389430162,-0.0201727914302,-0.00130972518825,-0.0203859278037,0.00143496716875,0.00233364834508,-0.000895936259227,0.00185392170967,-0.00124491457918
validation,baseline,M2,industry:Construction,True,507,0.173444212524,0.218629656549,-0.000789654790661,0.31055542321,0.409820518411,0.410610173202,-0.00344447114147,-0.00423984763123,-0.0184792648063,-0.00358409946952,-0.0181685844983,0.00267795314317,0.00270603344037,0.017386614725,0.00469738841966,0.0166027867391
validation,baseline,M2,industry:Hospitality,True,342,0.168303843102,0.216099373664,-0.0152868055425,0.308932072578,0.404793796498,0.420080602041,-0.00508244813402,-0.00544700437184,-0.0385987826886,-0.00662735436852,-0.0393811440703,0.00364218456665,0.00346521719184,0.00747242861708,0.00416069828796,0.00924050655571
validation,baseline,M2,industry:Manufacturing,True,748,0.181641669092,0.233371069719,0.0112690645107,0.266776665684,0.432630575541,0.42136151103,-0.00275506055662,-0.00318454061787,-0.00468990952886,-0.00402367400615,-0.0047401729739,0.00243822536395,0.0023025250453,0.0277023643732,0.0021623229144,0.0283705829406
validation,baseline,M2,industry:Retail,True,861,0.178859917969,0.225376006141,-0.0166421140644,0.351156202868,0.416182507984,0.432824622048,-0.00268482110828,-0.0027670994876,-0.0319288108073,-0.00308462733239,-0.0321479305046,0.00229257096089,0.0022640585326,-0.000539702162713,0.00272975481263,-0.00067426608319
validation,baseline,M2,industry:Services,True,981,0.174510312712,0.221026948998,0.00731696034799,0.34094865617,0.42871443357,0.421397473222,0.000735732287307,0.00149456370358,-0.00756889019546,-0.00256884132379,-0.00739422345878,0.0051745740732,0.0062972654082,0.0227886763023,0.00260521280137,0.02242395491
validation,baseline,M2,industry:Technology,True,302,0.164860848309,0.209730771432,-0.024975436469,0.285707438651,0.40581348009,0.430788916559,-0.00218316259892,-0.00307087077108,-0.049807769262,-0.00374016884044,-0.0508267832436,0.00645268240986,0.00618945078098,0.00231875767522,0.00589070518811,0.00146538276826
validation,baseline,M2,industry:Transport,True,429,0.181628426193,0.225789467196,-0.00700485408696,0.288034151272,0.408377244761,0.415382098848,-0.00484000036167,-0.0041155988834,-0.0285761843329,-0.00517098141643,-0.0277257636404,0.0022564875495,0.00314290740262,0.0147831908946,0.00309397043778,0.0158935311047
validation,baseline,M2,collateral_type:Cash,True,424,0.0815382350018,0.107222005012,-0.00241652656944,0.314436639493,0.158022071965,0.160438598535,-0.000819841123265,-0.000138893081427,-0.0135681850271,-0.00298194720601,-0.0138593726452,0.00561158025826,0.00582261255381,0.00786003441832,0.00400625776607,0.00740703096256
validation,baseline,M2,collateral_type:Mortgage,True,1441,0.133206562397,0.174194919507,-0.0083240961099,0.29200040505,0.376406097948,0.384730194058,-0.000441879263793,-0.000326915335036,-0.018707735779,-0.00291663386628,-0.0172406264623,0.0027619920584,0.00304481085827,0.00127769106149,0.000921532789591,0.00262554018372
validation,baseline,M2,collateral_type:Other,True,842,0.18517314264,0.22683358436,-0.00644765604116,0.165526406622,0.44076570537,0.447213361411,-0.00216906044949,-0.00293516632726,-0.0218358683858,-0.00497913221153,-0.019182760638,0.00212118945698,0.00163550890601,0.00614661236735,0.000363821008144,0.00856962786408
validation,baseline,M2,collateral_type:Unsecured,True,1463,0.240481901287,0.281379689501,0.00242705919414,0.153040917282,0.523547771605,0.521120712411,-0.00199772841767,-0.00129126940233,-0.0133450511586,-0.00129454153193,-0.0146330083074,0.00203046894254,0.00270548562246,0.0156770969326,0.0041357675209,0.0149626005048
validation,baseline,M2,lien_rank:First,True,1451,0.119157386963,0.15641924414,-0.00946999422121,0.450565224461,0.298714904084,0.308184898305,-0.00102729558609,-0.00056909253896,-0.01819087074,-0.00269869387342,-0.016780635595,0.00231397128397,0.00278921720567,-0.00125961670724,0.000680824843626,-0.000328552964447
validation,baseline,M2,lien_rank:Second,True,1256,0.166832233817,0.211948601667,-0.00374808481807,0.176840282242,0.435582757764,0.439330842582,-0.000789223698464,-0.00144937782645,-0.0150606458697,-0.00330200139337,-0.0139304126588,0.00282391485708,0.00246952990269,0.00834105230906,0.000628625518712,0.00973568247972
validation,baseline,M2,lien_rank:Unsecured,True,1463,0.240481901287,0.281379689501,0.00242705919414,0.153040917282,0.523547771605,0.521120712411,-0.00199772841767,-0.00129126940233,-0.0133450511586,-0.00129454153193,-0.0146330083074,0.00203046894254,0.00270548562246,0.0156770969326,0.0041357675209,0.0149626005048
validation,baseline,M2,latent_regime:0,True,2399,0.171510075618,0.211719567249,-0.00759230654473,0.267756278251,0.362270358644,0.369862665189,-0.000499255976427,-0.0011107655402,-0.0161586169646,-0.000603754515874,-0.0172777062952,0.00211228672283,0.00207738234107,0.000169036017367,0.0027638538376,-0.000480516771382
validation,baseline,M2,latent_regime:1,True,1771,0.182276117635,0.237886213104,0.00187248721364,0.289331749508,0.495421269932,0.493548782718,-0.00155398031802,-0.00108773272779,-0.0104980282975,-0.00386674888138,-0.00897001817221,0.00176531102219,0.00245095832542,0.0123034527223,3.99434968416e-05,0.0139629086093
validation,baseline,M2,age:1-6,True,1014,0.182416572977,0.23126097826,0.00306986460278,0.227382400814,0.418503413535,0.415433548932,-0.000373532553577,-4.13038813098e-05,-0.0108030789431,-0.00591794226537,-0.00777781398071,0.00421859536507,0.00508803500235,0.0182405640668,0.000227936170389,0.0210386722089
validation,baseline,M2,age:7-12,True,1101,0.179862772936,0.225893710295,-0.00499035874389,0.329247683818,0.418475762861,0.423466121605,-0.00184589398255,-0.00192168000792,-0.01893059362,-5.23891133184e-05,-0.0213149491878,0.0023257153135,0.00212417104163,0.00888969402749,0.0050876511668,0.00604874547029
validation,baseline,M2,age:13-24,True,2055,0.170931560944,0.217645042446,-0.00609062105871,0.348653441546,0.419159797179,0.425250418238,-0.00133955375612,-0.00169519158572,-0.0158297696913,-0.00217342295914,-0.0155512336779,0.0015712728602,0.00157983530673,0.00413412826476,0.00145935987368,0.00434702339667
validation,baseline,M2,predicted:0-0.1,True,136,0.0557734783145,0.0834169630429,-0.0352484046861,-0.169431795507,0.0616434811195,0.0968918858056,-0.00485522503574,-0.00179774076468,-0.0475050147498,-0.0165634606275,-0.0362196614557,0.00559193906065,0.00984860046995,-0.0227473695125,-0.00505558559244,-0.0109013404706
validation,baseline,M2,predicted:0.1-0.25,True,550,0.0896822232771,0.111853477426,-0.00945103653187,0.136033969619,0.185649342285,0.195100378817,-0.00242177769087,-0.00421361552964,-0.0177540538432,-0.00672032879881,-0.0148225807239,0.00265626756545,0.00164822029964,-0.000935947313413,-0.000248191341136,0.00300118087278
validation,baseline,M2,predicted:0.25-0.5,True,2163,0.174055113728,0.207724382938,-0.0139710960534,0.0967123804539,0.385971985636,0.39994308169,-0.000734573703846,-0.00107357051092,-0.0232952188213,-0.00356574587904,-0.0208041145215,0.0020388010042,0.0021236059418,-0.0046353095179,-0.000357036268772,-0.00376150332273
validation,baseline,M2,predicted:0.5-0.75,True,1211,0.231839869084,0.283596674002,0.0154748250875,0.0215512807741,0.588447351441,0.572972526353,-0.00137161675649,-0.00116076242025,0.0012254163636,0.00154591494243,-0.00317149217879,0.00305266397888,0.00332601335283,0.0324428117805,0.00652427873548,0.0282901437681
validation,baseline,M2,predicted:0.75-1,True,110,0.182854249384,0.2891891346,0.059759565153,-0.0212123617215,0.804726002018,0.744966436865,-0.010995979494,-0.00756259233742,0.00967113176368,0.00507503021623,-0.00832400517688,0.00644512534185,0.00930962934108,0.117469794629,0.0265336154987,0.101476597849
validation,baseline,M3,all,True,4170,0.175104092414,0.222015037903,-0.00344618892701,0.3226880754,0.418946000038,0.422392188965,-0.00151560525507,-0.0018107647707,-0.0103346375772,-0.001512507202,-0.00968832571661,0.000738005147017,0.000667733623733,0.00252313389873,0.00124554295804,0.00332933968265
validation,baseline,M3,realized_gt60,True,1312,0.190774050739,0.21308042873,-0.187562946402,-4.02677803142,0.557179677097,0.744742623499,-0.00174293719508,-0.00279666743943,-0.193367658835,-0.00292551466959,-0.193492413161,0.00329537135344,0.00217610214506,-0.181098520981,0.00212471126233,-0.181075226322
validation,baseline,M3,realized_gt75,True,582,0.21546667375,0.238949394222,-0.213762901782,-11.9583530351,0.618238472115,0.832001373897,-0.00589952860208,-0.00626843935987,-0.222886883944,-0.0012129975557,-0.2264134994,0.00127737904332,0.00153662114996,-0.204907354386,0.00632194421052,-0.207041175119
validation,baseline,M3,realized_ge90,True,104,0.24988754431,0.276900127902,-0.24988754431,-77.7091109073,0.696036241112,0.945923785422,-0.0129881980467,-0.0128822396572,-0.27470676521,-0.00329284343625,-0.279512035117,0.00329284343625,0.00359836579494,-0.226229496164,0.0129881980467,-0.229167463106
validation,baseline,M3,low_le10,True,704,0.303636372464,0.361932960029,0.300431890843,-738.628405559,0.345918272638,0.0454863817952,-0.00496927606197,-0.00449333956269,0.283759817386,-0.00600100228182,0.287711223515,0.000529655020209,0.00162414924888,0.317580581539,-0.000428368921395,0.32074811355
validation,baseline,M3,cure,True,569,0.362004491367,0.400173564735,0.361454171244,-4461.93278233,0.402888100736,0.0414339294918,-0.00545277236529,-0.00484313491232,0.346358703971,-0.00577595816758,0.348630025343,0.000873720602735,0.00151472675511,0.37609350185,0.000456940376219,0.379796055876
validation,baseline,M3,unsecured,True,1463,0.239464989122,0.27998901477,0.0027742803039,0.161392152163,0.523894992715,0.521120712411,-0.0030636609014,-0.00299227776657,-0.0132169765497,-0.000881292878317,-0.0146330083074,0.0012934794191,0.00141431355337,0.0169804190643,0.00446851167985,0.0149626005048
validation,baseline,M3,secured,True,2707,0.140320201803,0.183198930719,-0.006808045774,0.372298664192,0.362226245221,0.369034290995,-0.00148517218659,-0.00171377969074,-0.013506177581,-0.00266452678064,-0.0126944600282,0.00104950819856,0.000714445739383,0.000882815813965,0.000257355150535,0.00192535605216
validation,baseline,M3,guarantee:zero,True,3321,0.185964255905,0.233158571814,-0.00474834705062,0.285601888064,0.440271936508,0.445020283558,-0.00117498098584,-0.00175076662454,-0.0133383585989,-0.00122245298551,-0.0134023096105,0.00116771987897,0.000842128460026,0.0027222418703,0.00156666803115,0.00303101872573
validation,baseline,M3,guarantee:partial,True,665,0.137584692769,0.176844133944,-0.00798639050457,0.408048298036,0.354412038618,0.362398429123,-0.00345483397143,-0.00340478123241,-0.0202325218589,-0.00485338007155,-0.0181839354846,0.00163516164925,0.00220716116347,0.00452904292624,0.00104363039404,0.0077140862913
validation,baseline,M3,guarantee:full,True,184,0.114689950073,0.151186585097,0.0364652305164,0.118537662238,0.26727018116,0.230804950644,-0.00921316827661,-0.00918221030337,0.0135634513053,-0.00564676868804,0.0113148903485,0.00219250584213,0.00499948498718,0.0579619409931,0.00557137448934,0.0568200398462
validation,baseline,M3,product_type:Financial Guarantee,True,175,0.190618724517,0.241536207129,-0.00370548668835,0.241368963466,0.434995843121,0.43870132981,-0.00164270315748,-0.00108015966602,-0.0405971110561,-0.00834632182984,-0.0361014748766,0.00923782989079,0.00994917911169,0.0341922571495,0.00321634704433,0.0369558805759
validation,baseline,M3,product_type:Import LC,True,369,0.179213027651,0.22617810817,0.00384080749861,0.290149156324,0.423073652751,0.419232845252,-0.00628833097892,-0.00761312263885,-0.0170074493943,-0.00102443131911,-0.020514164632,0.000633406766099,-0.000194867109155,0.0250963258483,0.00581668993891,0.0224777952723
validation,baseline,M3,product_type:OVD,True,1410,0.182909676272,0.230822844826,0.00199525662994,0.284032575614,0.437668155901,0.435672899271,-0.00119936014201,-0.00252133332398,-0.00927069867769,-0.00373886123817,-0.00768084686384,0.00222086502285,0.00148020871144,0.0142050606115,0.00028570805856,0.0158027953886
validation,baseline,M3,product_type:Performance Guarantee,True,309,0.176945401231,0.226654546388,0.0012203701932,0.210745623351,0.439740932814,0.438520562621,-0.00359454867298,-0.00168882573578,-0.0249445472046,-0.00561405769901,-0.022559270914,0.00403995999024,0.00615263061112,0.0278539583451,0.00324699978804,0.0279932301188
validation,baseline,M3,product_type:Term Loan,True,1907,0.166815631279,0.211690599887,-0.00961185729421,0.379211725495,0.399462150857,0.409074008152,-0.00276020542043,-0.00253228324576,-0.0194970865489,-0.000841102811651,-0.0203859278037,0.000463955604252,0.00118256981505,-0.000724162517432,0.00228652927693,-0.00124491457918
validation,baseline,M3,industry:Construction,True,507,0.172614028242,0.217945511175,-0.00200110188508,0.314863551614,0.408609071317,0.410610173202,-0.00394364298602,-0.0047714752291,-0.0193420217426,-0.00441631011774,-0.0181685844983,0.00155377721592,0.00195549110512,0.0161761742034,0.00315248774484,0.0166027867391
validation,baseline,M3,industry:Hospitality,True,342,0.168096339859,0.21689805189,-0.0164479491554,0.303814419046,0.403632652886,0.420080602041,-0.00495658779638,-0.00496126535876,-0.0397717159319,-0.00869613090299,-0.0393811440703,0.00379998619748,0.00473334696844,0.00619730951043,0.00322210303278,0.00924050655571
validation,baseline,M3,industry:Manufacturing,True,748,0.180634585528,0.232407507992,0.0121263376378,0.272818951929,0.433487848668,0.42136151103,-0.00382498068173,-0.00411871273513,-0.00432677624501,-0.0034826459907,-0.0047401729739,0.00164345259791,0.00143810719574,0.0283450969428,0.00342660156038,0.0283705829406
validation,baseline,M3,industry:Retail,True,861,0.178066741416,0.224670616611,-0.016524270164,0.355211393891,0.416300351884,0.432824622048,-0.00328021282534,-0.00350976867885,-0.0318165710875,-0.0027708347987,-0.0321479305046,0.00148208676309,0.00201596857929,-0.000629293671336,0.00295531997099,-0.00067426608319
validation,baseline,M3,industry:Services,True,981,0.173356515114,0.218513459274,0.00848115721989,0.355852720403,0.429878630442,0.421397473222,-0.000633104751529,-0.00128958425916,-0.00631305964167,-0.00127332555806,-0.00739422345878,0.0041082728634,0.00402010544918,0.0236279564527,0.00421551682527,0.02242395491
validation,baseline,M3,industry:Technology,True,302,0.163369863504,0.208206977415,-0.026185045476,0.296049084994,0.404603871083,0.430788916559,-0.0038599710795,-0.0043457265672,-0.0501365114523,-0.00501751781135,-0.0508267832436,0.00469289825936,0.00420001112283,0.00128696516474,0.00505276996843,0.00146538276826
validation,baseline,M3,industry:Transport,True,429,0.180301236308,0.224257480474,-0.00696057342564,0.297662784115,0.408421525422,0.415382098848,-0.0064157516598,-0.00577200673979,-0.028805142928,-0.00512804448346,-0.0277257636404,0.00152161275485,0.00176015368616,0.0142231954025,0.00362382597848,0.0158935311047
validation,baseline,M3,collateral_type:Cash,True,424,0.0815428993298,0.107580239493,-0.00621493083124,0.309847978732,0.154223667704,0.160438598535,-0.000412279860933,0.00042654049106,-0.0176521689828,-0.00696325936777,-0.0138593726452,0.00498262591941,0.00631993924925,0.00407897125841,0.000424768675714,0.00740703096256
validation,baseline,M3,collateral_type:Mortgage,True,1441,0.131742502755,0.172536172839,-0.00764512037258,0.305419860466,0.377085073685,0.384730194058,-0.00213979627688,-0.00222973582246,-0.0174720337109,-0.00219718751689,-0.0172406264623,0.00125335075296,0.00144343591835,0.00202436643776,0.00171383499984,0.00262554018372
validation,baseline,M3,collateral_type:Other,True,842,0.184598159733,0.226110388819,-0.00567414582055,0.170838896463,0.441539215591,0.447213361411,-0.00303328168163,-0.00357639065986,-0.0206963465636,-0.00436759654253,-0.019182760638,0.0014455215421,0.000761822794135,0.00702783025177,0.00103603297891,0.00856962786408
validation,baseline,M3,collateral_type:Unsecured,True,1463,0.239464989122,0.27998901477,0.0027742803039,0.161392152163,0.523894992715,0.521120712411,-0.0030636609014,-0.00299227776657,-0.0132169765497,-0.000881292878317,-0.0146330083074,0.0012934794191,0.00141431355337,0.0169804190643,0.00446851167985,0.0149626005048
validation,baseline,M3,lien_rank:First,True,1451,0.118278407769,0.155365290369,-0.00942068702088,0.45794446911,0.298764211285,0.308184898305,-0.00164271140999,-0.00164514241637,-0.0178359807395,-0.00304170711056,-0.016780635595,0.00130422372974,0.00151353137371,-0.00134183069755,0.000670930523927,-0.000328552964447
validation,baseline,M3,lien_rank:Second,True,1256,0.165784089656,0.210827802852,-0.00378977949278,0.185523114324,0.43554106309,0.439330842582,-0.00185913165627,-0.00263310572435,-0.0156633719003,-0.00346785018257,-0.0139304126588,0.00191000561268,0.00111055895773,0.00848452441756,0.000522346461833,0.00973568247972
validation,baseline,M3,lien_rank:Unsecured,True,1463,0.239464989122,0.27998901477,0.0027742803039,0.161392152163,0.523894992715,0.521120712411,-0.0030636609014,-0.00299227776657,-0.0132169765497,-0.000881292878317,-0.0146330083074,0.0012934794191,0.00141431355337,0.0169804190643,0.00446851167985,0.0149626005048
validation,baseline,M3,latent_regime:0,True,2399,0.17046619157,0.210854515516,-0.00764052651253,0.273727711738,0.362222138677,0.369862665189,-0.00166182878546,-0.00184612361558,-0.0160978609532,-0.000632105519866,-0.0172777062952,0.00118591221708,0.00140306321705,0.000216474732284,0.00288488586067,-0.000480516771382
validation,baseline,M3,latent_regime:1,True,1771,0.181386601801,0.236293942204,0.00223546881871,0.298813503876,0.495784251537,0.493548782718,-0.00249479642945,-0.00277886994609,-0.0101640440484,-0.0036226985772,-0.00897001817221,0.000921866729358,0.000966395367082,0.0131041006192,0.000385599299992,0.0139629086093
validation,baseline,M3,age:1-6,True,1014,0.182016993042,0.229838783084,0.00353777954501,0.236855977573,0.418971328477,0.415433548932,-0.00058662608405,-0.00131574401041,-0.0107773580363,-0.00532609115942,-0.00777781398071,0.00370418202602,0.0034370118385,0.0190569285881,0.000537903905685,0.0210386722089
validation,baseline,M3,age:7-12,True,1101,0.180094697782,0.226628461837,-0.0058442730053,0.324877152137,0.4176218486,0.423466121605,-0.00160209206623,-0.00126844724901,-0.0194029517708,-0.000812285135551,-0.0213149491878,0.00255721343054,0.00286546056257,0.00765385249087,0.00415688579364,0.00604874547029
validation,baseline,M3,age:13-24,True,2055,0.169019256527,0.215493355572,-0.00560748014863,0.361468492016,0.419642938089,0.425250418238,-0.00363994300289,-0.00411200051988,-0.0152574474072,-0.00192814186282,-0.0155512336779,-7.47193834831e-05,-0.00024237805997,0.00474413918952,0.00189763058948,0.00434702339667
validation,baseline,M3,predicted:0-0.1,True,133,0.0525496827696,0.0777397010252,-0.0344950726559,-0.26569416579,0.0560744404614,0.0905695131173,-0.00466747737621,-0.00261851406024,-0.046542280178,-0.0215380370452,-0.032098623824,0.00592088904657,0.00956051061664,-0.0222680912396,-0.00710083743564,-0.00715010508484
validation,baseline,M3,predicted:0.1-0.25,True,562,0.0920254842928,0.116525641002,-0.00992520627287,0.117025868586,0.18635194199,0.196277148263,-0.00310685297342,-0.00430808469665,-0.0201969210218,-0.00738673933874,-0.0168489515102,0.00178337210656,0.00161148617747,-0.00011076026662,-0.00148359422964,0.00427572240599
validation,baseline,M3,predicted:0.25-0.5,True,2154,0.173666918617,0.20758764781,-0.0125393858068,0.0958170368607,0.387168893709,0.399708279516,-0.00135010433419,-0.00207596182603,-0.0221955088642,-0.00322622754898,-0.0202174912992,0.0014436430028,0.000973013482022,-0.00466274777504,0.00019214028158,-0.00297227273873
validation,baseline,M3,predicted:0.5-0.75,True,1209,0.229693812988,0.280951695443,0.0132295832877,0.0338739991835,0.587903639305,0.574674056018,-0.00320233376995,-0.00297183952866,-0.0026210046235,0.00178892292439,-0.00739807146219,0.00139110130004,0.00171672491646,0.0301235153856,0.00721956361653,0.0255082633581
validation,baseline,M3,predicted:0.75-1,True,112,0.175877435556,0.281177710246,0.0608077999637,-0.0194788199545,0.804284207204,0.74347640724,-0.0117344157399,-0.00921268331209,0.0133016186304,0.00720645308054,-0.00101171631415,0.00330645015483,0.00373782889632,0.113479858878,0.0246588131035,0.100020355284
validation,baseline,M4,all,True,4170,0.171938488321,0.218539914395,-0.00219108644878,0.34372558223,0.420201102516,0.422392188965,-0.00514813634315,-0.00590577042047,-0.00876452710906,-0.0010221554607,-0.00968832571661,-0.00199097678526,-0.00220689324567,0.00400985619965,0.00286520499096,0.00332933968265
validation,baseline,M4,realized_gt60,True,1312,0.183762987365,0.207954465531,-0.180705034468,-3.7878340153,0.564037589031,0.744742623499,-0.00975331437847,-0.00903421063455,-0.186302986288,0.00313873713883,-0.193492413161,-0.00304319523675,-0.00203155012514,-0.174329143741,0.010271663843,-0.181075226322
validation,baseline,M4,realized_gt75,True,582,0.204045263747,0.229935144735,-0.202121625409,-10.9990994603,0.629879748487,0.832001373897,-0.0186257325619,-0.0168028593421,-0.211959053679,0.00900824943057,-0.2264134994,-0.00851238701402,-0.00586005589847,-0.193426011602,0.0194683319076,-0.207041175119
validation,baseline,M4,realized_ge90,True,104,0.232562354063,0.263918822409,-0.232562354063,-70.5022031204,0.713361431359,0.945923785422,-0.034909715457,-0.0316315744278,-0.258503995694,0.0104320463881,-0.279512035117,-0.0104320463881,-0.00596139747878,-0.206936370561,0.034909715457,-0.229167463106
validation,baseline,M4,low_le10,True,704,0.299124083001,0.355971762045,0.295588914785,-714.465026412,0.341075296581,0.0454863817952,-0.0109064200932,-0.0123377690283,0.281098686908,-0.012724670472,0.287711223515,-0.00241288686369,-0.00278672779548,0.312968633976,-0.00336523257079,0.32074811355
validation,baseline,M4,cure,True,569,0.354853924159,0.393140116665,0.354268473433,-4306.43049437,0.395702402924,0.0414339294918,-0.0143312622798,-0.0137968274297,0.338710641678,-0.0147577014393,0.348630025343,-0.00465562380182,-0.00320706905769,0.369288126225,-0.00503889690585,0.379796055876
validation,baseline,M4,unsecured,True,1463,0.233284804006,0.274993036618,0.00452320142485,0.191052511344,0.525643913836,0.521120712411,-0.0106338687185,-0.00942735196167,-0.0101665578755,-0.000731508371224,-0.0146330083074,-0.00395161363111,-0.0019242359446,0.0181487461369,0.00747631999582,0.0149626005048
validation,baseline,M4,secured,True,2707,0.138783830085,0.180836778438,-0.00581982791872,0.388381367957,0.363214463077,0.369034290995,-0.00338215693961,-0.00502030432041,-0.0124186002919,-0.00224109474492,-0.0126944600282,0.000241126526908,-0.000578841320859,0.00142188133673,0.0017871028877,0.00192535605216
validation,baseline,M4,guarantee:zero,True,3321,0.182371461359,0.229192720126,-0.00422612517767,0.309697949927,0.440794158381,0.445020283558,-0.00556777275992,-0.00659605868371,-0.0123105994435,-0.00139651258696,-0.0134023096105,-0.00177750840163,-0.00213995834396,0.0035263019155,0.00301273474056,0.00303101872573
validation,baseline,M4,guarantee:partial,True,665,0.136198364168,0.175424857408,-0.00359916006359,0.417511680557,0.358799269059,0.362398429123,-0.0056550190065,-0.00566329701266,-0.0161759501744,-0.000990659921903,-0.0181839354846,0.000572510772543,0.000844995408354,0.00945729242425,0.00611960979965,0.0077140862913
validation,baseline,M4,guarantee:full,True,184,0.112804135619,0.151863050128,0.0396281123147,0.11063203446,0.270433062958,0.230804950644,-0.011227867041,-0.00824347701468,0.0166002129722,-0.00326732126494,0.0113148903485,0.00199229228499,0.00683720077102,0.0616140946996,0.0105139323293,0.0568200398462
validation,baseline,M4,product_type:Financial Guarantee,True,175,0.1872361444,0.236878120317,-0.000783024305476,0.2703475953,0.437918305504,0.43870132981,-0.00788656624685,-0.00880167152666,-0.0364258012902,-0.00892795980814,-0.0361014748766,0.00783861603139,0.00797400214946,0.0391903445582,0.00876945458567,0.0369558805759
validation,baseline,M4,product_type:Import LC,True,369,0.177258742631,0.223605263359,0.00241035879413,0.306206842107,0.421643204046,0.419232845252,-0.0103143311973,-0.0128066032818,-0.017900856984,-0.0042072618757,-0.020514164632,0.000489383754073,-4.872602027e-05,0.0233536659984,0.00689256406565,0.0224777952723
validation,baseline,M4,product_type:OVD,True,1410,0.178000980232,0.225717195414,0.00458138069647,0.315355734038,0.440254279968,0.435672899271,-0.00702452430436,-0.00920321471853,-0.00744370678351,-0.00174897387229,-0.00768084686384,-0.00160632860905,-0.00254470591831,0.0165980242725,0.00405688825011,0.0158027953886
validation,baseline,M4,product_type:Performance Guarantee,True,309,0.175560013278,0.225240723906,0.00254902658051,0.220561312772,0.441069589201,0.438520562621,-0.00689853536341,-0.00626312015459,-0.0234649198966,-0.00599561312611,-0.022559270914,0.00487989721786,0.00747088102858,0.0272532708824,0.00622274288738,0.0279932301188
validation,baseline,M4,product_type:Term Loan,True,1907,0.164435903917,0.209094558333,-0.0089861665592,0.39434428572,0.400087841593,0.409074008152,-0.00589766337889,-0.00593968288059,-0.0189699938789,-0.000850072447522,-0.0203859278037,-0.0013871444013,-0.000678875985798,9.15898142351e-05,0.00395156303828,-0.00124491457918
validation,baseline,M4,industry:Construction,True,507,0.168739950102,0.214932004918,7.08996258258e-08,0.333679163278,0.410610244101,0.410610173202,-0.0102691741773,-0.0108647679148,-0.0178825278395,-0.00359028252076,-0.0181685844983,-0.000316383943309,0.000847511848851,0.0177196703746,0.00667746835098,0.0166027867391
validation,baseline,M4,industry:Hospitality,True,342,0.160903269699,0.207136611887,-0.011824974246,0.365067645732,0.408255627795,0.420080602041,-0.0129374933913,-0.0166374022046,-0.0326181870216,-0.00552497935807,-0.0393811440703,-0.00259217108884,-0.00331545203036,0.0106363325347,0.00861350721887,0.00924050655571
validation,baseline,M4,industry:Manufacturing,True,748,0.17728514602,0.229498861612,0.0125205932092,0.290906809093,0.43388210424,0.42136151103,-0.00839092747359,-0.00816271438602,-0.00272802954776,-0.00400792237537,-0.0047401729739,-0.00113360977451,-0.000716313876871,0.0281652852921,0.00531382614903,0.0283705829406
validation,baseline,M4,industry:Retail,True,861,0.177081441213,0.22331587114,-0.016985110371,0.362963994707,0.415839511677,0.432824622048,-0.00521263124294,-0.00629686180043,-0.032439415982,-0.00430385124762,-0.0321479305046,0.00162737065038,0.00145624342623,-0.00141086780328,0.00300572345731,-0.00067426608319
validation,baseline,M4,industry:Services,True,981,0.171816296496,0.216366963359,0.00813784720309,0.36844570626,0.429535320425,0.421397473222,-0.00374444410928,-0.00570225038231,-0.00536216692834,-0.00291500930675,-0.00739422345878,0.00348715512985,0.00389968965126,0.0221513475577,0.00498801771408,0.02242395491
validation,baseline,M4,industry:Technology,True,302,0.156927714632,0.19921986287,-0.0252155468906,0.355508650555,0.405573369668,0.430788916559,-0.0120953350974,-0.0163188814423,-0.0478975738434,-0.00632259958019,-0.0508267832436,0.000724774010335,-0.00183727302561,0.00188082055586,0.00857166215124,0.00146538276826
validation,baseline,M4,industry:Transport,True,429,0.175718080589,0.220281812893,-0.000471053337233,0.322344311034,0.414911045511,0.415382098848,-0.0117279893463,-0.0118541168645,-0.0219637931851,-0.00131301050769,-0.0277257636404,-0.0017578119768,8.60424889269e-06,0.0195891608747,0.0118179248141,0.0158935311047
validation,baseline,M4,collateral_type:Cash,True,424,0.0814980705725,0.106562729288,-0.00175492572282,0.322841364824,0.158683672812,0.160438598535,-0.000751327334472,-0.00144644785288,-0.0126531172909,-0.00300065030587,-0.0138593726452,0.00564466209428,0.00603923874377,0.00840362491021,0.00515482521032,0.00740703096256
validation,baseline,M4,collateral_type:Mortgage,True,1441,0.129738761898,0.170597296673,-0.00596789806929,0.320942843896,0.378762295989,0.384730194058,-0.00481228545044,-0.00513837048925,-0.015750548817,-0.0014449248542,-0.0172406264623,-5.59266722677e-05,0.000553395552314,0.00373200081643,0.00427324315988,0.00262554018372
validation,baseline,M4,collateral_type:Other,True,842,0.183110558459,0.222732219568,-0.0076133545744,0.19542973676,0.439600006837,0.447213361411,-0.00535077855724,-0.00789009244599,-0.0217162596954,-0.00754151409925,-0.019182760638,0.00159169204431,-0.00135379668378,0.00435199785664,0.00125395754022,0.00856962786408
validation,baseline,M4,collateral_type:Unsecured,True,1463,0.233284804006,0.274993036618,0.00452320142485,0.191052511344,0.525643913836,0.521120712411,-0.0106338687185,-0.00942735196167,-0.0101665578755,-0.000731508371224,-0.0146330083074,-0.00395161363111,-0.0019242359446,0.0181487461369,0.00747631999582,0.0149626005048
validation,baseline,M4,lien_rank:First,True,1451,0.117884722731,0.154220832445,-0.00930569582027,0.465900877997,0.298879202485,0.308184898305,-0.00277620207552,-0.00375623641252,-0.0176095759485,-0.00293565986603,-0.016780635595,0.00140641561855,0.00109429096869,-0.00126335053998,0.00152338170297,-0.000328552964447
validation,baseline,M4,lien_rank:Second,True,1256,0.162927623692,0.207374922422,-0.00179276237322,0.211983209157,0.437538080209,0.439330842582,-0.00606937745978,-0.00762219624222,-0.0136878740517,-0.0025363372435,-0.0139304126588,-6.01579008528e-05,-0.00122535970977,0.0105546771158,0.00381868284317,0.00973568247972
validation,baseline,M4,lien_rank:Unsecured,True,1463,0.233284804006,0.274993036618,0.00452320142485,0.191052511344,0.525643913836,0.521120712411,-0.0106338687185,-0.00942735196167,-0.0101665578755,-0.000731508371224,-0.0146330083074,-0.00395161363111,-0.0019242359446,0.0181487461369,0.00747631999582,0.0149626005048
validation,baseline,M4,latent_regime:0,True,2399,0.168293506832,0.208351523396,-0.00786416776629,0.290868100742,0.361998497423,0.369862665189,-0.00465901682859,-0.00529145396346,-0.0164668072172,-0.00200880498914,-0.0172777062952,0.000189694624679,-0.000281197235893,-0.000603502462567,0.0034654958748,-0.000480516771382
validation,baseline,M4,latent_regime:1,True,1771,0.176875987245,0.231627533497,0.00549368039521,0.326234556334,0.499042463113,0.493548782718,-0.0078807745644,-0.00843817802207,-0.00638467234121,-0.000855843815825,-0.00897001817221,-0.00270032876947,-0.00236229709991,0.0158205523668,0.00460705022826,0.0139629086093
validation,baseline,M4,age:1-6,True,1014,0.179300059451,0.226524546778,0.00349609175543,0.25870611086,0.418929640687,0.415433548932,-0.0039518367483,-0.00548613722468,-0.00993524895744,-0.0059381948446,-0.00777781398071,0.0018465039354,0.00146146099131,0.0186896246904,0.00130239462405,0.0210386722089
validation,baseline,M4,age:7-12,True,1101,0.176113375281,0.22163870939,-0.00431915774448,0.354278675842,0.41914696386,0.423466121605,-0.00661390188245,-0.00815235049975,-0.016742057113,-0.0013462908685,-0.0213149491878,7.17286629824e-06,-0.000392888546762,0.00827996694012,0.0069167872753,0.00604874547029
validation,baseline,M4,age:13-24,True,2055,0.166069299188,0.212780176597,-0.00385716537944,0.377446191284,0.421393252858,0.425250418238,-0.00709485504014,-0.00775644118623,-0.0131073645234,-0.000799108861941,-0.0155512336779,-0.00227036208883,-0.00201759196241,0.00567238753403,0.00460434846215,0.00434702339667
validation,baseline,M4,predicted:0-0.1,True,129,0.0560651868618,0.083221463964,-0.0374974536004,-0.265634953685,0.0549314226181,0.0924288762185,-0.00754902956589,-0.00537660712986,-0.0500058827658,-0.0236428180036,-0.0348250132933,0.0060270338383,0.0102429945167,-0.0231460510358,-0.0103473418388,-0.00596057529591
validation,baseline,M4,predicted:0.1-0.25,True,548,0.0909637883865,0.114836684852,-0.00576772837142,0.0887305112707,0.183602847392,0.189370575763,-0.0038512309905,-0.00817646434128,-0.0157081431665,-0.0140941756926,-0.00695226440788,0.00329386080029,0.00352920974476,0.00575703867572,-0.00492868756525,0.0161992485157
validation,baseline,M4,predicted:0.25-0.5,True,2170,0.175196637706,0.209628870858,-0.00983510077666,0.0913802085041,0.384865550944,0.394700651721,-0.00332593310088,-0.00679588818904,-0.0187884844074,-0.00768539027982,-0.0139298801577,0.00105230476006,-0.00118408219489,-0.000947718534518,-0.00211069712911,0.00501112318904
validation,baseline,M4,predicted:0.5-0.75,True,1202,0.216673028125,0.269906845082,0.014083383649,0.0418242700862,0.591440168361,0.577356784712,-0.0104500905497,-0.00822970238202,-0.00240880972464,0.0111770392643,-0.0175947157895,-0.00402485095328,-0.000890703868704,0.0311975760161,0.0186346584415,0.0153365236564
validation,baseline,M4,predicted:0.75-1,True,121,0.159382210999,0.258945212436,0.0270660967753,-0.00126336660568,0.813791369293,0.786725272518,-0.0393446529182,-0.0213510399514,-0.0175327326212,0.0310705144858,-0.0627487503781,-0.0139090604102,0.00188198702035,0.0751992252675,0.0544012171485,0.0349223013473
validation,baseline,M4_without_mi,all,True,4170,0.171479198913,0.218107021115,-0.00223156997822,0.346322960472,0.420160618986,0.422392188965,-0.005742256994,-0.00644947732237,-0.00869321154281,-0.00102561141631,-0.00968832571661,-0.00242837736556,-0.00248034609559,0.00405637281058,0.00278973360267,0.00332933968265
validation,baseline,M4_without_mi,realized_gt60,True,1312,0.182969663283,0.207085522206,-0.179568801672,-3.74790542502,0.565173821827,0.744742623499,-0.0106676645365,-0.00985824477107,-0.18550814874,0.00415684905302,-0.193492413161,-0.00386038557996,-0.00302905895025,-0.17333979973,0.011122762156,-0.181075226322
validation,baseline,M4_without_mi,realized_gt75,True,582,0.201494106151,0.227703894586,-0.199417432787,-10.7673550501,0.632583941109,0.832001373897,-0.0208594085123,-0.0187031627179,-0.209090306314,0.0119808916322,-0.2264134994,-0.0111636168419,-0.00820371688535,-0.190378252408,0.0216405610417,-0.207041175119
validation,baseline,M4_without_mi,realized_ge90,True,104,0.227482920775,0.2588805303,-0.227113939806,-67.7982629455,0.718809845616,0.945923785422,-0.0387235288015,-0.0351707145415,-0.253841839249,0.016664113765,-0.279512035117,-0.0163619908964,-0.0114443383019,-0.200589168125,0.0388678951606,-0.229167463106
validation,baseline,M4_without_mi,low_le10,True,704,0.297827754995,0.355237632857,0.294693651986,-711.517027702,0.340180033781,0.0454863817952,-0.0119349743666,-0.0129094079052,0.280398631814,-0.0132438442512,0.287711223515,-0.0038034926372,-0.00335291794195,0.312168106734,-0.00458876442669,0.32074811355
validation,baseline,M4_without_mi,cure,True,569,0.353433938885,0.392290011779,0.352692081901,-4287.82232618,0.394126011393,0.0414339294918,-0.0159764166548,-0.0151979708646,0.336616812402,-0.0165098660564,0.348630025343,-0.00617172952174,-0.00431770067094,0.367979114136,-0.00692733028719,0.379796055876
validation,baseline,M4_without_mi,unsecured,True,1463,0.231547450297,0.273745054193,0.00483781323909,0.198378234713,0.52595852565,0.521120712411,-0.0120990486856,-0.0104858485963,-0.00980364029383,-8.91952046893e-05,-0.0146330083074,-0.00574544098493,-0.00332638671607,0.0190286708105,0.00765413719529,0.0149626005048
validation,baseline,M4_without_mi,secured,True,2707,0.139015271401,0.181054884225,-0.00605222296933,0.386905141615,0.362982068026,0.369034290995,-0.00313592757897,-0.00475103997438,-0.0128843040275,-0.00228288636158,-0.0126944600282,0.000519469744022,-0.000375246399174,0.00108342528965,0.0014818848535,0.00192535605216
validation,baseline,M4_without_mi,guarantee:zero,True,3321,0.181564144335,0.228440033839,-0.00394767017272,0.314224513557,0.441072613386,0.445020283558,-0.00635971618892,-0.00728276823527,-0.0118691594049,-0.00101628496089,-0.0134023096105,-0.00259054610267,-0.00283213083722,0.0038086149225,0.00339258371312,0.00303101872573
validation,baseline,M4_without_mi,guarantee:partial,True,665,0.137001748695,0.176441425963,-0.00485313166379,0.410741203326,0.357545297459,0.362398429123,-0.00455470776809,-0.00443309853826,-0.0172443783881,-0.00204891677637,-0.0181839354846,0.00121215929505,0.00199051633994,0.00833472439704,0.00444901641127,0.0077140862913
validation,baseline,M4_without_mi,guarantee:full,True,184,0.114062898091,0.15395726915,0.0382168390806,0.0859338128535,0.269021789724,0.230804950644,-0.0106340037808,-0.0061676008279,0.0138583029396,-0.004784260356,0.0113148903485,0.00236513505651,0.00834269025721,0.0601508621233,0.00880542225066,0.0568200398462
validation,baseline,M4_without_mi,product_type:Financial Guarantee,True,175,0.183686355393,0.23273985809,0.0015659441034,0.295618968614,0.440267273913,0.43870132981,-0.0121849273684,-0.0132006461399,-0.0331520887975,-0.00542968440269,-0.0361014748766,0.00482377729769,0.00538893983947,0.0402033797405,0.00981206437531,0.0369558805759
validation,baseline,M4_without_mi,product_type:Import LC,True,369,0.177551685582,0.22434092411,0.00369661239984,0.301634176962,0.422929457652,0.419232845252,-0.00950637915701,-0.011398964263,-0.0168725686764,-0.00351514702495,-0.020514164632,0.00100965525178,5.14211880603e-05,0.0241149440153,0.00777714931342,0.0224777952723
validation,baseline,M4_without_mi,product_type:OVD,True,1410,0.178000186687,0.225610350866,0.00396221949201,0.316003741332,0.439635118763,0.435672899271,-0.00735279383917,-0.00953039420248,-0.00804204919122,-0.00224553452266,-0.00768084686384,-0.00163483972909,-0.00261706341161,0.0159327127565,0.0032815059404,0.0158027953886
validation,baseline,M4_without_mi,product_type:Performance Guarantee,True,309,0.174897280561,0.224798711862,0.00103938451955,0.223617449667,0.439559947141,0.438520562621,-0.00814126599172,-0.00694143310499,-0.023984420864,-0.00749980816516,-0.022559270914,0.00350286895079,0.00693644629976,0.0252077058,0.00528591779403,0.0279932301188
validation,baseline,M4_without_mi,product_type:Term Loan,True,1907,0.163808627358,0.208541764114,-0.0088367259062,0.397542459909,0.400237282246,0.409074008152,-0.00635834747091,-0.00650427264704,-0.0189571658525,-0.000771008241325,-0.0203859278037,-0.00179393061731,-0.00119322546218,0.000131527010761,0.00404681797022,-0.00124491457918
validation,baseline,M4_without_mi,industry:Construction,True,507,0.167722978949,0.21466389071,0.00289861197431,0.335340513402,0.413508785176,0.410610173202,-0.0107569142367,-0.0105411347548,-0.0136653738313,-0.000669002903401,-0.0181685844983,-0.00173979393602,0.000429139594997,0.0204678019711,0.00995924060412,0.0166027867391
validation,baseline,M4_without_mi,industry:Hospitality,True,342,0.159505918775,0.205579620522,-0.0116291427254,0.374577009824,0.408451459316,0.420080602041,-0.0146313749896,-0.0190289181694,-0.032842678699,-0.00521086982805,-0.0393811440703,-0.00374354922859,-0.00410274471527,0.00932691483124,0.00949437253084,0.00924050655571
validation,baseline,M4_without_mi,industry:Manufacturing,True,748,0.17665921394,0.229878615546,0.0141120937761,0.288558181146,0.435473604806,0.42136151103,-0.00878461013698,-0.00792732118993,-0.000469203047768,-0.00280356675953,-0.0047401729739,-0.00142004774705,0.000336924122094,0.0300370694701,0.00666501501488,0.0283705829406
validation,baseline,M4_without_mi,industry:Retail,True,861,0.176847721401,0.222238152502,-0.0147388330046,0.36909780816,0.418085789044,0.432824622048,-0.00570244664329,-0.00743925389102,-0.0301778969957,-0.0023027878567,-0.0321479305046,0.00114498179201,0.000291859377958,0.00037522242654,0.00546189888324,-0.00067426608319
validation,baseline,M4_without_mi,industry:Services,True,981,0.171442373552,0.215696465267,0.00578399686961,0.372353879858,0.427181470091,0.421397473222,-0.00378889700924,-0.00600455438751,-0.00787352374153,-0.00519514078853,-0.00739422345878,0.00306546598235,0.00299462844083,0.0197800745468,0.00259331025884,0.02242395491
validation,baseline,M4_without_mi,industry:Technology,True,302,0.159701375976,0.202136383884,-0.0283645377571,0.336500189579,0.402424378801,0.430788916559,-0.00998818479577,-0.0137773794144,-0.0509557570809,-0.00955785551341,-0.0508267832436,0.00378186758408,0.00142589571231,-0.00289016220726,0.00618196784035,0.00146538276826
validation,baseline,M4_without_mi,industry:Transport,True,429,0.174032449339,0.218707820433,-0.00413006462021,0.331993897829,0.411252034228,0.415382098848,-0.0132166593202,-0.0127786128433,-0.0261280235846,-0.00453010739301,-0.0277257636404,-0.00295760515586,-0.00166914919529,0.0155036830028,0.00703053132684,0.0158935311047
validation,baseline,M4_without_mi,collateral_type:Cash,True,424,0.0807341100927,0.105659808991,-0.00219534432699,0.334268060763,0.158243254208,0.160438598535,-0.00124296720244,-0.00212604373981,-0.013893935858,-0.00311705421349,-0.0138593726452,0.00439642480437,0.00471289142895,0.00803386514366,0.00446643177226,0.00740703096256
validation,baseline,M4_without_mi,collateral_type:Mortgage,True,1441,0.12953516162,0.17051532825,-0.00576169797875,0.321595232571,0.378968496079,0.384730194058,-0.00506680027178,-0.00516502885272,-0.0155611311461,-0.00129413113976,-0.0172406264623,-0.000302013358538,0.000511362628165,0.00437315450733,0.00437488007298,0.00262554018372
validation,baseline,M4_without_mi,collateral_type:Other,True,842,0.184587778039,0.223624115964,-0.00849160902133,0.188973283674,0.43872175239,0.447213361411,-0.00389190514583,-0.00668837423203,-0.0231206380997,-0.00806680626827,-0.019182760638,0.00304079535592,-0.000343120909038,0.00409346836716,0.000356514514541,0.00856962786408
validation,baseline,M4_without_mi,collateral_type:Unsecured,True,1463,0.231547450297,0.273745054193,0.00483781323909,0.198378234713,0.52595852565,0.521120712411,-0.0120990486856,-0.0104858485963,-0.00980364029383,-8.91952046893e-05,-0.0146330083074,-0.00574544098493,-0.00332638671607,0.0190286708105,0.00765413719529,0.0149626005048
validation,baseline,M4_without_mi,lien_rank:First,True,1451,0.11790137343,0.154346420339,-0.00936757287665,0.465030649325,0.298817325429,0.308184898305,-0.00280552678955,-0.00364858064245,-0.0174992604034,-0.00307384156384,-0.016780635595,0.00137469018611,0.0011281444366,-0.00149488880783,0.00110184411566,-0.000328552964447
validation,baseline,M4_without_mi,lien_rank:Second,True,1256,0.163407202894,0.207676925419,-0.00222214915125,0.209686338164,0.437108693431,0.439330842582,-0.00561520286118,-0.00678567448859,-0.0142126015181,-0.0027759417833,-0.0139304126588,0.000463126009714,-0.000708514793228,0.0106897999822,0.00350854496894,0.00973568247972
validation,baseline,M4_without_mi,lien_rank:Unsecured,True,1463,0.231547450297,0.273745054193,0.00483781323909,0.198378234713,0.52595852565,0.521120712411,-0.0120990486856,-0.0104858485963,-0.00980364029383,-8.91952046893e-05,-0.0146330083074,-0.00574544098493,-0.00332638671607,0.0190286708105,0.00765413719529,0.0149626005048
validation,baseline,M4_without_mi,latent_regime:0,True,2399,0.167598232174,0.207770272005,-0.00749592751322,0.294819201733,0.362366737676,0.369862665189,-0.00519930041813,-0.00594519434178,-0.0158416393226,-0.00155459058082,-0.0172777062952,-0.00074576724344,-0.000776000609145,-0.000195096797426,0.00377872083909,-0.000480516771382
validation,baseline,M4_without_mi,latent_regime:1,True,1771,0.176736363908,0.231373903577,0.00489953884529,0.327709281839,0.498448321563,0.493548782718,-0.00799736585736,-0.00864552531735,-0.00663740019122,-0.00178726009404,-0.00897001817221,-0.0027788370233,-0.00263302359094,0.015592837355,0.00403661790426,0.0139629086093
validation,baseline,M4_without_mi,age:1-6,True,1014,0.178824673714,0.225818942738,0.00247251523496,0.26331704886,0.417906064167,0.415433548932,-0.00408810043535,-0.00572790865467,-0.0113801588086,-0.00660097277657,-0.00777781398071,0.00112718459298,0.000354770563052,0.0168896619089,0.000111499277149,0.0210386722089
validation,baseline,M4_without_mi,age:7-12,True,1101,0.175957160629,0.221500360638,-0.0040380203871,0.35508455364,0.419428101218,0.423466121605,-0.00710351202984,-0.00805692607764,-0.0169340750455,-0.000590929162657,-0.0213149491878,-0.000511116729851,-0.000814657093814,0.00868691486305,0.00720105405236,0.00604874547029
validation,baseline,M4_without_mi,age:13-24,True,2055,0.165455574924,0.212325644188,-0.0035848743607,0.380103099006,0.421665543877,0.425250418238,-0.00767990540298,-0.00807772045282,-0.0123177178371,-0.00104456906726,-0.0155512336779,-0.00315323354981,-0.00235510044766,0.0057189351555,0.00478306145334,0.00434702339667
validation,baseline,M4_without_mi,predicted:0-0.1,True,125,0.054707175178,0.0836574120189,-0.03514397808,-0.264427211856,0.0553050984934,0.0904490765734,-0.0053711764923,-0.00315270703017,-0.0505666132229,-0.019704886191,-0.0362468191478,0.00546788988658,0.0103587920969,-0.0202696467162,-0.00656926587782,-0.00623588019383
validation,baseline,M4_without_mi,predicted:0.1-0.25,True,574,0.0928849974063,0.117097704431,-0.0103472463915,0.112693673408,0.185385913569,0.195733159961,-0.00437476920962,-0.00641585758357,-0.0196155196083,-0.0147795307037,-0.00933893575442,0.00354410482401,0.00549241388827,-0.00070889009459,-0.00556713366199,0.00919885719101
validation,baseline,M4_without_mi,predicted:0.25-0.5,True,2151,0.174563102568,0.209230289362,-0.00808802490279,0.0907710519015,0.385620907741,0.393708932643,-0.00440949291078,-0.00701604365827,-0.0163581914066,-0.00736081767439,-0.0117241802416,0.000284393061641,-0.00227404340063,0.00130276492221,-0.0022005482998,0.00639662128129
validation,baseline,M4_without_mi,predicted:0.5-0.75,True,1197,0.216289970144,0.269214315203,0.0112420431357,0.0474415727244,0.592418125574,0.581176082438,-0.0113656251259,-0.00941308310087,-0.00469791337912,0.010320102726,-0.0206666645811,-0.0049574918729,-0.0022839426625,0.0261647877205,0.0179783114682,0.0120450990352
validation,baseline,M4_without_mi,predicted:0.75-1,True,123,0.166906879459,0.266031961604,0.0403844374955,0.0175885502154,0.814228135046,0.77384369755,-0.0334310734682,-0.0154332689329,-0.000470598092323,0.0369495673434,-0.0489893748003,-0.0113438933201,0.00546146104521,0.0872157267046,0.0569004945762,0.039619473639
validation,downside,M0,all,True,4170,0.185462333449,0.240024974032,0.00062186190389,0.308996418036,0.483824371462,0.483202509558,0,0,-0.00661407248767,0,-0.00661407248767,0,0,0.00794016039534,0,0.00794016039534
validation,downside,M0,realized_gt60,True,1735,0.170653219526,0.194161936274,-0.166598082017,-2.45625843241,0.603811959305,0.770410041323,0,0,-0.17163231131,0,-0.17163231131,0,0,-0.161464840234,0,-0.161464840234
validation,downside,M0,realized_gt75,True,943,0.187604517291,0.212069219856,-0.184400778394,-8.09322807853,0.665146291896,0.84954707029,0,0,-0.192375799042,0,-0.192375799042,0,0,-0.177279464213,0,-0.177279464213
validation,downside,M0,realized_ge90,True,215,0.222590319457,0.246968185434,-0.222239362284,-53.0218252927,0.734320084312,0.956559446597,0,0,-0.238759898486,0,-0.238759898486,0,0,-0.20611464566,0,-0.20611464566
validation,downside,M0,low_le10,True,677,0.366419391834,0.425776082099,0.364961129324,-1028.01596722,0.410655663421,0.0456945340974,0,0,0.346704529909,0,0.346704529909,0,0,0.382994022079,0,0.382994022079
validation,downside,M0,cure,True,569,0.425901321197,0.463339843254,0.425803622156,-5982.05298244,0.467237551648,0.0414339294918,0,0,0.408967680596,0,0.408967680596,0,0,0.442406539319,0,0.442406539319
validation,downside,M0,unsecured,True,1463,0.244273858084,0.297848106774,0.011623786763,0.121796650132,0.602578017922,0.590954231159,0,0,-0.00386145515774,0,-0.00386145515774,0,0,0.0261355445135,0,0.0261355445135
validation,downside,M0,secured,True,2707,0.153677604767,0.201997915062,-0.00532413590508,0.364171956077,0.419643882074,0.424968017979,0,0,-0.0129594349129,0,-0.0129594349129,0,0,0.00358840974672,0,0.00358840974672
validation,downside,M0,guarantee:zero,True,3321,0.19527013942,0.250902935798,0.000170510436007,0.272133913271,0.506103599118,0.505933088682,0,0,-0.00962698564631,0,-0.00962698564631,0,0,0.00787023864231,0,0.00787023864231
validation,downside,M0,guarantee:partial,True,665,0.150609640413,0.195137966542,-0.00804661622282,0.403455347772,0.415867721851,0.423914338074,0,0,-0.0218746701582,0,-0.0218746701582,0,0,0.00735324389305,0,0.00735324389305
validation,downside,M0,guarantee:full,True,184,0.134404274961,0.178384033417,0.0400972759207,0.148011812328,0.327312724417,0.287215448496,0,0,0.012766174638,0,0.012766174638,0,0,0.0652290387261,0,0.0652290387261
validation,downside,M0,product_type:Financial Guarantee,True,175,0.196626821875,0.257944345922,0.017026742513,0.246511665369,0.508342272863,0.49131553035,0,0,-0.0209966970744,0,-0.0209966970744,0,0,0.057548377272,0,0.057548377272
validation,downside,M0,product_type:Import LC,True,369,0.194939665574,0.248019030989,0.00748247221379,0.263589640565,0.48472541249,0.477242940276,0,0,-0.0146974041808,0,-0.0146974041808,0,0,0.0312353301856,0,0.0312353301856
validation,downside,M0,product_type:OVD,True,1410,0.191858584202,0.249429168484,0.00890286083078,0.271612640308,0.506152953448,0.497250092617,0,0,-0.0035882459448,0,-0.0035882459448,0,0,0.0209872186821,0,0.0209872186821
validation,downside,M0,product_type:Performance Guarantee,True,309,0.186906800308,0.243515815283,0.00511523921956,0.211596224999,0.506261159777,0.501145920558,0,0,-0.0218400856801,0,-0.0218400856801,0,0,0.0320599052871,0,0.0320599052871
validation,downside,M0,product_type:Term Loan,True,1907,0.177640637145,0.228826086859,-0.00906197731394,0.363992415912,0.461255213058,0.470317190372,0,0,-0.0197699003085,0,-0.0197699003085,0,0,0.00118446078877,0,0.00118446078877
validation,downside,M0,industry:Construction,True,507,0.187102583886,0.23919260396,-0.00200677786286,0.282251313932,0.472509120028,0.474515897891,0,0,-0.0210981388089,0,-0.0210981388089,0,0,0.0193138452183,0,0.0193138452183
validation,downside,M0,industry:Hospitality,True,342,0.181505641186,0.236506918239,-0.00887910444452,0.28498431125,0.470091719594,0.478970824039,0,0,-0.0347063667501,0,-0.0347063667501,0,0,0.0174573443223,0,0.0174573443223
validation,downside,M0,industry:Manufacturing,True,748,0.189481605519,0.251103813461,0.0150299741879,0.259004149948,0.499692885291,0.484662911103,0,0,-0.00235156357892,0,-0.00235156357892,0,0,0.0325764978242,0,0.0325764978242
validation,downside,M0,industry:Retail,True,861,0.187597891526,0.24106096353,-0.00894331677474,0.347249169872,0.47986416218,0.488807478955,0,0,-0.0249388842169,0,-0.0249388842169,0,0,0.00870796128511,0,0.00870796128511
validation,downside,M0,industry:Services,True,981,0.18342486109,0.236742676048,0.0126470614271,0.33915736559,0.493805904239,0.481158842812,0,0,-0.00394852317448,0,-0.00394852317448,0,0,0.0282325590499,0,0.0282325590499
validation,downside,M0,industry:Technology,True,302,0.169680810342,0.222764607504,-0.0221734681749,0.293603349383,0.47040168315,0.492575151325,0,0,-0.049382186811,0,-0.049382186811,0,0,0.0064396252998,0,0.0064396252998
validation,downside,M0,industry:Transport,True,429,0.191152848905,0.241110235387,-0.00607307828674,0.301079036927,0.475048752528,0.481121830814,0,0,-0.0298153326394,0,-0.0298153326394,0,0,0.0161189045539,0,0.0161189045539
validation,downside,M0,collateral_type:Cash,True,424,0.0880802083919,0.11506487606,0.00284579329341,0.341338161298,0.184533321043,0.18168752775,0,0,-0.00976992301953,0,-0.00976992301953,0,0,0.0143333401077,0,0.0143333401077
validation,downside,M0,collateral_type:Mortgage,True,1441,0.148525616758,0.19381861899,-0.00780420443391,0.27535998714,0.437411111819,0.445215316253,0,0,-0.0188989720058,0,-0.0188989720058,0,0,0.00371710596188,0,0.00371710596188
validation,downside,M0,collateral_type:Other,True,842,0.195527142515,0.245405059343,-0.00519381670094,0.130330536759,0.507629986367,0.512823803068,0,0,-0.0212058339358,0,-0.0212058339358,0,0,0.0108602577358,0,0.0108602577358
validation,downside,M0,collateral_type:Unsecured,True,1463,0.244273858084,0.297848106774,0.011623786763,0.121796650132,0.602578017922,0.590954231159,0,0,-0.00386145515774,0,-0.00386145515774,0,0,0.0261355445135,0,0.0261355445135
validation,downside,M0,lien_rank:First,True,1451,0.130956361284,0.17237208702,-0.0118676790724,0.466034287189,0.348491665461,0.360359344534,0,0,-0.0219138852702,0,-0.0219138852702,0,0,-0.00400967419168,0,-0.00400967419168
validation,downside,M0,lien_rank:Second,True,1256,0.179926429842,0.231551534297,0.00223532359799,0.157416488532,0.501842820215,0.499607496617,0,0,-0.0101870867226,0,-0.0101870867226,0,0,0.0154390664175,0,0.0154390664175
validation,downside,M0,lien_rank:Unsecured,True,1463,0.244273858084,0.297848106774,0.011623786763,0.121796650132,0.602578017922,0.590954231159,0,0,-0.00386145515774,0,-0.00386145515774,0,0,0.0261355445135,0,0.0261355445135
validation,downside,M0,latent_regime:0,True,2399,0.181309266711,0.228440572303,-0.00337539197822,0.281775455606,0.429089815138,0.432465207116,0,0,-0.0123779840344,0,-0.0123779840344,0,0,0.00620281507624,0,0.00620281507624
validation,downside,M0,latent_regime:1,True,1771,0.191088085625,0.254878928024,0.0060365496866,0.27560529686,0.557967906538,0.551931356851,0,0,-0.00750797625577,0,-0.00750797625577,0,0,0.0177547327317,0,0.0177547327317
validation,downside,M0,age:1-6,True,1014,0.191162649171,0.24742609477,0.00823442007023,0.23767828019,0.484685606013,0.476451185943,0,0,-0.00760283930303,0,-0.00760283930303,0,0,0.0234663805951,0,0.0234663805951
validation,downside,M0,age:7-12,True,1101,0.190727942776,0.2431978435,-0.00421187272219,0.320998432524,0.478983208907,0.483195081629,0,0,-0.0196051784896,0,-0.0196051784896,0,0,0.00995497408605,0,0.00995497408605
validation,downside,M0,age:13-24,True,2055,0.179828486241,0.234542975851,-0.000544654961002,0.33606417233,0.485993144278,0.486537799239,0,0,-0.0114624648713,0,-0.0114624648713,0,0,0.0108340946411,0,0.0108340946411
validation,downside,M0,predicted:0-0.1,False,83,0.0468775452433,0.0697539777513,-0.0210647726057,-0.160547988057,0.0667346700974,0.0877994427031,0,0,-0.0403259328598,0,-0.0403259328598,0,0,-0.0048314378839,0,-0.0048314378839
validation,downside,M0,predicted:0.1-0.25,True,372,0.0924556897253,0.1166375612,-0.00162510721029,0.0907470032346,0.181053136436,0.182678243646,0,0,-0.0121445039106,0,-0.0121445039106,0,0,0.00950060158094,0,0.00950060158094
validation,downside,M0,predicted:0.25-0.5,True,1738,0.168911592433,0.204739428644,-0.0163490171201,0.098593010246,0.395968756963,0.412317774083,0,0,-0.0271143984638,0,-0.0271143984638,0,0,-0.00703115886248,0,-0.00703115886248
validation,downside,M0,predicted:0.5-0.75,True,1680,0.227937939078,0.281471373538,0.00669546081402,0.0255098214912,0.604068104216,0.597372643402,0,0,-0.00967726746969,0,-0.00967726746969,0,0,0.020424910124,0,0.020424910124
validation,downside,M0,predicted:0.75-1,True,297,0.197271018008,0.311526823766,0.0744521809255,-0.0407419806089,0.813564881947,0.739112701022,0,0,0.0432204752345,0,0.0432204752345,0,0,0.106852513431,0,0.106852513431
validation,downside,M1,all,True,4170,0.185400292034,0.239528558303,-0.00051023626941,0.311851706981,0.482692273288,0.483202509558,-0.000968802336481,-0.00147250628291,-0.00781486891242,-0.00230370467256,-0.00661407248767,0.000847390096705,0.000545712140057,0.00650578418315,-6.63157936834e-05,0.00794016039534
validation,downside,M1,realized_gt60,True,1735,0.171329052064,0.194409761521,-0.16714255006,-2.46508709122,0.603267491263,0.770410041323,-0.000923326009888,-0.00140971400903,-0.171918423209,-0.00231884451723,-0.17163231131,0.00251577119385,0.00203528613211,-0.162284949208,0.00137124492599,-0.161464840234
validation,downside,M1,realized_gt75,True,943,0.186946199932,0.210962190426,-0.183525222582,-7.99854015585,0.666021847708,0.84954707029,-0.00271573314655,-0.00304649336397,-0.191637972071,-0.00160914039279,-0.192375799042,0.00161327895002,0.00109751852172,-0.176406522087,0.00300963630165,-0.177279464213
validation,downside,M1,realized_ge90,True,215,0.220209174238,0.244884734593,-0.220058466832,-52.1142017671,0.736500979764,0.956559446597,-0.0073201669741,-0.0065371822867,-0.236270699686,-0.00262889125716,-0.238759898486,0.00250666848154,0.00261344137927,-0.203969793785,0.00691663597128,-0.20611464566
validation,downside,M1,low_le10,True,677,0.364280602833,0.423995130541,0.362582032058,-1019.42556077,0.408276566155,0.0456945340974,-0.00462556132589,-0.00437067175685,0.343818849033,-0.0049851197428,0.346704529909,0.000276628984094,0.000733004709212,0.381340739984,-4.50006162664e-05,0.382994022079
validation,downside,M1,cure,True,569,0.424109534436,0.461539966216,0.423923398422,-5935.66006446,0.465357327914,0.0414339294918,-0.00441738349517,-0.00437468976779,0.40579212328,-0.00449494190949,0.408967680596,0.000527182603493,0.000567935717391,0.439784094207,0.000397605338889,0.442406539319
validation,downside,M1,unsecured,True,1463,0.243693344313,0.297008350515,0.0118654101515,0.126741701773,0.602819641311,0.590954231159,-0.0024485946987,-0.0025275164548,-0.00262329657068,-0.00181077613835,-0.00386145515774,0.00110115331365,0.000691279105595,0.0271186238789,0.00208121464028,0.0261355445135
validation,downside,M1,secured,True,2707,0.153895772091,0.201758308219,-0.00719866283529,0.365679480484,0.417769355144,0.424968017979,-0.000894314993519,-0.0015387373503,-0.0145438997611,-0.00309932155866,-0.0129594349129,0.00124214462317,0.00086766341327,0.00189870266745,-0.000729001970527,0.00358840974672
validation,downside,M1,guarantee:zero,True,3321,0.195221898907,0.250374080902,-0.000454661083923,0.275199081542,0.505478427598,0.505933088682,-0.000934065338019,-0.00151070052733,-0.0100501041496,-0.00182062297102,-0.00962698564631,0.000932703482633,0.000652077505071,0.00727192422808,0.000455693391265,0.00787023864231
validation,downside,M1,guarantee:partial,True,665,0.150805942523,0.194803074693,-0.0111576620744,0.405501146625,0.412756676,0.423914338074,-0.00162845521127,-0.00247148319227,-0.0250074182668,-0.00524511685623,-0.0218746701582,0.0024472217419,0.00217751140338,0.0041536072055,-0.000785771627209,0.00735324389305
validation,downside,M1,guarantee:full,True,184,0.13315945506,0.17799586029,0.0369678776942,0.15171572105,0.32418332619,0.287215448496,-0.0050756423601,-0.00378481342566,0.0092999676521,-0.00759804843152,0.012766174638,0.00260158631111,0.00267213642555,0.0611394918451,0.000961734086503,0.0652290387261
validation,downside,M1,product_type:Financial Guarantee,True,175,0.19447603904,0.256939317776,0.0206252927687,0.252371857362,0.511940823118,0.49131553035,-0.00676145960834,-0.00494298024904,-0.0167572476744,-0.00138918771209,-0.0209966970744,0.00183674828088,0.00348244982606,0.0621570563802,0.00819738465889,0.057548377272
validation,downside,M1,product_type:Import LC,True,369,0.194103125429,0.24698796551,0.00985814192918,0.269699728501,0.487101082205,0.477242940276,-0.00400164635993,-0.00385026529652,-0.0129668001028,-0.000395976900949,-0.0146974041808,0.00229661906969,0.00206656116029,0.0344307679605,0.0050959771358,0.0312353301856
validation,downside,M1,product_type:OVD,True,1410,0.192441310132,0.248909916183,0.00628478250202,0.274642142717,0.503534875119,0.497250092617,-0.00102498904672,-0.00232512230501,-0.00595165528278,-0.00399619184827,-0.0035882459448,0.00229092383565,0.00101729360857,0.0178204964498,-0.00124024507067,0.0209872186821
validation,downside,M1,product_type:Performance Guarantee,True,309,0.187431293912,0.243391351587,0.00169721359106,0.212401943271,0.502843134149,0.501145920558,-0.00253706524722,-0.00344893441635,-0.0250058285167,-0.00657135110596,-0.0218400856801,0.00355196001579,0.00330177660715,0.0286127501077,-1.42153023248e-05,0.0320599052871
validation,downside,M1,product_type:Term Loan,True,1907,0.17734836946,0.228447392856,-0.00983783333892,0.366095785881,0.460479357033,0.470317190372,-0.00153135054753,-0.00166474343134,-0.0200016214729,-0.00217897131724,-0.0197699003085,0.00103833221804,0.00102669705217,0.000460648948064,0.000588701919351,0.00118446078877
validation,downside,M1,industry:Construction,True,507,0.187495645636,0.238725120528,-0.00265269173198,0.285054140813,0.471863206159,0.474515897891,-0.00224624082524,-0.00313301056975,-0.0212238753175,-0.00390397690892,-0.0210981388089,0.00350283292043,0.0024175753976,0.018588556514,0.00269312377914,0.0193138452183
validation,downside,M1,industry:Hospitality,True,342,0.180437231421,0.235403003172,-0.00829824440473,0.291643520192,0.470672579634,0.478970824039,-0.00416722948814,-0.00456442303602,-0.0336402812249,-0.00371791330964,-0.0347063667501,0.0024585115537,0.00284470219815,0.0183900631245,0.00504496140678,0.0174573443223
validation,downside,M1,industry:Manufacturing,True,748,0.188888840134,0.250346127347,0.0157380034248,0.263469197328,0.500400914528,0.484662911103,-0.00246190579991,-0.00289112689418,-0.000745250897021,-0.0016977867189,-0.00235156357892,0.00122258359065,0.00126607004135,0.0336348138208,0.00329126131333,0.0325764978242
validation,downside,M1,industry:Retail,True,861,0.187176512445,0.240231142802,-0.0106649685391,0.351735452958,0.478142510416,0.488807478955,-0.00264702664201,-0.00326184870487,-0.0266662639391,-0.00418643712748,-0.0249388842169,0.00167237415177,0.00134186390341,0.00670572837367,0.000892385553967,0.00870796128511
validation,downside,M1,industry:Services,True,981,0.183441512401,0.236252044188,0.0104004476263,0.341893623238,0.491559290438,0.481158842812,-0.00191134512006,-0.00265758842565,-0.00541742805519,-0.00476976848327,-0.00394852317448,0.00210259274123,0.00185407542671,0.0255473299531,9.359148135e-05,0.0282325590499
validation,downside,M1,industry:Technology,True,302,0.172215829293,0.226696128666,-0.0222564137605,0.268449258603,0.470318737565,0.492575151325,-0.000730572899669,0.000440699826655,-0.0503863664248,-0.00429536425905,-0.049382186811,0.00577967597004,0.00711403420264,0.0079645377146,0.0039634752603,0.0064396252998
validation,downside,M1,industry:Transport,True,429,0.190993609674,0.239270238578,-0.0093605169331,0.311705755727,0.471761313881,0.481121830814,-0.0032634687385,-0.0044820209213,-0.0320352482347,-0.00663726478112,-0.0298153326394,0.00282366497653,0.000800068405071,0.0131971708552,0.000139969639471,0.0161189045539
validation,downside,M1,collateral_type:Cash,True,424,0.0879807371553,0.115305209222,0.00059280338057,0.338583826448,0.18228033113,0.18168752775,-0.00244799324167,-0.00224058207672,-0.0119298736017,-0.00477392014361,-0.00976992301953,0.00203456160833,0.00246933472256,0.0111672603144,0.000519644765384,0.0143333401077
validation,downside,M1,collateral_type:Mortgage,True,1441,0.149069402882,0.194173870432,-0.0095991593113,0.272701157634,0.435616156942,0.445215316253,-0.000986881875189,-0.00128908454966,-0.0212622639534,-0.00361656879741,-0.0188989720058,0.00185015499592,0.00198585044764,0.00168248501077,-1.6989190293e-06,0.00371710596188
validation,downside,M1,collateral_type:Other,True,842,0.19534799637,0.244231135944,-0.00701394342151,0.138630964456,0.505809859647,0.512823803068,-0.00229390595793,-0.00312399941107,-0.022547331916,-0.00393559063293,-0.0212058339358,0.00184983814366,0.000741379972596,0.00817950641605,0.000527412989587,0.0108602577358
validation,downside,M1,collateral_type:Unsecured,True,1463,0.243693344313,0.297008350515,0.0118654101515,0.126741701773,0.602819641311,0.590954231159,-0.0024485946987,-0.0025275164548,-0.00262329657068,-0.00181077613835,-0.00386145515774,0.00110115331365,0.000691279105595,0.0271186238789,0.00208121464028,0.0261355445135
validation,downside,M1,lien_rank:First,True,1451,0.131393338754,0.1728004153,-0.0136451516192,0.463377281824,0.346714192914,0.360359344534,-0.000853980234253,-0.000861654477527,-0.0235706773398,-0.00309793065521,-0.0219138852702,0.0017677853028,0.00171957818935,-0.00518820050106,-0.000410569947788,-0.00400967419168
validation,downside,M1,lien_rank:Second,True,1256,0.179891815699,0.230731026594,0.000248674127698,0.163377333182,0.499856170745,0.499607496617,-0.00168492888547,-0.00230925156578,-0.0132311999118,-0.00366726335196,-0.0101870867226,0.00158825743469,0.000977672517782,0.0140404162131,-0.000357029116652,0.0154390664175
validation,downside,M1,lien_rank:Unsecured,True,1463,0.243693344313,0.297008350515,0.0118654101515,0.126741701773,0.602819641311,0.590954231159,-0.0024485946987,-0.0025275164548,-0.00262329657068,-0.00181077613835,-0.00386145515774,0.00110115331365,0.000691279105595,0.0271186238789,0.00208121464028,0.0261355445135
validation,downside,M1,latent_regime:0,True,2399,0.181002997439,0.227878527189,-0.00360716112601,0.285305283958,0.42885804599,0.432465207116,-0.00152711819729,-0.00202818559391,-0.0122933755976,-0.00173153941554,-0.0123779840344,0.000795866105656,0.000727478605269,0.00608783363312,0.00121847199907,0.00620281507624
validation,downside,M1,latent_regime:1,True,1771,0.191356875733,0.254460514972,0.00368486408687,0.277981699003,0.555616220938,0.551931356851,-0.0011154875646,-0.00193105884687,-0.00947635583788,-0.00407593531897,-0.00750797625577,0.00165448838001,0.00104410649924,0.0157049395669,-0.00066814804147,0.0177547327317
validation,downside,M1,age:1-6,True,1014,0.193366306016,0.246608256574,0.00287972609285,0.242709483065,0.479330912036,0.476451185943,0.000328526050826,-0.0029728163762,-0.0134795471338,-0.00766834570583,-0.00760283930303,0.00399525489788,0.001095233577,0.0179269953459,-0.00342302298936,0.0234663805951
validation,downside,M1,age:7-12,True,1101,0.189919343498,0.243374866294,-0.00202162081741,0.320009587403,0.481173460812,0.483195081629,-0.00271447252296,-0.00175640035084,-0.0171995227459,4.87023417672e-05,-0.0196051784896,0.000817865151737,0.00194621555519,0.0118167411498,0.00504800919259,0.00995497408605
validation,downside,M1,age:13-24,True,2055,0.179048460481,0.233838745599,-0.0013731985312,0.340045206071,0.485164600707,0.486537799239,-0.00213482494761,-0.00222324830113,-0.0124085479929,-0.00231318801763,-0.0114624648713,0.000391571624044,0.000570135755888,0.00970197309076,0.00063311462917,0.0108340946411
validation,downside,M1,predicted:0-0.1,False,81,0.0459003000617,0.0703948377365,-0.0260654487388,-0.0573940010305,0.0649564271581,0.0910218758969,-0.009465992579,-0.00890711968353,-0.0408272487638,-0.0111284897724,-0.0406374159965,-4.25720670731e-05,0.00320510134812,-0.0103891639294,0.000482090902853,-0.00306459228559
validation,downside,M1,predicted:0.1-0.25,True,372,0.0916655507184,0.116558506704,-0.00348593423542,0.0967316638988,0.178518208837,0.182004143072,-0.00226145641424,-0.00246334276071,-0.0149475210085,-0.00652566367219,-0.0114729228111,0.00232382619371,0.00278367099266,0.00810730087531,-0.00113894891146,0.0110332721196
validation,downside,M1,predicted:0.25-0.5,True,1748,0.168231709573,0.203863317068,-0.0171889304365,0.0995094955072,0.395167559562,0.412356489999,-0.000628987885605,-0.00079491381659,-0.0267404158804,-0.00399698870732,-0.0236757830556,0.00182461917863,0.00174755477694,-0.00760757842523,-0.00115218205864,-0.00489502538356
validation,downside,M1,predicted:0.5-0.75,True,1675,0.228911864876,0.281972944412,0.00665801730886,0.0282244450559,0.603328678545,0.596670661236,-0.00173181217617,-0.00296279516091,-0.00724100416916,-0.00203386911314,-0.00667663236782,0.00151556980206,0.000160763518174,0.022075153201,0.00162325004996,0.0224289557192
validation,downside,M1,predicted:0.75-1,True,294,0.196616689139,0.308438503319,0.0686205954104,-0.0377338867307,0.815741852542,0.747121257131,-0.00683104964561,-0.00273029640211,0.0408461614195,0.00284076016821,0.0337193027021,0.000411146781683,0.00415598355609,0.106013603645,0.0122517207786,0.0975907294235
validation,downside,M2,all,True,4170,0.186306329589,0.240700390558,-0.000581351317815,0.305102057499,0.48262115824,0.483202509558,-0.000368911929935,-0.000680400414793,-0.00815228939346,-0.00262788997676,-0.00661407248767,0.00208554047765,0.00183761597637,0.00645600515787,1.94991266144e-05,0.00794016039534
validation,downside,M2,realized_gt60,True,1735,0.173130891443,0.196083661071,-0.168906162646,-2.52501389777,0.601503878677,0.770410041323,0.000325026237162,-0.000293201572372,-0.173694550169,-0.00447201064705,-0.17163231131,0.00442840981629,0.00395353002347,-0.163810780229,5.44213197309e-05,-0.161464840234
validation,downside,M2,realized_gt75,True,943,0.189859839816,0.213055266053,-0.18634727857,-8.17798519807,0.66319979172,0.84954707029,-0.000638435921175,-0.00198544516209,-0.194402778884,-0.00543931513985,-0.192375799042,0.0053708091759,0.00408672330982,-0.179085856059,0.00117651454449,-0.177279464213
validation,downside,M2,realized_ge90,True,215,0.222528020327,0.245819092964,-0.222267004686,-52.5202897696,0.73429244191,0.956559446597,-0.00633536043118,-0.00781261232602,-0.237453128113,-0.00623402077258,-0.238759898486,0.00613419291573,0.0050846403667,-0.206906641561,0.00641228056586,-0.20611464566
validation,downside,M2,low_le10,True,677,0.365751788771,0.424987057073,0.363797595144,-1024.20566841,0.409492129242,0.0456945340974,-0.00389260793016,-0.00402701049836,0.345587204819,-0.00444989917157,0.346704529909,0.00208529802818,0.00209851529652,0.382646503795,0.00177290020538,0.382994022079
validation,downside,M2,cure,True,569,0.424670235852,0.462470860638,0.424549449019,-5959.63188633,0.46598337851,0.0414339294918,-0.0042618910761,-0.00388335406201,0.407522734518,-0.00428348819749,0.408967680596,0.00215963774837,0.00259712564475,0.442170878477,0.0022161080406,0.442406539319
validation,downside,M2,unsecured,True,1463,0.244747020406,0.298638585493,0.0128099943069,0.117129020986,0.603764225466,0.590954231159,-0.00155458993644,-0.00135809267198,-0.00208979953211,-0.00156112959054,-0.00386145515774,0.00272757551065,0.00291249511877,0.0275278444308,0.0038862803444,0.0261355445135
validation,downside,M2,secured,True,2707,0.154722018298,0.202604290373,-0.00781871321253,0.360348856045,0.417149304767,0.424968017979,-0.000363837360946,-0.000762640370074,-0.0151118057982,-0.00422857345535,-0.0129594349129,0.0023233927913,0.001858294598,0.00092026977816,-0.00092507640279,0.00358840974672
validation,downside,M2,guarantee:zero,True,3321,0.196364181034,0.251769892108,-0.000978943043343,0.267095165484,0.504954145639,0.505933088682,-0.000143591545622,-0.000420560016236,-0.0103058305324,-0.00265291716571,-0.00962698564631,0.00231101727343,0.00212709148325,0.00716519868361,0.000331156063652,0.00787023864231
validation,downside,M2,guarantee:partial,True,665,0.150656633512,0.194404768198,-0.0102492409356,0.407929759978,0.413665097139,0.423914338074,-0.00226466089864,-0.00326454414576,-0.024334548717,-0.00515028297046,-0.0218746701582,0.00275858546129,0.00218215398109,0.00344569386833,0.000926310154964,0.00735324389305
validation,downside,M2,guarantee:full,True,184,0.133615695034,0.179849743168,0.0415357612707,0.133953404973,0.328751209766,0.287215448496,-0.00546234260341,-0.00501238270989,0.0131301950924,-0.00476661980339,0.012766174638,0.0038702736422,0.00745331090978,0.066964626305,0.00653182203979,0.0652290387261
validation,downside,M2,product_type:Financial Guarantee,True,175,0.200509891888,0.26250999735,0.0145106101528,0.219601900919,0.505826140502,0.49131553035,-0.00100402177889,0.000214214125287,-0.0246972276982,-0.00860706401973,-0.0209966970744,0.00913339472652,0.00971631078948,0.0572654586177,0.00357743384145,0.057548377272
validation,downside,M2,product_type:Import LC,True,369,0.191628607188,0.24514212094,0.00994206803802,0.280574619719,0.487185008314,0.477242940276,-0.0072372352549,-0.00698457691389,-0.0132205213261,-0.00101727943109,-0.0146974041808,0.000381861493208,0.000959860781517,0.0325360081582,0.00636655047552,0.0312353301856
validation,downside,M2,product_type:OVD,True,1410,0.193276021086,0.249967519578,0.00553257044286,0.268465042889,0.50278266306,0.497250092617,-0.000385165863987,-0.00133418462275,-0.00729459760605,-0.0055150700296,-0.0035882459448,0.00342002981698,0.00260535349454,0.017441542482,-0.00152472804175,0.0209872186821
validation,downside,M2,product_type:Performance Guarantee,True,309,0.186580421291,0.245763874362,0.00680948526364,0.196972457971,0.507955405821,0.501145920558,-0.00387092508342,-0.00162592260827,-0.0203062845298,-0.00188965643288,-0.0218400856801,0.00320717759276,0.00652735897436,0.0353780016964,0.0053669337074,0.0320599052871
validation,downside,M2,product_type:Term Loan,True,1907,0.178775389273,0.229675495981,-0.00972064507024,0.359261894779,0.460596545302,0.470317190372,-0.000312324384289,-0.000926989787565,-0.0198913588264,-0.00223162243318,-0.0197699003085,0.00269758533839,0.00272506533433,0.000181971078986,0.000961996449328,0.00118446078877
validation,downside,M2,industry:Construction,True,507,0.18600779152,0.237854489054,-0.00198909714981,0.290259452421,0.472526800741,0.474515897891,-0.00413935551524,-0.0049581000647,-0.0216953458071,-0.00396117202256,-0.0210981388089,0.00252035100348,0.00249892058756,0.0200618228372,0.00399297129009,0.0193138452183
validation,downside,M2,industry:Hospitality,True,342,0.182643334144,0.236433682493,-0.0133293967529,0.285427060243,0.465641427286,0.478970824039,-0.00350661203318,-0.00463609848614,-0.0379776191476,-0.0101844975506,-0.0347063667501,0.00564364832355,0.00487236933987,0.0133217661239,0.00180172016675,0.0174573443223
validation,downside,M2,industry:Manufacturing,True,748,0.189771350456,0.251532308106,0.0152323597977,0.256473056072,0.499895270901,0.484662911103,-0.00238283019103,-0.00248717476948,-0.00200397754847,-0.00331858837283,-0.00235156357892,0.00296213647444,0.00339902945868,0.0328198729372,0.00324719548815,0.0325764978242
validation,downside,M2,industry:Retail,True,861,0.187645990552,0.240894428688,-0.0102757835983,0.348150752656,0.478531695357,0.488807478955,-0.00286623823144,-0.00301680213588,-0.0271730833722,-0.00436183272618,-0.0249388842169,0.00265885302649,0.00228026198109,0.00692228204135,0.00163784535992,0.00870796128511
validation,downside,M2,industry:Services,True,981,0.185595235746,0.239645685608,0.0114933903871,0.322851098258,0.492652233199,0.481158842812,-0.000156256950801,0.000478812807479,-0.00525353279915,-0.00417876000349,-0.00394852317448,0.00494614966768,0.00529683458979,0.0265204986491,0.00136503746196,0.0282325590499
validation,downside,M2,industry:Technology,True,302,0.172532400865,0.224563995526,-0.0222849636192,0.282145377784,0.470290187706,0.492575151325,-0.000845768558401,-0.00218221756394,-0.0495735993148,-0.00499677485569,-0.049382186811,0.00676159369568,0.00579152886171,0.00628469723235,0.00459302194664,0.0064396252998
validation,downside,M2,industry:Transport,True,429,0.192171432341,0.241099009302,-0.00920377962259,0.301144118883,0.471918051192,0.481121830814,-0.00254710023508,-0.00391766118566,-0.0321114037558,-0.00707110674073,-0.0298153326394,0.00461779412893,0.00371831184861,0.0144814333591,0.00142635461734,0.0161189045539
validation,downside,M2,collateral_type:Cash,True,424,0.0899433911293,0.117285607211,0.00296943759956,0.315668713927,0.184656965349,0.18168752775,-0.00122652424507,-0.00114550505984,-0.00864170926448,-0.00357191717663,-0.00976992301953,0.00488676254086,0.00544501238855,0.0138098523867,0.00413457323075,0.0143333401077
validation,downside,M2,collateral_type:Mortgage,True,1441,0.149866162867,0.195142143777,-0.0105669256395,0.265429531087,0.434648390613,0.445215316253,-0.000191627293229,-0.000457590251645,-0.0220117873784,-0.00484992799729,-0.0188989720058,0.00296442860516,0.00328746125911,0.00105699039358,-0.000803792211016,0.00371710596188
validation,downside,M2,collateral_type:Other,True,842,0.195652452496,0.244686625148,-0.00854793154626,0.135415075092,0.504275871522,0.512823803068,-0.00224680886253,-0.00318124711006,-0.0239739670726,-0.00627015814012,-0.0212058339358,0.00240053828394,0.00153229659916,0.00710771195975,-0.000447566569505,0.0108602577358
validation,downside,M2,collateral_type:Unsecured,True,1463,0.244747020406,0.298638585493,0.0128099943069,0.117129020986,0.603764225466,0.590954231159,-0.00155458993644,-0.00135809267198,-0.00208979953211,-0.00156112959054,-0.00386145515774,0.00272757551065,0.00291249511877,0.0275278444308,0.0038862803444,0.0261355445135
validation,downside,M2,lien_rank:First,True,1451,0.132428035448,0.173229340903,-0.0140916416468,0.460709963136,0.346267702887,0.360359344534,-0.000293822530882,-0.000846602920284,-0.024108648906,-0.00389390759863,-0.0219138852702,0.00321286617743,0.00267476061018,-0.00563215878153,-0.000591847419861,-0.00400967419168
validation,downside,M2,lien_rank:Second,True,1256,0.180477248484,0.231953917249,-0.000571882672631,0.15448551397,0.499035613945,0.499607496617,-0.00139191180218,-0.00159376736991,-0.0135830277699,-0.00467624616327,-0.0101870867226,0.00244861171668,0.00260404128876,0.0124693874979,-0.000591406589497,0.0154390664175
validation,downside,M2,lien_rank:Unsecured,True,1463,0.244747020406,0.298638585493,0.0128099943069,0.117129020986,0.603764225466,0.590954231159,-0.00155458993644,-0.00135809267198,-0.00208979953211,-0.00156112959054,-0.00386145515774,0.00272757551065,0.00291249511877,0.0275278444308,0.0038862803444,0.0261355445135
validation,downside,M2,latent_regime:0,True,2399,0.181947424233,0.228899783685,-0.00286955288236,0.278885002468,0.429595654234,0.432465207116,-0.000860829526935,-0.00111434603495,-0.0118530362136,-0.00111673842517,-0.0123779840344,0.00196053480326,0.00214684717485,0.00650120086224,0.00215164509903,0.00620281507624
validation,downside,M2,latent_regime:1,True,1771,0.192210911153,0.255818872194,0.00251825091446,0.270252590148,0.554449607766,0.551931356851,-0.000676990954261,-0.00116457031798,-0.0107447168311,-0.00561195273936,-0.00750797625577,0.00295364279714,0.00285851618537,0.0146025985667,-0.00132531820352,0.0177547327317
validation,downside,M2,age:1-6,True,1014,0.194429414657,0.24999787389,0.00581053657045,0.221748577627,0.482261722514,0.476451185943,0.000793198398169,-6.50726960937e-05,-0.01000696266,-0.00549148964841,-0.00760283930303,0.00579423476582,0.00509243662683,0.0209383074188,0.000787874858933,0.0234663805951
validation,downside,M2,age:7-12,True,1101,0.190412565704,0.243061182113,-0.00279208638354,0.321761327645,0.480402995246,0.483195081629,-0.00236651380425,-0.00203350351567,-0.0174584701186,-0.00111544760772,-0.0196051784896,0.00200113944847,0.00207711943271,0.0108554846889,0.00418838080748,0.00995497408605
validation,downside,M2,age:13-24,True,2055,0.180098166951,0.234677740879,-0.00255086713842,0.335300977136,0.4839869321,0.486537799239,-0.00144449844868,-0.00161219864552,-0.0137726183356,-0.00389157107145,-0.0114624648713,0.00186894110274,0.00181345983724,0.00918594055725,6.597712411e-05,0.0108340946411
validation,downside,M2,predicted:0-0.1,False,91,0.0523968770061,0.0786670658688,-0.0304755554451,-0.0561003742968,0.0686929219014,0.0991684773466,-0.0114787686056,-0.00926110144181,-0.044648872268,-0.0202411529683,-0.0343060143587,0.00127067423714,0.00609677125069,-0.0147737000445,-0.00276219345185,-0.00245359912697
validation,downside,M2,predicted:0.1-0.25,True,361,0.0918171814777,0.114919247271,-0.00465919904306,0.104978568781,0.180940271051,0.185599470094,2.48015653936e-05,0.00023083388977,-0.0159053554554,-0.00877386793615,-0.0117373179647,0.00573773131766,0.00668843404451,0.00651578931748,-0.000926401721654,0.0119308749386
validation,downside,M2,predicted:0.25-0.5,True,1758,0.169533852422,0.204894860214,-0.0188060926749,0.112652022709,0.395604351621,0.414410444296,-0.000375419508119,-0.000999670210507,-0.0283754446133,-0.00511557336398,-0.0254740761107,0.00284260430144,0.00224121906639,-0.00950243001372,-0.0014549535252,-0.00526940390274
validation,downside,M2,predicted:0.5-0.75,True,1676,0.228381416399,0.282586105101,0.00803514837222,0.0267801438774,0.604359858138,0.596324709766,-0.00123683691639,-0.00221752137401,-0.00506477906281,-0.00230638083975,-0.00558811184891,0.0024345338578,0.00172089024044,0.0225242786846,0.00248227441004,0.0232657897687
validation,downside,M2,predicted:0.75-1,True,284,0.204843343737,0.317473854624,0.0761451185048,-0.0673369282635,0.818944238484,0.742799119979,-0.00584938637287,-0.000165282372029,0.0415029390758,0.00636283095813,0.0286222306471,0.0043533253428,0.0124121918365,0.11587694808,0.0192929144882,0.101519623866
validation,downside,M3,all,True,4170,0.185022452331,0.239058928572,-0.000837489854837,0.314547486431,0.482365019703,0.483202509558,-0.0016039584452,-0.00230047076343,-0.00819749057193,-0.0028613914707,-0.00661407248767,0.000724593749104,0.000239638124646,0.00611300657084,-9.3133704418e-05,0.00794016039534
validation,downside,M3,realized_gt60,True,1735,0.172037753462,0.194798223763,-0.16814347889,-2.47894853836,0.602266562433,0.770410041323,-0.000686300430178,-0.0015625876194,-0.172906785539,-0.00371956576947,-0.17163231131,0.00346982046157,0.00289126416657,-0.163401772295,0.000781397618688,-0.161464840234
validation,downside,M3,realized_gt75,True,943,0.18849087569,0.211571512897,-0.185026798886,-8.05059622349,0.664520271403,0.84954707029,-0.00174497621669,-0.00342294573907,-0.192979053718,-0.00403748117346,-0.192375799042,0.00417169992303,0.00284684833933,-0.177954741979,0.00248601309602,-0.177279464213
validation,downside,M3,realized_ge90,True,215,0.220099315696,0.243344014028,-0.219407384236,-51.4479560036,0.73715206236,0.956559446597,-0.00903934033918,-0.00993183511882,-0.235711901002,-0.00325503287003,-0.238759898486,0.00355700538891,0.00257661941402,-0.203900342812,0.00924935365386,-0.20611464566
validation,downside,M3,low_le10,True,677,0.362789265015,0.422292164949,0.360206947272,-1011.24499604,0.40590148137,0.0456945340974,-0.00671107588245,-0.00670633749468,0.341186799316,-0.0078460196437,0.346704529909,-0.000737166060864,-0.000371385170467,0.379597227342,-0.00182293287413,0.382994022079
validation,downside,M3,cure,True,569,0.421525398661,0.459592592165,0.421346754771,-5885.66869134,0.462780684262,0.0414339294918,-0.00754035906992,-0.00697715768762,0.404477242268,-0.00765704975723,0.408967680596,-0.000968896333116,-0.000192287753212,0.437803426064,-0.00103245873654,0.442406539319
validation,downside,M3,unsecured,True,1463,0.24305631606,0.29660309527,0.0125166864585,0.129123123499,0.603470917618,0.590954231159,-0.00329581909772,-0.00359350175291,-0.0025061456248,-0.00165628552569,-0.00386145515774,0.00101846102362,0.00078171955364,0.0280044849766,0.00363721897013,0.0261355445135
validation,downside,M3,secured,True,2707,0.153658011017,0.201221763174,-0.00805476356979,0.369048749308,0.416913254409,0.424968017979,-0.00148534874264,-0.00226256933409,-0.0155011291529,-0.00433288433479,-0.0129594349129,0.00125752147905,0.000647678551553,0.000858934349608,-0.00117699288431,0.00358840974672
validation,downside,M3,guarantee:zero,True,3321,0.194847395592,0.249848224352,-0.000978364709951,0.278240459123,0.504954723972,0.505933088682,-0.00166409069206,-0.00252366504846,-0.0104768510337,-0.00261155492839,-0.00962698564631,0.000924187670582,0.000340347670859,0.00711948635671,0.000289350224769,0.00787023864231
validation,downside,M3,guarantee:partial,True,665,0.151164950894,0.195173825571,-0.0114354806216,0.403236082628,0.412478857453,0.423914338074,-0.00181943850994,-0.00260471600376,-0.0266221453852,-0.00630346855161,-0.0218746701582,0.00313148411986,0.00302827739607,0.00305382207654,-0.000576982901031,0.00735324389305
validation,downside,M3,guarantee:full,True,184,0.130058332149,0.175538993777,0.0400076691327,0.174971742088,0.327223117629,0.287215448496,-0.00926974078157,-0.00897033644395,0.0119063811221,-0.00624902199147,0.012766174638,0.000935234212873,0.00346778668177,0.0647255604847,0.00516872846909,0.0652290387261
validation,downside,M3,product_type:Financial Guarantee,True,175,0.201190447622,0.26210193224,0.0127906985779,0.222026233139,0.504106228928,0.49131553035,-0.000637987419326,-0.000979389558436,-0.02751288697,-0.00989405552223,-0.0209966970744,0.00972476040045,0.00979155906112,0.0549111187767,0.00170065930083,0.057548377272
validation,downside,M3,product_type:Import LC,True,369,0.190618095571,0.242853941011,0.00944968705645,0.293942309724,0.486692627333,0.477242940276,-0.0077880472773,-0.00859400949466,-0.0130802612606,-0.0014229153555,-0.0146974041808,-0.000918845343696,-0.00154806619161,0.0329270965637,0.00593758952507,0.0312353301856
validation,downside,M3,product_type:OVD,True,1410,0.19150990232,0.247985561309,0.00616617566484,0.280019534784,0.503416268282,0.497250092617,-0.00222099353854,-0.00349484897639,-0.00620617156146,-0.00479245645566,-0.0035882459448,0.00151636392794,0.000689326909998,0.0177684416087,-0.00085052881062,0.0209872186821
validation,downside,M3,product_type:Performance Guarantee,True,309,0.187105129644,0.244846716846,0.00280225304714,0.202954854558,0.503948173605,0.501145920558,-0.00368150362923,-0.00281115613735,-0.0240665959978,-0.00653378017676,-0.0218400856801,0.00407781788129,0.00578719034907,0.0302838245144,0.00229557307088,0.0320599052871
validation,downside,M3,product_type:Term Loan,True,1907,0.1773218528,0.22818224922,-0.00984679777064,0.367566392563,0.460470392602,0.470317190372,-0.00189653114789,-0.00256648540173,-0.0199633762855,-0.00253623362035,-0.0197699003085,0.00141280327473,0.00149775999521,-0.000477114709855,0.000759663534022,0.00118446078877
validation,downside,M3,industry:Construction,True,507,0.185310659042,0.236812917961,-0.00412024001714,0.296461787749,0.470395657874,0.474515897891,-0.00514386358445,-0.00624724579816,-0.0233306097447,-0.006079576012,-0.0210981388089,0.00169569027095,0.00146716747285,0.0167772118099,0.00209786882869,0.0193138452183
validation,downside,M3,industry:Hospitality,True,342,0.182014937073,0.236763872263,-0.0134242320798,0.283429803118,0.465546591959,0.478970824039,-0.00419799863527,-0.00454990718594,-0.0381464431996,-0.0111785451808,-0.0347063667501,0.00548093378882,0.00562412000798,0.0130458221127,0.00155383825078,0.0174573443223
validation,downside,M3,industry:Manufacturing,True,748,0.187972356884,0.249020093933,0.013566570697,0.271251046135,0.4982294818,0.484662911103,-0.00417807341489,-0.00510035057151,-0.00308075786334,-0.00488434267155,-0.00235156357892,0.00121501445001,0.000909907951708,0.0314309462315,0.00207919732735,0.0325764978242
validation,downside,M3,industry:Retail,True,861,0.186836103782,0.240073301699,-0.0102112925578,0.352587042596,0.478596186397,0.488807478955,-0.00328968003932,-0.00366375890937,-0.0268856795135,-0.00421674625304,-0.0249388842169,0.00164966320309,0.00183289787383,0.00742867740915,0.00177188970051,0.00870796128511
validation,downside,M3,industry:Services,True,981,0.183969462049,0.236989743868,0.0126815807521,0.337777317441,0.493840423564,0.481158842812,-0.00219824089235,-0.00257131119607,-0.00353132345492,-0.00299903397989,-0.00394852317448,0.00314972400695,0.00282952568575,0.0280883938395,0.00306834320568,0.0282325590499
validation,downside,M3,industry:Technology,True,302,0.171765068966,0.223124538039,-0.0232489236261,0.291318793215,0.469326227699,0.492575151325,-0.00214675097092,-0.00356820149185,-0.0491272278751,-0.00602498350259,-0.049382186811,0.00595929558404,0.0044310574138,0.00570915318185,0.00378688211504,0.0064396252998
validation,downside,M3,industry:Transport,True,429,0.190036625184,0.23930588661,-0.00836273055144,0.311500647368,0.472759100263,0.481121830814,-0.00535247991348,-0.00601664446486,-0.0318083239517,-0.00649479167958,-0.0298153326394,0.00251564257161,0.00220127036092,0.013583045988,0.00213016118634,0.0161189045539
validation,downside,M3,collateral_type:Cash,True,424,0.0889411547973,0.116733599995,-0.000285057063235,0.322095194707,0.181402470686,0.18168752775,-0.00197952308037,-0.00126523113186,-0.0124966232011,-0.00688941490712,-0.00976992301953,0.00355551852574,0.00451938569989,0.0105947332726,0.00112534900234,0.0143333401077
validation,downside,M3,collateral_type:Mortgage,True,1441,0.14831457664,0.193116976564,-0.0106416178521,0.280597026606,0.434573698401,0.445215316253,-0.001915036555,-0.00254462141578,-0.0218237091302,-0.00480643734852,-0.0188989720058,0.00141098103522,0.00123546665973,0.00042367534488,-0.000768445793849,0.00371710596188
validation,downside,M3,collateral_type:Other,True,842,0.195391782959,0.24390025814,-0.00754015375748,0.140963302905,0.505283649311,0.512823803068,-0.00271442758831,-0.00380813421137,-0.0229128361952,-0.00503596804346,-0.0212058339358,0.00233392369359,0.000464858402993,0.00735418449184,0.000505658051919,0.0108602577358
validation,downside,M3,collateral_type:Unsecured,True,1463,0.24305631606,0.29660309527,0.0125166864585,0.129123123499,0.603470917618,0.590954231159,-0.00329581909772,-0.00359350175291,-0.0025061456248,-0.00165628552569,-0.00386145515774,0.00101846102362,0.00078171955364,0.0280044849766,0.00363721897013,0.0261355445135
validation,downside,M3,lien_rank:First,True,1451,0.131366023217,0.172341936029,-0.0141719341577,0.466221071348,0.346187410376,0.360359344534,-0.00124173547856,-0.00196486701784,-0.0240112436208,-0.00435583673094,-0.0219138852702,0.00188470978148,0.00168594763194,-0.00572631932402,-0.000517882462585,-0.00400967419168
validation,downside,M3,lien_rank:Second,True,1256,0.179410936414,0.230116518792,-0.000987873025925,0.16782776662,0.498619623591,0.499607496617,-0.00265258082702,-0.00328798163103,-0.0140850482943,-0.00529733172113,-0.0101870867226,0.0013806011094,0.000528293053848,0.0121333223886,-0.00126885956754,0.0154390664175
validation,downside,M3,lien_rank:Unsecured,True,1463,0.24305631606,0.29660309527,0.0125166864585,0.129123123499,0.603470917618,0.590954231159,-0.00329581909772,-0.00359350175291,-0.0025061456248,-0.00165628552569,-0.00386145515774,0.00101846102362,0.00078171955364,0.0280044849766,0.00363721897013,0.0261355445135
validation,downside,M3,latent_regime:0,True,2399,0.180685647514,0.227651689681,-0.00283088818808,0.28672743532,0.429634318928,0.432465207116,-0.00204404323961,-0.00246487501124,-0.0116217839065,-0.00128872556035,-0.0123779840344,0.000857911795148,0.00103251182584,0.00645297447653,0.00233281213237,0.00620281507624
validation,downside,M3,latent_regime:1,True,1771,0.190897096461,0.253694518551,0.00186277135434,0.282322105195,0.553794128206,0.551931356851,-0.00196984177455,-0.00331210976464,-0.0112619262762,-0.00617422264358,-0.00750797625577,0.00162408126907,0.000893712103017,0.013905628371,-0.00185797369996,0.0177547327317
validation,downside,M3,age:1-6,True,1014,0.193346812464,0.247829584481,0.00575558744098,0.235189943047,0.482206773384,0.476451185943,-0.000130077187933,-0.00231680942517,-0.00939713553822,-0.00528042525685,-0.00760283930303,0.00437042319357,0.00255220941638,0.0206882473018,0.000369358478659,0.0234663805951
validation,downside,M3,age:7-12,True,1101,0.190849063654,0.243913528238,-0.00409809460872,0.316996208799,0.47909698702,0.483195081629,-0.00195597127079,-0.00140918774909,-0.0192800654194,-0.00226712374798,-0.0196051784896,0.00231601821929,0.00286498588691,0.010211164994,0.00266496962812,0.00995497408605
validation,downside,M3,age:13-24,True,2055,0.177793255133,0.231917831398,-0.00234379376916,0.350843327482,0.484194005469,0.486537799239,-0.00387195189675,-0.00472525533959,-0.0132618188615,-0.00394354525867,-0.0114624648713,-0.00030259558288,-0.000749456101765,0.00923811805075,0.000246684923823,0.0108340946411
validation,downside,M3,predicted:0-0.1,False,95,0.0528625819718,0.0825489885518,-0.0360274086155,-0.106689074611,0.064568496896,0.100595905511,-0.00821069246632,-0.00469590495997,-0.052078541939,-0.0293987171207,-0.0315166990162,0.00531923631823,0.0097813734518,-0.0206711653123,-0.0116019153244,-0.000503173278169
validation,downside,M3,predicted:0.1-0.25,True,341,0.0906202073511,0.114767638015,-0.00362243691802,0.125097876315,0.178728558992,0.18235099591,-0.00319879763971,-0.00250024004295,-0.0154476683114,-0.00657237936514,-0.0132697800864,0.00256376602547,0.0039501685895,0.00870358701633,0.000711466197882,0.011643270667
validation,downside,M3,predicted:0.25-0.5,True,1772,0.167742942488,0.202927182508,-0.0169959346534,0.124439053002,0.394590488394,0.411586423047,-0.00187532035737,-0.00292117906444,-0.0267511183625,-0.00499809170294,-0.0236241400589,0.00142757975363,0.000601781519186,-0.00780504039163,-0.00139348418128,-0.00439940457234
validation,downside,M3,predicted:0.5-0.75,True,1674,0.22730974923,0.281204963329,0.00711787831417,0.0298999358941,0.603364404474,0.59624652616,-0.00226857243255,-0.00351524169683,-0.00896628716102,-0.00267176863288,-0.00808458427643,0.00166536504613,0.000507963716376,0.0212143904076,0.00186003846166,0.0217506391504
validation,downside,M3,predicted:0.75-1,True,288,0.200913805298,0.310854455187,0.0672464931274,-0.0489951764834,0.816442110471,0.749195617343,-0.00712089260138,-0.00316481398908,0.0311803354942,0.00483370663702,0.0180830966392,0.00372530134924,0.00762489614099,0.106165193055,0.0175091217884,0.096535058429
validation,downside,M4,all,True,4170,0.182361410116,0.23525395437,-0.00175846785051,0.336193806378,0.481444041707,0.483202509558,-0.00480046490836,-0.00675424119813,-0.00901731502043,-0.00460062079282,-0.00661407248767,-0.00142568368397,-0.00291041441677,0.00510406505345,-0.000634259848776,0.00794016039534
validation,downside,M4,realized_gt60,True,1735,0.169928689441,0.193418884313,-0.166140786856,-2.4298550551,0.604269254466,0.770410041323,-0.00429067322242,-0.00453011635017,-0.171531260989,-0.0026185428906,-0.17163231131,0.00233080396522,0.00223551577131,-0.160814127968,0.00412728992009,-0.161464840234
validation,downside,M4,realized_gt75,True,943,0.183816739592,0.208124964229,-0.180747414719,-7.75812540116,0.668799655571,0.84954707029,-0.00808986151337,-0.00830770090132,-0.188237148676,-0.000950181064505,-0.192375799042,0.000668386869807,0.000334960815114,-0.173428173458,0.00842487004069,-0.177279464213
validation,downside,M4,realized_ge90,True,215,0.210860897789,0.235995420875,-0.210121107528,-48.3280996694,0.746438339068,0.956559446597,-0.0211605279096,-0.0199821924611,-0.224539564889,0.00263156417798,-0.238759898486,-0.00284993717923,-0.00136179365615,-0.196767338855,0.0215774865115,-0.20611464566
validation,downside,M4,low_le10,True,677,0.355545360493,0.412938897766,0.353096789378,-966.901536838,0.398791323476,0.0456945340974,-0.0151633551102,-0.0179510563645,0.335697357397,-0.0164823345239,0.346704529909,-0.00631212019659,-0.00734769560204,0.371163074434,-0.00718249073326,0.382994022079
validation,downside,M4,cure,True,569,0.41197457659,0.449179714157,0.411618477194,-5621.94483458,0.453052406685,0.0414339294918,-0.0193810940473,-0.0200257124822,0.394410999262,-0.0197301657819,0.408967680596,-0.00915623447517,-0.0085458662168,0.427783877787,-0.00938669197278,0.442406539319
validation,downside,M4,unsecured,True,1463,0.237436978232,0.29053665741,0.0109159193732,0.164382988118,0.601870150532,0.590954231159,-0.0102851785897,-0.0113964329567,-0.00329970295894,-0.00464541691509,-0.00386145515774,-0.00351539624985,-0.00339755006856,0.0250720861855,0.00337539761908,0.0261355445135
validation,downside,M4,secured,True,2707,0.152595781689,0.199085596663,-0.00860834908738,0.382373975275,0.416359668892,0.424968017979,-0.00296762948508,-0.00532697754126,-0.0154669979735,-0.00542903717406,-0.0129594349129,0.00101040782698,-0.000469688056452,-0.00022660908637,-0.00136095656656,0.00358840974672
validation,downside,M4,guarantee:zero,True,3321,0.192033081897,0.245538840683,-0.002775192464,0.302923565957,0.503157896218,0.505933088682,-0.00532479044799,-0.00766605204637,-0.0111162977922,-0.00512187256417,-0.00962698564631,-0.00107088664284,-0.00291440229146,0.00597614760756,-0.000440025891388,0.00787023864231
validation,downside,M4,guarantee:partial,True,665,0.149443247786,0.193593241248,-0.00830725389688,0.412862541165,0.415607084177,0.423914338074,-0.00430352479561,-0.00501489584031,-0.0237864601285,-0.00396778664242,-0.0218746701582,0.00256926635815,0.00211336585414,0.0051802676671,0.00336022324462,0.00735324389305
validation,downside,M4,guarantee:full,True,184,0.126768779499,0.17511342079,0.0402604732487,0.17896725467,0.327475921745,0.287215448496,-0.0131102199433,-0.0096337859318,0.0134344356202,-0.0072628500877,0.012766174638,-0.00122016719653,0.00340145107737,0.0652657977814,0.00641030416732,0.0652290387261
validation,downside,M4,product_type:Financial Guarantee,True,175,0.195395371579,0.253127059561,0.0117947692543,0.274392678692,0.503110299604,0.49131553035,-0.00995391564953,-0.0131078540999,-0.0237158479615,-0.014678548192,-0.0209966970744,0.0074836762589,0.00480917176302,0.0533689876313,0.00382588543736,0.057548377272
validation,downside,M4,product_type:Import LC,True,369,0.18677820332,0.237957537823,0.0100215931432,0.322126260779,0.487264533419,0.477242940276,-0.0135576852433,-0.017266188884,-0.0118389424448,-0.00348374071675,-0.0146974041808,-0.0025613065299,-0.00295609301703,0.033081833818,0.00867975627746,0.0312353301856
validation,downside,M4,product_type:OVD,True,1410,0.188248981207,0.243326366733,0.0061842866571,0.306819614044,0.503434379274,0.497250092617,-0.00643027061425,-0.00957535738591,-0.0055684959782,-0.00561670207346,-0.0035882459448,-0.000641442896414,-0.00260239143835,0.0181413177076,0.000353598282903,0.0209872186821
validation,downside,M4,product_type:Performance Guarantee,True,309,0.186974400893,0.244610941429,0.00220610158969,0.204489146489,0.503352022148,0.501145920558,-0.00567873447456,-0.00663336092068,-0.0249162331372,-0.00885741604291,-0.0218400856801,0.00586300279606,0.00815746981115,0.0271716126648,0.00402186305435,0.0320599052871
validation,downside,M4,product_type:Term Loan,True,1907,0.175210057554,0.225192903438,-0.0117967451514,0.384028487235,0.458520445221,0.470317190372,-0.00465114754481,-0.00660730823055,-0.0218448469019,-0.0050995455153,-0.0197699003085,-6.07367083564e-05,-0.000800990340862,-0.00152040958982,6.25715503076e-05,0.00118446078877
validation,downside,M4,industry:Construction,True,507,0.182806168089,0.233887982737,-0.00345986807023,0.313733611378,0.471056029821,0.474515897891,-0.00972412040232,-0.0114125862586,-0.0229635957196,-0.00681837758653,-0.0210981388089,0.00123306056174,0.0011792747183,0.0172914079223,0.00395683905167,0.0193138452183
validation,downside,M4,industry:Hospitality,True,342,0.174340482259,0.226829728731,-0.00986017451695,0.342300033605,0.469110649522,0.478970824039,-0.0129115571326,-0.0166494079761,-0.0328014857983,-0.00905267839207,-0.0347063667501,-0.00163228794017,-0.00287674339976,0.0147873803851,0.00571076664117,0.0174573443223
validation,downside,M4,industry:Manufacturing,True,748,0.186672885633,0.24671513748,0.0129469446951,0.284679365725,0.497609855798,0.484662911103,-0.00664480197093,-0.00835942177171,-0.0027809147297,-0.00657154792423,-0.00235156357892,0.00100172953822,-0.000369273798102,0.0300082766187,0.00276176491262,0.0325764978242
validation,downside,M4,industry:Retail,True,861,0.186917905959,0.238601073984,-0.0129917464101,0.360503097999,0.475815732545,0.488807478955,-0.00405429795331,-0.00689022106844,-0.0291674690952,-0.00764268213369,-0.0249388842169,0.00286091821169,0.00178433512586,0.00335933110898,-0.000338998154286,0.00870796128511
validation,downside,M4,industry:Services,True,981,0.182065023312,0.233498727842,0.00923879989494,0.357143578323,0.490397642707,0.481158842812,-0.00548031846104,-0.00859621919781,-0.00697022201005,-0.00758654896706,-0.00394852317448,0.00237942425222,0.000971441632536,0.0241823197292,0.000711268270784,0.0282325590499
validation,downside,M4,industry:Technology,True,302,0.167086455725,0.215259191146,-0.0265735525054,0.340401505735,0.46600159882,0.492575151325,-0.00941524370851,-0.0167346984918,-0.0507151190304,-0.0126321356307,-0.049382186811,0.00378649376834,0.000705462371904,0.00257251963921,0.00371975363712,0.0064396252998
validation,downside,M4,industry:Transport,True,429,0.182998543239,0.233694318578,-0.00406281807323,0.343411788466,0.477059012741,0.481121830814,-0.0131902329364,-0.0134434754726,-0.0269800594615,-0.00499154175045,-0.0298153326394,-0.00294868577445,-0.00111468678713,0.0182990859367,0.00799037281272,0.0161189045539
validation,downside,M4,collateral_type:Cash,True,424,0.0908690877119,0.118485557362,0.00385346262794,0.301594282894,0.185540990378,0.18168752775,-0.000295228723688,-0.000522091970781,-0.00835027247971,-0.00345800826842,-0.00976992301953,0.00627349916844,0.00725659205685,0.0150714112105,0.00536871199032,0.0143333401077
validation,downside,M4,collateral_type:Mortgage,True,1441,0.146628877238,0.191468876511,-0.0102587963131,0.292823696863,0.43495651994,0.445215316253,-0.00419334517173,-0.00512688430288,-0.0218364658881,-0.00545058108928,-0.0188989720058,0.000510923045098,0.000679669287589,0.00110904006856,0.000632380880439,0.00371710596188
validation,downside,M4,collateral_type:Other,True,842,0.193890826296,0.240032035186,-0.0120590779651,0.167995621584,0.500764725103,0.512823803068,-0.0052023701618,-0.00899280309971,-0.0280162820064,-0.011182784961,-0.0212058339358,0.0023401343762,-0.00132815362401,0.00155048769252,-0.00225238055351,0.0108602577358
validation,downside,M4,collateral_type:Unsecured,True,1463,0.237436978232,0.29053665741,0.0109159193732,0.164382988118,0.601870150532,0.590954231159,-0.0102851785897,-0.0113964329567,-0.00329970295894,-0.00464541691509,-0.00386145515774,-0.00351539624985,-0.00339755006856,0.0250720861855,0.00337539761908,0.0261355445135
validation,downside,M4,lien_rank:First,True,1451,0.131307706376,0.171121401075,-0.0159586133905,0.473754802143,0.344400731143,0.360359344534,-0.00195253196475,-0.00403715836727,-0.0260082722903,-0.00622669995255,-0.0219138852702,0.00252590391382,0.00149808256625,-0.00768656201107,-0.00153470131034,-0.00400967419168
validation,downside,M4,lien_rank:Second,True,1256,0.177188932388,0.227145101465,-0.000116921138417,0.18918013396,0.499490575479,0.499607496617,-0.00576159694856,-0.0079249010466,-0.0128899366541,-0.00558387914466,-0.0101870867226,1.32948444075e-05,-0.00129489624415,0.0131204640228,0.000967320808815,0.0154390664175
validation,downside,M4,lien_rank:Unsecured,True,1463,0.237436978232,0.29053665741,0.0109159193732,0.164382988118,0.601870150532,0.590954231159,-0.0102851785897,-0.0113964329567,-0.00329970295894,-0.00464541691509,-0.00386145515774,-0.00351539624985,-0.00339755006856,0.0250720861855,0.00337539761908,0.0261355445135
validation,downside,M4,latent_regime:0,True,2399,0.17712906714,0.223879685402,-0.00369706681217,0.310168313251,0.428768140304,0.432465207116,-0.00629634008091,-0.00720231891096,-0.0120999686694,-0.00318224319288,-0.0123779840344,-0.00170513422267,-0.00178605544032,0.00517999525592,0.00252929204967,0.00620281507624
validation,downside,M4,latent_regime:1,True,1771,0.189449151957,0.249837093995,0.000867562024727,0.303980765234,0.552798918876,0.551931356851,-0.00412540358376,-0.00812390348543,-0.0112654216592,-0.00787887073602,-0.00750797625577,0.000833139339512,-0.00149168469375,0.0130471805833,-0.00192488916385,0.0177547327317
validation,downside,M4,age:1-6,True,1014,0.190218025491,0.243860300959,0.00360784407874,0.259492428307,0.480059030022,0.476451185943,-0.00369123105305,-0.007126826483,-0.0116937447693,-0.00853238646158,-0.00760283930303,0.00217387195871,8.69704467753e-05,0.0181322925311,-0.000953970333942,0.0234663805951
validation,downside,M4,age:7-12,True,1101,0.186952109847,0.238187461391,-0.00344939538867,0.34868792618,0.479745686241,0.483195081629,-0.0070555884001,-0.0087614976187,-0.0174867657312,-0.00395397716689,-0.0196051784896,-0.000239475430951,-0.00105175852007,0.00970068904165,0.00491550875726,0.00995497408605
validation,downside,M4,age:13-24,True,2055,0.176025172456,0.229272117209,-0.00350042847179,0.365569978746,0.483037370767,0.486537799239,-0.00631936855122,-0.00830674944597,-0.0142095313222,-0.00578246095839,-0.0114624648713,-0.00120763544295,-0.00206574143472,0.00724171851861,9.69489419645e-05,0.0108340946411
validation,downside,M4,predicted:0-0.1,False,82,0.0541251859641,0.0880852034486,-0.0403434384853,-0.178669837442,0.0602315574203,0.100574995906,-0.00815286474613,-0.00200451327283,-0.0595184512922,-0.0274425510038,-0.0398829921758,0.00571410150134,0.0148228152522,-0.0216431050192,-0.00976226704304,-0.00239058843901
validation,downside,M4,predicted:0.1-0.25,True,379,0.0945024375884,0.116774825436,0.00154479889931,0.0864480749331,0.181599481386,0.180054682487,-0.00330935630549,-0.0113125074888,-0.0106098695063,-0.0134539102855,-0.00256886433487,0.00635231556853,0.0050663633374,0.0127420409075,-0.00257783691611,0.0216588149408
validation,downside,M4,predicted:0.25-0.5,True,1755,0.16898981435,0.204698061921,-0.0187266535773,0.117220144202,0.393829734607,0.412556388184,-0.0033477186099,-0.00672743174791,-0.0291571748453,-0.0129247446479,-0.0192176073824,0.00181872544372,-0.000642376165759,-0.00960451521046,-0.00738489687105,0.000634269758171
validation,downside,M4,predicted:0.5-0.75,True,1672,0.223445289721,0.276621717454,0.00862647316825,0.0521271376135,0.605025361076,0.596398887908,-0.00727282171023,-0.00987598000698,-0.00484822815264,-0.000961484916813,-0.00768419834509,-0.00173320386537,-0.00387682816145,0.0223336583621,0.00578228271813,0.021695208778
validation,downside,M4,predicted:0.75-1,True,282,0.177357242878,0.288701675142,0.0490485323658,-0.0255287706396,0.819442818475,0.770394286109,-0.024025784801,-0.00856490872912,0.0175162918973,0.0215503142469,-0.0117017252863,-0.00856556344537,0.00658070065868,0.0896290184613,0.0379735593407,0.0606707274067
validation,downside,M4_without_mi,all,True,4170,0.181770889531,0.235042677073,-0.000155325661623,0.33738557552,0.483047183896,0.483202509558,-0.00540769424148,-0.00694665317834,-0.00714324133285,-0.00295329915301,-0.00661407248767,-0.00202893599509,-0.00292600485683,0.00670610697499,0.00103473608305,0.00794016039534
validation,downside,M4_without_mi,realized_gt60,True,1735,0.167749400564,0.190900498598,-0.163115923725,-2.34112054516,0.607294117597,0.770410041323,-0.00637598497902,-0.00694002275008,-0.168466931572,0.000650160529781,-0.17163231131,-0.000114518801973,-0.000205287126626,-0.157812647667,0.0070915420117,-0.161464840234
validation,downside,M4_without_mi,realized_gt75,True,943,0.17979754999,0.204315725632,-0.175796262318,-7.44046543336,0.673750807972,0.84954707029,-0.0117656094204,-0.0120628782353,-0.183093451443,0.00405736140149,-0.192375799042,-0.00344601432134,-0.00352277363235,-0.1686441498,0.0124208319241,-0.177279464213
validation,downside,M4_without_mi,realized_ge90,True,215,0.204609684753,0.229896155812,-0.203388440418,-45.8112944939,0.753171006179,0.956559446597,-0.0270215237324,-0.026192825025,-0.217855844484,0.00959143389016,-0.238759898486,-0.00837990414374,-0.00752647068472,-0.189927125374,0.0281126481123,-0.20611464566
validation,downside,M4_without_mi,low_le10,True,677,0.355539872665,0.41403690548,0.353415631971,-972.055695519,0.399110166068,0.0456945340974,-0.0150895274458,-0.0165013085301,0.335919526528,-0.0157957189705,0.346704529909,-0.00650134211385,-0.00636767898391,0.371515853142,-0.00703994005227,0.382994022079
validation,downside,M4_without_mi,cure,True,569,0.412439862201,0.450416250368,0.411891935985,-5652.94599079,0.453325865476,0.0414339294918,-0.0186620400146,-0.0185393130207,0.394398194195,-0.0194888743328,0.408967680596,-0.00863565999339,-0.00744733128108,0.428784727705,-0.00904188325394,0.442406539319
validation,downside,M4_without_mi,unsecured,True,1463,0.235962465542,0.289952440624,0.0135493672472,0.16774015941,0.604503598406,0.590954231159,-0.0116875954942,-0.0115595778765,-0.000898548108114,-0.00202180804912,-0.00386145515774,-0.00494200500475,-0.00415205758036,0.0282606130113,0.00605769048668,0.0261355445135
validation,downside,M4_without_mi,secured,True,2707,0.152483015241,0.199161479291,-0.00756203631017,0.381903062076,0.417405981669,0.424968017979,-0.00311966350635,-0.00523566947781,-0.0147639613667,-0.00430624399309,-0.0129594349129,0.000827807237681,-0.000422083626978,0.000739629953537,-0.00025519643822,0.00358840974672
validation,downside,M4_without_mi,guarantee:zero,True,3321,0.191143707932,0.245120154491,-0.000846557941292,0.305298810903,0.505086530741,0.505933088682,-0.00611125641428,-0.00805696674276,-0.00921644706636,-0.0031508422565,-0.00962698564631,-0.00223812434309,-0.00322300657641,0.00747351993309,0.0012636288905,0.00787023864231
validation,downside,M4_without_mi,guarantee:partial,True,665,0.149502348137,0.194037929785,-0.00843557924002,0.410162104264,0.415478758834,0.423914338074,-0.00446534096955,-0.00483725936064,-0.0238806719263,-0.00390801240759,-0.0218746701582,0.00204376299695,0.00229219301015,0.00582292124933,0.00291128878711,0.00735324389305
validation,downside,M4_without_mi,guarantee:full,True,184,0.129224422783,0.177475865515,0.0422465821124,0.156664814527,0.329462030608,0.287215448496,-0.0105623828676,-0.00712610935578,0.0146714654234,-0.0044467561963,0.012766174638,0.000682682852946,0.00521524940365,0.0686287790471,0.00857581618246,0.0652290387261
validation,downside,M4_without_mi,product_type:Financial Guarantee,True,175,0.192338128908,0.250830192672,0.0161221380059,0.287501209952,0.507437668356,0.49131553035,-0.0130378550714,-0.0167547851735,-0.0192732199734,-0.00944343795367,-0.0209966970744,0.00423694404613,0.00348846143345,0.0580991276236,0.0072623099609,0.057548377272
validation,downside,M4_without_mi,product_type:Import LC,True,369,0.188029305273,0.240433917947,0.0115704691615,0.30794383235,0.488813409438,0.477242940276,-0.0125965616638,-0.0146292917235,-0.0101197066396,-0.00210298261733,-0.0146974041808,-0.00147188218572,-0.00102873929649,0.0337684824719,0.00976907184393,0.0312353301856
validation,downside,M4_without_mi,product_type:OVD,True,1410,0.187728153856,0.243002397204,0.00828317585789,0.308664213366,0.505533268475,0.497250092617,-0.00707646130399,-0.0101483614103,-0.00387329972613,-0.00330100808464,-0.0035882459448,-0.00123625750242,-0.00302663504449,0.0202473804963,0.00219031286297,0.0209872186821
validation,downside,M4_without_mi,product_type:Performance Guarantee,True,309,0.186006535494,0.243282262356,0.000753273826038,0.213107795893,0.501899194384,0.501145920558,-0.00677661432554,-0.00840684302988,-0.0263872358658,-0.010132667238,-0.0218400856801,0.00471495949402,0.00647030643558,0.0263264500215,0.00285037403321,0.0320599052871
validation,downside,M4_without_mi,product_type:Term Loan,True,1907,0.174499164517,0.224929081747,-0.0103044702949,0.385470907956,0.460012720077,0.470317190372,-0.00541246101033,-0.00673451109929,-0.0201754125303,-0.0035516773037,-0.0197699003085,-0.000793610434492,-0.00095071146386,-0.000416207026375,0.00126219664081,0.00118446078877
validation,downside,M4_without_mi,industry:Construction,True,507,0.181718822866,0.233867162743,0.00071635852484,0.313855784618,0.475232256416,0.474515897891,-0.0103917971913,-0.0113753683227,-0.0193398168065,-0.00232440879515,-0.0210981388089,-0.000803287522835,0.000609912983937,0.0211701504072,0.00869393895488,0.0193138452183
validation,downside,M4_without_mi,industry:Hospitality,True,342,0.173611351,0.225564594056,-0.00926791204364,0.349616169742,0.469702911995,0.478970824039,-0.0134039698543,-0.0191244539021,-0.0326254134663,-0.00852947946386,-0.0347063667501,-0.00194736965281,-0.00318167429444,0.0144907213377,0.00653266920425,0.0174573443223
validation,downside,M4_without_mi,industry:Manufacturing,True,748,0.185200214333,0.246550990227,0.0152917702586,0.285630899202,0.499954681362,0.484662911103,-0.00792940878232,-0.00891390697167,7.29636977448e-05,-0.00436266066804,-0.00235156357892,-0.000347876613234,-0.000226903779918,0.032605014283,0.00514179524912,0.0325764978242
validation,downside,M4_without_mi,industry:Retail,True,861,0.185923215877,0.237846891009,-0.00835607077187,0.36453942049,0.480451408183,0.488807478955,-0.00522597494622,-0.00762100895018,-0.0245325598638,-0.00331826283667,-0.0249388842169,0.00161873497132,0.000837765037918,0.00777351398617,0.00450920246616,0.00870796128511
validation,downside,M4_without_mi,industry:Services,True,981,0.181810282092,0.233363341234,0.00864602599857,0.357888840787,0.48980486881,0.481158842812,-0.00537057158253,-0.00852488895373,-0.00770944065363,-0.00845061263702,-0.00394852317448,0.00197092949583,0.000757595346933,0.0225435830542,-0.000207926410941,0.0282325590499
validation,downside,M4_without_mi,industry:Technology,True,302,0.169153816764,0.217783982574,-0.0269871512167,0.324837802129,0.465588000109,0.492575151325,-0.00720494145175,-0.0147264599248,-0.0522144988145,-0.0132697568372,-0.049382186811,0.00655690154887,0.00362329577896,0.00293917663806,0.00395642544128,0.0064396252998
validation,downside,M4_without_mi,industry:Transport,True,429,0.182816073479,0.233135556047,-0.00563304176713,0.346547836379,0.475488789047,0.481121830814,-0.0131183764408,-0.013522236606,-0.0289234905867,-0.00568928382161,-0.0298153326394,-0.00271099147139,-0.00179145155978,0.016026517019,0.00600234048496,0.0161189045539
validation,downside,M4_without_mi,collateral_type:Cash,True,424,0.088857158549,0.116418686735,0.0025672303612,0.325747840688,0.184254758111,0.18168752775,-0.00234376362345,-0.00252980269368,-0.00993738852433,-0.00379783102769,-0.00976992301953,0.00364631500719,0.00475660431445,0.0131168073513,0.00391369547211,0.0143333401077
validation,downside,M4_without_mi,collateral_type:Mortgage,True,1441,0.146338854205,0.191384461029,-0.00886169589068,0.293447124225,0.436353620362,0.445215316253,-0.00472611383051,-0.00513989564461,-0.0201310887744,-0.00413354720937,-0.0188989720058,0.00026443519661,0.000695078092154,0.00191878592507,0.0019030759333,0.00371710596188
validation,downside,M4_without_mi,collateral_type:Other,True,842,0.195037764991,0.240857494824,-0.0104385204113,0.162263328837,0.502385282657,0.512823803068,-0.00404527495752,-0.00816759794767,-0.0270016521322,-0.00916199956541,-0.0212058339358,0.00318886577737,-0.00040642349869,0.00422798754186,-0.000736516368816,0.0108602577358
validation,downside,M4_without_mi,collateral_type:Unsecured,True,1463,0.235962465542,0.289952440624,0.0135493672472,0.16774015941,0.604503598406,0.590954231159,-0.0116875954942,-0.0115595778765,-0.000898548108114,-0.00202180804912,-0.00386145515774,-0.00494200500475,-0.00415205758036,0.0282606130113,0.00605769048668,0.0261355445135
validation,downside,M4_without_mi,lien_rank:First,True,1451,0.131047771293,0.171174011861,-0.015371061443,0.473431167234,0.344988283091,0.360359344534,-0.0020398049759,-0.00386192668955,-0.0250980618448,-0.0056401207134,-0.0219138852702,0.00202440820394,0.00103245682601,-0.00749625010306,-0.00112128796721,-0.00400967419168
validation,downside,M4_without_mi,lien_rank:Second,True,1256,0.177246183208,0.227242655917,0.00145937727873,0.188483521333,0.501066873896,0.499607496617,-0.00587939714816,-0.00737546715751,-0.0112339263509,-0.0037280809974,-0.0101870867226,4.21923193649e-05,-0.00125613888867,0.0147943999472,0.00256693377002,0.0154390664175
validation,downside,M4_without_mi,lien_rank:Unsecured,True,1463,0.235962465542,0.289952440624,0.0135493672472,0.16774015941,0.604503598406,0.590954231159,-0.0116875954942,-0.0115595778765,-0.000898548108114,-0.00202180804912,-0.00386145515774,-0.00494200500475,-0.00415205758036,0.0282606130113,0.00605769048668,0.0261355445135
validation,downside,M4_without_mi,latent_regime:0,True,2399,0.17674367777,0.223645423466,-0.0025466443589,0.311611202172,0.429918562757,0.432465207116,-0.00683955965836,-0.00742938906149,-0.0111205712412,-0.00177863963722,-0.0123779840344,-0.00244842753175,-0.00224292698803,0.0063601612059,0.00363610509301,0.00620281507624
validation,downside,M4_without_mi,latent_regime:1,True,1771,0.188580760233,0.249653013425,0.00308395923661,0.305006044662,0.555015316088,0.551931356851,-0.00526899795317,-0.00853938006042,-0.00902700221633,-0.00587575649068,-0.00750797625577,0.000151674363677,-0.00190811178697,0.0150563769819,0.000403335378279,0.0177547327317
validation,downside,M4_without_mi,age:1-6,True,1014,0.190901107329,0.244003037639,0.00382133663139,0.258625304589,0.480272522574,0.476451185943,-0.00259613849035,-0.00637855634487,-0.0120975528491,-0.00819691557531,-0.00760283930303,0.00264410021274,-0.000301620105461,0.0186757122683,-0.00070284722854,0.0234663805951
validation,downside,M4_without_mi,age:7-12,True,1101,0.185946073028,0.237601146443,-0.00093813913178,0.351890479309,0.482256942497,0.483195081629,-0.00810811923207,-0.00942878919097,-0.0149924720495,-0.00133191110549,-0.0196051784896,-0.00157271463547,-0.00192760463357,0.0124205595516,0.0072158872611,0.00995497408605
validation,downside,M4_without_mi,age:13-24,True,2055,0.175028837036,0.229083335366,-0.00169812757621,0.366614323444,0.484839671662,0.486537799239,-0.00754060501848,-0.00883614281667,-0.0116027481973,-0.00429570430687,-0.0114624648713,-0.00245661334612,-0.00224653915009,0.00871109454671,0.00171128953393,0.0108340946411
validation,downside,M4_without_mi,predicted:0-0.1,False,81,0.047906405257,0.0810307132446,-0.0312524521821,-0.201674252527,0.0608369898355,0.0920894420176,-0.00635036028348,-0.00253228974053,-0.0535144719574,-0.024263148891,-0.0362328761415,0.0061312063506,0.0163819655454,-0.0131069620203,-0.00809197600071,0.00108111300881
validation,downside,M4_without_mi,predicted:0.1-0.25,True,380,0.0977423050758,0.122748699065,-0.00219545893528,0.0932097988744,0.182061578744,0.184257037679,-0.00501613457207,-0.0112750395939,-0.0153974860056,-0.013731063501,-0.00744305682576,0.00403446676785,0.00472394111791,0.00863799042853,-0.00303502548049,0.016920832773
validation,downside,M4_without_mi,predicted:0.25-0.5,True,1740,0.167574445362,0.203525385656,-0.014351130284,0.113019430041,0.393622257586,0.40797338787,-0.00324629523102,-0.00659394689192,-0.0240190091784,-0.0120486878357,-0.0147542091944,0.00121602180692,-0.000860848673098,-0.00511069433284,-0.00696174967696,0.00428304677488
validation,downside,M4_without_mi,predicted:0.5-0.75,True,1653,0.223658822527,0.277056494779,0.00708627123026,0.0382365609398,0.602890267511,0.595803996281,-0.00776159235515,-0.00984787668214,-0.0073751667998,0.000721925733865,-0.0128044643276,-0.00199413880088,-0.0036616336291,0.02192551856,0.00738989535804,0.0172595059621
validation,downside,M4_without_mi,predicted:0.75-1,True,316,0.176185272221,0.282139386309,0.0505549853284,-0.00983836725971,0.818719051745,0.768164066417,-0.0258923143202,-0.0129376685826,0.0227066345957,0.0274045158401,-0.0106164034267,-0.0101117532215,0.00262932338119,0.0832830544301,0.0410019927521,0.0481927112656
final,upside,M0,all,True,4161,0.171085685851,0.214830548865,-0.0120095075959,0.316737700225,0.381167906063,0.393177413659,0,0,-0.0179914449053,0,-0.0179914449053,0,0,-0.0052034965358,0,-0.0052034965358
final,upside,M0,realized_gt60,True,1136,0.209007550764,0.231440543527,-0.207850097791,-5.45350707422,0.520944040946,0.728794138737,0,0,-0.213498398909,0,-0.213498398909,0,0,-0.200888155439,0,-0.200888155439
final,upside,M0,realized_gt75,True,412,0.240882053147,0.264083404116,-0.240336209103,-18.1232719397,0.589917165303,0.830253374406,0,0,-0.252495836798,0,-0.252495836798,0,0,-0.22705754391,0,-0.22705754391
final,upside,M0,realized_ge90,False,57,0.276275080102,0.300780764711,-0.276275080102,-99.2832879823,0.66742897287,0.943704052972,0,0,-0.313033037645,0,-0.313033037645,0,0,-0.240901596517,0,-0.240901596517
final,upside,M0,low_le10,True,746,0.274712798962,0.327221403684,0.27079027587,-623.473196673,0.315409938914,0.0446196630445,0,0,0.256555327246,0,0.256555327246,0,0,0.285149483602,0,0.285149483602
final,upside,M0,cure,True,580,0.332775063172,0.366339416835,0.3322253343,-3742.90545536,0.373032852874,0.0408075185738,0,0,0.318619640247,0,0.318619640247,0,0,0.347463350219,0,0.347463350219
final,upside,M0,unsecured,True,1447,0.244527836595,0.27806916132,-0.0237445820513,0.129598317111,0.480277664543,0.504022246594,0,0,-0.0386693310952,0,-0.0386693310952,0,0,-0.00846162226403,0,-0.00846162226403
final,upside,M0,secured,True,2714,0.131929167013,0.171852750124,-0.00575281904135,0.360101300989,0.328326409924,0.334079228966,0,0,-0.0129531152745,0,-0.0129531152745,0,0,0.00125921660795,0,0.00125921660795
final,upside,M0,guarantee:zero,True,3352,0.182787655683,0.225777974715,-0.013069212454,0.283946237654,0.402505666247,0.415574878701,0,0,-0.0208555268676,0,-0.0208555268676,0,0,-0.00434790912144,0,-0.00434790912144
final,upside,M0,guarantee:partial,True,637,0.130512826701,0.170971313834,-0.00706961041367,0.362426983897,0.30897458891,0.316044199324,0,0,-0.0206306001921,0,-0.0206306001921,0,0,0.00747196420869,0,0.00747196420869
final,upside,M0,guarantee:full,True,172,0.0932944556355,0.121721265994,-0.00965243678593,0.337212998275,0.232696806582,0.242349243368,0,0,-0.0267135899803,0,-0.0267135899803,0,0,0.00930926403631,0,0.00930926403631
final,upside,M0,product_type:Financial Guarantee,True,173,0.175942590459,0.218729071501,-0.00944852154048,0.284816849441,0.401250608264,0.410699129805,0,0,-0.0394094988763,0,-0.0394094988763,0,0,0.0237108686571,0,0.0237108686571
final,upside,M0,product_type:Import LC,True,375,0.193994969585,0.241663109822,0.00420952136876,0.19141684208,0.392678267327,0.388468745958,0,0,-0.022210529581,0,-0.022210529581,0,0,0.0260777030712,0,0.0260777030712
final,upside,M0,product_type:OVD,True,1390,0.180297781649,0.222796219374,-0.0125780332298,0.276808649084,0.403651530824,0.416229564054,0,0,-0.023802956026,0,-0.023802956026,0,0,-0.00078349275546,0,-0.00078349275546
final,upside,M0,product_type:Performance Guarantee,True,301,0.172208739185,0.217897926462,-0.00693899898619,0.271067839377,0.384054254897,0.390993253883,0,0,-0.0330859183768,0,-0.0330859183768,0,0,0.0192633258033,0,0.0192633258033
final,upside,M0,product_type:Term Loan,True,1922,0.15934058798,0.202190986321,-0.0157874258632,0.376577585803,0.360402181624,0.376189607487,0,0,-0.0257363812897,0,-0.0257363812897,0,0,-0.00751397529492,0,-0.00751397529492
final,upside,M0,industry:Construction,True,521,0.162440491328,0.203216964593,-0.0100421797912,0.373913219952,0.372512246615,0.382554426406,0,0,-0.0255922853445,0,-0.0255922853445,0,0,0.00958093934079,0,0.00958093934079
final,upside,M0,industry:Hospitality,True,321,0.188277028409,0.232615859039,-0.0124783479978,0.24718745146,0.396722155666,0.409200503664,0,0,-0.0411354026081,0,-0.0411354026081,0,0,0.0152733265854,0,0.0152733265854
final,upside,M0,industry:Manufacturing,True,828,0.168129050646,0.215573780237,-0.00447764466907,0.336278926308,0.385721682541,0.39019932721,0,0,-0.0179503716293,0,-0.0179503716293,0,0,0.00856202980293,0,0.00856202980293
final,upside,M0,industry:Retail,True,801,0.172119386713,0.216902846222,-0.00984360735518,0.31033459952,0.376622818436,0.386466425791,0,0,-0.0250082209845,0,-0.0250082209845,0,0,0.00588570460968,0,0.00588570460968
final,upside,M0,industry:Services,True,939,0.16959896232,0.212570082577,-0.0154644929736,0.305187484967,0.382253078233,0.397717571206,0,0,-0.0295526864794,0,-0.0295526864794,0,0,-0.00159595315312,0,-0.00159595315312
final,upside,M0,industry:Technology,True,309,0.173786408196,0.217063286972,-0.0247358822155,0.272519065995,0.384060976796,0.408796859012,0,0,-0.0476895899848,0,-0.0476895899848,0,0,-0.000117726897369,0,-0.000117726897369
final,upside,M0,industry:Transport,True,442,0.173726715571,0.212728084157,-0.0157856786057,0.325341442369,0.375452605591,0.391238284196,0,0,-0.0369624028885,0,-0.0369624028885,0,0,0.00521832908,0,0.00521832908
final,upside,M0,collateral_type:Cash,True,412,0.0711827468349,0.0926331111379,-0.00206316352234,0.287059837517,0.131048424022,0.133111587545,0,0,-0.0114791655282,0,-0.0114791655282,0,0,0.0081604799905,0,0.0081604799905
final,upside,M0,collateral_type:Mortgage,True,1502,0.123723514289,0.162456885346,-0.00745323166989,0.274414669117,0.344462064496,0.351915296166,0,0,-0.0163432407247,0,-0.0163432407247,0,0,0.000877552512028,0,0.000877552512028
final,upside,M0,collateral_type:Other,True,800,0.178619686393,0.214991535013,-0.00446046692356,0.171450650031,0.399629881205,0.404090348129,0,0,-0.0209946373111,0,-0.0209946373111,0,0,0.00972531251932,0,0.00972531251932
final,upside,M0,collateral_type:Unsecured,True,1447,0.244527836595,0.27806916132,-0.0237445820513,0.129598317111,0.480277664543,0.504022246594,0,0,-0.0386693310952,0,-0.0386693310952,0,0,-0.00846162226403,0,-0.00846162226403
final,upside,M0,lien_rank:First,True,1469,0.111520921014,0.147207720417,-0.00655414138878,0.429059858194,0.26874386712,0.275298008508,0,0,-0.0144949746982,0,-0.0144949746982,0,0,0.0019638988159,0,0.0019638988159
final,upside,M0,lien_rank:Second,True,1245,0.156009258075,0.197006032327,-0.00480732303462,0.173151646029,0.398629024687,0.403436347722,0,0,-0.0171426978342,0,-0.0171426978342,0,0,0.00632333142157,0,0.00632333142157
final,upside,M0,lien_rank:Unsecured,True,1447,0.244527836595,0.27806916132,-0.0237445820513,0.129598317111,0.480277664543,0.504022246594,0,0,-0.0386693310952,0,-0.0386693310952,0,0,-0.00846162226403,0,-0.00846162226403
final,upside,M0,latent_regime:0,True,2511,0.169443250583,0.208118249158,-0.018439906488,0.266865672024,0.333986141467,0.352426047955,0,0,-0.0273030375981,0,-0.0273030375981,0,0,-0.0110872371577,0,-0.0110872371577
final,upside,M0,latent_regime:1,True,1650,0.173585173705,0.224660954085,-0.00222360964553,0.318483683169,0.452969973275,0.455193582921,0,0,-0.0140337884131,0,-0.0140337884131,0,0,0.00846894781615,0,0.00846894781615
final,upside,M0,age:1-6,True,1006,0.173875698956,0.217030023998,-0.0050041408534,0.296868498549,0.388379754765,0.393383895618,0,0,-0.019570906262,0,-0.019570906262,0,0,0.00944606127538,0,0.00944606127538
final,upside,M0,age:7-12,True,1089,0.172077777119,0.217427430788,-0.00377201621811,0.322906343554,0.383160772848,0.386932789066,0,0,-0.0160347656385,0,-0.0160347656385,0,0,0.0108870429938,0,0.0108870429938
final,upside,M0,age:13-24,True,2066,0.16920420445,0.212362795587,-0.0197626668666,0.322745805774,0.37660578035,0.396368447217,0,0,-0.0304437292526,0,-0.0304437292526,0,0,-0.0106733278254,0,-0.0106733278254
final,upside,M0,predicted:0-0.1,True,168,0.0550201896135,0.0768504177398,-0.0310514853872,-0.185538423586,0.0566455880293,0.0876970734164,0,0,-0.0426365523014,0,-0.0426365523014,0,0,-0.0216221915104,0,-0.0216221915104
final,upside,M0,predicted:0.1-0.25,True,696,0.0857291001713,0.113124714363,-0.0155604943309,0.102513023637,0.18567873261,0.201239226941,0,0,-0.0238264001944,0,-0.0238264001944,0,0,-0.00652280061158,0,-0.00652280061158
final,upside,M0,predicted:0.25-0.5,True,2388,0.183145841324,0.216707908831,-0.0155461023278,0.0670617797277,0.380638291724,0.396184394052,0,0,-0.0242020957876,0,-0.0242020957876,0,0,-0.007233944099,0,-0.007233944099
final,upside,M0,predicted:0.5-0.75,True,859,0.228642060116,0.276921710929,0.00175033968138,0.0371131882978,0.580683059015,0.578932719333,0,0,-0.0156654272848,0,-0.0156654272848,0,0,0.0222697743536,0,0.0222697743536
final,upside,M0,predicted:0.75-1,False,50,0.184417890626,0.287093203727,0.0339148613086,-0.00453493117482,0.790396242254,0.756481380945,0,0,-0.0301181442032,0,-0.0301181442032,0,0,0.108942484792,0,0.108942484792
final,upside,M1,all,True,4161,0.171089859059,0.214928465012,-0.0128624455089,0.316114719381,0.38031496815,0.393177413659,-0.000836428257013,-0.000735140791052,-0.0190931782076,-0.00187510462052,-0.0179914449053,0.000727336631461,0.00105657046148,-0.00574745549242,0.000278649878851,-0.0052034965358
final,upside,M1,realized_gt60,True,1136,0.210315062458,0.2331245571,-0.209106189446,-5.54776309003,0.519687949291,0.728794138737,-0.000608636401869,-0.000306809679391,-0.21561728285,-0.00322373883043,-0.213498398909,0.00318918278741,0.00349676189391,-0.202409224345,0.000876988186005,-0.200888155439
final,upside,M1,realized_gt75,True,412,0.240950119188,0.264586874569,-0.240712746703,-18.1962578225,0.589540627703,0.830253374406,-0.00344724579063,-0.00296731796377,-0.252184475564,-0.00378494664006,-0.252495836798,0.00352740667074,0.00401630921487,-0.228464737114,0.00320037357643,-0.22705754391
final,upside,M1,realized_ge90,False,57,0.280990778498,0.303875818088,-0.280990778498,-101.357749462,0.662713274474,0.943704052972,-0.00490051130376,-0.00521427614246,-0.316998515003,-0.0146777085474,-0.313033037645,0.0146777085474,0.0117359056168,-0.247579287265,0.00490051130376,-0.240901596517
final,upside,M1,low_le10,True,746,0.274553527972,0.326709557147,0.270449476933,-621.521096656,0.315069139977,0.0446196630445,-0.00206912935408,-0.00267178858835,0.256146412623,-0.00245098506092,0.256555327246,0.00202281222122,0.00161301894285,0.2848387539,0.00167063515482,0.285149483602
final,upside,M1,cure,True,580,0.332979969095,0.365833734348,0.33246514637,-3732.5766692,0.373272664943,0.0408075185738,-0.00207656503293,-0.00288859827874,0.319302093587,-0.00209100341902,0.318619640247,0.00271434234877,0.00194373465623,0.347547793614,0.00272402195562,0.347463350219
final,upside,M1,unsecured,True,1447,0.243591184156,0.277500714618,-0.0245744241876,0.133153340873,0.479447822407,0.504022246594,-0.00251579697691,-0.0020940735865,-0.0391541822931,-0.00272590395176,-0.0386693310952,0.00101100778388,0.00106906653819,-0.00980592908106,0.00131635370556,-0.00846162226403
final,upside,M1,secured,True,2714,0.132434952127,0.172529018947,-0.00661807073076,0.355055178682,0.327461158235,0.334079228966,-0.000318311778616,-0.000316679062909,-0.0136923224116,-0.00204242065296,-0.0129531152745,0.00141727666931,0.00165831424952,0.000404079680617,0.000231300794864,0.00125921660795
final,upside,M1,guarantee:zero,True,3352,0.182635894744,0.225592030493,-0.0141650188462,0.285125194389,0.401409859855,0.415574878701,-0.00109231017574,-0.00109353952807,-0.0220421909381,-0.00215553650915,-0.0208555268676,0.000724507694245,0.000731111194087,-0.00538398951745,4.61060341886e-05,-0.00434790912144
final,upside,M1,guarantee:partial,True,637,0.132228775387,0.173300987551,-0.00813361861219,0.34493332666,0.307910580712,0.316044199324,-0.0003767207739,9.31607642216e-05,-0.0222377291914,-0.00386351100156,-0.0206306001921,0.00400153206512,0.00468680041762,0.00736829750563,0.0012596470799,0.00747196420869
final,upside,M1,guarantee:full,True,172,0.0899979909414,0.120413316965,-0.00499056705936,0.35138035088,0.237358676308,0.242349243368,-0.00706702250238,-0.00619597264457,-0.0226114460229,0.000868588352884,-0.0267135899803,0.000410211614061,0.00397488017497,0.0134609528684,0.00813874728314,0.00930926403631
final,upside,M1,product_type:Financial Guarantee,True,173,0.172292555692,0.216223941787,-0.0100956513545,0.301105189118,0.40060347845,0.410699129805,-0.00755400226842,-0.00674777555465,-0.0400574578994,-0.00471385506878,-0.0394094988763,0.000412996669982,0.00201308478072,0.0225725337705,0.003421616598,0.0237108686571
final,upside,M1,product_type:Import LC,True,375,0.193909603865,0.241403428591,0.00639903400109,0.19315364879,0.394867779959,0.388468745958,-0.00282891738856,-0.0034624818851,-0.0183313262255,-0.000522051718409,-0.022210529581,0.00242846553925,0.0023749427596,0.029210617045,0.00538256662497,0.0260777030712
final,upside,M1,product_type:OVD,True,1390,0.180628864566,0.223256362773,-0.0137816087964,0.273818334748,0.402447955257,0.416229564054,-0.001011483987,-0.000942016605787,-0.025001641627,-0.00266850699725,-0.023802956026,0.00171025110297,0.00204411045028,-0.0014147867772,7.32090096062e-05,-0.00078349275546
final,upside,M1,product_type:Performance Guarantee,True,301,0.171977307059,0.218728300221,-0.00600162662073,0.265501568305,0.384991627262,0.390993253883,-0.00323136753418,-0.00265319965221,-0.0322750634654,-0.00228357408261,-0.0330859183768,0.00261667910696,0.00408029748818,0.0199734922234,0.00408839835545,0.0192633258033
final,upside,M1,product_type:Term Loan,True,1922,0.15949162268,0.202211847179,-0.017279292398,0.376448937164,0.358910315089,0.376189607487,-0.000990758065126,-0.00125888497713,-0.0269330040824,-0.00279056072451,-0.0257363812897,0.00140784180797,0.0013983369702,-0.0091017317829,-0.000200518784128,-0.00751397529492
final,upside,M1,industry:Construction,True,521,0.163338840877,0.203847152095,-0.00979995733715,0.370024136881,0.372754469069,0.382554426406,-0.00158764545638,-0.00184749099275,-0.0253433100419,-0.00276447814765,-0.0255922853445,0.00318083682661,0.0031941653396,0.00973622283173,0.0035963980704,0.00958093934079
final,upside,M1,industry:Hospitality,True,321,0.185365047389,0.229681748339,-0.0135394855662,0.266058948362,0.395661018098,0.409200503664,-0.00607479159607,-0.00706071457228,-0.0433136980854,-0.00497658497293,-0.0411354026081,0.000350194461342,0.000947226443086,0.0134937798546,0.0038081342807,0.0152733265854
final,upside,M1,industry:Manufacturing,True,828,0.167567811078,0.215079323522,-0.00317564811709,0.339320158601,0.387023679093,0.39019932721,-0.00254900269092,-0.00242323040559,-0.0162253111209,-0.00105563394634,-0.0179503716293,0.0013133569837,0.00152955671359,0.010091795873,0.00386861657007,0.00856202980293
final,upside,M1,industry:Retail,True,801,0.171632379692,0.216921548645,-0.0118548603492,0.310215661752,0.374611565442,0.386466425791,-0.00196089910078,-0.00160733341214,-0.02734531739,-0.00431663418824,-0.0250082209845,0.00126402931428,0.0019626902313,0.00369677298905,0.000467399459986,0.00588570460968
final,upside,M1,industry:Services,True,939,0.170342956498,0.213090566979,-0.0171658621883,0.301780779616,0.380551709018,0.397717571206,-0.00119634963571,-0.00135398471683,-0.0306056223926,-0.00420939418494,-0.0295526864794,0.00254267907407,0.00246572085862,-0.00314350846778,0.000441811462748,-0.00159595315312
final,upside,M1,industry:Technology,True,309,0.176431660055,0.220008377747,-0.0273339676831,0.252644383346,0.381462891329,0.408796859012,-2.64251950972e-05,-0.000498963242862,-0.0504362227326,-0.00637104155444,-0.0476895899848,0.00537947561419,0.00615552992007,-0.00261481855332,0.0013287348858,-0.000117726897369
final,upside,M1,industry:Transport,True,442,0.173325982855,0.212945416738,-0.0166935808456,0.323962215114,0.374544703351,0.391238284196,-0.00311292614677,-0.00212322943365,-0.0373764756231,-0.00381999529102,-0.0369624028885,0.00222104513006,0.00254131780359,0.00461478894116,0.00196336403411,0.00521832908
final,upside,M1,collateral_type:Cash,True,412,0.0712390958402,0.0929153868695,-0.0045357667153,0.282708211496,0.12857582083,0.133111587545,-0.00218570292553,-0.00176010873379,-0.0138977617166,-0.00555528882003,-0.0114791655282,0.00219622330175,0.00257136543632,0.00550252582007,0.000247573847442,0.0081604799905
final,upside,M1,collateral_type:Mortgage,True,1502,0.124378960065,0.163294362095,-0.0078269464068,0.26691449933,0.344088349759,0.351915296166,-0.000591322855429,-0.000438236887489,-0.0166837222563,-0.00193660431103,-0.0163432407247,0.00192585524143,0.00198250324527,7.45991797114e-05,0.00111644507985,0.000877552512028
final,upside,M1,collateral_type:Other,True,800,0.17907594321,0.215574308778,-0.00542079321695,0.16695269378,0.398669554912,0.404090348129,-0.00126014836655,-0.0011393212284,-0.0214701338687,-0.0031445186466,-0.0209946373111,0.00232947382414,0.00240168963226,0.00861610921511,0.00118558243019,0.00972531251932
final,upside,M1,collateral_type:Unsecured,True,1447,0.243591184156,0.277500714618,-0.0245744241876,0.133153340873,0.479447822407,0.504022246594,-0.00251579697691,-0.0020940735865,-0.0391541822931,-0.00272590395176,-0.0386693310952,0.00101100778388,0.00106906653819,-0.00980592908106,0.00131635370556,-0.00846162226403
final,upside,M1,lien_rank:First,True,1469,0.111986770734,0.147255249636,-0.00827278586981,0.428691117753,0.267025222639,0.275298008508,-0.000836065744894,-0.00133440624362,-0.0159112577977,-0.00300034174193,-0.0144949746982,0.00154605782996,0.00130530105164,8.63933317171e-05,-0.000528329972686,0.0019638988159
final,upside,M1,lien_rank:Second,True,1245,0.156562163746,0.198248719373,-0.00466563977553,0.162687454302,0.398770707946,0.403436347722,-0.000809921116919,-0.000348244601823,-0.0166750728982,-0.00129996839501,-0.0171426978342,0.00187906220262,0.0026623358133,0.00671441302873,0.00172838760436,0.00632333142157
final,upside,M1,lien_rank:Unsecured,True,1447,0.243591184156,0.277500714618,-0.0245744241876,0.133153340873,0.479447822407,0.504022246594,-0.00251579697691,-0.0020940735865,-0.0391541822931,-0.00272590395176,-0.0386693310952,0.00101100778388,0.00106906653819,-0.00980592908106,0.00131635370556,-0.00846162226403
final,upside,M1,latent_regime:0,True,2511,0.169355469165,0.208151327193,-0.0194583239678,0.266632606736,0.332967723987,0.352426047955,-0.00116387490487,-0.00101053107631,-0.028812160693,-0.00227420845206,-0.0273030375981,0.000920370958714,0.0012074493301,-0.0117816166839,0.000513352632957,-0.0110872371577
final,upside,M1,latent_regime:1,True,1650,0.173729285134,0.224850414236,-0.00282471774523,0.317333731418,0.452368865176,0.455193582921,-0.0012988860015,-0.00128667941655,-0.0145516758478,-0.00211185720746,-0.0140337884131,0.00150706973721,0.00161636797441,0.00750979105891,0.00126794576174,0.00846894781615
final,upside,M1,age:1-6,True,1006,0.175816602478,0.218201400388,-0.0113680764163,0.289257990853,0.382015819202,0.393383895618,0.000232263474606,-0.00102374013663,-0.0264246292479,-0.00876124001253,-0.019570906262,0.00366142007845,0.00312310309136,0.00359574737266,-0.0041163051455,0.00944606127538
final,upside,M1,age:7-12,True,1089,0.171866518751,0.217722304694,-0.0010434827912,0.321068556688,0.385889306274,0.386932789066,-0.00176587953843,-0.00128699573106,-0.0132071514034,0.000703605283349,-0.0160347656385,0.00135549358224,0.00181847382016,0.013887467069,0.00475773803742,0.0108870429938
final,upside,M1,age:13-24,True,2066,0.168378878283,0.211817907482,-0.0198199410108,0.326216793436,0.376548506206,0.396368447217,-0.00207593937108,-0.00174920041082,-0.0296738704352,-0.00184179146638,-0.0304437292526,0.000422772252415,0.000748015827083,-0.0106947428301,0.00147316578563,-0.0106733278254
final,upside,M1,predicted:0-0.1,True,165,0.0548442350504,0.0772398091471,-0.0328647788062,-0.170316471344,0.0548022468613,0.0876670256675,-0.00632367619963,-0.00524987858178,-0.044317468356,-0.0105995713068,-0.0387263299984,0.000794740712419,0.00292132023935,-0.021112827429,-0.00189564169703,-0.014129700633
final,upside,M1,predicted:0.1-0.25,True,714,0.0856150768277,0.111956296539,-0.0178444532438,0.113318608624,0.185580173542,0.203424626786,-0.00109209796076,-0.00119656556502,-0.0269480000312,-0.00505070677978,-0.0233175708484,0.00219265715514,0.00261726864847,-0.00957147438421,-0.0010986947305,-0.00700107853537
final,upside,M1,predicted:0.25-0.5,True,2401,0.185813324231,0.220001630889,-0.0126015558496,0.0535155139073,0.382060202766,0.394661758616,-0.000286482120683,-0.000853841329458,-0.0224875884984,-0.00277868155368,-0.0210529589636,0.00175731696013,0.00140218432466,-0.00340513044717,3.81949351936e-05,-0.00203438129048
final,upside,M1,predicted:0.5-0.75,True,827,0.225177484475,0.274110253168,-0.00758497867586,0.0143081786661,0.58167367119,0.589258649866,-0.00368881563665,-0.00223894306193,-0.0271139151874,-0.000165775406723,-0.0304403598953,0.000658016124663,0.00170348357261,0.0112832063201,0.00498792440597,0.00875710043032
final,upside,M1,predicted:0.75-1,False,54,0.173460532721,0.269858907203,0.0217056540054,-0.0179701834312,0.788394350254,0.766688696249,-0.0177427399597,-0.00997605215479,-0.0483300760129,0.000383564098742,-0.0581776480834,0.0023050589432,0.0103766977822,0.0972812210312,0.0251809872078,0.0862558238037
final,upside,M2,all,True,4161,0.171913849912,0.215684746891,-0.0120331708842,0.311293394161,0.381144242775,0.393177413659,-0.000153476536631,-0.000279201300732,-0.0181105072551,-0.00130758589196,-0.0179914449053,0.00189596818817,0.00205481859109,-0.00506868223068,0.00126213641864,-0.0052034965358
final,upside,M2,realized_gt60,True,1136,0.210478632022,0.232399437001,-0.209209129633,-5.50709358162,0.519585009104,0.728794138737,-0.000882205373254,-0.00139222596113,-0.215164269387,-0.00357387504867,-0.213498398909,0.00361297780668,0.0033507153286,-0.202970315153,0.000843570424125,-0.200888155439
final,upside,M2,realized_gt75,True,412,0.241917304255,0.264818190353,-0.241722656318,-18.2298372543,0.588530718088,0.830253374406,-0.00378330840215,-0.0038727458515,-0.253648042397,-0.00591863002253,-0.252495836798,0.00554298445614,0.00482304493369,-0.228513035293,0.0032115584511,-0.22705754391
final,upside,M2,realized_ge90,False,57,0.277321464738,0.306632927809,-0.277321464738,-103.223589404,0.666382588234,0.943704052972,-0.0118513874744,-0.00576447032571,-0.319323520875,-0.0129658856804,-0.313033037645,0.0129658856804,0.0164376185544,-0.239021731628,0.0118513874744,-0.240901596517
final,upside,M2,low_le10,True,746,0.276072486155,0.328561239135,0.272286506927,-628.597581993,0.316906169971,0.0446196630445,-0.00128731528066,-0.0013616607972,0.257775574795,-0.00111915587622,0.256555327246,0.00394865361437,0.00457045892488,0.287105462716,0.00417312346755,0.285149483602
final,upside,M2,cure,True,580,0.33410018769,0.367668261986,0.333583698008,-3770.11570666,0.374391216581,0.0408075185738,-0.00198339222934,-0.00204783895231,0.320743364383,-0.00205169894812,0.318619640247,0.0047323792472,0.00473386490873,0.349004632423,0.00486004719115,0.347463350219
final,upside,M2,unsecured,True,1447,0.244834535151,0.278971634205,-0.0229981061119,0.123939375239,0.481024140482,0.504022246594,-0.00198578274236,-0.00127354541799,-0.0373496588753,-0.00209346681322,-0.0386693310952,0.00233266578778,0.00286478194138,-0.00698206907957,0.00329091717079,-0.00846162226403
final,upside,M2,secured,True,2714,0.133035356345,0.172711183299,-0.00618709082729,0.353692532791,0.327892138138,0.334079228966,0.000116327985141,-0.000348410492909,-0.0132266791625,-0.00189423373517,-0.0129531152745,0.0022013037163,0.00214482551276,0.000562999117396,0.000871209877166,0.00125921660795
final,upside,M2,guarantee:zero,True,3352,0.183427555031,0.226240361496,-0.0132729505056,0.281010319484,0.402301928195,0.415574878701,-0.000566788386649,-0.00100127791425,-0.0213677241379,-0.00144267546027,-0.0208555268676,0.0016807520437,0.00164997240504,-0.00427716053756,0.00117283819976,-0.00434790912144
final,upside,M2,guarantee:partial,True,637,0.133625304231,0.175116670846,-0.00768308003134,0.33113508694,0.308361119293,0.316044199324,0.000501567599096,0.000964278089986,-0.0213672965948,-0.00360416272027,-0.0206306001921,0.00582050367088,0.00691645476022,0.00769954736078,0.00207285369331,0.00747196420869
final,upside,M2,guarantee:full,True,172,0.0893316640883,0.119691510587,-0.00398239520035,0.359133223857,0.238366848167,0.242349243368,-0.00911010657627,-0.0081699337244,-0.0219866693111,0.000730506999004,-0.0267135899803,0.000216701779631,0.00429438488994,0.0140933833284,0.0103438387616,0.00930926403631
final,upside,M2,product_type:Financial Guarantee,True,173,0.173205469295,0.21563066604,-0.0106374920286,0.304935185885,0.400061637776,0.410699129805,-0.00728091904041,-0.00919824281498,-0.0411759387525,-0.00622812362267,-0.0394094988763,0.00213116218658,0.00244665262987,0.0205244577144,0.00427111752897,0.0237108686571
final,upside,M2,product_type:Import LC,True,375,0.195920646103,0.239943301024,0.00253513188994,0.202884544031,0.391003877848,0.388468745958,-0.00155103781283,-0.00598351634173,-0.0226821764802,-0.00540625249009,-0.022210529581,0.00559932954125,0.00255636406455,0.0258026092022,0.00242652143747,0.0260777030712
final,upside,M2,product_type:OVD,True,1390,0.181692555399,0.224411164858,-0.0137391200362,0.266286500709,0.402490444018,0.416229564054,-0.000758086198259,-0.000536965125897,-0.0255653752108,-0.00290871402252,-0.023802956026,0.0032338355746,0.00371252350046,-0.00182585436415,0.000506342289606,-0.00078349275546
final,upside,M2,product_type:Performance Guarantee,True,301,0.17261099694,0.219536183849,-0.00367846213335,0.260065736607,0.387314791749,0.390993253883,-0.0036014784971,-0.0027770449929,-0.0303171079444,-0.000684403778048,-0.0330859183768,0.00402710126372,0.006245172979,0.0229107238778,0.00750585729475,0.0192633258033
final,upside,M2,product_type:Term Loan,True,1922,0.159932455215,0.203286842762,-0.0150758680721,0.369801488896,0.361113739415,0.376189607487,-0.000863416455755,-0.00055437138383,-0.0250205575543,-0.000782483519919,-0.0257363812897,0.00205230928191,0.0027641125331,-0.00693238975112,0.00210318251191,-0.00751397529492
final,upside,M2,industry:Construction,True,521,0.164074255647,0.204159769839,-0.00837759637047,0.368090407176,0.374176830035,0.382554426406,-0.00125622390291,-0.00257423168979,-0.0246270790348,-0.00211921685351,-0.0255922853445,0.00450613512838,0.00413800954898,0.0109009296435,0.00576867389682,0.00958093934079
final,upside,M2,industry:Hospitality,True,321,0.185569453534,0.229521658602,-0.0119216463155,0.26708171558,0.397278857348,0.409200503664,-0.00680985415221,-0.00783961223804,-0.039986537537,-0.00517053548006,-0.0411354026081,0.00139058147582,0.00180469794606,0.0149500851716,0.0061629923986,0.0152733265854
final,upside,M2,industry:Manufacturing,True,828,0.169924715503,0.216503157498,-0.00534098965433,0.330543748846,0.384858337556,0.39019932721,-0.00045669656737,-0.00172941814899,-0.018770632112,-0.00374409110406,-0.0179503716293,0.00412744146132,0.00382359601151,0.00762969086906,0.00198513881905,0.00856202980293
final,upside,M2,industry:Retail,True,801,0.173229222776,0.218420322895,-0.0103460358249,0.300650890241,0.376120389966,0.386466425791,-0.000666431335976,-0.000642348446997,-0.0252196543141,-0.00332975497951,-0.0250082209845,0.00330929367599,0.00376728132322,0.00529161287586,0.00212944744585,0.00588570460968
final,upside,M2,industry:Services,True,939,0.171114650591,0.215281679527,-0.0153428123863,0.28734802055,0.38237475882,0.397717571206,-0.000565285310851,0.000432054215607,-0.0292559664937,-0.00253269392398,-0.0295526864794,0.00390844267933,0.00533173741269,-0.000956581530707,0.00285415600065,-0.00159595315312
final,upside,M2,industry:Technology,True,309,0.176030281151,0.217683098629,-0.0266496036007,0.268358575017,0.382147255411,0.408796859012,-0.00182515609826,-0.00419155393487,-0.050553467887,-0.00674232447255,-0.0476895899848,0.00606598555592,0.00543949288147,-0.00150676317665,0.00253052801519,-0.000117726897369
final,upside,M2,industry:Transport,True,442,0.171399914131,0.21142023712,-0.0147676592759,0.333611510375,0.376470624921,0.391238284196,-0.00577158572343,-0.00490884119218,-0.0361471446201,-0.0024719127638,-0.0369624028885,0.000669591241294,0.0021230613761,0.00651645582651,0.0048908956801,0.00521832908
final,upside,M2,collateral_type:Cash,True,412,0.0724624377994,0.095076477966,-0.000424343733415,0.248953631367,0.132687243811,0.133111587545,-0.00109901783276,-0.000459312339373,-0.0101309597461,-0.00182942609779,-0.0114791655282,0.00372143916368,0.00559160813521,0.00997105700205,0.00484627173242,0.0081604799905
final,upside,M2,collateral_type:Mortgage,True,1502,0.124318281626,0.163109377587,-0.008032986825,0.268574478867,0.343882309341,0.351915296166,-0.000700792317774,-0.000938379916176,-0.0172106824521,-0.00226549497841,-0.0163432407247,0.00200530267628,0.00235642678205,0.000734518370071,0.00134730989298,0.000877552512028
final,upside,M2,collateral_type:Other,True,800,0.180596717179,0.21584664339,-0.00568923584492,0.16484659016,0.398401112284,0.404090348129,-0.000326360956461,-0.00159753618552,-0.0219690549295,-0.00405382517575,-0.0209946373111,0.00432739925822,0.00323390090389,0.00968196034625,0.00143278385327,0.00972531251932
final,upside,M2,collateral_type:Unsecured,True,1447,0.244834535151,0.278971634205,-0.0229981061119,0.123939375239,0.481024140482,0.504022246594,-0.00198578274236,-0.00127354541799,-0.0373496588753,-0.00209346681322,-0.0386693310952,0.00233266578778,0.00286478194138,-0.00698206907957,0.00329091717079,-0.00846162226403
final,upside,M2,lien_rank:First,True,1469,0.112555801562,0.148035557198,-0.00599933233077,0.42262032865,0.269298676178,0.275298008508,-0.000406808059124,-0.000766271253699,-0.0135857967323,-0.000957649273779,-0.0144949746982,0.00248798093245,0.00234041212298,0.00184568623439,0.00205370778029,0.0019638988159
final,upside,M2,lien_rank:Second,True,1245,0.157199586044,0.197908505529,-0.00640863077217,0.165558805933,0.39702771695,0.403436347722,-0.000489990028461,-0.000940240813019,-0.0189843286843,-0.00343577916329,-0.0171426978342,0.00293841130634,0.00284578810906,0.00412390624254,0.000337463346539,0.00632333142157
final,upside,M2,lien_rank:Unsecured,True,1447,0.244834535151,0.278971634205,-0.0229981061119,0.123939375239,0.481024140482,0.504022246594,-0.00198578274236,-0.00127354541799,-0.0373496588753,-0.00209346681322,-0.0386693310952,0.00233266578778,0.00286478194138,-0.00698206907957,0.00329091717079,-0.00846162226403
final,upside,M2,latent_regime:0,True,2511,0.16926460411,0.207749150269,-0.0180298219872,0.269463801813,0.334396225968,0.352426047955,-0.00155701429884,-0.0019441768898,-0.0269944247259,-0.00130673263365,-0.0273030375981,0.00111325285483,0.00122919674656,-0.0105485652377,0.00206913629843,-0.0110872371577
final,upside,M2,latent_regime:1,True,1650,0.175945520341,0.227230113354,-0.00290735820564,0.3028073009,0.452286224715,0.455193582921,0.000864452253523,0.000815392080367,-0.0148398575779,-0.00255792386836,-0.0140337884131,0.0039433604995,0.00430794322214,0.00749334327655,0.00150141601821,0.00846894781615
final,upside,M2,age:1-6,True,1006,0.177392121202,0.219872973361,-0.0101236449201,0.278326733776,0.383260250698,0.393383895618,0.00127972828622,7.60069342611e-05,-0.0249177508228,-0.00820205873952,-0.019570906262,0.00579080209749,0.00568092679865,0.00464953603111,-0.00225730541598,0.00944606127538
final,upside,M2,age:7-12,True,1089,0.172812331688,0.218731691344,-0.000213836390515,0.314758749227,0.386718952675,0.386932789066,-0.00102147651285,-0.000819978899934,-0.0124018941865,0.000884658660933,-0.0160347656385,0.00271654322787,0.00351345366493,0.0144954490516,0.00587125678268,0.0108870429938
final,upside,M2,age:13-24,True,2066,0.168772713624,0.211976280802,-0.0191930152131,0.325208860002,0.377175432004,0.396368447217,-0.00196839280249,-0.00191975032177,-0.0288599898646,-0.00133779644702,-0.0304437292526,0.000922530142135,0.00101873548126,-0.0101308457131,0.00252778234706,-0.0106733278254
final,upside,M2,predicted:0-0.1,True,162,0.0577052667889,0.0831585318114,-0.0348074734398,-0.205312211716,0.0549406244971,0.0897480979369,-0.00449054613005,-0.00275208573436,-0.047199769329,-0.0105712469434,-0.0403890515623,0.00349685256473,0.00776977792925,-0.0234049285249,-0.00102216084814,-0.0177965330099
final,upside,M2,predicted:0.1-0.25,True,692,0.084362631267,0.110920421179,-0.0138549070417,0.113620011639,0.185863982718,0.19971888976,-0.00196070275714,-0.00213732210811,-0.0221980431623,-0.00350245321767,-0.021212667079,0.00249528626622,0.00327045157329,-0.00435173673318,0.00153141157327,-0.00374405075906
final,upside,M2,predicted:0.25-0.5,True,2411,0.18412992169,0.217680756615,-0.0166105651739,0.0696410432738,0.380617622727,0.397228187901,1.98290730416e-05,-0.00115641882338,-0.0257032105724,-0.00300810323967,-0.0241133031575,0.00284793385319,0.00207064086512,-0.00813876685808,0.00042603000145,-0.00637477705769
final,upside,M2,predicted:0.5-0.75,True,844,0.230856680759,0.279370655233,0.00422486691451,0.0288621127702,0.579872458767,0.575647591852,-0.00212473902397,-0.00130781300626,-0.0134092338656,0.000900474515575,-0.0181412678857,0.00338085691831,0.00445189332265,0.0255013499568,0.007065251447,0.0202933689777
final,upside,M2,predicted:0.75-1,False,52,0.169731839827,0.270954370291,0.0315128322949,-0.00104808348328,0.795028718869,0.763515886574,-0.0292307092239,-0.0131661385685,-0.0332983874681,0.0115809860223,-0.0580705886704,-0.0045435869114,0.0127857170715,0.102649500414,0.0373667531189,0.0821657156525
final,upside,M3,all,True,4161,0.171096942985,0.214899452063,-0.0125850554662,0.316299340709,0.380592358193,0.393177413659,-0.00100435963305,-0.00120782423626,-0.0188154452054,-0.00216151072359,-0.0179914449053,0.00127346936396,0.00138669476043,-0.00575629695872,0.000972219461513,-0.0052034965358
final,upside,M3,realized_gt60,True,1136,0.210923912695,0.232906482423,-0.209287553133,-5.53551870465,0.519506585604,0.728794138737,-0.000588685697316,-0.000966860787387,-0.215859508335,-0.00414850061269,-0.213498398909,0.0044569813872,0.00432142381467,-0.203007905268,0.00112438481168,-0.200888155439
final,upside,M3,realized_gt75,True,412,0.241958490661,0.265450640376,-0.241685273774,-18.3217979597,0.588568100632,0.830253374406,-0.00402954869789,-0.00358131259557,-0.253770887992,-0.00623773154006,-0.252495836798,0.00599173578071,0.00633519416005,-0.229301438368,0.00382094484791,-0.22705754391
final,upside,M3,realized_ge90,False,57,0.277277897343,0.303960963705,-0.277277897343,-101.41511852,0.666426155629,0.943704052972,-0.0129143392408,-0.00925534054639,-0.315406261297,-0.0143334684984,-0.313033037645,0.0143334684984,0.0165536321091,-0.241317098881,0.0129143392408,-0.240901596517
final,upside,M3,low_le10,True,746,0.27414595027,0.327111452383,0.270118934869,-623.053602455,0.314738597913,0.0446196630445,-0.00347241558069,-0.00336736520039,0.255971502937,-0.00382565988626,0.256555327246,0.00228013283862,0.00311456320377,0.28361005694,0.0020930983605,0.285149483602
final,upside,M3,cure,True,580,0.332089420276,0.366096033387,0.331704724032,-3737.93246096,0.372512242606,0.0408075185738,-0.00382832579863,-0.00398155438368,0.318466058286,-0.00361756740146,0.318619640247,0.00286684411959,0.00326879697483,0.346351178542,0.00304291401649,0.347463350219
final,upside,M3,unsecured,True,1447,0.243366978196,0.277580161923,-0.0225385359505,0.132656920611,0.481483710644,0.504022246594,-0.00325071213183,-0.00285994766883,-0.0368698392729,-0.00182428277298,-0.0386693310952,0.0013548274,0.00187045850967,-0.00715422686691,0.00430757967246,-0.00846162226403
final,upside,M3,secured,True,2714,0.132565350889,0.17240542546,-0.00727824402151,0.355978877531,0.326800984944,0.334079228966,-0.000641250989883,-0.000755186423033,-0.0139983455617,-0.00306533014169,-0.0129531152745,0.00174598697603,0.00181673189122,-0.000251686311379,5.85695156781e-05,0.00125921660795
final,upside,M3,guarantee:zero,True,3352,0.182704750435,0.225545851067,-0.013746270981,0.285417838856,0.40182860772,0.415574878701,-0.00132538138731,-0.00157639160218,-0.0215586521274,-0.00207503778678,-0.0208555268676,0.00109192537075,0.00112465477821,-0.00468480808571,0.000908210509313,-0.00434790912144
final,upside,M3,guarantee:partial,True,637,0.132112557662,0.173394351811,-0.00816456616719,0.344227314645,0.307879633157,0.316044199324,-0.00125475902718,-0.00118929767935,-0.0225563144606,-0.00450745163519,-0.0206306001921,0.00471245658775,0.00578898171451,0.00678367222316,0.00147852577406,0.00747196420869
final,upside,M3,guarantee:full,True,172,0.089257889952,0.120348698882,-0.00632608615104,0.352076308998,0.236023157217,0.242349243368,-0.00940003614352,-0.0077779510828,-0.0237545936443,-0.00180275827239,-0.0267135899803,0.000731876035626,0.00486742793854,0.0129240804309,0.00865299846476,0.00930926403631
final,upside,M3,product_type:Financial Guarantee,True,173,0.174320325822,0.216638753948,-0.00941760055022,0.298421044597,0.401281529254,0.410699129805,-0.00728947471379,-0.00893908983093,-0.0402379697091,-0.0057752067799,-0.0394094988763,0.0041273494575,0.00425865596315,0.0224155371133,0.00585148324166,0.0237108686571
final,upside,M3,product_type:Import LC,True,375,0.193901652227,0.238721428409,0.00319386803593,0.210982237453,0.391662613994,0.388468745958,-0.00356386807484,-0.00698445252119,-0.0210468556018,-0.00470732086623,-0.022210529581,0.00318936114524,0.000928447781284,0.0245224170935,0.00316741703417,0.0260777030712
final,upside,M3,product_type:OVD,True,1390,0.180300082313,0.223170785906,-0.0140837485442,0.274374936498,0.402145815509,0.416229564054,-0.00183834973908,-0.00174188185699,-0.0252462091409,-0.00339555160542,-0.023802956026,0.00187964454035,0.00245672832158,-0.00201960499289,0.000262748245972,-0.00078349275546
final,upside,M3,product_type:Performance Guarantee,True,301,0.17187646438,0.217380532161,-0.00664599629029,0.274525399436,0.384347257593,0.390993253883,-0.00474613337569,-0.00571810478283,-0.0327844720399,-0.00353635969398,-0.0330859183768,0.0039008441946,0.00511194134028,0.0196917143725,0.00470265376104,0.0192633258033
final,upside,M3,product_type:Term Loan,True,1922,0.159579559633,0.203020667658,-0.0157950135552,0.371450718468,0.360394593932,0.376189607487,-0.00124146668251,-0.000886428853993,-0.0254209479464,-0.00166677004968,-0.0257363812897,0.00182817274273,0.00280318630218,-0.00778907490698,0.00164212609752,-0.00751397529492
final,upside,M3,industry:Construction,True,521,0.162305142248,0.202827609179,-0.00815601951449,0.37631003511,0.374398406891,0.382554426406,-0.00335602426733,-0.00424151801318,-0.0240776382653,-0.00211685047857,-0.0255922853445,0.00349270272306,0.00345936777384,0.0104206203238,0.0056964077082,0.00958093934079
final,upside,M3,industry:Hospitality,True,321,0.185903383264,0.229273653971,-0.0129824598071,0.268664737659,0.396218043857,0.409200503664,-0.00659912954012,-0.00788288050224,-0.0409509042762,-0.00670788949104,-0.0411354026081,0.00201597540746,0.00114675905046,0.0134384720284,0.00488688865347,0.0152733265854
final,upside,M3,industry:Manufacturing,True,828,0.167989606471,0.215142414321,-0.00262404893495,0.338932497605,0.387575278275,0.39019932721,-0.0027685915386,-0.00349063758436,-0.0154982777599,-0.00151312293018,-0.0179503716293,0.00254300041751,0.00251148789825,0.0108626872773,0.00513847037447,0.00856202980293
final,upside,M3,industry:Retail,True,801,0.172251721523,0.21708928684,-0.012488703987,0.309148474884,0.373977721804,0.386466425791,-0.00203894362882,-0.00215946729013,-0.0281539975027,-0.00552193709871,-0.0250082209845,0.00275745083155,0.00293503597458,0.00306664533798,0.000124677184344,0.00588570460968
final,upside,M3,industry:Services,True,939,0.169923739735,0.214095499508,-0.0164795300741,0.295179664099,0.381238041132,0.397717571206,-0.00227832647337,-0.00117976906214,-0.0307265875169,-0.00370634186494,-0.0295526864794,0.00270053220783,0.00442052344758,-0.00173769004083,0.00185550660535,-0.00159595315312
final,upside,M3,industry:Technology,True,309,0.176582243728,0.218576619151,-0.0288490008206,0.262339933022,0.379947858191,0.408796859012,-0.00179391498898,-0.00287551740876,-0.0530672007217,-0.0092512953539,-0.0476895899848,0.00691161894387,0.0064502322971,-0.00412369924819,0.000621159679605,-0.000117726897369
final,upside,M3,industry:Transport,True,442,0.173092956111,0.212596608312,-0.0167080896488,0.326175125362,0.374530194548,0.391238284196,-0.00416395936444,-0.00386499016748,-0.0385896638147,-0.00475822884944,-0.0369624028885,0.00273810919098,0.00345224160254,0.00371179545453,0.00324081852108,0.00521832908
final,upside,M3,collateral_type:Cash,True,412,0.0714592185466,0.0938182357976,-0.00369162537878,0.268700790245,0.129419962166,0.133111587545,-0.00220527247817,-0.00158923492659,-0.0137423625213,-0.00519243831964,-0.0114791655282,0.0028449164752,0.00419176890475,0.00693458307545,0.00161628784106,0.0081604799905
final,upside,M3,collateral_type:Mortgage,True,1502,0.124070901318,0.16303881329,-0.00796010021317,0.269207199859,0.343955195953,0.351915296166,-0.00135816735638,-0.00120315936176,-0.0169005638261,-0.00256948163457,-0.0163432407247,0.00212902847237,0.00236280578243,0.00098662462112,0.00149315246134,0.000877552512028
final,upside,M3,collateral_type:Other,True,800,0.179983338113,0.215400561874,-0.00784516762268,0.168294978608,0.396245180506,0.404090348129,-0.00102164438066,-0.00222643958377,-0.0245744662537,-0.00615929914531,-0.0209946373111,0.0040952264726,0.00282393468321,0.0068516404601,-0.000756279182587,0.00972531251932
final,upside,M3,collateral_type:Unsecured,True,1447,0.243366978196,0.277580161923,-0.0225385359505,0.132656920611,0.481483710644,0.504022246594,-0.00325071213183,-0.00285994766883,-0.0368698392729,-0.00182428277298,-0.0386693310952,0.0013548274,0.00187045850967,-0.00715422686691,0.00430757967246,-0.00846162226403
final,upside,M3,lien_rank:First,True,1469,0.112264691084,0.147802733138,-0.00754150878677,0.424435057091,0.267756499722,0.275298008508,-0.000829389667989,-0.00106165432,-0.0153622208069,-0.00257277175362,-0.0144949746982,0.00220899317474,0.00232968071753,0.00103249564814,0.000609798130469,0.0019638988159
final,upside,M3,lien_rank:Second,True,1245,0.156518498882,0.197532320566,-0.00696761274428,0.168728006711,0.396468734978,0.403436347722,-0.00149675712219,-0.0014567793687,-0.0189491562069,-0.00411002473766,-0.0171426978342,0.00229528034274,0.00245643535052,0.00429127371816,0.000196170795525,0.00632333142157
final,upside,M3,lien_rank:Unsecured,True,1447,0.243366978196,0.277580161923,-0.0225385359505,0.132656920611,0.481483710644,0.504022246594,-0.00325071213183,-0.00285994766883,-0.0368698392729,-0.00182428277298,-0.0386693310952,0.0013548274,0.00187045850967,-0.00715422686691,0.00430757967246,-0.00846162226403
final,upside,M3,latent_regime:0,True,2511,0.168839585889,0.207424702283,-0.0183649684204,0.271743819969,0.334061079535,0.352426047955,-0.00215167027589,-0.00274108410176,-0.0272209824946,-0.00161002127951,-0.0273030375981,0.00087205928804,0.00107222427882,-0.0107455532252,0.00179890908108,-0.0110872371577
final,upside,M3,latent_regime:1,True,1650,0.174532230058,0.225800355384,-0.00378907884308,0.311553331615,0.451404504078,0.455193582921,-0.000863683315352,-0.000765301018664,-0.0160689388365,-0.00376181929699,-0.0140337884131,0.00277787750519,0.00312100749429,0.0063871412666,0.00103838188256,0.00846894781615
final,upside,M3,age:1-6,True,1006,0.176095883098,0.218327735881,-0.0118199943469,0.288434733655,0.381563901271,0.393383895618,5.05745117184e-05,-0.00160603935052,-0.0267167574298,-0.00968446540837,-0.019570906262,0.00452272552852,0.00432218300565,0.00217792173039,-0.004032606149,0.00944606127538
final,upside,M3,age:7-12,True,1089,0.172217504207,0.217957407071,-0.00117758156637,0.319601508319,0.385755207499,0.386932789066,-0.00169311720717,-0.00130676655458,-0.013191923043,0.000179315627439,-0.0160347656385,0.0020692151421,0.00281278578727,0.0132815747664,0.00483358940495,0.0108870429938
final,upside,M3,age:13-24,True,2066,0.168072148733,0.211567636542,-0.0189705300852,0.327808053952,0.377397917132,0.396368447217,-0.00276440088576,-0.00268486964696,-0.0280743070321,-0.00155092816428,-0.0304437292526,0.000452269308951,0.000812124807218,-0.00999826004576,0.00309402068796,-0.0106733278254
final,upside,M3,predicted:0-0.1,True,186,0.0602203220946,0.0847584801283,-0.03692914606,-0.185590802855,0.0578271364969,0.094756282557,-0.00563349232422,-0.00253147491989,-0.0479615348579,-0.0159474372925,-0.037487667023,0.00346368929256,0.0086578850205,-0.0258338247107,-0.0060107063154,-0.0132032907518
final,upside,M3,predicted:0.1-0.25,True,672,0.0839321339171,0.109947916531,-0.0145323230176,0.116535010169,0.187206431644,0.201738754662,-0.00276425931407,-0.00380697142404,-0.0231121236244,-0.00595790750649,-0.0194969037503,0.00147661390243,0.00171348065906,-0.006661371771,-0.00101033975694,-0.00297479181482
final,upside,M3,predicted:0.25-0.5,True,2397,0.183954834915,0.217878962837,-0.0153330373336,0.064803006375,0.380101057442,0.395434094776,-0.000239616866024,-0.00129502071457,-0.0242112996439,-0.00344014755712,-0.0229605005994,0.00240692491663,0.00174026105082,-0.00510240271519,6.96726908351e-06,-0.00354121839563
final,upside,M3,predicted:0.5-0.75,True,849,0.229424322011,0.277464366432,-0.000453186888014,0.0257684875893,0.577977445749,0.578430632637,-0.0038599391866,-0.00279790706514,-0.0181085272806,0.0012408325469,-0.0238881890142,0.00179511560514,0.00300586565078,0.0169926758879,0.00798980935295,0.0126765083796
final,upside,M3,predicted:0.75-1,False,57,0.151052933008,0.249650730538,0.0246696946801,8.64743741279e-05,0.794406085211,0.769736390531,-0.0303432767032,-0.0163175362094,-0.0309159452751,0.018282329789,-0.0621502976368,-0.00481435476127,0.00810506467713,0.0828699830607,0.0448511592068,0.0505538591069
final,upside,M4,all,True,4161,0.169013558321,0.212108361725,-0.0126809848527,0.333943667711,0.380496428806,0.393177413659,-0.00366067086829,-0.00441891728913,-0.0186479355965,-0.00249481739942,-0.0179914449053,-0.000496251767445,-0.000855444056618,-0.00612912319913,0.00118037312997,-0.0052034965358
final,upside,M4,realized_gt60,True,1136,0.207480400718,0.229806753082,-0.205729383964,-5.36271517628,0.523064754773,0.728794138737,-0.00499047678363,-0.0054770809221,-0.212007539381,-0.00168571351806,-0.213498398909,0.00233550848652,0.00242130781502,-0.199255667377,0.00566239763246,-0.200888155439
final,upside,M4,realized_gt75,True,412,0.23748297012,0.261158850714,-0.236382723683,-17.7020614339,0.593870650723,0.830253374406,-0.0100956836476,-0.0102968218941,-0.247466445186,-0.00272276531742,-0.252495836798,0.003255528987,0.00353836140863,-0.224835082537,0.0108080354519,-0.22705754391
final,upside,M4,realized_ge90,False,57,0.262994322645,0.289898337092,-0.262941595949,-92.1579439287,0.680762457024,0.943704052972,-0.0293252567371,-0.0301613104507,-0.302366060705,-0.00164311303024,-0.313033037645,0.00169737758822,0.00893981662154,-0.227094433775,0.0293270068872,-0.240901596517
final,upside,M4,low_le10,True,746,0.266212315993,0.318857148168,0.262570638664,-591.956331692,0.307190301709,0.0446196630445,-0.0124109389257,-0.0131638886186,0.247450408947,-0.0123737955821,0.256555327246,-0.00481713350739,-0.00359624624507,0.276239255791,-0.00456159859371,0.285149483602
final,upside,M4,cure,True,580,0.321782197271,0.356592611588,0.32125339347,-3546.33541454,0.362060912044,0.0408075185738,-0.0159452473572,-0.0152373116754,0.308486803379,-0.0160629549283,0.318619640247,-0.00633188946884,-0.00448454308062,0.336164683646,-0.0062814648063,0.347463350219
final,upside,M4,unsecured,True,1447,0.238877220323,0.273286788788,-0.0210942810677,0.159280069446,0.482927965527,0.504022246594,-0.00866991059829,-0.00786846833718,-0.0349444099626,-0.00137987233362,-0.0386693310952,-0.00258904747329,-0.00138197647233,-0.00620499394077,0.00682743463857,-0.00846162226403
final,upside,M4,secured,True,2714,0.131764951499,0.170755234951,-0.00819534018691,0.368248461421,0.325883888779,0.334079228966,-0.00191206782333,-0.00305216434993,-0.0151867939497,-0.00474087404361,-0.0129531152745,0.00143843806253,0.000906362476257,-0.00172288683976,-0.000351825464156,0.00125921660795
final,upside,M4,guarantee:zero,True,3352,0.180669907136,0.222892708841,-0.0143527478893,0.302130513777,0.401222130812,0.415574878701,-0.0038726372334,-0.00504782797738,-0.0218342686138,-0.00333867375483,-0.0208555268676,-0.000488825186829,-0.000752579121761,-0.00556995471552,0.000963615875509,-0.00434790912144
final,upside,M4,guarantee:partial,True,637,0.129350382122,0.169165381354,-0.00708107216566,0.375824936179,0.308963127158,0.316044199324,-0.00475075886487,-0.00594189776114,-0.021387205954,-0.00357775511218,-0.0206306001921,0.00183638369716,0.00192116620233,0.00758650286675,0.00327677453738,0.00747196420869
final,upside,M4,guarantee:full,True,172,0.0887424072299,0.119177958765,-0.00084025626525,0.364620868502,0.241508987102,0.242349243368,-0.0102711090357,-0.00912885439712,-0.018388400787,0.00274470865171,-0.0267135899803,0.000498575152924,0.00407192773801,0.0183712869356,0.0142998339131,0.00930926403631
final,upside,M4,product_type:Financial Guarantee,True,173,0.177202297409,0.215061789186,-0.0140791252935,0.308597788349,0.396620004511,0.410699129805,-0.00706556917886,-0.0135930532282,-0.0445796143593,-0.0131747773698,-0.0394094988763,0.00861909255914,0.00594333750864,0.0188036257697,0.00295027102356,0.0237108686571
final,upside,M4,product_type:Import LC,True,375,0.187463704341,0.231768082254,-0.00163978751429,0.256276977038,0.386828958444,0.388468745958,-0.0126156800496,-0.0172972885541,-0.026619181342,-0.0114926058596,-0.022210529581,-9.43556603997e-05,-0.00200999063532,0.0202355994873,8.00992962528e-05,0.0260777030712
final,upside,M4,product_type:OVD,True,1390,0.179711544837,0.222637542062,-0.0127242418814,0.277838407988,0.403505322172,0.416229564054,-0.00339649422485,-0.00334216448409,-0.0233381549837,-0.00279478806197,-0.023802956026,0.00221143978676,0.00306984656911,-0.000972770027628,0.00249372958332,-0.00078349275546
final,upside,M4,product_type:Performance Guarantee,True,301,0.168107551611,0.212349608975,-0.00508245665166,0.307716711397,0.385910797231,0.390993253883,-0.0105433994527,-0.0130971602774,-0.0328137166545,-0.00466745221813,-0.0330859183768,0.0018951358582,0.00253033160033,0.0191138349559,0.00797427181932,0.0192633258033
final,upside,M4,product_type:Term Loan,True,1922,0.157081742579,0.199617784082,-0.0158680818477,0.392344698198,0.36032152564,0.376189607487,-0.00443631464554,-0.00547725852517,-0.025155700874,-0.0024861445987,-0.0257363812897,-0.000431255812658,-0.000103436311771,-0.00749666150772,0.00207355848062,-0.00751397529492
final,upside,M4,industry:Construction,True,521,0.160233288958,0.202857722712,-0.0066815806763,0.376124824598,0.37587284573,0.382554426406,-0.00637804729741,-0.00555902220207,-0.0219532657852,-0.00242914106357,-0.0255922853445,0.00243318513447,0.00499418285096,0.0117629274183,0.00908899776696,0.00958093934079
final,upside,M4,industry:Hospitality,True,321,0.180609678744,0.225784788471,-0.0116229322369,0.290752901361,0.397577571427,0.409200503664,-0.0136101362763,-0.0139713655532,-0.0386832427684,-0.00703082707341,-0.0411354026081,-0.0014901982647,0.000134701607674,0.0145306572256,0.00808337630671,0.0152733265854
final,upside,M4,industry:Manufacturing,True,828,0.167869812177,0.21341876887,-0.00712399860412,0.349482547219,0.383075328606,0.39019932721,-0.00357026744463,-0.00616743044264,-0.0190467873485,-0.00716841476336,-0.0179503716293,0.00312359600106,0.00210032244241,0.00543776579435,0.00108064548971,0.00856202980293
final,upside,M4,industry:Retail,True,801,0.170533731227,0.213867406609,-0.0106984035823,0.329502530611,0.375768022209,0.386466425791,-0.00451648033471,-0.00684317657672,-0.0258672281,-0.00435761259626,-0.0250082209845,0.00226789350354,0.00132321848385,0.00362671534897,0.00290666503325,0.00588570460968
final,upside,M4,industry:Services,True,939,0.169471199901,0.21199527534,-0.0164473005483,0.308940066465,0.381270270658,0.397717571206,-0.00338673567537,-0.00426272996846,-0.0296183433858,-0.00530162883995,-0.0295526864794,0.00336819838471,0.00347750862169,-0.00279738390605,0.00273970627697,-0.00159595315312
final,upside,M4,industry:Technology,True,309,0.168900252491,0.208271545126,-0.0295658905828,0.330256136235,0.379230968429,0.408796859012,-0.0108421542194,-0.0164621370143,-0.0495519148509,-0.0127971225128,-0.0476895899848,0.000312007260152,-0.00233248687966,-0.00723581847044,0.00220705205819,-0.000117726897369
final,upside,M4,industry:Transport,True,442,0.169436216807,0.209743652213,-0.0147184291248,0.344138666304,0.376519855072,0.391238284196,-0.00974557868109,-0.00896292947093,-0.035869002597,-0.00522067812795,-0.0369624028885,0.000323939451936,0.00248117728795,0.0065514907191,0.0076712987452,0.00521832908
final,upside,M4,collateral_type:Cash,True,412,0.0706121087863,0.09424662805,-0.00299613341362,0.262007034639,0.130115454131,0.133111587545,-0.00396149099194,-0.00170707742603,-0.0128439128099,-0.00521816682488,-0.0114791655282,0.00250307534313,0.00508282710074,0.0072374908857,0.00242804018183,0.0081604799905
final,upside,M4,collateral_type:Mortgage,True,1502,0.123442717255,0.16040786349,-0.00847345979198,0.292602439808,0.343441836374,0.351915296166,-0.00232779918113,-0.00435893735748,-0.0169215131793,-0.00401468546213,-0.0163432407247,0.00178167815843,0.000464191674724,-0.000567696105998,0.0017075875149,0.000877552512028
final,upside,M4,collateral_type:Other,True,800,0.17888366029,0.214551868327,-0.0103507621166,0.174836021061,0.393739586012,0.404090348129,-0.00339892572244,-0.00413166365176,-0.0257924211575,-0.0103187750276,-0.0209946373111,0.003840667595,0.0034006765296,0.00305049278376,-0.00218824204223,0.00972531251932
final,upside,M4,collateral_type:Unsecured,True,1447,0.238877220323,0.273286788788,-0.0210942810677,0.159280069446,0.482927965527,0.504022246594,-0.00866991059829,-0.00786846833718,-0.0349444099626,-0.00137987233362,-0.0386693310952,-0.00258904747329,-0.00138197647233,-0.00620499394077,0.00682743463857,-0.00846162226403
final,upside,M4,lien_rank:First,True,1469,0.111459084092,0.146328529553,-0.00833087107075,0.435859316448,0.266967137438,0.275298008508,-0.0022656229335,-0.00325456242392,-0.0164122334867,-0.00409410356403,-0.0144949746982,0.00183742683224,0.00124842923466,-0.000260794300387,0.000265692857977,0.0019638988159
final,upside,M4,lien_rank:Second,True,1245,0.155724244046,0.195694138793,-0.00803542462999,0.184127201252,0.395400923092,0.403436347722,-0.00294342542787,-0.0040564082478,-0.0193555333442,-0.00606275376832,-0.0171426978342,0.00210302506068,0.00149283326737,0.00386551517782,1.59606202483e-05,0.00632333142157
final,upside,M4,lien_rank:Unsecured,True,1447,0.238877220323,0.273286788788,-0.0210942810677,0.159280069446,0.482927965527,0.504022246594,-0.00866991059829,-0.00786846833718,-0.0349444099626,-0.00137987233362,-0.0386693310952,-0.00258904747329,-0.00138197647233,-0.00620499394077,0.00682743463857,-0.00846162226403
final,upside,M4,latent_regime:0,True,2511,0.166256220877,0.204679010492,-0.0171679574458,0.290896146627,0.335258090509,0.352426047955,-0.00503720249168,-0.00574430047305,-0.0255465697175,-0.00119570061185,-0.0273030375981,-0.00121465229879,-0.000889320789234,-0.0094574463318,0.00396617335933,-0.0110872371577
final,upside,M4,latent_regime:1,True,1650,0.173209724578,0.222939915454,-0.0058526283793,0.328885341898,0.449340954542,0.455193582921,-0.00296244155067,-0.00481441331865,-0.0174365064576,-0.00674826746667,-0.0140337884131,0.00216649530686,0.00144102152304,0.00411394589966,-0.000817313724969,0.00846894781615
final,upside,M4,age:1-6,True,1006,0.174016099088,0.214944082038,-0.0121328108397,0.310319569186,0.381251084779,0.393383895618,-0.00282246477554,-0.0055401775331,-0.0265225634596,-0.0105548072257,-0.019570906262,0.00334013550515,0.00199323201776,0.00257250941711,-0.00385202972476,0.00944606127538
final,upside,M4,age:7-12,True,1089,0.170838845039,0.215256471093,-0.00199246532536,0.336360069442,0.38494032374,0.386932789066,-0.00436132908424,-0.00584989414117,-0.0139186904339,-0.00186352706358,-0.0160347656385,0.00158903938519,0.00124078188105,0.0127510577393,0.00573660033848,0.0108870429938
final,upside,M4,age:13-24,True,2066,0.165615546102,0.209024208112,-0.0185818855412,0.34387284956,0.377786561676,0.396368447217,-0.00596493163188,-0.00613729179396,-0.0276201544084,-0.00175699933256,-0.0304437292526,-0.00132691841185,-0.000851861398751,-0.00946084420977,0.00395263840451,-0.0106733278254
final,upside,M4,predicted:0-0.1,True,183,0.056204576706,0.0811050632076,-0.0327670008391,-0.27814674348,0.0564174177593,0.0891844185984,-0.0072221859672,-0.00308468682143,-0.0436404892811,-0.0223183041006,-0.029998198691,0.0025320484918,0.00957802881153,-0.0220126749474,-0.00985122429431,-0.00596477904361
final,upside,M4,predicted:0.1-0.25,True,683,0.0880387601655,0.116357401328,-0.017433009283,0.0977574885685,0.185541922754,0.202974932037,-0.00279742962412,-0.00399738959112,-0.0268018453387,-0.012698992181,-0.0173095227597,0.00298046083221,0.00397405537208,-0.0094834270858,-0.00544514260328,-0.0011607454539
final,upside,M4,predicted:0.25-0.5,True,2408,0.182552440569,0.215636214992,-0.0157055851368,0.08694228236,0.38045767852,0.396163263656,-0.00223114760305,-0.00551333370087,-0.0263802153305,-0.0064806964615,-0.0211277804843,0.00173357082116,-0.000488434863753,-0.0070806303654,-0.00165756522457,-0.00284107923851
final,upside,M4,predicted:0.5-0.75,True,833,0.222581327728,0.272080990076,0.00338605294947,0.0395903489598,0.584454826527,0.581068773577,-0.0108134651379,-0.00836400073151,-0.0123500626412,0.0123616873172,-0.0298197312459,-0.00291293229516,0.00079887111309,0.0216182916181,0.0208062346929,0.00600688131735
final,upside,M4,predicted:0.75-1,False,54,0.14542560291,0.240267936194,0.00251843378061,0.0115370831518,0.800058503705,0.797540069924,-0.0433984058919,-0.0293114172086,-0.054062678992,0.0331758352307,-0.103297701289,-0.015757377449,0.00654691614806,0.0755612376936,0.0595851600593,0.0284089831941
final,upside,M4_without_mi,all,True,4161,0.16896426961,0.212163091617,-0.0125423920991,0.333599901026,0.38063502156,0.393177413659,-0.00384817824164,-0.00458986526713,-0.0187045057313,-0.00227316972911,-0.0179914449053,-0.000552287722892,-0.000972576638077,-0.00574325535557,0.00117488238963,-0.0052034965358
final,upside,M4_without_mi,realized_gt60,True,1136,0.207244167322,0.229504813886,-0.205491373609,-5.34600643303,0.523302765128,0.728794138737,-0.00534474996168,-0.00593651781008,-0.211241409348,-0.00146462573424,-0.213498398909,0.0017349193543,0.00185439281095,-0.198719817627,0.00603355776583,-0.200888155439
final,upside,M4_without_mi,realized_gt75,True,412,0.236758928524,0.260602440813,-0.23551642251,-17.6224552716,0.594736951896,0.830253374406,-0.0106371468023,-0.0101620982771,-0.247324699865,-0.00143145083955,-0.252495836798,0.00203312338135,0.00273717438608,-0.223884211433,0.0116319728306,-0.22705754391
final,upside,M4_without_mi,realized_ge90,False,57,0.264597264999,0.291995424509,-0.263377929575,-93.5106040359,0.680326123397,0.943704052972,-0.0267912598008,-0.0271538451061,-0.303307786316,-0.00242693870876,-0.313033037645,0.00298358894287,0.00849075708109,-0.225267206032,0.0281883615455,-0.240901596517
final,upside,M4_without_mi,low_le10,True,746,0.267035046418,0.319853930538,0.263430405404,-595.669419277,0.308050068448,0.0446196630445,-0.0111259215439,-0.0118277799721,0.248019616915,-0.0112135049706,0.256555327246,-0.0044228245201,-0.0030797489586,0.27679985625,-0.0038612416125,0.285149483602
final,upside,M4_without_mi,cure,True,580,0.323271156375,0.357976349422,0.322851067986,-3573.91930608,0.36365858656,0.0408075185738,-0.0141379237442,-0.0134988291248,0.309521039252,-0.014317810219,0.318619640247,-0.00503118006028,-0.0034357310391,0.337036604287,-0.00491373494286,0.347463350219
final,upside,M4_without_mi,unsecured,True,1447,0.239709291929,0.273472827432,-0.0217072356076,0.158135047889,0.482315010987,0.504022246594,-0.00765922576584,-0.00763687090552,-0.0360367360041,-0.00152608730848,-0.0386693310952,-0.00204720394007,-0.00146794322774,-0.00614258804573,0.00609312783819,-0.00846162226403
final,upside,M4_without_mi,secured,True,2714,0.131245755499,0.170700669141,-0.00765605143701,0.368652156525,0.326423177529,0.334079228966,-0.00242697116573,-0.00308513541714,-0.0143652196073,-0.00401931708101,-0.0129531152745,0.000946233583958,0.000552463517146,-0.00125374565216,0.000101936113597,0.00125921660795
final,upside,M4_without_mi,guarantee:zero,True,3352,0.180268521845,0.22268991829,-0.0139294970453,0.303399796737,0.401645381656,0.415574878701,-0.00432916630654,-0.00504203053104,-0.0215720807189,-0.00280450147568,-0.0208555268676,-0.0008393774593,-0.00124271836402,-0.00503599812915,0.00110044586874,-0.00434790912144
final,upside,M4_without_mi,guarantee:partial,True,637,0.130611332727,0.170301204691,-0.00814117790245,0.367415028068,0.307903021422,0.316044199324,-0.0032745404768,-0.00458907861709,-0.0222877059756,-0.00455256169361,-0.0206306001921,0.00305978915173,0.00289597599757,0.00680253224977,0.00212981837648,0.00747196420869
final,upside,M4_without_mi,guarantee:full,True,172,0.0907024515843,0.122874440105,-0.0018098203748,0.324595165306,0.240539422993,0.242349243368,-0.00802269401715,-0.00487479441343,-0.0201465935293,0.00196529589752,-0.0267135899803,0.00283581175472,0.00763528098207,0.0183952510549,0.0134802373897,0.00930926403631
final,upside,M4_without_mi,product_type:Financial Guarantee,True,173,0.174383552565,0.213056750562,-0.0107322457168,0.321429690339,0.399966884088,0.410699129805,-0.0104913725863,-0.0158812937556,-0.0387307658933,-0.00959091171168,-0.0394094988763,0.00673844246107,0.00290220467118,0.0210478461259,0.0074080383058,0.0237108686571
final,upside,M4_without_mi,product_type:Import LC,True,375,0.190070163653,0.23492604414,0.00210919309355,0.23587166734,0.390577939052,0.388468745958,-0.00924189794764,-0.0139111703637,-0.022947762206,-0.00749443646173,-0.022210529581,0.00149485922093,-0.000491078380653,0.0241835063992,0.00301611331418,0.0260777030712
final,upside,M4_without_mi,product_type:OVD,True,1390,0.179345104786,0.22214147103,-0.0136467099446,0.281052999134,0.402582854109,0.416229564054,-0.00377995558012,-0.00367762169733,-0.0245539986836,-0.00366595251579,-0.023802956026,0.00179506086271,0.00275276653472,-0.00146586343841,0.00156331538649,-0.00078349275546
final,upside,M4_without_mi,product_type:Performance Guarantee,True,301,0.166605288999,0.210862054929,-0.00364936674643,0.317381921498,0.387343887136,0.390993253883,-0.0109749847152,-0.0140658468435,-0.0304234421081,-0.00316775028345,-0.0330859183768,3.17707787929e-05,0.000368865316335,0.0208110990746,0.00912531895122,0.0192633258033
final,upside,M4_without_mi,product_type:Term Loan,True,1922,0.157220485036,0.199863463159,-0.0161580521392,0.390848037347,0.360031555348,0.376189607487,-0.00419262021499,-0.0049432126361,-0.0255537647832,-0.00252082882349,-0.0257363812897,-0.000193895919161,-0.000154109657778,-0.00806529108439,0.00175259353001,-0.00751397529492
final,upside,M4_without_mi,industry:Construction,True,521,0.161076907901,0.203716541336,-0.00773277704477,0.370831165719,0.374821649361,0.382554426406,-0.00569411309593,-0.00466072235562,-0.0235656358413,-0.00344144407477,-0.0255922853445,0.00275764529307,0.0052249598755,0.0117335090952,0.00801348759011,0.00958093934079
final,upside,M4_without_mi,industry:Hospitality,True,321,0.181483993803,0.227123747496,-0.00826698021486,0.282315941133,0.400933523449,0.409200503664,-0.012103640058,-0.0122944093244,-0.0349172652644,-0.0033315143684,-0.0411354026081,-0.000594298406843,0.00111984675218,0.0176294920446,0.0109845568909,0.0152733265854
final,upside,M4_without_mi,industry:Manufacturing,True,828,0.166998607579,0.212815683298,-0.00598108930716,0.353153858606,0.384218237903,0.39019932721,-0.00413447555022,-0.00666735347044,-0.0189035513615,-0.00563857556438,-0.0179503716293,0.00209239482857,0.00135709890901,0.00649435604638,0.00239923980406,0.00856202980293
final,upside,M4_without_mi,industry:Retail,True,801,0.169018908536,0.21279277403,-0.0112775473672,0.336223780653,0.375188878424,0.386466425791,-0.00616095716592,-0.00793785877329,-0.0268795715819,-0.00472495299998,-0.0250082209845,0.000476620606114,0.000261984934677,0.00266063761717,0.002534871,0.00588570460968
final,upside,M4_without_mi,industry:Services,True,939,0.170282457596,0.21266556091,-0.0170462377825,0.304563178495,0.380671333424,0.397717571206,-0.00270546020522,-0.00360500014259,-0.0299875073116,-0.00614295946764,-0.0295526864794,0.00392451761621,0.00388983302814,-0.00290088973716,0.0024521543788,-0.00159595315312
final,upside,M4_without_mi,industry:Technology,True,309,0.169231571588,0.209067949783,-0.0279621558243,0.32512430764,0.380834703188,0.408796859012,-0.00948358780642,-0.0144386926667,-0.0487194009131,-0.0105445252921,-0.0476895899848,0.000119422867551,-0.00208527740224,-0.00578105258907,0.00358151213296,-0.000117726897369
final,upside,M4_without_mi,industry:Transport,True,442,0.16976497444,0.209366627013,-0.0155521158823,0.346494437282,0.375686168314,0.391238284196,-0.00887727264073,-0.0087144722396,-0.037025240097,-0.00514971142988,-0.0369624028885,0.00094133065697,0.00135606706768,0.00684203706891,0.00593088826347,0.00521832908
final,upside,M4_without_mi,collateral_type:Cash,True,412,0.0692563580716,0.0924355444564,-0.00227263148344,0.290097693318,0.130838956061,0.133111587545,-0.0049490733,-0.0032482497849,-0.0113875772457,-0.00469948510165,-0.0114791655282,0.0012000249952,0.00309612743039,0.00715630035879,0.00298885010128,0.0081604799905
final,upside,M4_without_mi,collateral_type:Mortgage,True,1502,0.123283499947,0.161069132338,-0.00761068040582,0.286758036012,0.34430461576,0.351915296166,-0.00259519822743,-0.00357096153346,-0.0160370662785,-0.00277269686492,-0.0163432407247,0.00164482740889,0.00100244502446,0.000463307085119,0.00229238689858,0.000877552512028
final,upside,M4_without_mi,collateral_type:Other,True,800,0.178119429972,0.213879152009,-0.0105136968241,0.180002427046,0.393576651304,0.404090348129,-0.0039079747335,-0.00477077418222,-0.0264523416818,-0.0104169832669,-0.0209946373111,0.00277954256881,0.00266925396504,0.00305324042654,-0.00249830023182,0.00972531251932
final,upside,M4_without_mi,collateral_type:Unsecured,True,1447,0.239709291929,0.273472827432,-0.0217072356076,0.158135047889,0.482315010987,0.504022246594,-0.00765922576584,-0.00763687090552,-0.0360367360041,-0.00152608730848,-0.0386693310952,-0.00204720394007,-0.00146794322774,-0.00614258804573,0.00609312783819,-0.00846162226403
final,upside,M4_without_mi,lien_rank:First,True,1469,0.110420138634,0.145479443794,-0.00760722192516,0.442387285921,0.267690786583,0.275298008508,-0.00318340820133,-0.00395194950945,-0.0154003883582,-0.00331406660912,-0.0144949746982,0.000681215778556,0.000299559588719,0.000554389272874,0.0011246205308,0.0019638988159
final,upside,M4_without_mi,lien_rank:Second,True,1245,0.155818310659,0.196336264567,-0.00771366633894,0.178764215184,0.395722681383,0.403436347722,-0.00296524024227,-0.00365186279108,-0.0190350389984,-0.00581706295542,-0.0171426978342,0.00234689783748,0.00190129237926,0.00396204679441,3.49738238596e-05,0.00632333142157
final,upside,M4_without_mi,lien_rank:Unsecured,True,1447,0.239709291929,0.273472827432,-0.0217072356076,0.158135047889,0.482315010987,0.504022246594,-0.00765922576584,-0.00763687090552,-0.0360367360041,-0.00152608730848,-0.0386693310952,-0.00204720394007,-0.00146794322774,-0.00614258804573,0.00609312783819,-0.00846162226403
final,upside,M4_without_mi,latent_regime:0,True,2511,0.166347420404,0.20476947426,-0.017628570645,0.290269190476,0.33479747731,0.352426047955,-0.00502612875777,-0.0053558105229,-0.0263852127383,-0.00139513381151,-0.0273030375981,-0.0012433064141,-0.00124705852738,-0.00971966922661,0.00342667642456,-0.0110872371577
final,upside,M4_without_mi,latent_regime:1,True,1650,0.172946638309,0.222944824621,-0.00480215311185,0.328855785501,0.450391429809,0.455193582921,-0.00304419987525,-0.00442340060939,-0.0163766798124,-0.0053647682612,-0.0140337884131,0.00185959489468,0.001325447332,0.00518779380801,0.000160622799149,0.00846894781615
final,upside,M4_without_mi,age:1-6,True,1006,0.174097467138,0.214948182284,-0.0109376331068,0.31029325642,0.382446262511,0.393383895618,-0.00224055897212,-0.00491568659466,-0.0259277099331,-0.00886655638648,-0.019570906262,0.00295367143791,0.00129064317421,0.00409357424644,-0.00259806324895,0.00944606127538
final,upside,M4_without_mi,age:7-12,True,1089,0.171039970347,0.215988449744,-0.00163778338945,0.331838986396,0.385295005676,0.386932789066,-0.00403429953086,-0.00461339915151,-0.0134551154829,-0.00165901207413,-0.0160347656385,0.00172318680599,0.0019026267999,0.0133828281229,0.00586297749613,0.0108870429938
final,upside,M4_without_mi,age:13-24,True,2066,0.165370641915,0.208735815469,-0.0190716788517,0.345682130018,0.377296768365,0.396368447217,-0.00641201578423,-0.00641725726133,-0.0287161574016,-0.00228675492473,-0.0304437292526,-0.00174376647664,-0.0011568734155,-0.0102084472225,0.00369188510731,-0.0106733278254
final,upside,M4_without_mi,predicted:0-0.1,True,177,0.0527712219698,0.0775474232222,-0.0286917743429,-0.206107062915,0.0570781931425,0.0857699674855,-0.0113337851205,-0.00717998703865,-0.0394555716054,-0.019588465189,-0.0264477088079,-0.00144538785301,0.00544714473128,-0.0187466717881,-0.00803181572665,-0.00375032923609
final,upside,M4_without_mi,predicted:0.1-0.25,True,707,0.0904478036488,0.118170560173,-0.0184702373821,0.0827027345779,0.185559033975,0.204029271358,-0.00154144473504,-0.00312021282617,-0.0268667598563,-0.0138500131217,-0.0163040901184,0.00409167867756,0.00504058542614,-0.00852737494218,-0.00728846565616,0.00105167823533
final,upside,M4_without_mi,predicted:0.25-0.5,True,2389,0.182499098216,0.215723066062,-0.0153894350071,0.0836421155409,0.381934279838,0.397323714845,-0.00233740046045,-0.00451963398222,-0.0241475194288,-0.0053548396754,-0.0215792243709,0.00150242532193,-0.000340874308306,-0.00686181111185,-0.000597456966661,-0.00320820324997
final,upside,M4_without_mi,predicted:0.5-0.75,True,828,0.222730826013,0.272432886804,0.00320897567746,0.0371311145577,0.582423784404,0.579214808727,-0.0114286451227,-0.00931421484977,-0.017286800476,0.00930984151639,-0.0316777838172,-0.00349214514398,-0.000933382347775,0.0215415007268,0.0187085770305,0.00775231728316
final,upside,M4_without_mi,predicted:0.75-1,False,60,0.156029213336,0.249440221286,0.000938945579284,0.0162178097664,0.797355991393,0.796417045813,-0.0415262181834,-0.0265108860598,-0.0517982423348,0.0312865082953,-0.0966606911375,-0.0106307876032,0.0154352877664,0.073383733172,0.0600595566267,0.0228697912103
final,baseline,M0,all,True,4161,0.174460686719,0.221715141052,-0.00554113573131,0.327614228716,0.413807705731,0.419348841462,0,0,-0.011981709627,0,-0.011981709627,0,0,0.00158295656662,0,0.00158295656662
final,baseline,M0,realized_gt60,True,1323,0.19129817039,0.214109884686,-0.189306691582,-4.03081118886,0.551896888574,0.741203580157,0,0,-0.196266268192,0,-0.196266268192,0,0,-0.183566536763,0,-0.183566536763
final,baseline,M0,realized_gt75,True,536,0.218660562098,0.241727392506,-0.217482168288,-12.9169505577,0.6203728716,0.837855039888,0,0,-0.227908842841,0,-0.227908842841,0,0,-0.208192639738,0,-0.208192639738
final,baseline,M0,realized_ge90,False,92,0.260652573264,0.284673925812,-0.260652573264,-78.3007166754,0.686126830251,0.946779403515,0,0,-0.285461677953,0,-0.285461677953,0,0,-0.236747128769,0,-0.236747128769
final,baseline,M0,low_le10,True,731,0.302885947064,0.35801420882,0.299776649696,-757.316216432,0.344536443617,0.0447597939215,0,0,0.283110911211,0,0.283110911211,0,0,0.316362718681,0,0.316362718681
final,baseline,M0,cure,True,580,0.364106121825,0.398258503187,0.36365724212,-4423.73930123,0.404464760694,0.0408075185738,0,0,0.349534058015,0,0.349534058015,0,0,0.379981561373,0,0.379981561373
final,baseline,M0,unsecured,True,1447,0.24403845447,0.283111148259,-0.0143357498631,0.142245062653,0.521090159099,0.535425908962,0,0,-0.0286251300412,0,-0.0286251300412,0,0,0.00165145702983,0,0.00165145702983
final,baseline,M0,secured,True,2714,0.137364507671,0.180645038632,-0.000852187076692,0.363312158022,0.356608844263,0.35746103134,0,0,-0.00787139050433,0,-0.00787139050433,0,0,0.00627653409295,0,0.00627653409295
final,baseline,M0,guarantee:zero,True,3352,0.185891390953,0.232605951315,-0.00581167932943,0.295214004102,0.436215466215,0.442027145545,0,0,-0.0136835363676,0,-0.0136835363676,0,0,0.00285393904709,0,0.00285393904709
final,baseline,M0,guarantee:partial,True,637,0.135575225359,0.17916804571,-0.00422878734371,0.375094176964,0.337544856101,0.341773643445,0,0,-0.0193572080507,0,-0.0193572080507,0,0,0.0107773264184,0,0.0107773264184
final,baseline,M0,guarantee:full,True,172,0.0957067233031,0.126090598888,-0.00512894841735,0.39020360204,0.259555508468,0.264684456885,0,0,-0.0232592557643,0,-0.0232592557643,0,0,0.0157395742298,0,0.0157395742298
final,baseline,M0,product_type:Financial Guarantee,True,173,0.181660334237,0.228403224106,0.00353746897459,0.276686933836,0.437988670598,0.434451201624,0,0,-0.0276567579833,0,-0.0276567579833,0,0,0.0388454549647,0,0.0388454549647
final,baseline,M0,product_type:Import LC,True,375,0.200740818754,0.253635898041,0.0193261977853,0.174104681323,0.428174490572,0.408848292786,0,0,-0.00930820585091,0,-0.00930820585091,0,0,0.0412501803724,0,0.0412501803724
final,baseline,M0,product_type:OVD,True,1390,0.183086937802,0.229676637384,-0.00576761392145,0.289481113193,0.437886068106,0.443653682027,0,0,-0.0170848550128,0,-0.0170848550128,0,0,0.00629497022765,0,0.00629497022765
final,baseline,M0,product_type:Performance Guarantee,True,301,0.176123403597,0.226091816265,0.000499260178733,0.282515083465,0.417258458788,0.416759198609,0,0,-0.0248387395779,0,-0.0248387395779,0,0,0.0277209708943,0,0.0277209708943
final,baseline,M0,product_type:Term Loan,True,1922,0.162186204242,0.207413050777,-0.0119923340495,0.39403334206,0.390874068057,0.402866402107,0,0,-0.0216892752581,0,-0.0216892752581,0,0,-0.00355780201682,0,-0.00355780201682
final,baseline,M0,industry:Construction,True,521,0.167586237565,0.21205894729,-0.00532676263214,0.374152125674,0.405432003041,0.410758765673,0,0,-0.022339817304,0,-0.022339817304,0,0,0.0152199681457,0,0.0152199681457
final,baseline,M0,industry:Hospitality,True,321,0.18780406029,0.237189909944,-0.00829397521593,0.272951476473,0.433226504515,0.441520479731,0,0,-0.0354641632331,0,-0.0354641632331,0,0,0.0204286175671,0,0.0204286175671
final,baseline,M0,industry:Manufacturing,True,828,0.171580357703,0.222637503672,0.00119384275061,0.349184184766,0.418032144904,0.416838302154,0,0,-0.012128258153,0,-0.012128258153,0,0,0.014756688998,0,0.014756688998
final,baseline,M0,industry:Retail,True,801,0.176770398999,0.225005168842,-0.00193091653046,0.312112988143,0.408667125006,0.410598041536,0,0,-0.0170519254349,0,-0.0170519254349,0,0,0.0133374379964,0,0.0133374379964
final,baseline,M0,industry:Services,True,939,0.171627565475,0.21882612772,-0.00643074955652,0.316384166561,0.415782323976,0.422213073533,0,0,-0.0211596071541,0,-0.0211596071541,0,0,0.0078011696353,0,0.0078011696353
final,baseline,M0,industry:Technology,True,309,0.177388658196,0.222258580786,-0.022143265116,0.300398095147,0.41529681671,0.437440081826,0,0,-0.0459667350887,0,-0.0459667350887,0,0,0.00359061959287,0,0.00359061959287
final,baseline,M0,industry:Transport,True,442,0.178055156498,0.219183452315,-0.00945735589261,0.33533478068,0.405743846891,0.415201202783,0,0,-0.0306995831717,0,-0.0306995831717,0,0,0.0127542013897,0,0.0127542013897
final,baseline,M0,collateral_type:Cash,True,412,0.0747767867262,0.0969583290547,0.00116085185697,0.295883096519,0.143421848796,0.142260996939,0,0,-0.00882627885357,0,-0.00882627885357,0,0,0.0125105024732,0,0.0125105024732
final,baseline,M0,collateral_type:Mortgage,True,1502,0.131211893001,0.173396597023,-0.00293682471989,0.264952532351,0.374633286967,0.377570111687,0,0,-0.012389559445,0,-0.012389559445,0,0,0.00606236828519,0,0.00606236828519
final,baseline,M0,collateral_type:Other,True,800,0.181148717998,0.222295066251,0.00202500504757,0.179913928138,0.432559255753,0.430534250705,0,0,-0.0147940590628,0,-0.0147940590628,0,0,0.0157357062893,0,0.0157357062893
final,baseline,M0,collateral_type:Unsecured,True,1447,0.24403845447,0.283111148259,-0.0143357498631,0.142245062653,0.521090159099,0.535425908962,0,0,-0.0286251300412,0,-0.0286251300412,0,0,0.00165145702983,0,0.00165145702983
final,baseline,M0,lien_rank:First,True,1469,0.117077043261,0.154896171097,-0.0048326568852,0.441536631634,0.2919837338,0.296816390686,0,0,-0.0130891685803,0,-0.0130891685803,0,0,0.00427467975243,0,0.00427467975243
final,baseline,M0,lien_rank:Second,True,1245,0.161302086159,0.206946629093,0.00384444758089,0.169656733073,0.432861283838,0.429016836257,0,0,-0.00866470617261,0,-0.00866470617261,0,0,0.0152528756463,0,0.0152528756463
final,baseline,M0,lien_rank:Unsecured,True,1447,0.24403845447,0.283111148259,-0.0143357498631,0.142245062653,0.521090159099,0.535425908962,0,0,-0.0286251300412,0,-0.0286251300412,0,0,0.00165145702983,0,0.00165145702983
final,baseline,M0,latent_regime:0,True,2511,0.173052523584,0.214189905673,-0.0111247276556,0.284036519067,0.364326440508,0.375451168164,0,0,-0.0203981971729,0,-0.0203981971729,0,0,-0.0028356706934,0,-0.0028356706934
final,baseline,M0,latent_regime:1,True,1650,0.17660365498,0.232700678582,0.00295607597899,0.318514193755,0.489109194806,0.486153118827,0,0,-0.00905932062944,0,-0.00905932062944,0,0,0.0136984826853,0,0.0136984826853
final,baseline,M0,age:1-6,True,1006,0.176576783135,0.223761196466,0.000171913612802,0.310183265109,0.420905564373,0.42073365076,0,0,-0.0147664939203,0,-0.0147664939203,0,0,0.0150439313202,0,0.0150439313202
final,baseline,M0,age:7-12,True,1089,0.176010792155,0.225491678732,0.00225614831234,0.326271369445,0.415145788065,0.412889639752,0,0,-0.0104072152947,0,-0.0104072152947,0,0,0.017783218069,0,0.017783218069
final,baseline,M0,age:13-24,True,2066,0.172613224079,0.218685975431,-0.0124329895376,0.336617573677,0.40964622584,0.422079215377,0,0,-0.0220402532585,0,-0.0220402532585,0,0,-0.00291658916188,0,-0.00291658916188
final,baseline,M0,predicted:0-0.1,True,139,0.0506725001549,0.0704909790489,-0.0253322600074,-0.267725227704,0.0590340374207,0.0843662974281,0,0,-0.0359085716483,0,-0.0359085716483,0,0,-0.0143919105356,0,-0.0143919105356
final,baseline,M0,predicted:0.1-0.25,True,573,0.084290804916,0.108903442242,-0.0130689756454,0.130701027703,0.185412287065,0.19848126271,0,0,-0.0219032412933,0,-0.0219032412933,0,0,-0.00363458775157,0,-0.00363458775157
final,baseline,M0,predicted:0.25-0.5,True,2188,0.177241631364,0.212461906525,-0.0127754020371,0.0888645344584,0.386382333443,0.39915773548,0,0,-0.0215339848649,0,-0.0215339848649,0,0,-0.00468464938704,0,-0.00468464938704
final,baseline,M0,predicted:0.5-0.75,True,1158,0.228389662965,0.279492800283,0.0107391644989,0.042006082339,0.586770374684,0.576031210185,0,0,-0.00519502158292,0,-0.00519502158292,0,0,0.0263539642414,0,0.0263539642414
final,baseline,M0,predicted:0.75-1,True,103,0.177756209308,0.275774290894,0.0336861026718,-0.0218187463622,0.801186916505,0.767500813834,0,0,-0.0248359208235,0,-0.0248359208235,0,0,0.0891375632356,0,0.0891375632356
final,baseline,M1,all,True,4161,0.174776386446,0.222032544998,-0.00613001343903,0.325687696693,0.413218828023,0.419348841462,-0.000533141644861,-0.000577258889457,-0.0126152628171,-0.00159991749823,-0.011981709627,0.0011689258914,0.00126252593548,0.000994140912847,0.000511323674529,0.00158295656662
final,baseline,M1,realized_gt60,True,1323,0.192374071817,0.215418072818,-0.190292509827,-4.09247441244,0.55091107033,0.741203580157,-0.00102940688293,-0.000699717184601,-0.196753327961,-0.00286028670118,-0.196266268192,0.00285104155881,0.00313076584135,-0.184560568153,0.00113950724294,-0.183566536763
final,baseline,M1,realized_gt75,True,536,0.219646446982,0.242977515779,-0.218009905539,-13.0612692575,0.619845134349,0.837855039888,-0.00224521797081,-0.0016428186388,-0.229221982731,-0.00361828606754,-0.227908842841,0.00401823370516,0.00443623384624,-0.208401141535,0.0026130259387,-0.208192639738
final,baseline,M1,realized_ge90,False,92,0.260160557525,0.285165897704,-0.260160557525,-78.5750476322,0.68661884599,0.946779403515,-0.00948853597413,-0.00641965256657,-0.283868697933,-0.00732101274843,-0.285461677953,0.00732101274843,0.00831321930805,-0.234118325748,0.00948853597413,-0.236747128769
final,baseline,M1,low_le10,True,731,0.303140931994,0.358055133046,0.299875553424,-757.489590995,0.344635347346,0.0447597939215,-0.00165802206787,-0.00226376062852,0.283781260691,-0.00187332904345,0.283110911211,0.00253860159695,0.00239364665205,0.316734074688,0.00226000982264,0.316362718681
final,baseline,M1,cure,True,580,0.364819226495,0.398326165692,0.364355634266,-4425.24291949,0.40516315284,0.0408075185738,-0.00144588159841,-0.00242792243901,0.350561054054,-0.00146514331405,0.349534058015,0.00314817558759,0.00253772787233,0.380783427844,0.00315499395307,0.379981561373
final,baseline,M1,unsecured,True,1447,0.243779253702,0.283159094734,-0.0149153486525,0.141954506748,0.520510560309,0.535425908962,-0.00180428040386,-0.00145535296685,-0.0292968640017,-0.0026447327759,-0.0286251300412,0.00166913999864,0.00170924512798,0.00137147090653,0.00145252638805,0.00165145702983
final,baseline,M1,secured,True,2714,0.137986722142,0.181201809836,-0.00144601194535,0.359381402433,0.356015019395,0.35746103134,-0.00027638453742,-0.000388089226498,-0.00847782665375,-0.0017920109015,-0.00787139050433,0.00155260892499,0.00157879987663,0.00573104325845,0.000507971378507,0.00627653409295
final,baseline,M1,guarantee:zero,True,3352,0.186169611532,0.232674381431,-0.0065986749277,0.294799262506,0.435428470617,0.442027145545,-0.000684189483351,-0.000847330954677,-0.0148824083728,-0.00189716673571,-0.0136835363676,0.00116487532652,0.00106183084214,0.00201997129038,0.000394867283073,0.00285393904709
final,baseline,M1,guarantee:partial,True,637,0.136941205451,0.181465484782,-0.0047771717573,0.358965320956,0.336996471688,0.341773643445,-0.000819614729292,6.83369907435e-05,-0.0208023781869,-0.00310889034675,-0.0193572080507,0.00362730370125,0.00466826195618,0.0114828847107,0.00186103088139,0.0107773264184
final,baseline,M1,guarantee:full,True,172,0.0928631294853,0.124968948925,-0.00200679739978,0.401004342454,0.262677659485,0.264684456885,-0.0064101273885,-0.00615072533957,-0.0209757764692,-0.000660096576651,-0.0232592557643,0.000683780625564,0.00403969051016,0.0186311752084,0.0066980285774,0.0157395742298
final,baseline,M1,product_type:Financial Guarantee,True,173,0.179553151064,0.226983477733,0.00314114960277,0.285651163251,0.437592351226,0.434451201624,-0.00614240915396,-0.00561323163504,-0.027359921126,-0.00457001045998,-0.0276567579833,0.00220228718124,0.00314043107002,0.0380336152362,0.00424875895627,0.0388454549647
final,baseline,M1,product_type:Import LC,True,375,0.201130233706,0.253946255339,0.0207110459819,0.172082258914,0.429559338768,0.408848292786,-0.00217517490526,-0.00248330927095,-0.00659943656749,-0.00144227690277,-0.00930820585091,0.00301291314895,0.00284515502915,0.0431647928574,0.00451883657745,0.0412501803724
final,baseline,M1,product_type:OVD,True,1390,0.18427662462,0.230690858931,-0.00659226669077,0.283192143956,0.437061415337,0.443653682027,-0.000160714861442,-0.000303570419911,-0.0178650866322,-0.00230509178677,-0.0170848550128,0.00266985293135,0.00262088348796,0.00578296803375,0.0005052656105,0.00629497022765
final,baseline,M1,product_type:Performance Guarantee,True,301,0.175908555586,0.226640157695,0.000747440158708,0.279030624792,0.417506638768,0.416759198609,-0.00310417331455,-0.00256909985456,-0.0242577475934,-0.00297126262787,-0.0248387395779,0.00253312905467,0.00372663173842,0.0267089783152,0.0032110103002,0.0277209708943
final,baseline,M1,product_type:Term Loan,True,1922,0.162156622151,0.207306546327,-0.0129442121914,0.394655497472,0.389922189915,0.402866402107,-0.00107801213865,-0.00136954884429,-0.0226088121956,-0.00235662761604,-0.0216892752581,0.00122814778741,0.00132910585171,-0.0045124054843,0.000232992803135,-0.00355780201682
final,baseline,M1,industry:Construction,True,521,0.168285876155,0.212557413376,-0.00522671020116,0.371206429716,0.405532055472,0.410758765673,-0.00180224426053,-0.00238088688629,-0.0223758541933,-0.00276825775173,-0.022339817304,0.0033311953861,0.00322795888395,0.0159583750508,0.00344139735462,0.0152199681457
final,baseline,M1,industry:Hospitality,True,321,0.18666017713,0.235042827597,-0.0103573723464,0.286054628173,0.431163107385,0.441520479731,-0.00451086343765,-0.00604473111042,-0.0394104740065,-0.00595396311117,-0.0354641632331,0.0020460315758,0.00197859585607,0.0191693235525,0.0026377693043,0.0204286175671
final,baseline,M1,industry:Manufacturing,True,828,0.171472716146,0.222613768116,0.00245411310846,0.349322945319,0.419292415262,0.416838302154,-0.00197652452918,-0.00191239830047,-0.0107241172242,-0.00120075783997,-0.012128258153,0.00176387436705,0.00191309835309,0.0158584260861,0.00387492785206,0.014756688998
final,baseline,M1,industry:Retail,True,801,0.176578568472,0.225163536217,-0.00324352862948,0.311144324189,0.407354512907,0.410598041536,-0.00166225113964,-0.00153855316666,-0.0177291937278,-0.00351930031269,-0.0170519254349,0.00144003059953,0.00200157578547,0.0118673563358,0.00105473080981,0.0133374379964
final,baseline,M1,industry:Services,True,939,0.172441665742,0.21920201746,-0.00764879721706,0.314033579988,0.414564276316,0.422213073533,-0.00109162764806,-0.00152928217698,-0.0223806395534,-0.00351704867319,-0.0211596071541,0.00267812530284,0.00221162961054,0.00588242648401,0.000828982238408,0.0078011696353
final,baseline,M1,industry:Technology,True,309,0.179844405371,0.225528749659,-0.0235706709265,0.279659664363,0.4138694109,0.437440081826,-8.17937841551e-05,0.00069102155625,-0.0475580625396,-0.00503014805964,-0.0459667350887,0.00540596814675,0.00633662637349,0.00231574339019,0.00238693440595,0.00359061959287
final,baseline,M1,industry:Transport,True,442,0.178136194477,0.219934748619,-0.0100170468333,0.330770418289,0.40518415595,0.415201202783,-0.00243183552425,-0.00163318997766,-0.0313053498757,-0.00367259180028,-0.0306995831717,0.00274349825321,0.00318348917808,0.0110897310486,0.00248779436019,0.0127542013897
final,baseline,M1,collateral_type:Cash,True,412,0.07459416823,0.0969657600981,-0.00112163222495,0.295775163062,0.141139364714,0.142260996939,-0.0024119955315,-0.00214933439454,-0.0110895940716,-0.00547221207666,-0.00882627885357,0.00213164761139,0.00211475363991,0.0103711242326,0.000316104084345,0.0125105024732
final,baseline,M1,collateral_type:Mortgage,True,1502,0.131983295637,0.174271874539,-0.00291121428534,0.257513005313,0.374658897402,0.377570111687,-0.000447664732001,-0.000441944124959,-0.0120216899129,-0.00151845457421,-0.012389559445,0.00186300508566,0.00198446400491,0.0062418897494,0.00144390935973,0.00606236828519
final,baseline,M1,collateral_type:Other,True,800,0.181905320671,0.222545483352,0.00113784989198,0.178065220902,0.431672100597,0.430534250705,-0.000993451684468,-0.00151387235878,-0.0158648956702,-0.00304666411681,-0.0147940590628,0.00257516747041,0.00200670946528,0.0153147944136,0.00118315258919,0.0157357062893
final,baseline,M1,collateral_type:Unsecured,True,1447,0.243779253702,0.283159094734,-0.0149153486525,0.141954506748,0.520510560309,0.535425908962,-0.00180428040386,-0.00145535296685,-0.0292968640017,-0.0026447327759,-0.0286251300412,0.00166913999864,0.00170924512798,0.00137147090653,0.00145252638805,0.00165145702983
final,baseline,M1,lien_rank:First,True,1469,0.117344600885,0.154826029377,-0.00606212420564,0.442042295677,0.29075426648,0.296816390686,-0.000966799574821,-0.00138984108622,-0.0143027985129,-0.00240392420758,-0.0130891685803,0.00136713726355,0.0011364686915,0.00319071753461,-6.12767549075e-05,0.00427467975243
final,baseline,M1,lien_rank:Second,True,1245,0.162342767223,0.208066623678,0.00400062974973,0.160644781624,0.433017466007,0.429016836257,-0.000270884444927,-0.000378166418527,-0.00834569311845,-0.00127873282637,-0.00866470617261,0.0024306874677,0.0025982359198,0.0159286558801,0.00164158130427,0.0152528756463
final,baseline,M1,lien_rank:Unsecured,True,1447,0.243779253702,0.283159094734,-0.0149153486525,0.141954506748,0.520510560309,0.535425908962,-0.00180428040386,-0.00145535296685,-0.0292968640017,-0.0026447327759,-0.0286251300412,0.00166913999864,0.00170924512798,0.00137147090653,0.00145252638805,0.00165145702983
final,baseline,M1,latent_regime:0,True,2511,0.173233274156,0.214525062846,-0.011466616173,0.281794134804,0.363984551991,0.375451168164,-0.000743246453873,-0.000692400502759,-0.0207881619709,-0.00144563801527,-0.0203981971729,0.00112618188877,0.00149183329122,-0.00351058564197,0.00115904378046,-0.0028356706934
final,baseline,M1,latent_regime:1,True,1650,0.177124722784,0.232993844721,0.00199132563066,0.31679598292,0.488144444458,0.486153118827,-0.000875564037939,-0.00118671308603,-0.00966080668328,-0.00252465625979,-0.00905932062944,0.00193663858159,0.00169689006483,0.0125975844164,0.000872964535142,0.0136984826853
final,baseline,M1,age:1-6,True,1006,0.179531916378,0.225767224829,-0.00470983782862,0.297759352178,0.416023812931,0.42073365076,0.00123797445333,6.74596123802e-05,-0.0198824080984,-0.00713275125254,-0.0147664939203,0.00462050910552,0.00384330273846,0.0101131568512,-0.00266222658854,0.0150439313202
final,baseline,M1,age:7-12,True,1089,0.175687434574,0.225918575814,0.00564220852667,0.32371797111,0.418531848279,0.412889639752,-0.00189451058532,-0.00128517145163,-0.00748741723934,0.00115276377827,-0.0104072152947,0.00126554169683,0.00199367654302,0.0202452786189,0.00516677869881,0.017783218069
final,baseline,M1,age:13-24,True,2066,0.171980551729,0.218097576199,-0.0130267445062,0.340182581365,0.409052470871,0.422079215377,-0.00189698229699,-0.00186251986038,-0.0229569288498,-0.00227513772353,-0.0220402532585,0.000693314935097,0.000712853709296,-0.00351281368578,0.000854015389313,-0.00291658916188
final,baseline,M1,predicted:0-0.1,True,137,0.0529067943165,0.0749304228237,-0.032301381397,-0.167530510032,0.0572838080381,0.0895851894351,-0.00659727188415,-0.00660129403335,-0.0441506722437,-0.010398245236,-0.0393287898066,0.00126235551015,0.00355984141297,-0.0209864804363,-0.00109990018404,-0.0140315879464
final,baseline,M1,predicted:0.1-0.25,True,577,0.084364243976,0.109945663011,-0.0106102106946,0.134974588759,0.184607160245,0.195217370939,-0.00154323397501,-0.00155966125227,-0.0184939675146,-0.00454003585222,-0.0161564427902,0.00247342515395,0.00317273843589,-0.000653728860809,-0.000507673098708,0.00187895046506
final,baseline,M1,predicted:0.25-0.5,True,2189,0.179593255323,0.215172504341,-0.0124084855693,0.0727798732628,0.386127269019,0.398535754588,0.000422825639449,-0.000272634273096,-0.0213451830982,-0.00289640679337,-0.0201093551972,0.00259345915662,0.00204097295683,-0.00359395918745,-0.000315992581386,-0.00173175855401
final,baseline,M1,predicted:0.5-0.75,True,1154,0.224024075609,0.274672369997,0.00590777924124,0.0462355337019,0.585923460015,0.580015680774,-0.00331583321342,-0.00257976237721,-0.00860287900534,0.000506695958038,-0.0113328112583,0.000348616089547,0.000873679559447,0.0215210371309,0.00461688520455,0.0192906768539
final,baseline,M1,predicted:0.75-1,True,104,0.189083896644,0.29375657672,0.0517787747039,-0.0278938577009,0.804317937524,0.75253916282,-0.00798903870075,-0.00328001786104,-0.00150850106757,-5.0578460751e-05,-0.0122054975971,0.0045263209783,0.00896766950613,0.112782053152,0.0167207326039,0.102168192359
final,baseline,M2,all,True,4161,0.175641707771,0.222820285257,-0.00637594902001,0.320894478384,0.412972892442,0.419348841462,0.000158187532698,-7.98979234276e-05,-0.0127940438309,-0.00209700265357,-0.011981709627,0.00222876356053,0.0023384178179,0.000708005586525,0.000411292840056,0.00158295656662
final,baseline,M2,realized_gt60,True,1323,0.193922082951,0.216391851269,-0.191894873461,-4.13861863804,0.549308706696,0.741203580157,9.72398964173e-05,-0.000488461751377,-0.198395111349,-0.00508121688329,-0.196266268192,0.00503385503945,0.00451043268371,-0.186056645387,-2.87016293312e-05,-0.183566536763
final,baseline,M2,realized_gt75,True,536,0.219576758721,0.242813673603,-0.218171555682,-13.0423123412,0.619683484205,0.837855039888,-0.00269072537221,-0.0027206819127,-0.228318641544,-0.00457580119854,-0.227908842841,0.0047463184424,0.00478917604912,-0.207573311064,0.00307638234756,-0.208192639738
final,baseline,M2,realized_ge90,False,92,0.260411543996,0.286999141366,-0.260411543996,-79.6014632251,0.686367859519,0.946779403515,-0.0107221432802,-0.00715184636737,-0.286966410432,-0.00899663390699,-0.285461677953,0.00899663390699,0.0104928980934,-0.233912297462,0.0107221432802,-0.236747128769
final,baseline,M2,low_le10,True,731,0.304099639028,0.35924755878,0.300680904615,-762.549976669,0.345440698536,0.0447597939215,-0.00131944081181,-0.00175330106867,0.284551245924,-0.00179330573395,0.283110911211,0.00369843661479,0.00406406843411,0.317297202479,0.00385029960894,0.316362718681
final,baseline,M2,cure,True,580,0.365058520115,0.399464720956,0.364604580051,-4450.58257813,0.405412098625,0.0408075185738,-0.00217862691164,-0.00200743724899,0.351152142684,-0.00228721847338,0.349534058015,0.0040562067813,0.00449062706883,0.380948205968,0.00409411674101,0.379981561373
final,baseline,M2,unsecured,True,1447,0.244820948797,0.284607093182,-0.0144076858065,0.133156447019,0.521018223155,0.535425908962,-0.00149129274731,-0.00056085088689,-0.0289944185429,-0.00294954009928,-0.0286251300412,0.00277598773881,0.00364050099618,0.0022962418907,0.00249074650482,0.00165145702983
final,baseline,M2,secured,True,2714,0.138758007784,0.181474610453,-0.00209373710767,0.357451038708,0.355367294232,0.35746103134,0.000268025111911,-0.000386519421046,-0.00919385496149,-0.00261585605869,-0.00787139050433,0.00256132587275,0.00212496335256,0.00509528475289,0.000201826754603,0.00627653409295
final,baseline,M2,guarantee:zero,True,3352,0.186985087517,0.233369133143,-0.00701479852871,0.290581601059,0.435012347016,0.442027145545,-0.000135466619973,-0.000572764141176,-0.0151766466523,-0.00255253025287,-0.0136835363676,0.00223626835704,0.00189758195473,0.00204514474336,0.000290994946987,0.00285393904709
final,baseline,M2,guarantee:partial,True,637,0.138422769023,0.183084944285,-0.00480163420259,0.347472644932,0.336972009243,0.341773643445,-0.000175350021774,0.000698244355451,-0.0197267749195,-0.00334138175196,-0.0193572080507,0.00565006921714,0.00683517485948,0.0109884594045,0.00233410013255,0.0107773264184
final,baseline,M2,guarantee:full,True,172,0.0924176093819,0.124893058729,0.000243731296506,0.401731628632,0.264928188181,0.264684456885,-0.00884861426853,-0.00831701374827,-0.0176888068059,6.93983385172e-05,-0.0232592557643,0.00159364450293,0.00531682799778,0.0201778090973,0.0102522062142,0.0157395742298
final,baseline,M2,product_type:Financial Guarantee,True,173,0.17903603092,0.226337911661,0.00108935467272,0.289708758834,0.435540556296,0.434451201624,-0.00758724383141,-0.00838756214573,-0.0297155457193,-0.00796531239785,-0.0276567579833,0.00190308384985,0.00375566456901,0.0362713527168,0.00317383147353,0.0388454549647
final,baseline,M2,product_type:Import LC,True,375,0.202867274124,0.252476454057,0.0176518776337,0.181638241665,0.42650017042,0.408848292786,-0.00150656089537,-0.00522146563563,-0.00992738049737,-0.005440562287,-0.00930820585091,0.00571619709247,0.00346950304892,0.040750291463,0.00241976640106,0.0412501803724
final,baseline,M2,product_type:OVD,True,1390,0.184836005167,0.231392895173,-0.00757339094814,0.278822739801,0.436080291079,0.443653682027,-0.000295360075518,-0.000532140995051,-0.0192499603389,-0.00360799397636,-0.0170848550128,0.00372602764678,0.00377169167047,0.00472526220328,-7.27155300894e-05,0.00629497022765
final,baseline,M2,product_type:Performance Guarantee,True,301,0.177432181048,0.22802056378,0.00173938211032,0.270221406095,0.41849858072,0.416759198609,-0.00318344044342,-0.00278302691614,-0.0254012082825,-0.00262187659583,-0.0248387395779,0.00499300011289,0.0064447923072,0.0288080753146,0.00531194722016,0.0277209708943
final,baseline,M2,product_type:Term Loan,True,1922,0.163094459528,0.208742258302,-0.0121408829035,0.386241775222,0.390725519203,0.402866402107,-0.000530712331852,-0.000354130417563,-0.0220742909565,-0.00164652976182,-0.0216892752581,0.0023503685912,0.0028829714247,-0.00355869814111,0.00124962467923,-0.00355780201682
final,baseline,M2,industry:Construction,True,521,0.169546415671,0.212888677385,-0.00457852001459,0.369244992685,0.406180245658,0.410758765673,-0.00103021264679,-0.00250370193078,-0.0213215276542,-0.00337764304833,-0.022339817304,0.00505784420493,0.00405217282255,0.0163421542428,0.00486639275244,0.0152199681457
final,baseline,M2,industry:Hospitality,True,321,0.185305314322,0.234069900102,-0.00921112821767,0.291952952774,0.432309351513,0.441520479731,-0.00685134079655,-0.0080415460659,-0.0378053251279,-0.00711002735214,-0.0354641632331,0.00205102718982,0.0017776934445,0.0187110036633,0.00527258904045,0.0204286175671
final,baseline,M2,industry:Manufacturing,True,828,0.173637239464,0.223764574303,-0.000724467255727,0.34257818139,0.416113834898,0.416838302154,-0.000335578055882,-0.00161921871485,-0.0141449723092,-0.00477653699616,-0.012128258153,0.00439935505455,0.00381821752024,0.0123278850375,0.000985680810805,0.014756688998
final,baseline,M2,industry:Retail,True,801,0.178544933111,0.227228643222,-0.00282391935983,0.29845057923,0.407774122176,0.410598041536,-0.000277545724001,3.77747360611e-05,-0.0176003273822,-0.00384959477042,-0.0170519254349,0.00379687329122,0.00451001626559,0.0123045921953,0.0017602267864,0.0133374379964
final,baseline,M2,industry:Services,True,939,0.173620561629,0.221685832748,-0.00703050587315,0.298399901039,0.41518256766,0.422213073533,-0.000318119306805,0.000339733578351,-0.0214783124999,-0.00337245953906,-0.0211596071541,0.00432862358024,0.00566660867962,0.00661985686908,0.00217212535364,0.0078011696353
final,baseline,M2,industry:Technology,True,309,0.178929364224,0.222193134817,-0.0249917279918,0.300810042201,0.412448353834,0.437440081826,-0.00215137774892,-0.00446142887673,-0.0484680790859,-0.00757934158099,-0.0459667350887,0.00532504187484,0.0047073180689,-2.02344692413e-05,0.00181543115279,0.00359061959287
final,baseline,M2,industry:Transport,True,442,0.176297400366,0.218855761025,-0.00905483151014,0.337320716987,0.406146371273,0.415201202783,-0.00499578896922,-0.00414491058172,-0.0300194844591,-0.0032382171979,-0.0306995831717,0.00166981261717,0.00321166195393,0.0134915890819,0.00452814460968,0.0127542013897
final,baseline,M2,collateral_type:Cash,True,412,0.0761361922818,0.0994687252856,0.00190769822447,0.258949797371,0.144168695163,0.142260996939,-0.00121390552762,-0.000445057281853,-0.00896663717787,-0.00314837936903,-0.00882627885357,0.00399207301832,0.00582934689126,0.013243388592,0.00417879236352,0.0125105024732
final,baseline,M2,collateral_type:Mortgage,True,1502,0.131932595364,0.173826769529,-0.00436405538522,0.261300910146,0.373206056302,0.377570111687,-0.000650999742905,-0.00136130955006,-0.0139473861118,-0.00317007996674,-0.012389559445,0.00226922896262,0.00235180628395,0.00553228098876,0.000495205734005,0.00606236828519
final,baseline,M2,collateral_type:Other,True,800,0.183822954587,0.223382702647,0.000108046262368,0.171869327446,0.430642296967,0.430534250705,0.00035512930877,-0.00161160489551,-0.0166641696873,-0.00466242231262,-0.0147940590628,0.0050768718067,0.00335582214229,0.0152176633179,0.000643054253677,0.0157357062893
final,baseline,M2,collateral_type:Unsecured,True,1447,0.244820948797,0.284607093182,-0.0144076858065,0.133156447019,0.521018223155,0.535425908962,-0.00149129274731,-0.00056085088689,-0.0289944185429,-0.00294954009928,-0.0286251300412,0.00277598773881,0.00364050099618,0.0022962418907,0.00249074650482,0.00165145702983
final,baseline,M2,lien_rank:First,True,1469,0.118163380271,0.155583782897,-0.00513897582853,0.436567388882,0.291677414857,0.296816390686,-0.000316421594808,-0.00108423489576,-0.0132590374523,-0.00183843573253,-0.0130891685803,0.00246688873175,0.00213901401683,0.00395670095959,0.00123938828631,0.00427467975243
final,baseline,M2,lien_rank:Second,True,1245,0.163058014063,0.207917925559,0.00149939998545,0.161844070015,0.430516236242,0.429016836257,-1.78657422909e-05,-0.000860274370703,-0.0112157386474,-0.00435695597181,-0.00866470617261,0.00338914068331,0.00284494302102,0.0133364795377,-0.000267830031596,0.0152528756463
final,baseline,M2,lien_rank:Unsecured,True,1447,0.244820948797,0.284607093182,-0.0144076858065,0.133156447019,0.521018223155,0.535425908962,-0.00149129274731,-0.00056085088689,-0.0289944185429,-0.00294954009928,-0.0286251300412,0.00277598773881,0.00364050099618,0.0022962418907,0.00249074650482,0.00165145702983
final,baseline,M2,latent_regime:0,True,2511,0.172913668497,0.214018859983,-0.0113800948252,0.285179556787,0.364071073339,0.375451168164,-0.00147415341238,-0.00177368571222,-0.020698398095,-0.00190747245243,-0.0203981971729,0.0012621744439,0.00136100020463,-0.00305299687263,0.00145850988054,-0.0028356706934
final,baseline,M2,latent_regime:1,True,1650,0.179793287539,0.235584330682,0.0012394510508,0.301519449468,0.487392569878,0.486153118827,0.00158729663145,0.00116076295303,-0.0105995382404,-0.0037845893028,-0.00905932062944,0.00488503112564,0.00486039834894,0.0122151444398,0.000600370193815,0.0136984826853
final,baseline,M2,age:1-6,True,1006,0.18088093708,0.227304148897,-0.00346084904629,0.288165716768,0.417272801714,0.42073365076,0.00216342122353,0.000843389536766,-0.019153922405,-0.0064229039503,-0.0147664939203,0.0066726814425,0.00657372562096,0.012134603427,-0.000834745470351,0.0150439313202
final,baseline,M2,age:7-12,True,1089,0.176983580482,0.227051019421,0.00495943288504,0.316921091152,0.417849072637,0.412889639752,-0.000946606199582,-0.000662211814669,-0.00870597349777,1.05605322806e-05,-0.0104072152947,0.00310935032936,0.0038889110829,0.0204471816775,0.00500468225043,0.017783218069
final,baseline,M2,age:13-24,True,2066,0.172383254689,0.218318288991,-0.0137703446968,0.338846446999,0.408308870681,0.422079215377,-0.00171859032501,-0.00189921746467,-0.023402994449,-0.00340820307537,-0.0220402532585,0.00110554833427,0.00121256839011,-0.00450104434276,0.00070062820254,-0.00291658916188
final,baseline,M2,predicted:0-0.1,True,137,0.057064502847,0.0822960576492,-0.0361933563793,-0.236048169345,0.05626208879,0.0924554451693,-0.00460795568378,-0.00354013600714,-0.0505013386425,-0.0133382697922,-0.0419326282636,0.00395112503102,0.00927613479101,-0.0227348332349,-0.0039110684381,-0.0158067934422
final,baseline,M2,predicted:0.1-0.25,True,577,0.0850893765319,0.109491498125,-0.0091361538664,0.149177944928,0.187022683027,0.196158836893,-0.00147713109047,-0.00208513464103,-0.018459106543,-0.00444364249207,-0.0159889752212,0.0033475370847,0.00371163208637,-0.000199315170076,0.000715363240189,0.00161890864188
final,baseline,M2,predicted:0.25-0.5,True,2215,0.178928185437,0.214187824478,-0.0137310341302,0.0813598304482,0.386847784208,0.400578818339,0.000454041327976,-0.000963277440543,-0.0224331585964,-0.00485210843329,-0.0200915764868,0.00319867859777,0.00215417407217,-0.0047275015522,-0.00144133174703,-0.00160022844056
final,baseline,M2,predicted:0.5-0.75,True,1130,0.230850728288,0.282730705019,0.0101453416169,0.0248557873097,0.587463425637,0.57731808402,-0.00155805084692,-0.000803267572545,-0.00530074747069,0.00100884528199,-0.00865772299171,0.00336962960033,0.00395629565007,0.0252460657432,0.00607606827973,0.0223286473124
final,baseline,M2,predicted:0.75-1,True,102,0.16415181548,0.258182564325,0.0259777578813,-0.0363663774242,0.804497041076,0.778519283194,-0.0139503691329,-0.00965556205776,-0.0231879194748,0.00263096772228,-0.0353352581173,0.00378478857612,0.0156589137645,0.081295966903,0.0273579845653,0.0616225449471
final,baseline,M3,all,True,4161,0.174945827066,0.222065056389,-0.00655906265555,0.3254902082,0.412789778807,0.419348841462,-0.000568244798344,-0.000952287479996,-0.0128378625446,-0.00252726710006,-0.011981709627,0.0017034230815,0.00169092056849,0.000566208180701,0.00028746418135,0.00158295656662
final,baseline,M3,realized_gt60,True,1323,0.193401560502,0.216065392788,-0.191072297007,-4.1231256311,0.55013128315,0.741203580157,-0.000668603768112,-0.000824389896044,-0.197525336809,-0.00438869628876,-0.196266268192,0.00451256347311,0.00451996947904,-0.185264787107,0.00121292015023,-0.183566536763
final,baseline,M3,realized_gt75,True,536,0.219723498187,0.24353250124,-0.217858729286,-13.1255773669,0.619996310602,0.837855039888,-0.00290598942555,-0.00246291501128,-0.228471120554,-0.00451540229242,-0.227908842841,0.00499463077961,0.00532667618318,-0.206906182587,0.00362944794366,-0.208192639738
final,baseline,M3,realized_ge90,False,92,0.258335411396,0.283690198323,-0.258183545136,-77.7535959136,0.688595858379,0.946779403515,-0.0128776477059,-0.00971761195854,-0.282994416179,-0.00737114199609,-0.285461677953,0.00737481875817,0.00755082929726,-0.23242254889,0.0131083933696,-0.236747128769
final,baseline,M3,low_le10,True,731,0.302448489509,0.357825491003,0.299082665264,-756.516974056,0.343842459186,0.0447597939215,-0.00343712471973,-0.00311058975572,0.282801285744,-0.00350155228344,0.283110911211,0.00214662454717,0.00276660703781,0.315787607005,0.00237810012818,0.316362718681
final,baseline,M3,cure,True,580,0.363470855536,0.397954872834,0.363121466343,-4416.99507349,0.403928984917,0.0408075185738,-0.00376427023032,-0.00386076266859,0.349683646538,-0.00362440369354,0.349534058015,0.00285118273955,0.00309557115737,0.378837602319,0.00290868229323,0.379981561373
final,baseline,M3,unsecured,True,1447,0.243379200002,0.283032885096,-0.0136509342799,0.142719232155,0.521774974682,0.535425908962,-0.003005187065,-0.00247012584658,-0.0273235072001,-0.00248445050086,-0.0286251300412,0.00190203027479,0.00223686733587,0.00270550469956,0.00395046160224,0.00165145702983
final,baseline,M3,secured,True,2714,0.138459795143,0.181367944092,-0.00277795055519,0.358206166009,0.354683080785,0.35746103134,-0.000117681604066,-0.000532421301272,-0.0095490391858,-0.00344634229638,-0.00787139050433,0.00213782583144,0.00203073834889,0.00473534237102,-0.000421882942864,0.00627653409295
final,baseline,M3,guarantee:zero,True,3352,0.186399258145,0.23272021508,-0.00705281634332,0.294521405475,0.434974329201,0.442027145545,-0.000817821528499,-0.00122500978059,-0.0154443374291,-0.00266795949399,-0.0136835363676,0.00173226521538,0.00150658054698,0.00200898600039,0.000286532638026,0.00285393904709
final,baseline,M3,guarantee:partial,True,637,0.137043558155,0.181411358017,-0.00520510745285,0.359347674209,0.336568535992,0.341773643445,-0.00152571014379,-0.0011506294017,-0.0204414233022,-0.00407604822491,-0.0193572080507,0.00433319824286,0.00586994244998,0.0101268532635,0.00172309989808,0.0107773264184
final,baseline,M3,guarantee:full,True,172,0.0921077126407,0.124994264367,-0.00195096441552,0.400761636146,0.262733492469,0.264684456885,-0.00852211905899,-0.0078560786593,-0.0196219766351,-0.00226946569505,-0.0232592557643,0.000811965630751,0.00530024165818,0.0174334119418,0.00804873605811,0.0157395742298
final,baseline,M3,product_type:Financial Guarantee,True,173,0.179715840817,0.226567660102,0.0020903300802,0.288266038721,0.436541531704,0.434451201624,-0.00696978348908,-0.00862689024574,-0.0283624293892,-0.00760268141711,-0.0276567579833,0.00307662492142,0.00446912492724,0.0363203153618,0.00391204305078,0.0388454549647
final,baseline,M3,product_type:Import LC,True,375,0.20053873547,0.250786009706,0.0184495520122,0.192560161398,0.427297844799,0.408848292786,-0.00369022043886,-0.00681200679114,-0.00763891269289,-0.00472952068617,-0.00930820585091,0.00315515471642,0.00110166457517,0.0401699294795,0.00312234594374,0.0412501803724
final,baseline,M3,product_type:OVD,True,1390,0.18365402842,0.2302562167,-0.00733921893843,0.285890659782,0.436314463089,0.443653682027,-0.00160534556565,-0.00158166049792,-0.0183351387254,-0.00349252035527,-0.0170848550128,0.0024318574142,0.0025687672412,0.00506735961335,0.000219707153228,0.00629497022765
final,baseline,M3,product_type:Performance Guarantee,True,301,0.176264401824,0.225857428516,-0.000863317377324,0.284001935197,0.415895881232,0.416759198609,-0.00436510305928,-0.00529440165127,-0.0271303698766,-0.00541123426011,-0.0248387395779,0.00385509230278,0.00485999140307,0.0265126981463,0.00300803663281,0.0277209708943
final,baseline,M3,product_type:Term Loan,True,1922,0.163018749066,0.208652370434,-0.0125447949861,0.386770250295,0.390321607121,0.402866402107,-0.00062685457303,-0.000582186230437,-0.0223309524302,-0.00226672051658,-0.0216892752581,0.00238668746149,0.00308044874927,-0.00350422255667,0.000952539567555,-0.00355780201682
final,baseline,M3,industry:Construction,True,521,0.167569713317,0.21118509808,-0.00448971207084,0.379299466596,0.406269053602,0.410758765673,-0.00299001435864,-0.00463000406915,-0.0203452647886,-0.00323106039803,-0.022339817304,0.00341900631432,0.00276385788373,0.0167633362152,0.00486746012476,0.0152199681457
final,baseline,M3,industry:Hospitality,True,321,0.18633652334,0.2340419073,-0.0106250560588,0.292122295654,0.430895423672,0.441520479731,-0.00534082921402,-0.00795070484676,-0.0384949200295,-0.00794956260373,-0.0354641632331,0.00292421939138,0.0015319202409,0.0182101223047,0.00306100187518,0.0204286175671
final,baseline,M3,industry:Manufacturing,True,828,0.172048429772,0.222819409677,0.0020703567838,0.348120251986,0.418908658937,0.416838302154,-0.00216693792681,-0.00261504805999,-0.0116810567745,-0.0024889518886,-0.012128258153,0.00292097449056,0.00285722860155,0.0155869961211,0.00411598395096,0.014756688998
final,baseline,M3,industry:Retail,True,801,0.177896981172,0.226176491406,-0.00427813625291,0.304932399175,0.406319905283,0.410598041536,-0.00105430798254,-0.00124873778997,-0.0199691668301,-0.00553511810271,-0.0170519254349,0.00351705425851,0.00384618012337,0.0108618321498,0.000589396708238,0.0133374379964
final,baseline,M3,industry:Services,True,939,0.172398779673,0.220168499495,-0.0079255852634,0.307971265541,0.41428748827,0.422213073533,-0.00176426311473,-0.00143736265879,-0.022696725828,-0.00409406288064,-0.0211596071541,0.00320876310827,0.0042357497942,0.00603878679515,0.00153719959709,0.0078011696353
final,baseline,M3,industry:Technology,True,309,0.179555897571,0.223504403304,-0.0257720353428,0.292533179158,0.411668046483,0.437440081826,-0.00172191065245,-0.00305775508602,-0.0485498264173,-0.00863604038859,-0.0459667350887,0.00614550890531,0.00611612234267,-0.0010466441849,0.000940951940007,0.00359061959287
final,baseline,M3,industry:Transport,True,442,0.177635596285,0.219697234102,-0.0100096414504,0.332215082338,0.405191561333,0.415201202783,-0.00360694594789,-0.00299024348033,-0.0316523251392,-0.00426066208316,-0.0306995831717,0.00267333140003,0.00396328606193,0.0118555719484,0.00360855569264,0.0127542013897
final,baseline,M3,collateral_type:Cash,True,412,0.0751557403339,0.0983983290864,-0.000582013435786,0.274813062118,0.141678983503,0.142260996939,-0.00225890123844,-0.00160635408149,-0.0108326889266,-0.00531974016441,-0.00882627885357,0.00303071729777,0.00442063134946,0.010841900881,0.00147931230632,0.0125105024732
final,baseline,M3,collateral_type:Mortgage,True,1502,0.13193241975,0.173905855898,-0.00421398948634,0.260628581959,0.373356122201,0.377570111687,-0.000828047772959,-0.00117722686024,-0.0134298386645,-0.00328603733872,-0.012389559445,0.00242057304879,0.00224900162695,0.00505259873897,0.000672309050747,0.00606236828519
final,baseline,M3,collateral_type:Other,True,800,0.183316530668,0.223217323806,-0.00121269507844,0.173095067776,0.429321555627,0.430534250705,-0.000249810136265,-0.00168121969859,-0.0181795066034,-0.00596862545765,-0.0147940590628,0.0048592686331,0.00334415350357,0.0132184952871,-0.000697408107975,0.0157357062893
final,baseline,M3,collateral_type:Unsecured,True,1447,0.243379200002,0.283032885096,-0.0136509342799,0.142719232155,0.521774974682,0.535425908962,-0.003005187065,-0.00247012584658,-0.0273235072001,-0.00248445050086,-0.0286251300412,0.00190203027479,0.00223686733587,0.00270550469956,0.00395046160224,0.00165145702983
final,baseline,M3,lien_rank:First,True,1469,0.118011672872,0.155563037929,-0.00615789789846,0.436717630919,0.290658492787,0.296816390686,-0.000584632156994,-0.000977873149196,-0.0141992540468,-0.00283661384149,-0.0130891685803,0.00234193253227,0.00230947631067,0.00302234199147,0.000294075941356,0.00427467975243
final,baseline,M3,lien_rank:Second,True,1245,0.162586937002,0.207733266944,0.00121011582815,0.163332195522,0.430226952085,0.429016836257,-0.000632559691894,-0.00112261072091,-0.0113000211551,-0.00457592405603,-0.00866470617261,0.00309411649743,0.00260518759641,0.0126319441008,-0.000287427800262,0.0152528756463
final,baseline,M3,lien_rank:Unsecured,True,1447,0.243379200002,0.283032885096,-0.0136509342799,0.142719232155,0.521774974682,0.535425908962,-0.003005187065,-0.00247012584658,-0.0273235072001,-0.00248445050086,-0.0286251300412,0.00190203027479,0.00223686733587,0.00270550469956,0.00395046160224,0.00165145702983
final,baseline,M3,latent_regime:0,True,2511,0.172612979765,0.213793840308,-0.011250003787,0.286681892657,0.364201164377,0.375451168164,-0.00195606667702,-0.00239039717181,-0.0201561657955,-0.00178101970727,-0.0203981971729,0.00109097838806,0.00131415032803,-0.00274667460582,0.00166539838497,-0.0028356706934
final,baseline,M3,latent_regime:1,True,1650,0.178495996504,0.234092226059,0.000579696848109,0.310339268517,0.486732815675,0.486153118827,3.74969793632e-05,-0.000507433635602,-0.0112666101832,-0.00464056743683,-0.00905932062944,0.00372900250602,0.00347544126872,0.0109151383229,0.000189442397334,0.0136984826853
final,baseline,M3,age:1-6,True,1006,0.179941505185,0.225933155327,-0.00456878478196,0.296726731428,0.416164865978,0.42073365076,0.00120256955676,-0.00038187634081,-0.0196626702833,-0.00756207324695,-0.0147664939203,0.00584659906053,0.00531026323794,0.0102638795004,-0.00195094845733,0.0150439313202
final,baseline,M3,age:7-12,True,1089,0.17623699638,0.22609064645,0.00438714161036,0.322687399861,0.417276781363,0.412889639752,-0.0014838836869,-0.00141568300871,-0.00840554304159,-0.000269369995978,-0.0104072152947,0.00236557813873,0.00289477788417,0.0195287663291,0.00438749574997,0.017783218069
final,baseline,M3,age:13-24,True,2066,0.171832692714,0.21798655691,-0.0132979958532,0.340854150647,0.408781219524,0.422079215377,-0.00239247506833,-0.00243597271539,-0.0230050617302,-0.00314291874196,-0.0220402532585,0.000705189347666,0.00096471435582,-0.00393248071168,0.00129519975849,-0.00291658916188
final,baseline,M3,predicted:0-0.1,True,159,0.0583136910442,0.0815893923263,-0.03487728262,-0.198148018688,0.0611943540323,0.0960716366523,-0.00656524358931,-0.00461494293541,-0.0454924599863,-0.0169212880045,-0.036385463334,0.00235616066773,0.00675842770236,-0.0237211271614,-0.00491369569711,-0.01231715146
final,baseline,M3,predicted:0.1-0.25,True,552,0.0853717772458,0.110608034762,-0.0103771137032,0.136486210479,0.187676527098,0.198053640801,-0.00167250652327,-0.00265653458169,-0.0207187747521,-0.00623284286963,-0.01785177301,0.00306232624836,0.00357649824893,-0.000898812904263,-0.000451920258965,0.00163735442758
final,baseline,M3,predicted:0.25-0.5,True,2222,0.179125147409,0.214692714853,-0.0115749665211,0.0749834805098,0.387215903137,0.398790869658,0.000487331354017,-0.00065425874066,-0.0217105379226,-0.00488493864199,-0.0187138058641,0.00336495295212,0.00235572542734,-0.00263946990986,-0.00147089810645,0.000386897206703
final,baseline,M3,predicted:0.5-0.75,True,1129,0.22831805454,0.280235594659,0.00698029382015,0.0269470667309,0.588094138328,0.581113844508,-0.00372955519649,-0.0032013754974,-0.00901172587835,0.000616439271499,-0.0128748447891,0.000995311813203,0.00169495851317,0.0222684845471,0.00680823854597,0.0183521622691
final,baseline,M3,predicted:0.75-1,False,99,0.159245731163,0.252223975582,0.0183860492725,-0.0497365127792,0.807463691146,0.789077641873,-0.0192678051278,-0.00832661627271,-0.0316881775231,0.00996236972516,-0.0538630927944,4.84389689358e-05,0.0103524523499,0.0692936086546,0.0323932809956,0.0465711728718
final,baseline,M4,all,True,4161,0.172758769316,0.219075413052,-0.0078227036838,0.343529691384,0.411526137778,0.419348841462,-0.00346887468646,-0.00455547698196,-0.0141268370226,-0.00395728266188,-0.011981709627,-0.000113469786603,-0.000702760957011,-0.000719117923782,-0.000391326590476,0.00158295656662
final,baseline,M4,realized_gt60,True,1323,0.190881063753,0.214172705719,-0.188550656585,-4.03376375797,0.552652923572,0.741203580157,-0.00406540852291,-0.00357405679602,-0.194763698974,-0.00292145292515,-0.196266268192,0.00305163332357,0.00375091889955,-0.182667236437,0.00460575725198,-0.183566536763
final,baseline,M4,realized_gt75,True,536,0.21375676642,0.238690406456,-0.212415653455,-12.5694510163,0.625439386433,0.837855039888,-0.0110158841918,-0.00969002273336,-0.223181950273,-0.00121993074377,-0.227908842841,0.00120675319381,0.00369671237648,-0.200886347467,0.0111625303305,-0.208192639738
final,baseline,M4,realized_ge90,False,92,0.24591864806,0.272319707885,-0.245464880851,-71.5671181287,0.701314522664,0.946779403515,-0.0297830463057,-0.0266949422144,-0.272100769888,0.00057343497808,-0.285461677953,-0.00025625879511,0.00397731353172,-0.219401331793,0.0300539887524,-0.236747128769
final,baseline,M4,low_le10,True,731,0.29393583628,0.348792569375,0.291068700243,-718.754295442,0.335828494165,0.0447597939215,-0.0127785279102,-0.0135829754552,0.275295168125,-0.0124874995801,0.283110911211,-0.0045828278116,-0.00414991036719,0.308683179576,-0.00420496598257,0.316362718681
final,baseline,M4,cure,True,580,0.351818462034,0.387368649807,0.351496251559,-4185.0702585,0.392303770133,0.0408075185738,-0.0171840388372,-0.0164856614352,0.338239989997,-0.0170846305142,0.349534058015,-0.00710445420182,-0.00528044636243,0.366858077192,-0.00709423794854,0.379981561373
final,baseline,M4,unsecured,True,1447,0.238524930685,0.278419216153,-0.0137777860204,0.170440202222,0.521648122941,0.535425908962,-0.00864540995875,-0.00801506824917,-0.0280851594589,-0.00356215722458,-0.0286251300412,-0.00239448140573,-0.000985463092829,0.00101308894607,0.00485525911565,0.00165145702983
final,baseline,M4,secured,True,2714,0.137694791608,0.17959229927,-0.00464768373499,0.37071134609,0.352813347605,0.35746103134,-0.00139915851774,-0.00302448283276,-0.0120486647395,-0.00607448824875,-0.00787139050433,0.00207015131661,0.00103689107219,0.00205042194484,-0.00180095940567,0.00627653409295
final,baseline,M4,guarantee:zero,True,3352,0.184220391415,0.229864773082,-0.0088756426424,0.311727428492,0.433151502902,0.442027145545,-0.00358747194712,-0.00496319472117,-0.0168501905294,-0.00520616745218,-0.0136835363676,-2.88799471517e-07,-0.000628898513119,-0.000200969628708,-0.00081516275107,0.00285393904709
final,baseline,M4,guarantee:partial,True,637,0.134287218884,0.177093315099,-0.0050026787265,0.38948295441,0.336770964719,0.341773643445,-0.00484528743748,-0.00671795967049,-0.0199421484489,-0.00450234922141,-0.0193572080507,0.00219914744111,0.00188686204578,0.0102709839407,0.00252437239956,0.0107773264184
final,baseline,M4,guarantee:full,True,172,0.0918693527501,0.123260293379,0.00225343289429,0.417272070432,0.266937889779,0.264684456885,-0.00973357668144,-0.00905147813376,-0.0153699384181,0.0013302329667,-0.0232592557643,0.00112434578462,0.00344660129302,0.0228213472225,0.0126152265124,0.0157395742298
final,baseline,M4,product_type:Financial Guarantee,True,173,0.18062409187,0.222955074133,-0.00270868419206,0.310782062666,0.431742517432,0.434451201624,-0.0106669332321,-0.0158213183806,-0.0329812663269,-0.0144987651749,-0.0276567579833,0.00643043521524,0.00418057485494,0.0322985506061,0.00218654664199,0.0388454549647
final,baseline,M4,product_type:Import LC,True,375,0.193553724629,0.243392401879,0.0130380221003,0.239467818603,0.421886314887,0.408848292786,-0.0132095502106,-0.0184015707959,-0.0125322788967,-0.0120697672458,-0.00930820585091,-0.000437669025723,-0.00235408823234,0.0351217072534,0.000281032699723,0.0412501803724
final,baseline,M4,product_type:OVD,True,1390,0.183080199711,0.229832558829,-0.00767918122876,0.288516080462,0.435974500799,0.443653682027,-0.00288489462107,-0.00283501148536,-0.0186581420732,-0.00471026248438,-0.0170848550128,0.00288077000569,0.00344161076048,0.00486655850853,0.000805620687129,0.00629497022765
final,baseline,M4,product_type:Performance Guarantee,True,301,0.17165842866,0.219393196818,-0.000124866601799,0.324400370332,0.416634332008,0.416759198609,-0.0111208181799,-0.0152410643636,-0.0257136678399,-0.00787302650389,-0.0248387395779,0.0013381536382,0.0011738615406,0.0254330666695,0.00549685806524,0.0277209708943
final,baseline,M4,product_type:Term Loan,True,1922,0.160701331878,0.205259238716,-0.0136624761683,0.406552919815,0.389203925939,0.402866402107,-0.00364549864584,-0.00497333800658,-0.0233916288517,-0.00422031911483,-0.0216892752581,0.000371638420941,0.000341275005129,-0.00475633237937,0.000557091436105,-0.00355780201682
final,baseline,M4,industry:Construction,True,521,0.164450206582,0.209769638508,-0.00362508190277,0.387592023294,0.40713368377,0.410758765673,-0.00742721868004,-0.00718747351268,-0.0186684445634,-0.00412360051555,-0.022339817304,0.00141659171715,0.00359176866965,0.0162027848476,0.00754886057459,0.0152199681457
final,baseline,M4,industry:Hospitality,True,321,0.180409288083,0.229860718894,-0.00936415360495,0.31718901768,0.432156326126,0.441520479731,-0.0138423624587,-0.0151904618307,-0.0371032746868,-0.0090623594981,-0.0354641632331,-0.00127112124914,0.00043266364251,0.0176855557854,0.00646247225913,0.0204286175671
final,baseline,M4,industry:Manufacturing,True,828,0.171785177453,0.22057782862,-0.00322660017884,0.361170203017,0.413611701975,0.416838302154,-0.00348265439771,-0.00635027044485,-0.0171985700529,-0.00879299593295,-0.012128258153,0.0040726450102,0.00185383334827,0.0097963582655,-0.000395980487474,0.014756688998
final,baseline,M4,industry:Retail,True,801,0.176256862066,0.222869920257,-0.00537079806044,0.325106826804,0.405227243476,0.410598041536,-0.00385488556865,-0.00613624283141,-0.0210316915765,-0.00718920550826,-0.0170519254349,0.00329426534844,0.00220001796447,0.00963912027512,0.000485301253919,0.0133374379964
final,baseline,M4,industry:Services,True,939,0.172755801516,0.218824714383,-0.00914741080279,0.316392997104,0.41306566273,0.422213073533,-0.00219019781835,-0.00392230199592,-0.0231375510576,-0.00721514076369,-0.0211596071541,0.0045401972758,0.00424292753149,0.00495332852372,0.00124822562821,0.0078011696353
final,baseline,M4,industry:Technology,True,309,0.172126093887,0.213437658621,-0.0266029541838,0.354827265048,0.410837127642,0.437440081826,-0.0114497735914,-0.0170895414895,-0.0468877622405,-0.0123061650213,-0.0459667350887,0.000162095650536,-0.00259518009783,-0.00443708046671,0.00317106911243,0.00359061959287
final,baseline,M4,industry:Transport,True,442,0.172929334706,0.216432700626,-0.00876095762142,0.351913187433,0.406440245162,0.415201202783,-0.0102939354734,-0.00873806449763,-0.0302090414789,-0.00583993492709,-0.0306995831717,-0.00028119593869,0.00295809528093,0.0141121776168,0.00726012674507,0.0127542013897
final,baseline,M4,collateral_type:Cash,True,412,0.0750441380182,0.0987068216537,0.00144212551152,0.270258808587,0.14370312245,0.142260996939,-0.00274112457921,-0.00158054594581,-0.0091753252115,-0.00408860331716,-0.00882627885357,0.00336294829715,0.00521029533037,0.0125798209068,0.00349939424649,0.0125105024732
final,baseline,M4,collateral_type:Mortgage,True,1502,0.131071094446,0.171122519335,-0.00594032130173,0.284106240576,0.371629790385,0.377570111687,-0.00233744595064,-0.00447075148709,-0.0150795225641,-0.00586673775676,-0.012389559445,0.00202296245313,0.000213443157122,0.00328062476033,-0.000268166056716,0.00606236828519
final,baseline,M4,collateral_type:Other,True,800,0.182395869626,0.222313515489,-0.00535700846537,0.179777797442,0.42517724224,0.430534250705,-0.00277573143751,-0.00360378480284,-0.0209917194762,-0.0119668582056,-0.0147940590628,0.00479704845324,0.00366948442548,0.00849442045203,-0.00362794265676,0.0157357062893
final,baseline,M4,collateral_type:Unsecured,True,1447,0.238524930685,0.278419216153,-0.0137777860204,0.170440202222,0.521648122941,0.535425908962,-0.00864540995875,-0.00801506824917,-0.0280851594589,-0.00356215722458,-0.0286251300412,-0.00239448140573,-0.000985463092829,0.00101308894607,0.00485525911565,0.00165145702983
final,baseline,M4,lien_rank:First,True,1469,0.117471259004,0.153827751137,-0.00728698541816,0.449214233763,0.289529405267,0.296816390686,-0.00171137304894,-0.00332041722597,-0.0151996935242,-0.00473929543815,-0.0130891685803,0.00242060242355,0.00136938328537,0.00109431943687,-0.000377692050712,0.00427467975243
final,baseline,M4,lien_rank:Second,True,1245,0.1615569357,0.2058868523,-0.00153351974094,0.178139358152,0.427483316516,0.429016836257,-0.00229267161732,-0.00396308125728,-0.0131625001482,-0.00825335766564,-0.00866470617261,0.0029601213596,0.00157729750656,0.0105862499522,-0.001975119672,0.0152528756463
final,baseline,M4,lien_rank:Unsecured,True,1447,0.238524930685,0.278419216153,-0.0137777860204,0.170440202222,0.521648122941,0.535425908962,-0.00864540995875,-0.00801506824917,-0.0280851594589,-0.00356215722458,-0.0286251300412,-0.00239448140573,-0.000985463092829,0.00101308894607,0.00485525911565,0.00165145702983
final,baseline,M4,latent_regime:0,True,2511,0.170298383247,0.210942385443,-0.0121532056418,0.305582626955,0.363297962522,0.375451168164,-0.00474593634253,-0.00574852848384,-0.0209796756189,-0.00340010562271,-0.0203981971729,-0.000646030949574,-0.000602804791926,-0.00371319856377,0.00155933436882,-0.0028356706934
final,baseline,M4,latent_regime:1,True,1650,0.176503029571,0.230903361365,-0.00123246706766,0.329000763797,0.48492065176,0.486153118827,-0.00278222829524,-0.00482290496651,-0.0126387167409,-0.00746914758913,-0.00905932062944,0.00262265286924,0.00148641949531,0.00919755868222,-0.00110233921856,0.0136984826853
final,baseline,M4,age:1-6,True,1006,0.176731276719,0.221377098132,-0.00653543102128,0.324804474506,0.414198219739,0.42073365076,-0.00277740666212,-0.00604385994656,-0.0215102635278,-0.00990780560742,-0.0147664939203,0.00357473767904,0.00175250875694,0.0080988411929,-0.00340659482076,0.0150439313202
final,baseline,M4,age:7-12,True,1089,0.174943304425,0.223292731315,0.00202096946065,0.339347419361,0.414910609213,0.412889639752,-0.00425911552123,-0.00585021461194,-0.0104872805532,-0.0042134151246,-0.0104072152947,0.00174478692143,0.00106175981468,0.0166322622572,0.00399807762557,0.017783218069
final,baseline,M4,age:13-24,True,2066,0.169672950739,0.215678051959,-0.0136381714248,0.354741101213,0.408441043953,0.422079215377,-0.00546794747761,-0.00588782981024,-0.0232860141497,-0.00433229468687,-0.0220402532585,-0.000547071259188,-0.00029485995145,-0.00400010419182,0.00155821690867,-0.00291658916188
final,baseline,M4,predicted:0-0.1,True,147,0.0558110498922,0.0805089190502,-0.0323930247204,-0.292651000068,0.0590783548336,0.091471379554,-0.0067531529928,-0.00479458879735,-0.0464443948911,-0.0237406007687,-0.0289180056396,0.00444221275739,0.0119597957316,-0.0209628850785,-0.00949556949844,-0.00469066334435
final,baseline,M4,predicted:0.1-0.25,True,573,0.0869540637691,0.114603753134,-0.0139617879565,0.127674042146,0.18423379942,0.198195587376,-0.00274373903555,-0.00301810019633,-0.0231651562222,-0.0142811573592,-0.012769544407,0.00411806006032,0.00480702968514,-0.0053744700195,-0.00588059216279,0.00449574641412
final,baseline,M4,predicted:0.25-0.5,True,2243,0.17913096809,0.214084324743,-0.0133479647754,0.0967796883998,0.386253421098,0.399601385873,-0.00151922899374,-0.00491352429093,-0.0225203955381,-0.0101836085574,-0.0151259954032,0.00279568797771,0.000110871994478,-0.00597380734879,-0.00498442955957,0.00220808889437
final,baseline,M4,predicted:0.5-0.75,True,1094,0.221783354521,0.273447078981,0.00873365440062,0.0398796419388,0.592178447165,0.583444792764,-0.00836157260828,-0.00763445629781,-0.00618919768991,0.00612622164102,-0.01762549334,-0.00182877174762,-0.000304654844756,0.0241454154765,0.0146510729838,0.0144098086733
final,baseline,M4,predicted:0.75-1,True,104,0.15767870171,0.252319873926,0.0057353478996,-0.0158881296977,0.806732012957,0.800996665058,-0.0392538652256,-0.0210489790725,-0.0412569079122,0.0309157540923,-0.0866754741783,-0.015418031932,0.00981965842358,0.0531187218937,0.0582614740802,0.00806325477467
final,baseline,M4_without_mi,all,True,4161,0.172587114434,0.219179874974,-0.0070335256921,0.342903491491,0.41231531577,0.419348841462,-0.00365452948511,-0.00434973653303,-0.0135437095625,-0.00326136885252,-0.011981709627,-0.000268804861218,-0.00071538253807,-0.000172169919154,0.000327957450954,0.00158295656662
final,baseline,M4_without_mi,realized_gt60,True,1323,0.190254897857,0.213333722469,-0.187892757775,-3.9944032656,0.553310822382,0.741203580157,-0.00483254369541,-0.00443262297367,-0.194104417393,-0.00212496985695,-0.196266268192,0.00271208572527,0.00296558827831,-0.181939000307,0.00541993482086,-0.183566536763
final,baseline,M4_without_mi,realized_gt75,True,536,0.213961125834,0.238449782696,-0.212424263881,-12.5421060837,0.625430776007,0.837855039888,-0.0105103849598,-0.0093620142308,-0.223091746787,-0.000468646713716,-0.227908842841,0.000749830097304,0.00220974511631,-0.201338306744,0.0110727649051,-0.208192639738
final,baseline,M4_without_mi,realized_ge90,False,92,0.244562721528,0.271282344876,-0.243959171121,-71.0153030335,0.702820232394,0.946779403515,-0.029056381537,-0.0262432390307,-0.271411449021,0.0037713902954,-0.285461677953,-0.00342318819438,0.00137359041982,-0.215857976144,0.0304125611208,-0.236747128769
final,baseline,M4_without_mi,low_le10,True,731,0.295044718163,0.350224024165,0.292364448612,-724.674203182,0.337124242533,0.0447597939215,-0.0115790509052,-0.0122007462711,0.276044455342,-0.0113987959795,0.283110911211,-0.00412587352096,-0.00342575954752,0.309511611289,-0.00368029557411,0.316362718681
final,baseline,M4_without_mi,cure,True,580,0.353657641768,0.389077814616,0.353384403439,-4222.09167508,0.394191922013,0.0408075185738,-0.0152212806172,-0.0148008115575,0.339912905402,-0.0151428211321,0.349534058015,-0.00570653989311,-0.00367300696363,0.368575164227,-0.00540027525586,0.379981561373
final,baseline,M4_without_mi,unsecured,True,1447,0.239777171421,0.279144467419,-0.0133542751827,0.166112750229,0.522071633779,0.535425908962,-0.00742186711925,-0.00712902799482,-0.0277014684674,-0.00297117824029,-0.0286251300412,-0.00140018332262,-0.000641919843177,0.00179073349796,0.00524921874926,0.00165145702983
final,baseline,M4_without_mi,secured,True,2714,0.136763970564,0.179187017177,-0.00366354613684,0.373548345814,0.353797485203,0.35746103134,-0.0022823509934,-0.00330080662232,-0.0108710208386,-0.00509811387593,-0.00787139050433,0.00106828556688,0.000409151518248,0.00312317822747,-0.000903804947424,0.00627653409295
final,baseline,M4_without_mi,guarantee:zero,True,3352,0.183749027819,0.229692799551,-0.00773551411495,0.312756906701,0.43429163143,0.442027145545,-0.00403487151943,-0.00505459625039,-0.0155339388171,-0.00376064075394,-0.0136835363676,-0.000553444315637,-0.00108139752952,0.00125090935395,0.000138962890501,0.00285393904709
final,baseline,M4_without_mi,guarantee:partial,True,637,0.135368220531,0.178369451248,-0.00580694547738,0.380652468828,0.335966697968,0.341773643445,-0.00345652397632,-0.00488898141798,-0.0218005707966,-0.00511577174777,-0.0193572080507,0.00288038161622,0.00272664916901,0.00955093453748,0.00162926736944,0.0107773264184
final,baseline,M4_without_mi,guarantee:full,True,172,0.0928993339022,0.127125351154,0.00210446033474,0.380154045813,0.26678891722,0.264684456885,-0.00812486614866,-0.00507688629704,-0.0167043738943,0.00119315873822,-0.0232592557643,0.00243975926173,0.0069632066185,0.0236172075472,0.0129878335404,0.0157395742298
final,baseline,M4_without_mi,product_type:Financial Guarantee,True,173,0.179118375392,0.222639351442,0.000855708513886,0.312732658962,0.435306910138,0.434451201624,-0.0119691204362,-0.0154448485959,-0.0272708623196,-0.011471712359,-0.0276567579833,0.00512355412434,0.00291019174521,0.0363603003765,0.00584864774498,0.0388454549647
final,baseline,M4_without_mi,product_type:Import LC,True,375,0.196767252107,0.246601241488,0.015747964443,0.21928220208,0.424596257229,0.408848292786,-0.00970497992032,-0.0143330276716,-0.0105091895742,-0.00959048256184,-0.00930820585091,0.00181278426976,-0.000166951994568,0.0385665766038,0.00183715706245,0.0412501803724
final,baseline,M4_without_mi,product_type:OVD,True,1390,0.18250937747,0.22939967181,-0.00783414196415,0.29119370025,0.435819540063,0.443653682027,-0.00330810988888,-0.00343129397562,-0.0185499498884,-0.0047490880557,-0.0170848550128,0.00218312904476,0.00324247447404,0.00451960347137,0.000818262399209,0.00629497022765
final,baseline,M4_without_mi,product_type:Performance Guarantee,True,301,0.168954040746,0.217519787293,0.00208629775771,0.335889067058,0.418845496367,0.416759198609,-0.0134137851327,-0.0169206717923,-0.0230136870226,-0.00476992779035,-0.0248387395779,-0.00177951537546,-0.00125471578194,0.0280747669744,0.00749715986355,0.0277209708943
final,baseline,M4_without_mi,product_type:Term Loan,True,1922,0.160674601315,0.205446622053,-0.0130377434645,0.405468896961,0.389828658642,0.402866402107,-0.00368804737665,-0.00459255789159,-0.0226525491439,-0.00328414160807,-0.0216892752581,0.000526836211445,0.000482105297081,-0.00426781995081,0.00143640312763,-0.00355780201682
final,baseline,M4_without_mi,industry:Construction,True,521,0.165355631785,0.210971698286,-0.00429301231348,0.380553252437,0.406465753359,0.410758765673,-0.00665924358436,-0.00662121787596,-0.0200672395175,-0.00458340344,-0.022339817304,0.00177796801182,0.00394971554463,0.0150472255199,0.00681516779061,0.0152199681457
final,baseline,M4_without_mi,industry:Hospitality,True,321,0.181665343913,0.23203433961,-0.00576945017804,0.30421429581,0.435751029553,0.441520479731,-0.0119930958193,-0.0112613330124,-0.0333858302599,-0.00511919759213,-0.0354641632331,0.000362432990563,0.00248970041305,0.0222098619782,0.0099639956449,0.0204286175671
final,baseline,M4_without_mi,industry:Manufacturing,True,828,0.170714270602,0.220121311432,-0.00157755470861,0.363811764886,0.415260747445,0.416838302154,-0.00413234807744,-0.00660583038648,-0.0150536262623,-0.00708997110899,-0.012128258153,0.00262714597685,0.00157620190848,0.0114176272118,0.000923437083807,0.014756688998
final,baseline,M4_without_mi,industry:Retail,True,801,0.174123495009,0.221431297031,-0.00402108766853,0.333791564185,0.406576953868,0.410598041536,-0.00590824462022,-0.00777845194882,-0.0191576360058,-0.00557711713836,-0.0170519254349,0.000751607519102,0.000861209394061,0.0103628064166,0.00199276247162,0.0133374379964
final,baseline,M4_without_mi,industry:Services,True,939,0.173106889342,0.219115578164,-0.00916524370944,0.314574476137,0.413047829824,0.422213073533,-0.00206816414696,-0.0037815958577,-0.0230920363917,-0.00719782821048,-0.0211596071541,0.00506770764079,0.00411642017,0.00518157210388,0.00138189188226,0.0078011696353
final,baseline,M4_without_mi,industry:Technology,True,309,0.172851677145,0.214682539713,-0.0255043847975,0.347279341405,0.411935697028,0.437440081826,-0.00982060521298,-0.0140973587395,-0.0468308994527,-0.0110245587931,-0.0459667350887,-0.000197264117267,-0.00168620579226,-0.00336576972956,0.00395807221091,0.00359061959287
final,baseline,M4_without_mi,industry:Transport,True,442,0.173953055907,0.216427416799,-0.00942018600797,0.351944830864,0.405781016775,0.415201202783,-0.00851683137451,-0.00785699923451,-0.0300035251865,-0.00525287956445,-0.0306995831717,0.000276571067287,0.00196867527844,0.0132563657931,0.00568713615177,0.0127542013897
final,baseline,M4_without_mi,collateral_type:Cash,True,412,0.0739714910254,0.0971020570218,0.00220884162862,0.293794027927,0.144469838567,0.142260996939,-0.00384609503366,-0.00284604476883,-0.00754119998439,-0.00313795026767,-0.00882627885357,0.00213862760017,0.0035335701541,0.0128009360331,0.00410706493557,0.0125105024732
final,baseline,M4_without_mi,collateral_type:Mortgage,True,1502,0.130507338176,0.17153395408,-0.00478587548614,0.280659614651,0.372784236201,0.377570111687,-0.00281054003572,-0.0041598213997,-0.0137435899522,-0.00450550472954,-0.012389559445,0.00120893458385,0.000571702147542,0.00427429042253,0.000563616930193,0.00606236828519
final,baseline,M4_without_mi,collateral_type:Other,True,800,0.180848924835,0.220968644987,-0.00458065248275,0.189671537822,0.425953598222,0.430534250705,-0.00349924661315,-0.00491613009075,-0.0207828738185,-0.011006936423,-0.0147940590628,0.00300532644577,0.00211585055403,0.00912476630259,-0.00319810467845,0.0157357062893
final,baseline,M4_without_mi,collateral_type:Unsecured,True,1447,0.239777171421,0.279144467419,-0.0133542751827,0.166112750229,0.522071633779,0.535425908962,-0.00742186711925,-0.00712902799482,-0.0277014684674,-0.00297117824029,-0.0286251300412,-0.00140018332262,-0.000641919843177,0.00179073349796,0.00524921874926,0.00165145702983
final,baseline,M4_without_mi,lien_rank:First,True,1469,0.116166530356,0.152615830815,-0.00613347918083,0.457858694868,0.290682911505,0.296816390686,-0.00293370688176,-0.00436977544237,-0.0146834144833,-0.0035773430211,-0.0130891685803,0.00102371997992,-0.000111275137333,0.00221614614648,0.000912419008942,0.00427467975243
final,baseline,M4_without_mi,lien_rank:Second,True,1245,0.161067295597,0.206181050163,-0.000749223533133,0.175788917688,0.428267612724,0.429016836257,-0.00287537021478,-0.00384107177048,-0.0127424121492,-0.00750998546122,-0.00866470617261,0.00234713037142,0.00191178068021,0.0115028206885,-0.00152832787072,0.0152528756463
final,baseline,M4_without_mi,lien_rank:Unsecured,True,1447,0.239777171421,0.279144467419,-0.0133542751827,0.166112750229,0.522071633779,0.535425908962,-0.00742186711925,-0.00712902799482,-0.0277014684674,-0.00297117824029,-0.0286251300412,-0.00140018332262,-0.000641919843177,0.00179073349796,0.00524921874926,0.00165145702983
final,baseline,M4_without_mi,latent_regime:0,True,2511,0.17040234027,0.211292938066,-0.0114594735701,0.303272687189,0.363991694594,0.375451168164,-0.00461791046057,-0.00513593942196,-0.0205051144961,-0.00255561401184,-0.0203981971729,-0.000918457745293,-0.000667977000222,-0.00275155952521,0.0023233371231,-0.0028356706934
final,baseline,M4_without_mi,latent_regime:1,True,1650,0.175911943479,0.230665473443,-0.000298037739635,0.330382643968,0.485855081088,0.486153118827,-0.00321230611534,-0.00487636145924,-0.0121974182814,-0.00621053273652,-0.00905932062944,0.00175391594172,0.000880772623863,0.0102755641561,-0.000204424701778,0.0136984826853
final,baseline,M4_without_mi,age:1-6,True,1006,0.17737449493,0.221762809091,-0.00498739776728,0.322449604076,0.415746252993,0.42073365076,-0.00165389542246,-0.00484193258089,-0.0191947222286,-0.00826402812807,-0.0147664939203,0.0035481663594,0.00132302900725,0.0101571728254,-0.00183061746362,0.0150439313202
final,baseline,M4_without_mi,age:7-12,True,1089,0.175170201549,0.224195015471,0.00360641513835,0.333997485135,0.416496054891,0.412889639752,-0.00388175125814,-0.00454084293595,-0.00877634988071,-0.00274064595485,-0.0104072152947,0.0018593305871,0.00201474505368,0.0185962891093,0.00519938037405,0.017783218069
final,baseline,M4_without_mi,age:13-24,True,2066,0.168894429706,0.21520495763,-0.0136382208793,0.357568774376,0.408440994498,0.422079215377,-0.00610896284458,-0.00628189450986,-0.0232016156875,-0.00403182041777,-0.0220402532585,-0.00159399217191,-0.000954381527088,-0.00389035189553,0.00198161541419,-0.00291658916188
final,baseline,M4_without_mi,predicted:0-0.1,True,151,0.0524736529478,0.0761392735594,-0.0251998325441,-0.195165121079,0.0617204049868,0.0869202375309,-0.00997906637872,-0.00629287056711,-0.0372192621729,-0.017537838019,-0.0263695652313,-0.000185342573743,0.00678367697307,-0.0143583931882,-0.00607930584926,-0.000804018612678
final,baseline,M4_without_mi,predicted:0.1-0.25,True,579,0.087659402942,0.114517325221,-0.0174520244032,0.123648772348,0.185730847662,0.203182872065,-0.00192251568979,-0.00307169979583,-0.0271537867672,-0.0147164788639,-0.0160307258154,0.00490871714113,0.00552623564627,-0.00818512137628,-0.00689593257694,0.00302612866246
final,baseline,M4_without_mi,predicted:0.25-0.5,True,2219,0.178529660171,0.213030598337,-0.0135827334199,0.104965490439,0.387119164073,0.400701897493,-0.00148656628211,-0.00441894196763,-0.0236748959814,-0.00883076474007,-0.0176699745387,0.00244703689926,0.000361384530793,-0.00533545520447,-0.00397576436411,0.00134975565121
final,baseline,M4_without_mi,predicted:0.5-0.75,True,1104,0.223084138447,0.275512027765,0.0118503488881,0.0450429324406,0.591168253562,0.579317904674,-0.00883917626153,-0.00754523080471,-0.00481196382518,0.00675546698781,-0.016677798301,-0.00184958685283,-4.1747562224e-05,0.0290710804499,0.0136413028645,0.0181808790725
final,baseline,M4_without_mi,predicted:0.75-1,True,108,0.157541319384,0.253151308522,0.0157471918988,-0.00766321341124,0.806656573704,0.790909381805,-0.0358911305948,-0.0198514661875,-0.0284839983328,0.0285413276104,-0.068870648194,-0.0142185576868,0.00966707682307,0.0660121852813,0.0504066123246,0.0283098894331
final,downside,M0,all,True,4161,0.184902081562,0.239822579649,-0.000674317246756,0.319155784751,0.479831860296,0.480506177543,0,0,-0.00757980723666,0,-0.00757980723666,0,0,0.00767063595756,0,0.00767063595756
final,downside,M0,realized_gt60,True,1725,0.171928222738,0.194362384292,-0.168820517868,-2.49613413904,0.602464700148,0.771285218016,0,0,-0.173833327735,0,-0.173833327735,0,0,-0.163631012092,0,-0.163631012092
final,downside,M0,realized_gt75,True,925,0.189361301221,0.2127162333,-0.186845762777,-7.73493557903,0.663046526767,0.849892289544,0,0,-0.194423197966,0,-0.194423197966,0,0,-0.179561072985,0,-0.179561072985
final,downside,M0,realized_ge90,True,245,0.214879683168,0.236700164517,-0.214106259822,-47.9551413925,0.73566615226,0.949772412082,0,0,-0.229085642537,0,-0.229085642537,0,0,-0.202194760073,0,-0.202194760073
final,downside,M0,low_le10,True,701,0.368510501343,0.426005659144,0.366151429981,-1007.52644203,0.411458474701,0.0453070447193,0,0,0.346661638902,0,0.346661638902,0,0,0.384899092991,0,0.384899092991
final,downside,M0,cure,True,580,0.432105594837,0.466438956718,0.431766301421,-6068.42017705,0.472573819994,0.0408075185738,0,0,0.415795669927,0,0.415795669927,0,0,0.449306755635,0,0.449306755635
final,downside,M0,unsecured,True,1447,0.2459337051,0.298375763638,-0.0042219234719,0.116289393691,0.602962189805,0.607184113276,0,0,-0.0196933760479,0,-0.0196933760479,0,0,0.0121454964422,0,0.0121454964422
final,downside,M0,secured,True,2714,0.152362376602,0.201775206969,0.00121712940313,0.350511695769,0.41418352323,0.412966393827,0,0,-0.00671664584758,0,-0.00671664584758,0,0,0.00893437795668,0,0.00893437795668
final,downside,M0,guarantee:zero,True,3352,0.195628245476,0.25083062819,-1.6277647501e-05,0.284881204245,0.503972235765,0.503988513413,0,0,-0.00820663914496,0,-0.00820663914496,0,0,0.00893016947798,0,0.00893016947798
final,downside,M0,guarantee:partial,True,637,0.149063251678,0.197145050586,-0.00358926791994,0.382948838741,0.396718710324,0.400307978244,0,0,-0.0195514681651,0,-0.0195514681651,0,0,0.0123874409607,0,0.0123874409607
final,downside,M0,guarantee:full,True,172,0.108595297809,0.146016413855,-0.00270295188562,0.397852756379,0.317183825183,0.319886777069,0,0,-0.0221507196108,0,-0.0221507196108,0,0,0.0214181445266,0,0.0214181445266
final,downside,M0,product_type:Financial Guarantee,True,173,0.18482032172,0.24122899864,0.00517276879857,0.296905604485,0.50664762999,0.501474861191,0,0,-0.0290040370057,0,-0.0290040370057,0,0,0.0435465577464,0,0.0435465577464
final,downside,M0,product_type:Import LC,True,375,0.213662193074,0.27595137998,0.0319776658082,0.172669806307,0.495353880178,0.46337621437,0,0,0.00209566177915,0,0.00209566177915,0,0,0.0579534391102,0,0.0579534391102
final,downside,M0,product_type:OVD,True,1390,0.193302145453,0.248012970003,0.000129594141334,0.279165152777,0.505998341128,0.505868746987,0,0,-0.0113562525456,0,-0.0113562525456,0,0,0.0137822337532,0,0.0137822337532
final,downside,M0,product_type:Performance Guarantee,True,301,0.189064265688,0.247497274187,0.0107841642486,0.251283710336,0.485352498419,0.47456833417,0,0,-0.0159805985781,0,-0.0159805985781,0,0,0.0424528874933,0,0.0424528874933
final,downside,M0,product_type:Term Loan,True,1922,0.172571278442,0.224372279154,-0.00994719929203,0.387026350183,0.454601368078,0.46454856737,0,0,-0.0209906310231,0,-0.0209906310231,0,0,-0.000278732850202,0,-0.000278732850202
final,downside,M0,industry:Construction,True,521,0.179320704642,0.230182874783,-0.00491217674106,0.363203238564,0.469382537071,0.474294713812,0,0,-0.0233679527889,0,-0.0233679527889,0,0,0.0175159976116,0,0.0175159976116
final,downside,M0,industry:Hospitality,True,321,0.198081551338,0.257475754594,0.00424491385481,0.247213059764,0.502681946161,0.498437032306,0,0,-0.024935054755,0,-0.024935054755,0,0,0.0348048153074,0,0.0348048153074
final,downside,M0,industry:Manufacturing,True,828,0.183253514663,0.2416260964,0.00856808588834,0.334768159421,0.483234894555,0.474666808666,0,0,-0.00655290950203,0,-0.00655290950203,0,0,0.0225632525836,0,0.0225632525836
final,downside,M0,industry:Retail,True,801,0.185829539984,0.242009537893,0.00442076091931,0.319052333902,0.478247692574,0.473826931655,0,0,-0.0110992317251,0,-0.0110992317251,0,0,0.0214604193225,0,0.0214604193225
final,downside,M0,industry:Services,True,939,0.182225631754,0.235983681164,-0.00606296341601,0.31614081192,0.480072002085,0.486134965501,0,0,-0.0226458993481,0,-0.0226458993481,0,0,0.00908105354971,0,0.00908105354971
final,downside,M0,industry:Technology,True,309,0.186390187557,0.240608644603,-0.0148246219305,0.282291757155,0.481347255619,0.496171877549,0,0,-0.0414021985484,0,-0.0414021985484,0,0,0.0109033281997,0,0.0109033281997
final,downside,M0,industry:Transport,True,442,0.187962643527,0.237823379298,-0.00445855456294,0.317450793279,0.470480447453,0.474939002016,0,0,-0.0281388690467,0,-0.0281388690467,0,0,0.019301409394,0,0.019301409394
final,downside,M0,collateral_type:Cash,True,412,0.0836861380128,0.106952408448,0.00732663577285,0.285912565107,0.170084564751,0.162757928978,0,0,-0.00381724978942,0,-0.00381724978942,0,0,0.0191290004248,0,0.0191290004248
final,downside,M0,collateral_type:Mortgage,True,1502,0.14890584182,0.197605403615,-0.00307126819694,0.224711101332,0.436282328956,0.439353597153,0,0,-0.0139733955115,0,-0.0139733955115,0,0,0.00704073379195,0,0.00704073379195
final,downside,M0,collateral_type:Other,True,800,0.194220283528,0.242726660817,0.00612220011684,0.15844371305,0.498403979095,0.492281778978,0,0,-0.0105273635654,0,-0.0105273635654,0,0,0.0223589148099,0,0.0223589148099
final,downside,M0,collateral_type:Unsecured,True,1447,0.2459337051,0.298375763638,-0.0042219234719,0.116289393691,0.602962189805,0.607184113276,0,0,-0.0196933760479,0,-0.0196933760479,0,0,0.0121454964422,0,0.0121454964422
final,downside,M0,lien_rank:First,True,1469,0.132090572221,0.174867052842,-0.00430023067205,0.437625087857,0.342162193459,0.346462424131,0,0,-0.0142106315595,0,-0.0142106315595,0,0,0.00553824578307,0,0.00553824578307
final,downside,M0,lien_rank:Second,True,1245,0.176281477515,0.229502554943,0.00772717113039,0.13816921258,0.499162907514,0.491435736383,0,0,-0.00685530729692,0,-0.00685530729692,0,0,0.0204702478151,0,0.0204702478151
final,downside,M0,lien_rank:Unsecured,True,1447,0.2459337051,0.298375763638,-0.0042219234719,0.116289393691,0.602962189805,0.607184113276,0,0,-0.0196933760479,0,-0.0196933760479,0,0,0.0121454964422,0,0.0121454964422
final,downside,M0,latent_regime:0,True,2511,0.183239822539,0.231746241486,-0.00413130652299,0.292572021706,0.433465079979,0.437596386502,0,0,-0.0136971932915,0,-0.0136971932915,0,0,0.00483634503744,0,0.00483634503744
final,downside,M0,latent_regime:1,True,1650,0.187431737565,0.251616353263,0.00458659188817,0.299918227164,0.550393669616,0.545807077727,0,0,-0.00728269409384,0,-0.00728269409384,0,0,0.0166402873787,0,0.0166402873787
final,downside,M0,age:1-6,True,1006,0.184810985354,0.242377888919,0.00569718618423,0.298064387158,0.490029400534,0.48433221435,0,0,-0.010118649048,0,-0.010118649048,0,0,0.0214576160197,0,0.0214576160197
final,downside,M0,age:7-12,True,1089,0.186767957357,0.244285134326,0.00815151723102,0.317742237326,0.480506733799,0.472355216568,0,0,-0.00562756084504,0,-0.00562756084504,0,0,0.0237843348595,0,0.0237843348595
final,downside,M0,age:13-24,True,2066,0.183962925726,0.23616974995,-0.00842894754582,0.329872491934,0.474510629549,0.482939577095,0,0,-0.0195428139452,0,-0.0195428139452,0,0,0.001873836612,0,0.001873836612
final,downside,M0,predicted:0-0.1,False,91,0.0514985687457,0.0754471465961,-0.0319032879085,-0.182871267944,0.0621707459411,0.0940740338496,0,0,-0.0434434679818,0,-0.0434434679818,0,0,-0.0197222289639,0,-0.0197222289639
final,downside,M0,predicted:0.1-0.25,True,366,0.0897142411199,0.112373698846,-0.00233124480655,0.142609719319,0.181044825573,0.18337607038,0,0,-0.0148623191557,0,-0.0148623191557,0,0,0.00859344807009,0,0.00859344807009
final,downside,M0,predicted:0.25-0.5,True,1761,0.165932897564,0.20422645211,-0.0150143319161,0.103391667564,0.394536903943,0.409551235859,0,0,-0.0252718711574,0,-0.0252718711574,0,0,-0.00521577691904,0,-0.00521577691904
final,downside,M0,predicted:0.5-0.75,True,1665,0.231880201788,0.286294991102,0.00931259412628,0.0315029058285,0.603808851497,0.59449625737,0,0,-0.00455091516119,0,-0.00455091516119,0,0,0.0224099013356,0,0.0224099013356
final,downside,M0,predicted:0.75-1,True,278,0.192688528002,0.295405986545,0.042753129565,-0.0127935265926,0.807694967864,0.764941838299,0,0,0.00667578306022,0,0.00667578306022,0,0,0.077375688788,0,0.077375688788
final,downside,M1,all,True,4161,0.185519038437,0.240551116346,-0.00167758460316,0.315012943777,0.47882859294,0.480506177543,-0.000238275492136,-0.00017526414901,-0.00832535246492,-0.00203360516569,-0.00757980723666,0.00145270083525,0.00173163217629,0.00659120088701,0.000143280712654,0.00767063595756
final,downside,M1,realized_gt60,True,1725,0.173748274626,0.196445971509,-0.170433063806,-2.5714938417,0.60085215421,0.771285218016,9.36548394859e-05,0.000296760277888,-0.175471042809,-0.00346895427993,-0.173833327735,0.0035417114248,0.00377958570335,-0.164923609199,0.00012892891064,-0.163631012092
final,downside,M1,realized_gt75,True,925,0.191572563488,0.215151939328,-0.188766274751,-7.93611951079,0.661126014792,0.849892289544,-0.000289381248368,-7.64191767192e-05,-0.196443385078,-0.00457520500211,-0.194423197966,0.00481704367067,0.00502600561054,-0.181572308687,0.000744066830758,-0.179561072985
final,downside,M1,realized_ge90,True,245,0.213027543502,0.236388588356,-0.212622277373,-47.826343714,0.737150134709,0.949772412082,-0.00667245876776,-0.00543742702161,-0.226663532335,-0.00374333212701,-0.229085642537,0.00329115785695,0.00466167271132,-0.199839915389,0.00653305236817,-0.202194760073
final,downside,M1,low_le10,True,701,0.368635993304,0.426323760525,0.36623615501,-1009.03315174,0.411543199729,0.0453070447193,-0.00173464817036,-0.00172139301094,0.347583998176,-0.0020052670229,0.346661638902,0.00244342073412,0.00285190883782,0.384734069339,0.00241198584951,0.384899092991
final,downside,M1,cure,True,580,0.432853271892,0.4667525276,0.432518704414,-6076.58344531,0.473326222988,0.0408075185738,-0.00155694722171,-0.00220871517286,0.416795651591,-0.00155697830427,0.415795669927,0.00340276612513,0.0030101824069,0.449303121006,0.00339709506677,0.449306755635
final,downside,M1,unsecured,True,1447,0.246551363663,0.299025977039,-0.00501234266873,0.112433674647,0.602171770608,0.607184113276,-0.000986351620112,-0.000841218249959,-0.0193517829012,-0.00293665667791,-0.0196933760479,0.00242116652319,0.00238638566833,0.0114116683506,0.00129913713967,0.0121454964422
final,downside,M1,secured,True,2714,0.152978959365,0.202589965103,0.000100379627087,0.345255903644,0.413066773454,0.412966393827,-0.000428596289568,-0.000249275495239,-0.00803329397043,-0.00239269072681,-0.00671664584758,0.00158199893575,0.00186450661879,0.0075513622105,7.21214871936e-05,0.00893437795668
final,downside,M1,guarantee:zero,True,3352,0.196221255379,0.251389476839,-0.00111784862442,0.281691096433,0.502870664788,0.503988513413,-0.000425295099977,-0.000445033887545,-0.00944116558661,-0.00216847984077,-0.00820663914496,0.0015999941319,0.00160467445091,0.00810065181491,0.000136784145997,0.00893016947798
final,downside,M1,guarantee:partial,True,637,0.150369723048,0.199043895577,-0.00501744508305,0.371005072782,0.395290533161,0.400307978244,-0.000782585611583,-0.000236164217624,-0.0218325291236,-0.00360707751845,-0.0195514681651,0.00336455573479,0.00407411332811,0.0111160757615,0.000904884033603,0.0123874409607
final,downside,M1,guarantee:full,True,172,0.107125333283,0.146735719363,-0.000216793178895,0.391905552856,0.31966998389,0.319886777069,-0.0053224283207,-0.00448942390192,-0.0193698213443,-0.00148954208195,-0.0221507196108,0.00204030145661,0.00635677323823,0.0238131531628,0.00602260218254,0.0214181445266
final,downside,M1,product_type:Financial Guarantee,True,173,0.183439614411,0.241412313304,0.00522267832976,0.295836607925,0.506697539521,0.501474861191,-0.0055830409957,-0.00460749080888,-0.0282090361514,-0.00385708930636,-0.0290040370057,0.00277810459738,0.00488582953613,0.0445164301132,0.00503912103306,0.0435465577464
final,downside,M1,product_type:Import LC,True,375,0.214398325886,0.277220749024,0.0328566702421,0.165040906215,0.496232884612,0.46337621437,-0.00228686967871,-0.00200908624721,0.00418192040968,-0.00181025825997,0.00209566177915,0.0035713815247,0.00403803949033,0.0598697279907,0.00411242310599,0.0579534391102
final,downside,M1,product_type:OVD,True,1390,0.194294473232,0.248795083633,-0.00117021388533,0.274611651434,0.504698533102,0.505868746987,-0.000337441381816,-0.000705953482955,-0.0125224927576,-0.00284052556094,-0.0113562525456,0.00250798007492,0.00252154824264,0.0124265356475,9.46837086165e-05,0.0137822337532
final,downside,M1,product_type:Performance Guarantee,True,301,0.188932042415,0.248995969761,0.00929898665745,0.242188699734,0.483867320828,0.47456833417,-0.00299187639354,-0.00211981493839,-0.0162876419799,-0.00494278242572,-0.0159805985781,0.00294045447484,0.00487892974497,0.0396310728184,0.00151081369039,0.0424528874933
final,downside,M1,product_type:Term Loan,True,1922,0.173190650821,0.224851230714,-0.0111225816383,0.3844066145,0.453425985731,0.46454856737,-0.000546797162566,-0.000787518124845,-0.0219353634297,-0.00258185805392,-0.0209906310231,0.00209946616893,0.00197061473707,-0.00106033838217,0.000106562284866,-0.000278732850202
final,downside,M1,industry:Construction,True,521,0.180197323688,0.231972313681,-0.00482922985425,0.353263853106,0.469465483958,0.474294713812,-0.00164102094952,-0.00110382895894,-0.0238830078198,-0.00315299294222,-0.0233679527889,0.00357596905442,0.00458878639464,0.018469322309,0.00372153476068,0.0175159976116
final,downside,M1,industry:Hospitality,True,321,0.197105929962,0.255308899359,0.00164504905223,0.259830298311,0.500082081358,0.498437032306,-0.00486631193431,-0.0065161741121,-0.0285626119672,-0.00721264993776,-0.024935054755,0.00288081235244,0.00173895446641,0.0329560901204,0.00179242039082,0.0348048153074
final,downside,M1,industry:Manufacturing,True,828,0.182883741797,0.241223839768,0.00941802975738,0.336981257923,0.484084838424,0.474666808666,-0.00235498047284,-0.00264318727494,-0.00544623207837,-0.00155202927089,-0.00655290950203,0.00150618637149,0.00142590169254,0.0231816338536,0.00323099434915,0.0225632525836
final,downside,M1,industry:Retail,True,801,0.186659405988,0.242997792736,0.00277621480855,0.313479629274,0.476603146463,0.473826931655,-0.000976577384963,-0.000855760821257,-0.0132158405041,-0.00407423755974,-0.0110992317251,0.00257413055295,0.00300089446701,0.0197438998811,0.000828853914382,0.0214604193225
final,downside,M1,industry:Services,True,939,0.18265952928,0.236490197221,-0.00768097918328,0.313201986665,0.478453986317,0.486134965501,-0.00155137205095,-0.00145683015692,-0.0240005201516,-0.00405770033387,-0.0226458993481,0.00227814339951,0.0024288667634,0.00666904593857,0.000498392415477,0.00908105354971
final,downside,M1,industry:Technology,True,309,0.190534436332,0.245026333005,-0.0173953049433,0.255694887808,0.478776572606,0.496171877549,0.00150539914443,0.00133739677809,-0.0446238621633,-0.00653932896172,-0.0414021985484,0.00688530025129,0.00725780911228,0.00895661100092,0.0013164751582,0.0109033281997
final,downside,M1,industry:Transport,True,442,0.188815720708,0.239110278063,-0.00549038358734,0.310044051053,0.469448618429,0.474939002016,-0.0016279584063,-0.00137976494903,-0.0294483243902,-0.00445805393679,-0.0281388690467,0.00362071165016,0.00386067148002,0.0191207197124,0.00213898788047,0.019301409394
final,downside,M1,collateral_type:Cash,True,412,0.0825134621307,0.106371863846,0.00443127555252,0.29364375104,0.167189204531,0.162757928978,-0.00326836207123,-0.00297674934822,-0.00701039815618,-0.00586462036405,-0.00381724978942,0.00121159374304,0.00171793569419,0.0166098255054,-0.000195957752197,0.0191290004248
final,downside,M1,collateral_type:Mortgage,True,1502,0.150347695496,0.199243197426,-0.00373770094229,0.211806338954,0.435615896211,0.439353597153,-7.90444943333e-06,0.000151816178749,-0.0147722313283,-0.00217665237794,-0.0139733955115,0.00272611945353,0.00283862105395,0.00668390047583,0.000830867728545,0.00704073379195
final,downside,M1,collateral_type:Other,True,800,0.194208888354,0.242646680063,0.0050759644945,0.158998223354,0.497357743473,0.492281778978,-0.00177257785835,-0.00192730764965,-0.0124078829292,-0.0033109581233,-0.0105273635654,0.00188644417559,0.00188749971648,0.0212518108766,0.00104182702282,0.0223589148099
final,downside,M1,collateral_type:Unsecured,True,1447,0.246551363663,0.299025977039,-0.00501234266873,0.112433674647,0.602171770608,0.607184113276,-0.000986351620112,-0.000841218249959,-0.0193517829012,-0.00293665667791,-0.0196933760479,0.00242116652319,0.00238638566833,0.0114116683506,0.00129913713967,0.0121454964422
final,downside,M1,lien_rank:First,True,1469,0.132172224175,0.174739379211,-0.00593141297298,0.43844598847,0.340531011158,0.346462424131,-0.00116298172474,-0.001467064474,-0.0156490368214,-0.00288325640586,-0.0142106315595,0.00120286604056,0.00120095473182,0.00351519912046,-0.000288360562265,0.00553824578307
final,downside,M1,lien_rank:Second,True,1245,0.177529235665,0.231175874578,0.00721741041383,0.125556057371,0.498653146797,0.491435736383,-0.000212214571845,3.52661226752e-05,-0.00673255356206,-0.00208999255121,-0.00685530729692,0.00254311140055,0.0032546131158,0.0202655856843,0.00112189978495,0.0204702478151
final,downside,M1,lien_rank:Unsecured,True,1447,0.246551363663,0.299025977039,-0.00501234266873,0.112433674647,0.602171770608,0.607184113276,-0.000986351620112,-0.000841218249959,-0.0193517829012,-0.00293665667791,-0.0196933760479,0.00242116652319,0.00238638566833,0.0114116683506,0.00129913713967,0.0121454964422
final,downside,M1,latent_regime:0,True,2511,0.183396285713,0.232465757098,-0.00461464378213,0.288172419443,0.43298174272,0.437596386502,-0.000938277124445,-0.000309735199735,-0.0141949298238,-0.0016155295943,-0.0136971932915,0.00121456971208,0.00196043851937,0.00474138145253,0.000955614703539,0.00483634503744
final,downside,M1,latent_regime:1,True,1650,0.188749482128,0.252358971483,0.00279208545649,0.295779698986,0.548599163184,0.545807077727,-2.9288987743e-05,-0.000828580778634,-0.00924038904032,-0.0034162867868,-0.00728269409384,0.00283930145077,0.0022707852109,0.0150530217714,0.000139693708554,0.0166402873787
final,downside,M1,age:1-6,True,1006,0.189020138617,0.24438821606,-8.70813148405e-05,0.286372130357,0.484245133035,0.48433221435,0.00236743631674,7.6491109827e-05,-0.0166861287647,-0.00795878607934,-0.010118649048,0.00593323069964,0.00390169845187,0.0156308987027,-0.00356679182385,0.0214576160197
final,downside,M1,age:7-12,True,1089,0.185646076917,0.245488649162,0.0126870024563,0.311003145256,0.485042219025,0.472355216568,-0.00262721073325,-0.000457895102834,-0.00232617476128,0.00220527401941,-0.00562756084504,0.000501332879437,0.00299515999459,0.0283832616057,0.00643860680542,0.0237843348595
final,downside,M1,age:13-24,True,2066,0.183747280603,0.235995359258,-0.0100237034878,0.330861787582,0.472915873607,0.482939577095,-0.00156599212058,-0.00151936598694,-0.0205209403017,-0.003233916415,-0.0195428139452,0.0011092541786,0.00122543292091,0.000440219870896,4.41591256169e-05,0.001873836612
final,downside,M1,predicted:0-0.1,True,101,0.0493573282778,0.0740906582021,-0.0309935822298,-0.149043207258,0.064534984655,0.0955285668848,-0.0075755204579,-0.00590182486302,-0.0425101414154,-0.0125582575147,-0.0353304319704,0.00115675154709,0.00341958255148,-0.0191303847026,-0.00198259850571,-0.0124133459311
final,downside,M1,predicted:0.1-0.25,True,361,0.0893761232418,0.110971715933,-0.00350955599387,0.133185701608,0.181438174767,0.18494773076,-0.00233852906957,-0.00254837435684,-0.0165341380682,-0.00616284793323,-0.0124725076347,0.00211308000546,0.00198366923827,0.00701770306266,-0.00139559999025,0.0118125282251
final,downside,M1,predicted:0.25-0.5,True,1785,0.168591529896,0.208194595335,-0.0146853789784,0.0832039307713,0.396549482347,0.411234861326,0.000475295040132,0.000538207840776,-0.0233407276621,-0.00295961841773,-0.0220251644896,0.0026436544344,0.0029853642257,-0.00573356925676,-0.000326910425779,-0.00417965226408
final,downside,M1,predicted:0.5-0.75,True,1641,0.23329865776,0.28631755405,0.00642693311253,0.0299592609626,0.6034479384,0.597021005287,-0.000585457251142,-0.00174235383872,-0.00682175499907,-0.00325442608276,-0.00574194342077,0.0022537065059,0.00101527406535,0.0229755053734,0.000429634925726,0.0240301388535
final,downside,M1,predicted:0.75-1,True,273,0.186505018468,0.295753030378,0.0479255539342,-0.0305635363882,0.814247867317,0.766322313383,-0.00868555204119,-0.00191651586507,0.0159864231287,0.00587038831094,0.00560291006045,-0.000973269866878,0.00593932428648,0.0812130622979,0.0150469344308,0.0698599363442
final,downside,M2,all,True,4161,0.186354461302,0.241224137867,-0.00262304660123,0.311174624897,0.477883130942,0.480506177543,0.000383624230251,0.000164759036359,-0.00919626064557,-0.00326956762404,-0.00757980723666,0.00254980357971,0.00262487767506,0.00558958760149,-0.000639306660195,0.00767063595756
final,downside,M2,realized_gt60,True,1725,0.175209829741,0.197927772426,-0.172273219472,-2.62557693254,0.599011998545,0.771285218016,0.00122945816606,0.00150803050709,-0.17745259653,-0.00552556366628,-0.173833327735,0.00528773893261,0.00558555338745,-0.167369981867,-0.0014252368232,-0.163631012092
final,downside,M2,realized_gt75,True,925,0.19210205453,0.215691318123,-0.189359654529,-7.98098078528,0.660532635015,0.849892289544,-0.000688477013618,-0.000606100558167,-0.196874058783,-0.00572582167641,-0.194423197966,0.00593027995177,0.00592537151291,-0.182674712322,0.000995530395423,-0.179561072985
final,downside,M2,realized_ge90,True,245,0.214549191581,0.238253496152,-0.214549191581,-48.5997804516,0.735223220501,0.949772412082,-0.00659324414481,-0.00439246552598,-0.228244991738,-0.00605689733372,-0.229085642537,0.00552347960841,0.00740212855005,-0.201933098852,0.00624140700703,-0.202194760073
final,downside,M2,low_le10,True,701,0.368590613139,0.426836409529,0.366277131872,-1011.46371675,0.411584176591,0.0453070447193,-0.00239339248043,-0.00201306156673,0.347486377619,-0.00223288194186,0.346661638902,0.00297547357705,0.00424954911007,0.385281917176,0.00314531687686,0.384899092991
final,downside,M2,cure,True,580,0.432224688046,0.467157800665,0.43193787225,-6087.14214633,0.472745390824,0.0408075185738,-0.0030867185366,-0.00271059299249,0.416098138451,-0.0030283692226,0.415795669927,0.00321026077842,0.00424482364645,0.449632900653,0.00333895508699,0.449306755635
final,downside,M2,unsecured,True,1447,0.247315897258,0.300468962153,-0.0046349174469,0.103846894328,0.60254919583,0.607184113276,-0.000840448393458,-0.000104730491186,-0.0203695680697,-0.0035198298178,-0.0196933760479,0.00366231494152,0.00440471821857,0.0119694823402,0.00224980596894,0.0121454964422
final,downside,M2,secured,True,2714,0.153852177652,0.202678553995,-0.00155039475389,0.344683163181,0.411415999073,0.412966393827,0.000306977013602,-0.000410186936737,-0.00949151628461,-0.00412412445349,-0.00671664584758,0.00277383620572,0.00213667782585,0.00584376020701,-0.00124014919733,0.00893437795668
final,downside,M2,guarantee:zero,True,3352,0.196858475846,0.251764397749,-0.0025581165047,0.279546934676,0.501430396908,0.503988513413,1.38766092859e-05,-0.000370417716349,-0.0107042564097,-0.00391078438451,-0.00820663914496,0.00251287789132,0.00220254755312,0.00649400651198,-0.00105703016393,0.00893016947798
final,downside,M2,guarantee:partial,True,637,0.152743314527,0.201888963582,-0.00455516547848,0.352895270034,0.395752812766,0.400307978244,0.000466389508536,0.00136299706278,-0.0213677830096,-0.00398852169138,-0.0195514681651,0.0062975671141,0.00762187430694,0.0117785711813,0.00227816349431,0.0123874409607
final,downside,M2,guarantee:full,True,172,0.106126808657,0.146542215589,0.00326715131305,0.393508311682,0.323153928382,0.319886777069,-0.00768696389129,-0.00648232171169,-0.0175884703849,-7.4275116099e-05,-0.0221507196108,0.00287584020252,0.0070794583915,0.0264936238345,0.0110938262207,0.0214181445266
final,downside,M2,product_type:Financial Guarantee,True,173,0.183823298243,0.240333538371,0.000349927808618,0.302115795233,0.501824789,0.501474861191,-0.00560523058914,-0.00687690012062,-0.0335116589944,-0.0101641247726,-0.0290040370057,0.00391767348778,0.0048255703981,0.0374033828145,0.00111164129573,0.0435465577464
final,downside,M2,product_type:Import LC,True,375,0.215928059954,0.276171099789,0.0301669144991,0.171351797307,0.493543128869,0.46337621437,-0.00168815683783,-0.00442437773709,0.000537483730657,-0.00555199918276,0.00209566177915,0.00614224263065,0.00487489646135,0.0566045536905,0.00226135657137,0.0579534391102
final,downside,M2,product_type:OVD,True,1390,0.194887729716,0.249566439605,-0.00278220877935,0.27010673916,0.503086538208,0.505868746987,-0.000385726553583,-0.000583383020846,-0.0143342324009,-0.00483016741337,-0.0113562525456,0.0036337176723,0.0036826152588,0.0109426718563,-0.00112731354316,0.0137822337532
final,downside,M2,product_type:Performance Guarantee,True,301,0.190023851309,0.249424569605,0.0111009123739,0.239577594465,0.485669246544,0.47456833417,-0.00297963480952,-0.00257077242746,-0.0169256190861,-0.00353454081813,-0.0159805985781,0.0049382579123,0.00638542526729,0.0432333129068,0.00467506520669,0.0424528874933
final,downside,M2,product_type:Term Loan,True,1922,0.174066252264,0.22607231156,-0.0113224410911,0.377702356243,0.453226126279,0.46454856737,7.62282515891e-05,-0.000172999988061,-0.0223526947435,-0.00288550022787,-0.0209906310231,0.0031591426475,0.00364475805549,-0.00148902428301,6.26292039186e-05,-0.000278732850202
final,downside,M2,industry:Construction,True,521,0.181128202568,0.23174831935,-0.00452221765391,0.354512237334,0.469772496158,0.474294713812,-0.00128419916657,-0.00187641687202,-0.0230116779029,-0.00346096739415,-0.0233679527889,0.00505562172678,0.00478468980612,0.0191134246305,0.00490880489948,0.0175159976116
final,downside,M2,industry:Hospitality,True,321,0.196793567382,0.255592373765,0.00133070118073,0.258185736367,0.499767733487,0.498437032306,-0.00599999375884,-0.00708809013266,-0.0283874681405,-0.00911281661899,-0.024935054755,0.00337251837515,0.00378541931334,0.0314039151975,0.00341083061809,0.0348048153074
final,downside,M2,industry:Manufacturing,True,828,0.184246349178,0.241596994989,0.00631060512989,0.334928390619,0.480977413796,0.474666808666,-0.00132561111924,-0.00266184253586,-0.00909760954053,-0.00515363900821,-0.00655290950203,0.00339426439218,0.00244301939382,0.0198261389054,0.000741121695446,0.0225632525836
final,downside,M2,industry:Retail,True,801,0.187916312217,0.244835899831,0.00257938287634,0.303054261743,0.476406314531,0.473826931655,-9.91317472874e-05,0.000207308838456,-0.014375637827,-0.00471702646949,-0.0110992317251,0.00434233331784,0.00517439434352,0.0200810319652,0.00148290055974,0.0214604193225
final,downside,M2,industry:Services,True,939,0.18446150098,0.239254711178,-0.00813153074535,0.297051125676,0.478003434755,0.486134965501,-0.000195383978311,0.000847150693351,-0.0248760470382,-0.00468143875466,-0.0226458993481,0.00479402156402,0.00581692448697,0.00652970104914,0.000713162560255,0.00908105354971
final,downside,M2,industry:Technology,True,309,0.188757909009,0.240883889307,-0.0197961014407,0.2806487706,0.476375776108,0.496171877549,-0.00146428872233,-0.00421867525242,-0.0448706634962,-0.0100943658508,-0.0414021985484,0.00637778647736,0.00547679699725,0.00525420124116,1.02995050239e-05,0.0109033281997
final,downside,M2,industry:Transport,True,442,0.188393435074,0.238524718896,-0.00571117784044,0.31341919111,0.469227824176,0.474939002016,-0.00286944956721,-0.00312366333889,-0.0295429101093,-0.00533258957869,-0.0281388690467,0.00366037898273,0.0047785307614,0.0201529011409,0.00369890275819,0.019301409394
final,downside,M2,collateral_type:Cash,True,412,0.083364209372,0.108297246851,0.00682783974652,0.267841538705,0.169585768725,0.162757928978,-0.00287039767675,-0.00185770715104,-0.0045608504452,-0.00437854306317,-0.00381724978942,0.00243073027609,0.00454671496766,0.0185971033475,0.0027474260823,0.0191290004248
final,downside,M2,collateral_type:Mortgage,True,1502,0.150238468051,0.198048589169,-0.00624318278565,0.22122959586,0.433110414367,0.439353597153,-0.000192802350617,-0.00129919318078,-0.0168557615871,-0.00500162488288,-0.0139733955115,0.00305240411345,0.00219007735793,0.0038840543034,-0.00106972719189,0.00704073379195
final,downside,M2,collateral_type:Other,True,800,0.196938221092,0.244289636576,0.00294552400802,0.147570849369,0.495227302986,0.492281778978,0.000351095927244,-0.00120321551736,-0.0141870001341,-0.00597011416727,-0.0105273635654,0.00519658088839,0.00392091623578,0.0208142919918,-0.00060006736147,0.0223589148099
final,downside,M2,collateral_type:Unsecured,True,1447,0.247315897258,0.300468962153,-0.0046349174469,0.103846894328,0.60254919583,0.607184113276,-0.000840448393458,-0.000104730491186,-0.0203695680697,-0.0035198298178,-0.0196933760479,0.00366231494152,0.00440471821857,0.0119694823402,0.00224980596894,0.0121454964422
final,downside,M2,lien_rank:First,True,1469,0.13304219483,0.175241725657,-0.00620336705393,0.435212599973,0.340259057077,0.346462424131,-0.000480532085683,-0.00116474847089,-0.0156732479823,-0.00339223900304,-0.0142106315595,0.00229757542063,0.00187919360696,0.00375521831973,-0.000152703482594,0.00553824578307
final,downside,M2,lien_rank:Second,True,1245,0.178406285898,0.230896308615,0.00393973882744,0.127669746308,0.495375475211,0.491435736383,0.000148797895718,-0.000494279698552,-0.0104185083734,-0.00607266259834,-0.00685530729692,0.00379919672993,0.0033453507306,0.0162703308897,-0.00187481901946,0.0204702478151
final,downside,M2,lien_rank:Unsecured,True,1447,0.247315897258,0.300468962153,-0.0046349174469,0.103846894328,0.60254919583,0.607184113276,-0.000840448393458,-0.000104730491186,-0.0203695680697,-0.0035198298178,-0.0196933760479,0.00366231494152,0.00440471821857,0.0119694823402,0.00224980596894,0.0121454964422
final,downside,M2,latent_regime:0,True,2511,0.1834650512,0.232128991008,-0.00537416564274,0.290233331618,0.432222220859,0.437596386502,-0.00113069061188,-0.00115435664896,-0.0148682576123,-0.00287473993817,-0.0136971932915,0.00164278041095,0.00186152463903,0.00358927841984,0.000430931062306,0.00483634503744
final,downside,M2,latent_regime:1,True,1650,0.190751618131,0.254442215474,0.00156365637649,0.284104916329,0.547370734104,0.545807077727,0.00147993589597,0.00103369267383,-0.00998590471347,-0.0050803518304,-0.00728269409384,0.00517231066582,0.00481171208579,0.0138214206089,-0.000676014521919,0.0166402873787
final,downside,M2,age:1-6,True,1006,0.190818462271,0.246337252359,0.00163403945727,0.274944141568,0.485966253807,0.48433221435,0.00360323258934,0.00130793110174,-0.014927681773,-0.00718441438954,-0.010118649048,0.00852445778112,0.00729204845342,0.0169672957067,-0.00133625868028,0.0214576160197
final,downside,M2,age:7-12,True,1089,0.187005137309,0.246499587508,0.00991022922655,0.305316792523,0.482265445795,0.472355216568,-0.00171083709618,-0.000139063943821,-0.00447454357344,-0.00098061773825,-0.00562756084504,0.00232894168417,0.00461036742705,0.0266167625815,0.00426127613237,0.0237843348595
final,downside,M2,age:13-24,True,2066,0.183837824736,0.235836730455,-0.0113023137606,0.331761033399,0.471637263334,0.482939577095,-0.00182539276694,-0.00191237579512,-0.0219277894782,-0.00506719819171,-0.0195428139452,0.0014047187231,0.00119188031877,-0.000338218324609,-0.00074913419904,0.001873836612
final,downside,M2,predicted:0-0.1,False,96,0.058960506139,0.0902363206516,-0.0409103996055,-0.189405861736,0.0611924066774,0.102102806283,-0.00616282011899,-0.000409119322369,-0.0566252417387,-0.018278471423,-0.0431098619193,0.00570506159742,0.0139666523512,-0.0253942047045,-0.0053097925879,-0.0139141041973
final,downside,M2,predicted:0.1-0.25,True,372,0.0889799184664,0.111219102649,0.000460766318992,0.14682077705,0.183718355233,0.183257588914,-0.00115658614612,-0.00198943461749,-0.0107228525638,-0.00563291408094,-0.00939756756092,0.0038978651181,0.00364142847419,0.0118581056618,0.00151899101307,0.0140510161785
final,downside,M2,predicted:0.25-0.5,True,1779,0.167382019762,0.206134676073,-0.0203958673449,0.100612680318,0.395738484888,0.416134352233,0.000571644212769,-0.000167175592271,-0.0298441310375,-0.00611600969501,-0.0252737166532,0.00379892158951,0.00334740015654,-0.0104571851666,-0.00246491055241,-0.00585975565166
final,downside,M2,predicted:0.5-0.75,True,1641,0.234756238149,0.287767460728,0.00974956163091,0.0298364798682,0.602298105405,0.592548543774,0.000349488848513,-0.000500667756324,-0.00487549268164,-0.00330027440247,-0.00517292056873,0.00424254472383,0.00337361341259,0.0230970037888,0.000918957546303,0.024153768228
final,downside,M2,predicted:0.75-1,True,273,0.196529579714,0.304169971631,0.0480832005641,-0.0220629343024,0.812688839102,0.764605638538,-0.0118633402492,-0.00404853403385,0.014956636028,0.00589375744575,0.00286890136181,-0.00245920447943,0.00711044713299,0.0856518140348,0.0180052987559,0.0734033414775
final,downside,M3,all,True,4161,0.186075715885,0.240522352241,-0.00331344431613,0.315176749808,0.477192733227,0.480506177543,8.6094844203e-05,-0.000619275886487,-0.00986528817782,-0.00409920747505,-0.00757980723666,0.00245437599882,0.00192658099705,0.00504673113227,-0.00111147138988,0.00767063595756
final,downside,M3,realized_gt60,True,1725,0.175323352814,0.198125596569,-0.172118471895,-2.63282791171,0.599166746121,0.771285218016,0.00103866968489,0.00161858090424,-0.177521896564,-0.00562150038345,-0.173833327735,0.00559780234275,0.0061114240683,-0.16710030712,-0.0010665198141,-0.163631012092
final,downside,M3,realized_gt75,True,925,0.193111871658,0.216555223419,-0.190024255258,-8.05306764415,0.659868034285,0.849892289544,0.000703624385458,0.000283359868655,-0.197577057969,-0.0062971326544,-0.194423197966,0.00662025662004,0.00698998576461,-0.183028572851,0.000540014278067,-0.179561072985
final,downside,M3,realized_ge90,True,245,0.214333484046,0.238482981841,-0.214258918724,-48.6953754521,0.735513493357,0.949772412082,-0.00808233525054,-0.0045560115931,-0.227664482786,-0.00671185464809,-0.229085642537,0.00559505902424,0.00770097195003,-0.200450552331,0.00742969356886,-0.202194760073
final,downside,M3,low_le10,True,701,0.366049212024,0.424469075169,0.363739623659,-1000.26414064,0.409046668379,0.0453070447193,-0.00510496887984,-0.00445467456495,0.344706071652,-0.00508341947421,0.346661638902,0.000460169829945,0.00174232243518,0.382571080849,0.000501657117155,0.384899092991
final,downside,M3,cure,True,580,0.429685185433,0.464730051292,0.42941411347,-6024.02823803,0.470221632044,0.0408075185738,-0.00574223159346,-0.00530761296742,0.413977010596,-0.00558973086127,0.415795669927,0.000812946031873,0.00172398147916,0.446564763174,0.000856024073155,0.449306755635
final,downside,M3,unsecured,True,1447,0.246261162748,0.298678582753,-0.00496109434181,0.114494742176,0.602223018935,0.607184113276,-0.0020423413783,-0.00202655682513,-0.0197683069529,-0.00391942859066,-0.0196933760479,0.00297245149082,0.0027873893374,0.0114223555073,0.00241550074427,0.0121454964422
final,downside,M3,secured,True,2714,0.153987159654,0.202810709258,-0.00243498094576,0.343828294208,0.410531412881,0.412966393827,0.000235389363699,-0.000406767191697,-0.0104589855435,-0.00527265345634,-0.00671664584758,0.0028271782149,0.00242004299792,0.00485410627818,-0.0019293195605,0.00893437795668
final,downside,M3,guarantee:zero,True,3352,0.196684605413,0.251310746609,-0.00281913265696,0.28214094636,0.501169380756,0.503988513413,-0.000371370491091,-0.000851989043775,-0.0110672022302,-0.00435245568835,-0.00820663914496,0.00226990482878,0.00178697669049,0.00657059814746,-0.00130654684019,0.00893016947798
final,downside,M3,guarantee:partial,True,637,0.151425475237,0.199346961525,-0.00633020934702,0.369088188382,0.393977768897,0.400307978244,-0.000327423771613,-0.000880273979098,-0.0230506934726,-0.00575020382953,-0.0195514681651,0.00510326575765,0.00534469346522,0.00979548233332,0.000253533494856,0.0123874409607
final,downside,M3,guarantee:full,True,172,0.107652492589,0.146699568925,-0.00177421964661,0.392205141433,0.318112557422,0.319886777069,-0.00646089824314,-0.00553170191668,-0.0221414944366,-0.00442501708105,-0.0221507196108,0.00398097473202,0.00701852014442,0.0228654571594,0.00575911603941,0.0214181445266
final,downside,M3,product_type:Financial Guarantee,True,173,0.185072324068,0.241351748464,0.0021035982235,0.296189880654,0.503578459415,0.501474861191,-0.00456353506484,-0.00571763768265,-0.0315059309216,-0.0083879163013,-0.0290040370057,0.00631680004058,0.00603710395005,0.0403262491395,0.00234103198081,0.0435465577464
final,downside,M3,product_type:Import LC,True,375,0.21366253379,0.273496998822,0.030032351118,0.187321324829,0.493408565488,0.46337621437,-0.00375954510311,-0.00686530344936,0.00159806023579,-0.0060874565572,0.00209566177915,0.00359725342408,0.00157620810035,0.0548869692343,0.00204220746004,0.0579534391102
final,downside,M3,product_type:OVD,True,1390,0.194130236431,0.248768135306,-0.0027440022539,0.274768784309,0.503124744733,0.505868746987,-0.00122368585801,-0.00144981580336,-0.0142377794645,-0.00500520426113,-0.0113562525456,0.00280928431949,0.00301796529409,0.0104411071779,-0.00106760635093,0.0137822337532
final,downside,M3,product_type:Performance Guarantee,True,301,0.188567729582,0.247384453212,0.00810373325638,0.251966155424,0.482672067427,0.47456833417,-0.00492288511994,-0.00519510796749,-0.0196404490647,-0.00655674120326,-0.0159805985781,0.00358116672482,0.00458106208596,0.0404607401608,0.00168162949454,0.0424528874933
final,downside,M3,product_type:Term Loan,True,1922,0.174568249906,0.225977519137,-0.0125069492917,0.378224107304,0.452041618078,0.46454856737,0.000547936237348,-0.000159868064456,-0.0235232751627,-0.00424203299123,-0.0209906310231,0.00365700152372,0.00358816017685,-0.00285906447937,-0.000884582458758,-0.000278732850202
final,downside,M3,industry:Construction,True,521,0.180161161615,0.230568237672,-0.00545802891182,0.361069254814,0.4688366849,0.474294713812,-0.00239751098696,-0.00300395041238,-0.0237167650433,-0.0045796176912,-0.0233679527889,0.0043214547439,0.00422549283253,0.0180733180926,0.00377051148192,0.0175159976116
final,downside,M3,industry:Hospitality,True,321,0.197957940506,0.255772695734,0.00052937221514,0.257138658219,0.498966404521,0.498437032306,-0.00473152563388,-0.00696568310105,-0.0287029197187,-0.00972452828718,-0.024935054755,0.00509692899628,0.00367665926954,0.0299124215094,0.00179138220702,0.0348048153074
final,downside,M3,industry:Manufacturing,True,828,0.183328936909,0.240717091182,0.00706100767026,0.339763992026,0.481727816337,0.474666808666,-0.0027445814231,-0.00383259525805,-0.0076891371633,-0.00502792320795,-0.00655290950203,0.00266470335756,0.00178661733464,0.0207463558303,0.0018959229873,0.0225632525836
final,downside,M3,industry:Retail,True,801,0.187348276305,0.243704878239,0.000708781745285,0.309478482952,0.4745357134,0.473826931655,-0.000832545164766,-0.0010069581253,-0.0166106988326,-0.00674181066895,-0.0110992317251,0.00423126456974,0.00432108230479,0.0177071640739,-0.000502606281535,0.0214604193225
final,downside,M3,industry:Services,True,939,0.183917403668,0.237871465033,-0.00907133921059,0.305155797899,0.47706362629,0.486134965501,-0.00102753101222,-0.000604421925169,-0.0257142879684,-0.00590042501465,-0.0226458993481,0.00420580472617,0.0047595139308,0.00547038890173,-0.000153590791316,0.00908105354971
final,downside,M3,industry:Technology,True,309,0.189770522726,0.241644224715,-0.0215046645493,0.276100426442,0.474667213,0.496171877549,-0.00100698465409,-0.00349888567231,-0.0476398923909,-0.0118900153322,-0.0414021985484,0.00689520759492,0.00573557506827,0.00444760692005,-0.0018088702788,0.0109033281997
final,downside,M3,industry:Transport,True,442,0.189259563453,0.239226656477,-0.00535035493634,0.309372264625,0.46958864708,0.474939002016,-0.00187346037232,-0.00224217488294,-0.0284194094608,-0.00506715684916,-0.0281388690467,0.00460776137903,0.00526637711908,0.0197697527559,0.00342533652976,0.019301409394
final,downside,M3,collateral_type:Cash,True,412,0.0829435581314,0.107498597561,0.00417677374137,0.278600477599,0.166934702719,0.162757928978,-0.00356763318393,-0.00249892305557,-0.00733064439256,-0.00699449585794,-0.00381724978942,0.00219609618384,0.00355348528493,0.0169387533354,0.000517935829161,0.0191290004248
final,downside,M3,collateral_type:Mortgage,True,1502,0.150880213732,0.198536928261,-0.00680186480101,0.21738434858,0.432551732352,0.439353597153,0.000373190895361,-0.000772916351109,-0.017783222681,-0.00579722155693,-0.0139733955115,0.00363434967765,0.00277222371585,0.00350383720488,-0.00156406799353,0.00704073379195
final,downside,M3,collateral_type:Other,True,800,0.196407905408,0.24409909459,0.0023587898286,0.148900092823,0.494640568807,0.492281778978,-0.000524956781076,-0.00141336588133,-0.0150753083522,-0.00665087098528,-0.0105273635654,0.00449752989082,0.00385323177576,0.0193198021759,-0.000881768880728,0.0223589148099
final,downside,M3,collateral_type:Unsecured,True,1447,0.246261162748,0.298678582753,-0.00496109434181,0.114494742176,0.602223018935,0.607184113276,-0.0020423413783,-0.00202655682513,-0.0197683069529,-0.00391942859066,-0.0196933760479,0.00297245149082,0.0027873893374,0.0114223555073,0.00241550074427,0.0121454964422
final,downside,M3,lien_rank:First,True,1469,0.133343275119,0.175611515406,-0.00730988042517,0.432826490764,0.339152543706,0.346462424131,-0.000324835815107,-0.000901008103395,-0.016496412586,-0.00469637912876,-0.0142106315595,0.00260613950538,0.00238729085721,0.00255574614012,-0.00123881089698,0.00553824578307
final,downside,M3,lien_rank:Second,True,1245,0.178345285262,0.230817756698,0.00331700888175,0.12826318635,0.494752745265,0.491435736383,-0.000161091101996,-0.000751532808192,-0.0103534943513,-0.00651164338104,-0.00685530729692,0.00385007848031,0.00312971223008,0.0161205165898,-0.00228112006204,0.0204702478151
final,downside,M3,lien_rank:Unsecured,True,1447,0.246261162748,0.298678582753,-0.00496109434181,0.114494742176,0.602223018935,0.607184113276,-0.0020423413783,-0.00202655682513,-0.0197683069529,-0.00391942859066,-0.0196933760479,0.00297245149082,0.0027873893374,0.0114223555073,0.00241550074427,0.0121454964422
final,downside,M3,latent_regime:0,True,2511,0.182958742589,0.231532826479,-0.00515501431826,0.293874361963,0.432441372184,0.437596386502,-0.00179430758305,-0.00199568960354,-0.014725771921,-0.00265375658218,-0.0136971932915,0.001212111442,0.00138111535474,0.00397506303355,0.000761023880688,0.00483634503744
final,downside,M3,latent_regime:1,True,1650,0.190819182519,0.253592028277,-0.000510909603781,0.288881073282,0.545296168124,0.545807077727,0.0013088365161,0.000127357028525,-0.0126578819334,-0.0074225746439,-0.00728269409384,0.00550634107952,0.00404156789079,0.0117724227708,-0.00224872931124,0.0166402873787
final,downside,M3,age:1-6,True,1006,0.189696209539,0.244637512226,0.000329335865269,0.284915469039,0.484661550215,0.48433221435,0.00247192576355,-0.000460597698124,-0.0153504866829,-0.00844424022424,-0.010118649048,0.00732564699572,0.00522565017979,0.0157371427646,-0.00265088124158,0.0214576160197
final,downside,M3,age:7-12,True,1089,0.186803229523,0.245146029654,0.00805669144414,0.312925018478,0.480411908012,0.472355216568,-0.00185346477411,-0.0011925525193,-0.00668982217457,-0.00254873709191,-0.00562756084504,0.00210164942036,0.00310333366475,0.0242633933894,0.00229266072577,0.0237843348595
final,downside,M3,age:13-24,True,2066,0.183929307866,0.235998271496,-0.0110804891881,0.330845272835,0.471859087907,0.482939577095,-0.00190280897432,-0.00208947753469,-0.02189538846,-0.00499431465641,-0.0195428139452,0.00152592149499,0.00164944041064,-0.000538708698617,-0.000501245189308,0.001873836612
final,downside,M3,predicted:0-0.1,True,106,0.0593397159282,0.0873473396534,-0.0393601256265,-0.180907179217,0.0652548408206,0.104614966447,-0.00569258710417,-0.00135642744132,-0.0567989900891,-0.0186656081862,-0.0435242777691,0.00478788481647,0.0112959869419,-0.0228923176645,-0.00468220860634,-0.0127287288305
final,downside,M3,predicted:0.1-0.25,True,361,0.0906413868498,0.112594645766,-0.000950825837987,0.142985249334,0.182190523281,0.183141349119,-0.00302437785681,-0.00554959252189,-0.0139052665935,-0.00882598403823,-0.00823312114692,0.00350465805548,0.00226170054882,0.0106849113232,-0.000966561589537,0.0165723942959
final,downside,M3,predicted:0.25-0.5,True,1795,0.167054096278,0.205140201982,-0.0198207468658,0.104006144229,0.396435369154,0.41625611602,0.000388508670809,-0.000832178151139,-0.0283745429617,-0.00674313281957,-0.0233015346796,0.00378002455434,0.00298414642757,-0.0106251034814,-0.0030293873719,-0.00582101652385
final,downside,M3,predicted:0.5-0.75,True,1642,0.235711552477,0.289169375093,0.00925684951433,0.0281640824241,0.603527770406,0.594270920891,-0.000232316449098,-0.00153649300574,-0.00375155211189,-0.00417008575221,-0.00155341131017,0.00367622622929,0.00211988226408,0.0239998311506,0.000440895735679,0.0258417731952
final,downside,M3,predicted:0.75-1,True,257,0.188128526345,0.295835675413,0.0432166278836,-0.0213942716717,0.818354413569,0.775137785686,-0.0136624184466,-0.00516654098372,0.00807051672118,0.00861862662083,-0.0083990949907,-0.00266181275397,0.00749509007425,0.0821972543966,0.0230369050577,0.0677102060475
final,downside,M4,all,True,4161,0.18505318506,0.237747564881,-0.00619631542765,0.330886539963,0.474309862115,0.480506177543,-0.00160168041723,-0.00406046491974,-0.0127603173084,-0.00747423965969,-0.00757980723666,0.0019607948991,0.000186648509191,0.00218941849787,-0.00335335072648,0.00767063595756
final,downside,M4,realized_gt60,True,1725,0.176891588241,0.19982247826,-0.17389733007,-2.69532238656,0.597387887946,0.771285218016,0.00192484701269,0.00232349452148,-0.179007652416,-0.00820384612727,-0.173833327735,0.00795263760404,0.00871291803697,-0.168382575012,-0.00180248060457,-0.163631012092
final,downside,M4,realized_gt75,True,925,0.191945431657,0.21647444357,-0.189978512753,-8.04631491819,0.65991377679,0.849892289544,-0.00238707699259,-0.00128605051764,-0.196958963407,-0.0084722022652,-0.194423197966,0.00767326193764,0.00881057881405,-0.183053216549,0.0018677803938,-0.179561072985
final,downside,M4,realized_ge90,True,245,0.218441551919,0.242534580763,-0.218441551919,-50.3982731954,0.731330860162,0.949772412082,-0.0071615985132,-0.00516317446225,-0.231281070905,-0.0152031557057,-0.229085642537,0.0147279497521,0.0168298290348,-0.20481052719,0.00637201475079,-0.202194760073
final,downside,M4,low_le10,True,701,0.356697833173,0.413391080796,0.354852536028,-948.68320319,0.400159580748,0.0453070447193,-0.0158890265561,-0.0173116082098,0.336383760935,-0.0153649052246,0.346661638902,-0.00706345941524,-0.00677580514495,0.37325497348,-0.00656822867113,0.384899092991
final,downside,M4,cure,True,580,0.417090467186,0.452141304559,0.416837200781,-5702.03372224,0.457644719355,0.0408075185738,-0.0206175573177,-0.0203995954825,0.402735003131,-0.0204624608988,0.415795669927,-0.00988274410292,-0.00847910022708,0.434093922589,-0.00974233385831,0.449306755635
final,downside,M4,unsecured,True,1447,0.244070953162,0.295038765851,-0.00841851846543,0.135945481098,0.598765594811,0.607184113276,-0.0053392985738,-0.00677742662824,-0.0223049996076,-0.00842254927702,-0.0196933760479,0.0016972029648,0.000387504850929,0.00790806068331,0.000124125175291,0.0121454964422
final,downside,M4,secured,True,2714,0.153587190056,0.200623286637,-0.00501152257737,0.357906292972,0.407954871249,0.412966393827,-0.000518568091046,-0.0031747116826,-0.0124343648944,-0.00853034191472,-0.00671664584758,0.00318193409308,0.000971189335998,0.00225911365331,-0.00428794098665,0.00893437795668
final,downside,M4,guarantee:zero,True,3352,0.195896142494,0.248637913604,-0.00663394570946,0.297329425734,0.497354567703,0.503988513413,-0.0017364742311,-0.00450695412007,-0.0145063303549,-0.00877136526716,-0.00820663914496,0.00196406968971,7.64170572879e-05,0.00298459250094,-0.00426844753106,0.00893016947798
final,downside,M4,guarantee:partial,True,637,0.149804351926,0.196067011094,-0.00639910713339,0.389678774508,0.393908871111,0.400307978244,-0.00303329994143,-0.00578638329065,-0.0213859835051,-0.00661959642682,-0.0195514681651,0.00427416128347,0.00299497580402,0.00824572286614,0.000751642261164,0.0123874409607
final,downside,M4,guarantee:full,True,172,0.104285239646,0.142340836732,0.00308342306755,0.427786136614,0.322970200136,0.319886777069,-0.010352562133,-0.00999168271065,-0.0155882701789,-0.000447176310473,-0.0221507196108,0.00134485920649,0.00271301197639,0.0264218794199,0.0115575372452,0.0214181445266
final,downside,M4,product_type:Financial Guarantee,True,173,0.185847307001,0.237096808609,-0.00362517160263,0.320786945312,0.497849689589,0.501474861191,-0.00775474872643,-0.0155467343085,-0.0380367537987,-0.0182986502498,-0.0290040370057,0.00946942067881,0.00672669944614,0.0365110667665,-0.000962786428086,0.0435465577464
final,downside,M4,product_type:Import LC,True,375,0.210008605146,0.267895748626,0.0269451170666,0.220267965518,0.490321331436,0.46337621437,-0.00993510442491,-0.0169840831368,-0.000825811425506,-0.0118719002348,0.00209566177915,0.00317201106662,0.000356845823933,0.0531503023594,0.00140617612342,0.0579534391102
final,downside,M4,product_type:OVD,True,1390,0.194215811611,0.247994707109,-0.00580935420399,0.279271308884,0.500059392783,0.505868746987,-0.00204148912188,-0.00305448297694,-0.0166502615943,-0.00877067932195,-0.0113562525456,0.00408797885986,0.00325550734696,0.0074273354096,-0.00320078442221,0.0137822337532
final,downside,M4,product_type:Performance Guarantee,True,301,0.184287865621,0.239752711712,0.00693796420504,0.297407519278,0.481506298375,0.47456833417,-0.0119538166344,-0.0168786380911,-0.0210462482937,-0.0109242713843,-0.0159805985781,0.00173046687977,0.00106677192187,0.0361182764893,0.00249998975303,0.0424528874933
final,downside,M4,product_type:Term Loan,True,1922,0.173606069877,0.22322130717,-0.0152307271537,0.393299014028,0.449317840216,0.46454856737,-0.00103602322777,-0.00394844114623,-0.025254788958,-0.00784856167792,-0.0209906310231,0.00332323320421,0.00141417173173,-0.00517871026768,-0.00276875233304,-0.000278732850202
final,downside,M4,industry:Construction,True,521,0.177069441688,0.228034200513,-0.00462451641942,0.375036288001,0.469670197393,0.474294713812,-0.00683799476486,-0.00766798975674,-0.0232675922276,-0.00586453631838,-0.0233679527889,0.0024980661686,0.00355254299092,0.0175121144269,0.00611885913203,0.0175159976116
final,downside,M4,industry:Hospitality,True,321,0.194551606118,0.252334572703,-6.81476412484e-05,0.276975668477,0.498368884665,0.498437032306,-0.0105694354035,-0.0123059333892,-0.0283260751137,-0.0127034468351,-0.024935054755,0.0033480447312,0.0030630038404,0.0277358522033,0.00300628062677,0.0348048153074
final,downside,M4,industry:Manufacturing,True,828,0.183540725491,0.238377209693,0.00180365342513,0.352537206928,0.476470462091,0.474666808666,-0.00352931229392,-0.00750980960405,-0.0127254333189,-0.0111325191337,-0.00655290950203,0.00412697273172,0.00102169331857,0.0162370208564,-0.00249458965114,0.0225632525836
final,downside,M4,industry:Retail,True,801,0.187141375978,0.239864528147,-0.00450575559836,0.331069763715,0.469321176056,0.473826931655,-0.00231504076668,-0.00633849169473,-0.0198225735545,-0.0129869978132,-0.0110992317251,0.00516389435128,0.00256171709017,0.0122538486198,-0.00462799699523,0.0214604193225
final,downside,M4,industry:Services,True,939,0.185646220581,0.238057183091,-0.0113740933501,0.304070375637,0.47476087215,0.486134965501,-0.000158194473427,-0.00238039407127,-0.0274815469349,-0.00966207297353,-0.0226458993481,0.00709089840821,0.0069008150476,0.0033811396881,-0.00113340161422,0.00908105354971
final,downside,M4,industry:Technology,True,309,0.183538062954,0.23148155733,-0.0241599123264,0.33570914797,0.472011965223,0.496171877549,-0.00935253260852,-0.0181051450757,-0.0484792369427,-0.0175827222512,-0.0414021985484,0.00343162758663,-0.00156966633396,-0.0010941555708,-0.00185800372458,0.0109033281997
final,downside,M4,industry:Transport,True,442,0.186414101603,0.236672047788,-0.00699151195524,0.32404340194,0.467947490061,0.474939002016,-0.00712133323346,-0.00670215697299,-0.0304419693208,-0.0093115286796,-0.0281388690467,0.00326022732314,0.00436718753017,0.0177091560057,0.00447077348706,0.019301409394
final,downside,M4,collateral_type:Cash,True,412,0.0832281477467,0.107548533835,0.00796144366673,0.277930099156,0.170719372645,0.162757928978,-0.00361655508949,-0.00254260624607,-0.00316346904364,-0.00331305553038,-0.00381724978942,0.00309469429361,0.00395543374777,0.0189794448947,0.00397749851983,0.0191290004248
final,downside,M4,collateral_type:Mortgage,True,1502,0.150253187027,0.195480224034,-0.00905584741815,0.24129737138,0.430297749735,0.439353597153,-0.00070327305469,-0.00451724109388,-0.0189749652247,-0.00864089506114,-0.0139733955115,0.00363586392949,0.000372215551132,0.000878523298722,-0.00313058054463,0.00704073379195
final,downside,M4,collateral_type:Other,True,800,0.196081687531,0.242582504543,-0.00409938030451,0.159443023082,0.488182398674,0.492281778978,-0.0020952666243,-0.00400992201156,-0.0202367303825,-0.0148234138856,-0.0105273635654,0.00533868121067,0.0036824822346,0.0112409911068,-0.00619156514166,0.0223589148099
final,downside,M4,collateral_type:Unsecured,True,1447,0.244070953162,0.295038765851,-0.00841851846543,0.135945481098,0.598765594811,0.607184113276,-0.0053392985738,-0.00677742662824,-0.0223049996076,-0.00842254927702,-0.0196933760479,0.0016972029648,0.000387504850929,0.00790806068331,0.000124125175291,0.0121454964422
final,downside,M4,lien_rank:First,True,1469,0.133292662862,0.173577705645,-0.00898925013116,0.445887631636,0.337473174,0.346462424131,-0.00103443941365,-0.00386359202631,-0.0182468941484,-0.00697465733591,-0.0142106315595,0.00339632026314,0.00124473019808,0.000438601902764,-0.00264020305076,0.00553824578307
final,downside,M4,lien_rank:Second,True,1245,0.177533102061,0.228453628727,-0.000318123560086,0.146029090891,0.491117612823,0.491435736383,-0.00152204326904,-0.00414533121271,-0.0130368025683,-0.0110754887803,-0.00685530729692,0.00373634440066,0.00152640669056,0.012539988628,-0.00478116183409,0.0204702478151
final,downside,M4,lien_rank:Unsecured,True,1447,0.244070953162,0.295038765851,-0.00841851846543,0.135945481098,0.598765594811,0.607184113276,-0.0053392985738,-0.00677742662824,-0.0223049996076,-0.00842254927702,-0.0196933760479,0.0016972029648,0.000387504850929,0.00790806068331,0.000124125175291,0.0121454964422
final,downside,M4,latent_regime:0,True,2511,0.181365394777,0.22884861736,-0.00636442368959,0.310151985169,0.431231962812,0.437596386502,-0.00384934411374,-0.00520144698819,-0.0156426656771,-0.0046473156079,-0.0136971932915,0.000429573733282,-0.000254217638054,0.00280490925774,0.000304024354479,0.00483634503744
final,downside,M4,latent_regime:1,True,1650,0.190665331364,0.250684703953,-0.00594048521811,0.30509295606,0.539866592509,0.545807077727,0.000408022035302,-0.00404032153466,-0.0182723835504,-0.014399905952,-0.00728269409384,0.0061321091559,0.0026815714001,0.00599013823001,-0.00717768173332,0.0166402873787
final,downside,M4,age:1-6,True,1006,0.187313481386,0.240027004424,-0.00347657561443,0.311614854574,0.480855638735,0.48433221435,-0.000628796447159,-0.00606068512178,-0.0188605375183,-0.0123423520302,-0.010118649048,0.00632229139348,0.00205428444627,0.0120792408618,-0.00522219301291,0.0214576160197
final,downside,M4,age:7-12,True,1089,0.186660261012,0.242718105308,0.00507230152184,0.326467194345,0.47742751809,0.472355216568,-0.00300178509125,-0.00538003629953,-0.00818468952203,-0.00764276162931,-0.00562756084504,0.00336276327677,0.00237634762647,0.0213616308133,0.00104573744598,0.0237843348595
final,downside,M4,age:13-24,True,2066,0.183105477502,0.233954671638,-0.0134603919572,0.342384032923,0.469479185138,0.482939577095,-0.00344871156712,-0.00513700161397,-0.0239401132812,-0.00843958971547,-0.0195428139452,0.00180998964439,0.000508263960726,-0.0027940332674,-0.00212686474043,0.001873836612
final,downside,M4,predicted:0-0.1,False,95,0.0592190925623,0.0848895318703,-0.0339983200194,-0.198197616688,0.0649406264166,0.0989389464361,-0.0118216156804,-0.00785565720745,-0.0509720063515,-0.0216065742053,-0.0366088602875,0.0026327272653,0.00881815442026,-0.0184769754913,-0.00500360573661,-0.00452868953363
final,downside,M4,predicted:0.1-0.25,True,380,0.089343370683,0.111139177989,-0.00315119564781,0.138890065213,0.180980748282,0.18413194393,0.000673578545499,-0.00188313873756,-0.0150333150389,-0.0136218589292,-0.00563591380883,0.00850084000292,0.00712297723809,0.00785452641529,-0.0037223275877,0.0168680141815
final,downside,M4,predicted:0.25-0.5,True,1825,0.170554818561,0.208498566105,-0.0175486695333,0.101969534331,0.395215460017,0.41276412955,-0.00107031082868,-0.00618370562538,-0.0274747126616,-0.0162273024432,-0.0140071705193,0.00368991257789,-0.00018316381073,-0.00683349921183,-0.0108094479776,0.00702424080939
final,downside,M4,predicted:0.5-0.75,True,1602,0.232535898021,0.284596232163,0.0015052357846,0.0284540922926,0.60375683717,0.602251601385,-0.00281592289961,-0.00579095097605,-0.0133322502139,-0.00413483644464,-0.0125128695744,0.00365526158957,0.000875921065023,0.0135328878444,0.00311742948112,0.0144849900394
final,downside,M4,predicted:0.75-1,True,259,0.18009635475,0.282896401912,0.0318894224896,0.0169511329179,0.811485037562,0.779595615072,-0.022601912891,-0.00557461984844,-0.000443350538849,0.0191327558833,-0.028343568944,-0.00684121585809,0.0119269167025,0.0693817724161,0.0356571253596,0.0423089757771
final,downside,M4_without_mi,all,True,4161,0.18424577089,0.237772923152,-0.00414895417027,0.330743796413,0.476357223373,0.480506177543,-0.00247725519015,-0.00413198461393,-0.0109774509072,-0.00550303631254,-0.00757980723666,0.00104223324743,-0.000135839202766,0.00419732907665,-0.00144746212435,0.00767063595756
final,downside,M4_without_mi,realized_gt60,True,1725,0.174305108347,0.197676452434,-0.171357858733,-2.6163755813,0.599927359283,0.771285218016,-0.000608740655469,0.000356087528902,-0.176602502829,-0.00567322906335,-0.173833327735,0.00537032795834,0.00630112575502,-0.166260766774,0.000661302365011,-0.163631012092
final,downside,M4_without_mi,realized_gt75,True,925,0.189322904527,0.213863802696,-0.187075990007,-7.82943690941,0.662816299536,0.849892289544,-0.00485387098407,-0.00342074830821,-0.193825772297,-0.00488293798578,-0.194423197966,0.00468032993186,0.00577098611536,-0.180594057805,0.00429838842614,-0.179561072985
final,downside,M4_without_mi,realized_ge90,True,245,0.212523861907,0.237306564162,-0.212314059952,-48.2062980153,0.73745835213,0.949772412082,-0.0120388557701,-0.00913248055228,-0.226770039875,-0.00841097379431,-0.229085642537,0.00848956064422,0.0107177480072,-0.199067712548,0.0116236744873,-0.202194760073
final,downside,M4_without_mi,low_le10,True,701,0.35887664113,0.415639915101,0.357124344406,-959.043800123,0.402431389125,0.0453070447193,-0.013210600033,-0.0143014088454,0.338756144744,-0.01251942629,0.346661638902,-0.00544535481539,-0.00502485207289,0.375570990197,-0.00509407765896,0.384899092991
final,downside,M4_without_mi,cure,True,580,0.419760263128,0.454679135407,0.419671522732,-5766.2346858,0.460479041306,0.0408075185738,-0.0171451638167,-0.0174579903933,0.405974515006,-0.0170750846548,0.415795669927,-0.00765257487691,-0.00655272308585,0.436771741987,-0.00747057036347,0.449306755635
final,downside,M4_without_mi,unsecured,True,1447,0.244100612607,0.295443346795,-0.00657260394426,0.133574133873,0.600611509332,0.607184113276,-0.00517886702503,-0.00613160850317,-0.0211707006067,-0.00641570415414,-0.0196933760479,0.00123469840871,0.0002954526054,0.0097148127042,0.00187248255558,0.0121454964422
final,downside,M4_without_mi,secured,True,2714,0.152333480557,0.200351739429,-0.00285675769903,0.35964328729,0.410109636128,0.412966393827,-0.00176154698567,-0.00320705815244,-0.0102962395143,-0.00650279899735,-0.00671664584758,0.00169109769749,0.000364004850255,0.00436189906386,-0.00208484836742,0.00893437795668
final,downside,M4_without_mi,guarantee:zero,True,3352,0.194803051688,0.24851228192,-0.00409639510518,0.298039336655,0.499892118307,0.503988513413,-0.00280648318991,-0.00428056642814,-0.0119503692296,-0.006152154129,-0.00820663914496,0.000869251803484,-0.000416535836978,0.00539582362499,-0.00198234235692,0.00893016947798
final,downside,M4_without_mi,guarantee:partial,True,637,0.149826261399,0.196509253976,-0.00680281095669,0.386922424863,0.393505167288,0.400307978244,-0.00299661931869,-0.00491866984765,-0.022755714008,-0.00646864787695,-0.0195514681651,0.00398168437551,0.00334637510067,0.00893891994107,9.06281798048e-06,0.0123874409607
final,downside,M4_without_mi,guarantee:full,True,172,0.105973807579,0.145350789153,0.00465528296208,0.40333009313,0.324542060031,0.319886777069,-0.00757629212106,-0.00598429166805,-0.0133201562684,0.00141953519998,-0.0221507196108,0.00280483433302,0.00553469214308,0.028469853993,0.0131061549261,0.0214181445266
final,downside,M4_without_mi,product_type:Financial Guarantee,True,173,0.184325410767,0.237835622053,0.000918731947263,0.316547381035,0.502393593138,0.501474861191,-0.00877940029885,-0.0137076176925,-0.0318653333235,-0.0140658836327,-0.0290040370057,0.00750097101246,0.00615239218114,0.0395583997102,0.00460263605177,0.0435465577464
final,downside,M4_without_mi,product_type:Import LC,True,375,0.212769512965,0.27126174523,0.0296385006761,0.200550864876,0.493014715046,0.46337621437,-0.00700728594791,-0.0120152805179,0.00101004999265,-0.00856777294532,0.00209566177915,0.00472164964538,0.00212018074991,0.0562430740945,0.00344008400794,0.0579534391102
final,downside,M4_without_mi,product_type:OVD,True,1390,0.192880624652,0.247568935592,-0.00375113520771,0.28174396106,0.502117611779,0.505868746987,-0.00336662352696,-0.00328372758963,-0.0144434123237,-0.00661998657002,-0.0113562525456,0.00270632606047,0.00288721105553,0.00943150967738,-0.00136162715151,0.0137822337532
final,downside,M4_without_mi,product_type:Performance Guarantee,True,301,0.182074250106,0.237921230976,0.00953592910976,0.308100784723,0.48410426328,0.47456833417,-0.0137777873895,-0.017956358845,-0.0174824959438,-0.00781163455341,-0.0159805985781,-0.00096129081866,-0.00201217364994,0.0393726183095,0.00505766134333,0.0424528874933
final,downside,M4_without_mi,product_type:Term Loan,True,1922,0.172768663736,0.223064546094,-0.013628206767,0.394150847624,0.450920360603,0.46454856737,-0.00174432702479,-0.00396618554019,-0.0238410997126,-0.00604230263923,-0.0209906310231,0.00235941451685,0.00100997151313,-0.00363912103882,-0.00119649943236,-0.000278732850202
final,downside,M4_without_mi,industry:Construction,True,521,0.178070783524,0.22974618226,-0.00391437623271,0.365617150549,0.47038033758,0.474294713812,-0.00609049647583,-0.00596853566523,-0.0224994207449,-0.00480273389701,-0.0233679527889,0.00360672605399,0.00499772412,0.0177947099849,0.0067023341005,0.0175159976116
final,downside,M4_without_mi,industry:Hospitality,True,321,0.195145827269,0.253298128199,0.00172096786334,0.271443297643,0.50015800017,0.498437032306,-0.00900880005639,-0.0105057870854,-0.0270479494723,-0.0108943367985,-0.024935054755,0.00411154469539,0.00311196766497,0.0300898682173,0.00476935227308,0.0348048153074
final,downside,M4_without_mi,industry:Manufacturing,True,828,0.181526490893,0.237944045871,0.00399218113597,0.354888124987,0.478658989802,0.474666808666,-0.0055797572645,-0.00745347978554,-0.0113625599001,-0.00897630815396,-0.00655290950203,0.00217441602406,0.000440881404875,0.0178776321695,-0.000848694264024,0.0225632525836
final,downside,M4_without_mi,industry:Retail,True,801,0.184940285601,0.238940550698,-0.00113026462936,0.336213383891,0.472696667025,0.473826931655,-0.00453731517634,-0.00735155077117,-0.0169355366582,-0.00961047753628,-0.0110992317251,0.00315338195977,0.00119329442451,0.0156199445755,-0.00112887598182,0.0214604193225
final,downside,M4_without_mi,industry:Services,True,939,0.185449179371,0.237897934339,-0.0100568525947,0.305001150789,0.476078112906,0.486134965501,-0.000292935335819,-0.00193844794197,-0.0261304148954,-0.00786246162031,-0.0226458993481,0.00696973513165,0.00599735300129,0.00489815856397,9.41258309977e-05,0.00908105354971
final,downside,M4_without_mi,industry:Technology,True,309,0.18279472952,0.233150309919,-0.0203446527153,0.326096867677,0.475827224834,0.496171877549,-0.00894551113476,-0.014599272135,-0.0461106823746,-0.0130686727028,-0.0414021985484,0.00144056949869,-0.000928207264071,0.00383948897567,0.00124849151173,0.0109033281997
final,downside,M4_without_mi,industry:Transport,True,442,0.185901605946,0.23591688732,-0.00553651743537,0.328350132188,0.469402484581,0.474939002016,-0.00690237018384,-0.00697288799238,-0.0288004647439,-0.00687423537742,-0.0281388690467,0.00261697908024,0.00289923452737,0.0182694395014,0.00513591542842,0.019301409394
final,downside,M4_without_mi,collateral_type:Cash,True,412,0.0833725953709,0.107421130674,0.00911885415687,0.279639829564,0.171876783135,0.162757928978,-0.0033249372074,-0.00244518349738,-0.0015962036517,-0.00225840187196,-0.00381724978942,0.00272519900107,0.00353040363521,0.0206563688871,0.00501705856765,0.0191290004248
final,downside,M4_without_mi,collateral_type:Mortgage,True,1502,0.14909338667,0.196096131401,-0.00688453863891,0.236508890127,0.432469058514,0.439353597153,-0.00200075633501,-0.00371361196051,-0.0171597578447,-0.0063984601417,-0.0139733955115,0.00252644261341,0.00100602834777,0.00355994897881,-0.00125954514106,0.00704073379195
final,downside,M4_without_mi,collateral_type:Other,True,800,0.1939316127,0.240911151342,-0.00146203909018,0.170985718174,0.490819739888,0.492281778978,-0.00374979847021,-0.00544974514226,-0.018440357817,-0.0123997800571,-0.0105273635654,0.00312111557789,0.00193956386354,0.0142551959421,-0.0037364029083,0.0223589148099
final,downside,M4_without_mi,collateral_type:Unsecured,True,1447,0.244100612607,0.295443346795,-0.00657260394426,0.133574133873,0.600611509332,0.607184113276,-0.00517886702503,-0.00613160850317,-0.0211707006067,-0.00641570415414,-0.0196933760479,0.00123469840871,0.0002954526054,0.0097148127042,0.00187248255558,0.0121454964422
final,downside,M4_without_mi,lien_rank:First,True,1469,0.132164544676,0.172888376288,-0.00720462910853,0.450279986866,0.339257795022,0.346462424131,-0.00218471554047,-0.00416999252378,-0.0165998148943,-0.00526641758349,-0.0142106315595,0.00211665884991,0.000256495950263,0.00224556402145,-0.00061578920199,0.00553824578307
final,downside,M4_without_mi,lien_rank:Second,True,1245,0.176131204901,0.228550874406,0.00227338133757,0.145301917887,0.493709117721,0.491435736383,-0.00294941786651,-0.00402544476882,-0.0107613147541,-0.00831622789905,-0.00685530729692,0.00246500844003,0.00172322281119,0.0148977541867,-0.00253392769011,0.0204702478151
final,downside,M4_without_mi,lien_rank:Unsecured,True,1447,0.244100612607,0.295443346795,-0.00657260394426,0.133574133873,0.600611509332,0.607184113276,-0.00517886702503,-0.00613160850317,-0.0211707006067,-0.00641570415414,-0.0196933760479,0.00123469840871,0.0002954526054,0.0097148127042,0.00187248255558,0.0121454964422
final,downside,M4_without_mi,latent_regime:0,True,2511,0.180796577965,0.228980337877,-0.00558326682169,0.309357632214,0.43201311968,0.437596386502,-0.00464023298417,-0.00500395446055,-0.0151297468385,-0.00394589421897,-0.0136971932915,-0.000631925632872,-0.000488352454969,0.00371497729281,0.00108336433709,0.00483634503744
final,downside,M4_without_mi,latent_regime:1,True,1650,0.189494815396,0.250562279437,-0.00196619109893,0.30577152068,0.543840886629,0.545807077727,-0.000624987659346,-0.00382299095489,-0.0145661705329,-0.00951792001169,-0.00728269409384,0.00478451990724,0.00224195744246,0.00992279438045,-0.00338780473403,0.0166402873787
final,downside,M4_without_mi,age:1-6,True,1006,0.186676191823,0.240052019947,-0.00132969907549,0.311471360622,0.483002515274,0.48433221435,-0.000976310501505,-0.00548629066086,-0.016274342877,-0.0102638655195,-0.010118649048,0.004985262516,0.00111341066725,0.0141258970484,-0.00350056275151,0.0214576160197
final,downside,M4_without_mi,age:7-12,True,1089,0.187004768416,0.243807141864,0.00897945567413,0.320409571263,0.481334672242,0.472355216568,-0.00273344839615,-0.0037807900973,-0.00426598670145,-0.00343216712168,-0.00562756084504,0.00300301261454,0.00305682280638,0.0241302304703,0.00473138817136,0.0237843348595
final,downside,M4_without_mi,age:13-24,True,2066,0.181608040123,0.233396536075,-0.0124417948992,0.345517982258,0.470497782196,0.482939577095,-0.00499116749554,-0.00549573450227,-0.0226780227102,-0.00705716059409,-0.0195428139452,0.00010191240966,-0.000107030545582,-0.00209704489052,-0.000735221363607,0.001873836612
final,downside,M4_without_mi,predicted:0-0.1,False,90,0.0468140562828,0.0707480606418,-0.0164254455489,-0.17602053921,0.0676505349058,0.0840759804548,-0.0169628330339,-0.0145857514112,-0.0304941173268,-0.0156256241359,-0.0258354706673,-0.00522698030379,-0.00100050942479,-0.00419234604778,-0.000681383717813,0.00647600123708
final,downside,M4_without_mi,predicted:0.1-0.25,True,381,0.0900516400542,0.111569325325,-0.00652813454081,0.116608226965,0.179420589398,0.185948723939,0.000651559759058,-0.00141562023018,-0.0181581248782,-0.0112203568072,-0.010377710296,0.00855063060143,0.00703788948357,0.00523002591814,-0.00293931977508,0.0121499359913
final,downside,M4_without_mi,predicted:0.25-0.5,True,1792,0.170471616044,0.208056113828,-0.0194563222062,0.103153597738,0.39387984393,0.413336166136,-0.000422673721947,-0.00417408068985,-0.0296039324889,-0.0142926926888,-0.0182590197197,0.00435096678979,0.00182614509803,-0.00954342868199,-0.00888384362355,0.00168360724659
final,downside,M4_without_mi,predicted:0.5-0.75,True,1614,0.230068941199,0.283380583427,0.00697553875048,0.0405410967803,0.601942910457,0.594967371707,-0.00389128127297,-0.00565485504749,-0.00583828667925,-0.00166013123517,-0.00801951089679,0.00166890498824,-2.95096882148e-05,0.019854204014,0.00421199483686,0.0189728445031
final,downside,M4_without_mi,predicted:0.75-1,True,284,0.180659527114,0.283778641162,0.0362990172791,0.0128882236731,0.810936887151,0.774637869872,-0.0259201146095,-0.00933177281468,0.00464146233868,0.020306756321,-0.0248800347248,-0.0113125236326,0.00615472244584,0.0711212574847,0.0361243816188,0.043149671045
