facility_id,customer_id,targeted_context_rate
current-current-SME00001-000001,current-SME00001,0.5730843995426649
current-current-SME00002-000002,current-SME00002,0.4381279716911068
current-current-SME00003-000003,current-SME00003,0.27133456624118774
current-current-SME00003-000004,current-SME00003,0.3068679185562953
current-current-SME00003-000005,current-SME00003,0.30521403400180064
current-current-SME00004-000006,current-SME00004,0.713179289931742
current-current-SME00004-000007,current-SME00004,0.6510440005080325
current-current-SME00005-000008,current-SME00005,0.4516499440626451
current-current-SME00006-000009,current-SME00006,0.579247518930654
current-current-SME00007-000010,current-SME00007,0.7850435010759379
current-current-SME00008-000011,current-SME00008,0.5989382836975159
current-current-SME00009-000012,current-SME00009,0.6595339505288653
current-current-SME00009-000013,current-SME00009,0.6595339505288653
current-current-SME00009-000014,current-SME00009,0.5218198118483399
current-current-SME00010-000015,current-SME00010,0.16537669058352902
current-current-SME00011-000016,current-SME00011,0.5077607132482328
current-current-SME00011-000017,current-SME00011,0.679523123905554
current-current-SME00012-000018,current-SME00012,0.45362024805381795
current-current-SME00013-000019,current-SME00013,0.5228561070757811
current-current-SME00014-000020,current-SME00014,0.7696318524246942
current-current-SME00015-000021,current-SME00015,0.7528254796876296
current-current-SME00016-000022,current-SME00016,0.5814793750178202
current-current-SME00017-000023,current-SME00017,0.7366309178708244
current-current-SME00017-000024,current-SME00017,0.7411757828483958
current-current-SME00017-000025,current-SME00017,0.712912814054741
current-current-SME00018-000026,current-SME00018,0.6864004538990741
current-current-SME00018-000027,current-SME00018,0.6953049343089418
current-current-SME00019-000028,current-SME00019,0.5659902066643561
current-current-SME00019-000029,current-SME00019,0.4954606986540022
current-current-SME00019-000030,current-SME00019,0.5711884472829024
current-current-SME00020-000031,current-SME00020,0.7058536846764202
current-current-SME00021-000032,current-SME00021,0.6534820458727132
current-current-SME00022-000033,current-SME00022,0.8126098809950558
current-current-SME00022-000034,current-SME00022,0.8250251668414386
current-current-SME00022-000035,current-SME00022,0.8250251668414386
current-current-SME00023-000036,current-SME00023,0.5881535924513153
current-current-SME00024-000037,current-SME00024,0.46603191624983703
current-current-SME00025-000038,current-SME00025,0.5459100435048532
current-current-SME00026-000039,current-SME00026,0.5903988384236919
current-current-SME00027-000040,current-SME00027,0.6055004421304856
current-current-SME00027-000041,current-SME00027,0.6055004421304856
current-current-SME00028-000042,current-SME00028,0.3806070693655823
current-current-SME00029-000043,current-SME00029,0.3539706815848203
current-current-SME00029-000044,current-SME00029,0.4198182272494242
current-current-SME00030-000045,current-SME00030,0.5366970954936748
current-current-SME00030-000046,current-SME00030,0.6494004416253815
current-current-SME00031-000047,current-SME00031,0.49361184767348726
current-current-SME00032-000048,current-SME00032,0.4051166249517935
current-current-SME00032-000049,current-SME00032,0.4379817050351599
current-current-SME00033-000050,current-SME00033,0.647005361227343
current-current-SME00034-000051,current-SME00034,0.1694600870120252
current-current-SME00034-000052,current-SME00034,0.48002713397922725
current-current-SME00035-000053,current-SME00035,0.645807431530694
current-current-SME00035-000054,current-SME00035,0.7092742467282329
current-current-SME00035-000055,current-SME00035,0.6310170578908019
current-current-SME00036-000056,current-SME00036,0.600033599797898
current-current-SME00036-000057,current-SME00036,0.5430022639960383
current-current-SME00037-000058,current-SME00037,0.4253963185966831
current-current-SME00037-000059,current-SME00037,0.3938530353641522
current-current-SME00038-000060,current-SME00038,0.5537824514993109
current-current-SME00038-000061,current-SME00038,0.6310186937373803
current-current-SME00039-000062,current-SME00039,0.5354143383740444
current-current-SME00040-000063,current-SME00040,0.45699343561717914
current-current-SME00041-000064,current-SME00041,0.7732626581952007
current-current-SME00041-000065,current-SME00041,0.7732626581952007
current-current-SME00041-000066,current-SME00041,0.7668475999238701
current-current-SME00042-000067,current-SME00042,0.547985984313281
current-current-SME00043-000068,current-SME00043,0.540598453901332
current-current-SME00043-000069,current-SME00043,0.540598453901332
current-current-SME00043-000070,current-SME00043,0.5278696154872771
current-current-SME00044-000071,current-SME00044,0.4703040938776438
current-current-SME00044-000072,current-SME00044,0.5335295018974132
current-current-SME00045-000073,current-SME00045,0.5178939428517191
current-current-SME00045-000074,current-SME00045,0.5671640012351256
current-current-SME00045-000075,current-SME00045,0.5649382306059118
current-current-SME00046-000076,current-SME00046,0.21942551746495534
current-current-SME00046-000077,current-SME00046,0.39338208344138803
current-current-SME00047-000078,current-SME00047,0.5713079873678881
current-current-SME00047-000079,current-SME00047,0.5481813105090274
current-current-SME00048-000080,current-SME00048,0.5617498476212521
current-current-SME00048-000081,current-SME00048,0.5617498476212521
current-current-SME00048-000082,current-SME00048,0.5710452990552143
current-current-SME00049-000083,current-SME00049,0.21550217699715893
current-current-SME00050-000084,current-SME00050,0.6550864369212138
current-current-SME00050-000085,current-SME00050,0.8179712533403681
current-current-SME00051-000086,current-SME00051,0.4143282380696232
current-current-SME00052-000087,current-SME00052,0.4558815730836906
current-current-SME00052-000088,current-SME00052,0.45088076704812186
current-current-SME00052-000089,current-SME00052,0.4574314938186264
current-current-SME00053-000090,current-SME00053,0.637869940937141
current-current-SME00053-000091,current-SME00053,0.5041929119496834
current-current-SME00054-000092,current-SME00054,0.6976041290375314
current-current-SME00055-000093,current-SME00055,0.7271218687771598
current-current-SME00055-000094,current-SME00055,0.7558897221498133
current-current-SME00055-000095,current-SME00055,0.6323199574293523
current-current-SME00056-000096,current-SME00056,0.5548946290036338
current-current-SME00057-000097,current-SME00057,0.6483692046045876
current-current-SME00058-000098,current-SME00058,0.2867167976896813
current-current-SME00059-000099,current-SME00059,0.5140332221567595
current-current-SME00059-000100,current-SME00059,0.5826171189355679
current-current-SME00060-000101,current-SME00060,0.5770478730750188
current-current-SME00060-000102,current-SME00060,0.6167077756390845
current-current-SME00060-000103,current-SME00060,0.6244996082938774
current-current-SME00061-000104,current-SME00061,0.5140858771002423
current-current-SME00061-000105,current-SME00061,0.5112310844207356
current-current-SME00062-000106,current-SME00062,0.4632404379244191
current-current-SME00062-000107,current-SME00062,0.5393409307503361
current-current-SME00063-000108,current-SME00063,0.47478711867399953
current-current-SME00063-000109,current-SME00063,0.5814502782087823
current-current-SME00064-000110,current-SME00064,0.5970393256131662
current-current-SME00065-000111,current-SME00065,0.4186591991449005
current-current-SME00065-000112,current-SME00065,0.5193924713298115
current-current-SME00066-000113,current-SME00066,0.7756108414954768
current-current-SME00066-000114,current-SME00066,0.7713252790009821
current-current-SME00066-000115,current-SME00066,0.7756108414954768
current-current-SME00067-000116,current-SME00067,0.3068567330877299
current-current-SME00067-000117,current-SME00067,0.3039525282336024
current-current-SME00068-000118,current-SME00068,0.5554630463162176
current-current-SME00069-000119,current-SME00069,0.6316159400127918
current-current-SME00069-000120,current-SME00069,0.6731808520018203
current-current-SME00070-000121,current-SME00070,0.677396765609553
current-current-SME00071-000122,current-SME00071,0.44812400025170657
current-current-SME00071-000123,current-SME00071,0.5098270100291783
current-current-SME00072-000124,current-SME00072,0.6473466899236019
current-current-SME00073-000125,current-SME00073,0.5747325272263919
current-current-SME00073-000126,current-SME00073,0.4993161822657887
current-current-SME00073-000127,current-SME00073,0.5281552455502626
current-current-SME00074-000128,current-SME00074,0.6784198630621995
current-current-SME00074-000129,current-SME00074,0.7072126666661809
current-current-SME00074-000130,current-SME00074,0.6607707387128992
current-current-SME00075-000131,current-SME00075,0.581205584839191
current-current-SME00076-000132,current-SME00076,0.3347485801234728
current-current-SME00077-000133,current-SME00077,0.5990714897233576
current-current-SME00078-000134,current-SME00078,0.6754271515965264
current-current-SME00079-000135,current-SME00079,0.7188509207701402
current-current-SME00080-000136,current-SME00080,0.8025781345418308
current-current-SME00080-000137,current-SME00080,0.8025781345418308
current-current-SME00081-000138,current-SME00081,0.8096780779693319
current-current-SME00082-000139,current-SME00082,0.2674833816099222
current-current-SME00082-000140,current-SME00082,0.3778323511500247
current-current-SME00083-000141,current-SME00083,0.7683676018561545
current-current-SME00083-000142,current-SME00083,0.7683676018561545
current-current-SME00084-000143,current-SME00084,0.7707410098041462
current-current-SME00085-000144,current-SME00085,0.6413428534479025
current-current-SME00085-000145,current-SME00085,0.5108746225225261
current-current-SME00085-000146,current-SME00085,0.6413428534479025
current-current-SME00086-000147,current-SME00086,0.5589229104800382
current-current-SME00087-000148,current-SME00087,0.7896587667063533
current-current-SME00087-000149,current-SME00087,0.7902166167739372
current-current-SME00087-000150,current-SME00087,0.7901051058259272
current-current-SME00088-000151,current-SME00088,0.6828714129506098
current-current-SME00088-000152,current-SME00088,0.6353818930632179
current-current-SME00089-000153,current-SME00089,0.5636849095117453
current-current-SME00090-000154,current-SME00090,0.6980166263614438
current-current-SME00090-000155,current-SME00090,0.6750875742529658
current-current-SME00091-000156,current-SME00091,0.7691177799868566
current-current-SME00091-000157,current-SME00091,0.7734033424813512
current-current-SME00092-000158,current-SME00092,0.3110759420826885
current-current-SME00092-000159,current-SME00092,0.48462709702828044
current-current-SME00093-000160,current-SME00093,0.5507106820883451
current-current-SME00094-000161,current-SME00094,0.7609627250841278
current-current-SME00095-000162,current-SME00095,0.4273089319979134
current-current-SME00096-000163,current-SME00096,0.757161035565477
current-current-SME00096-000164,current-SME00096,0.7585984909577843
current-current-SME00097-000165,current-SME00097,0.5392214480891921
current-current-SME00098-000166,current-SME00098,0.6837873366470192
current-current-SME00099-000167,current-SME00099,0.49817162597188436
current-current-SME00100-000168,current-SME00100,0.7830884032410057
current-current-SME00100-000169,current-SME00100,0.7830884032410057
current-current-SME00100-000170,current-SME00100,0.611100855392077
current-current-SME00101-000171,current-SME00101,0.4399722072228584
current-current-SME00101-000172,current-SME00101,0.19299476547865885
current-current-SME00102-000173,current-SME00102,0.3092224138953148
current-current-SME00102-000174,current-SME00102,0.4917556280117098
current-current-SME00102-000175,current-SME00102,0.35055951216709513
current-current-SME00103-000176,current-SME00103,0.398933865517247
current-current-SME00103-000177,current-SME00103,0.5169285997689329
current-current-SME00103-000178,current-SME00103,0.44461818864692343
current-current-SME00104-000179,current-SME00104,0.4672231121762235
current-current-SME00104-000180,current-SME00104,0.5385275677363599
current-current-SME00104-000181,current-SME00104,0.5452389413043905
current-current-SME00105-000182,current-SME00105,0.3238200959328496
current-current-SME00105-000183,current-SME00105,0.4348394751121514
current-current-SME00106-000184,current-SME00106,0.39179377621558054
current-current-SME00106-000185,current-SME00106,0.4945087025194618
current-current-SME00107-000186,current-SME00107,0.7395044009677548
current-current-SME00108-000187,current-SME00108,0.591181983718132
current-current-SME00108-000188,current-SME00108,0.5914601372240681
current-current-SME00109-000189,current-SME00109,0.3862044206104499
current-current-SME00109-000190,current-SME00109,0.5241631056026738
current-current-SME00110-000191,current-SME00110,0.5818470922016028
current-current-SME00111-000192,current-SME00111,0.6216625211952331
current-current-SME00111-000193,current-SME00111,0.6248645425917705
current-current-SME00111-000194,current-SME00111,0.6918836759314251
current-current-SME00112-000195,current-SME00112,0.40452313806932677
current-current-SME00112-000196,current-SME00112,0.4787821908706377
current-current-SME00113-000197,current-SME00113,0.6589096342550596
current-current-SME00114-000198,current-SME00114,0.3625482340745482
current-current-SME00114-000199,current-SME00114,0.6508846912325787
current-current-SME00115-000200,current-SME00115,0.5644801610421729
current-current-SME00115-000201,current-SME00115,0.5268241456586109
current-current-SME00116-000202,current-SME00116,0.5892881634353682
current-current-SME00116-000203,current-SME00116,0.5978870152897904
current-current-SME00117-000204,current-SME00117,0.674075230994866
current-current-SME00118-000205,current-SME00118,0.42728054776641117
current-current-SME00118-000206,current-SME00118,0.49928399776665033
current-current-SME00119-000207,current-SME00119,0.4937207389359941
current-current-SME00119-000208,current-SME00119,0.6841731093105691
current-current-SME00119-000209,current-SME00119,0.68638735844878
current-current-SME00120-000210,current-SME00120,0.46903208821992487
current-current-SME00120-000211,current-SME00120,0.5653039704288738
current-current-SME00120-000212,current-SME00120,0.5823520306449069
current-current-SME00121-000213,current-SME00121,0.5596073890426746
current-current-SME00122-000214,current-SME00122,0.41241634153297374
current-current-SME00122-000215,current-SME00122,0.4842057032030723
current-current-SME00123-000216,current-SME00123,0.4052130905865243
current-current-SME00123-000217,current-SME00123,0.5125807872131912
current-current-SME00124-000218,current-SME00124,0.4170867057508062
current-current-SME00125-000219,current-SME00125,0.7060295264495103
current-current-SME00126-000220,current-SME00126,0.38919219884541767
current-current-SME00127-000221,current-SME00127,0.4023690269710897
current-current-SME00127-000222,current-SME00127,0.5041439386975823
current-current-SME00128-000223,current-SME00128,0.495242215279421
current-current-SME00129-000224,current-SME00129,0.3864388752993994
current-current-SME00130-000225,current-SME00130,0.6686222364265924
current-current-SME00131-000226,current-SME00131,0.47557786205367764
current-current-SME00132-000227,current-SME00132,0.43561825598231146
current-current-SME00133-000228,current-SME00133,0.6343260163554193
current-current-SME00134-000229,current-SME00134,0.6402317599008118
current-current-SME00135-000230,current-SME00135,0.666612869969928
current-current-SME00136-000231,current-SME00136,0.6473282150279662
current-current-SME00136-000232,current-SME00136,0.7891759890366887
current-current-SME00137-000233,current-SME00137,0.6698094869514363
current-current-SME00137-000234,current-SME00137,0.668870274007281
current-current-SME00138-000235,current-SME00138,0.47128906350112926
current-current-SME00138-000236,current-SME00138,0.40224357504569824
current-current-SME00138-000237,current-SME00138,0.34719114294036124
current-current-SME00139-000238,current-SME00139,0.41797845589917104
current-current-SME00139-000239,current-SME00139,0.3025294090411084
current-current-SME00140-000240,current-SME00140,0.33409630218882547
current-current-SME00141-000241,current-SME00141,0.5070429530724704
current-current-SME00141-000242,current-SME00141,0.5871164758569472
current-current-SME00142-000243,current-SME00142,0.6979254639581126
current-current-SME00143-000244,current-SME00143,0.6046018048706365
current-current-SME00143-000245,current-SME00143,0.6445828132583107
current-current-SME00144-000246,current-SME00144,0.35149575701291835
current-current-SME00144-000247,current-SME00144,0.4323677475808435
current-current-SME00145-000248,current-SME00145,0.4995048761493811
current-current-SME00145-000249,current-SME00145,0.5237300851246126
current-current-SME00146-000250,current-SME00146,0.7036494846195778
current-current-SME00146-000251,current-SME00146,0.5032736433587773
current-current-SME00146-000252,current-SME00146,0.6770849113157628
current-current-SME00147-000253,current-SME00147,0.6621263961317769
current-current-SME00148-000254,current-SME00148,0.383540522670475
current-current-SME00148-000255,current-SME00148,0.31686639614145873
current-current-SME00149-000256,current-SME00149,0.5998035476955731
current-current-SME00150-000257,current-SME00150,0.6723657390469984
current-current-SME00150-000258,current-SME00150,0.7165896565025576
current-current-SME00151-000259,current-SME00151,0.4700609426855893
current-current-SME00151-000260,current-SME00151,0.4646965896971548
current-current-SME00152-000261,current-SME00152,0.42774709481875867
current-current-SME00153-000262,current-SME00153,0.4917456801623582
current-current-SME00154-000263,current-SME00154,0.6386363193333936
current-current-SME00154-000264,current-SME00154,0.5669033549127296
current-current-SME00155-000265,current-SME00155,0.5210948385394061
current-current-SME00156-000266,current-SME00156,0.4183435996256045
current-current-SME00157-000267,current-SME00157,0.07588186564500571
current-current-SME00157-000268,current-SME00157,0.07878607049913319
current-current-SME00158-000269,current-SME00158,0.6285549808817619
current-current-SME00158-000270,current-SME00158,0.5692607409197239
current-current-SME00159-000271,current-SME00159,0.830772972941034
current-current-SME00159-000272,current-SME00159,0.830772972941034
current-current-SME00160-000273,current-SME00160,0.46863281815900837
current-current-SME00161-000274,current-SME00161,0.4408768224070258
current-current-SME00161-000275,current-SME00161,0.6085262699527596
current-current-SME00161-000276,current-SME00161,0.5744168971853678
current-current-SME00162-000277,current-SME00162,0.36723050832434984
current-current-SME00162-000278,current-SME00162,0.4306156823551568
current-current-SME00162-000279,current-SME00162,0.43168703405465136
current-current-SME00163-000280,current-SME00163,0.6775347020948926
current-current-SME00164-000281,current-SME00164,0.584807780277109
current-current-SME00165-000282,current-SME00165,0.7547681427170694
current-current-SME00165-000283,current-SME00165,0.756002146307868
current-current-SME00165-000284,current-SME00165,0.759053705211564
current-current-SME00166-000285,current-SME00166,0.788660633997332
current-current-SME00166-000286,current-SME00166,0.788660633997332
current-current-SME00166-000287,current-SME00166,0.788660633997332
current-current-SME00167-000288,current-SME00167,0.6416882048777212
current-current-SME00167-000289,current-SME00167,0.6848750801641514
current-current-SME00167-000290,current-SME00167,0.6443332833472711
current-current-SME00168-000291,current-SME00168,0.6288756844947105
current-current-SME00169-000292,current-SME00169,0.5975376012432817
current-current-SME00169-000293,current-SME00169,0.641983048064039
current-current-SME00170-000294,current-SME00170,0.6422988565385997
current-current-SME00171-000295,current-SME00171,0.40026325654627265
current-current-SME00172-000296,current-SME00172,0.4538058600568368
current-current-SME00173-000297,current-SME00173,0.4959420153468827
current-current-SME00173-000298,current-SME00173,0.5213261583619915
current-current-SME00174-000299,current-SME00174,0.5457998304962111
current-current-SME00175-000300,current-SME00175,0.386295941463042
current-current-SME00175-000301,current-SME00175,0.475806469270481
current-current-SME00175-000302,current-SME00175,0.5095080691598807
current-current-SME00176-000303,current-SME00176,0.45376272444578464
current-current-SME00176-000304,current-SME00176,0.3962687346208961
current-current-SME00177-000305,current-SME00177,0.6030177988475695
current-current-SME00178-000306,current-SME00178,0.39649675451742145
current-current-SME00178-000307,current-SME00178,0.4547547496862032
current-current-SME00178-000308,current-SME00178,0.4204336861578615
current-current-SME00179-000309,current-SME00179,0.12190182547035501
current-current-SME00179-000310,current-SME00179,0.08227111908865241
current-current-SME00180-000311,current-SME00180,0.6206185132899416
current-current-SME00181-000312,current-SME00181,0.5275321594086179
current-current-SME00181-000313,current-SME00181,0.5847915638884207
current-current-SME00181-000314,current-SME00181,0.5316525651636785
current-current-SME00182-000315,current-SME00182,0.33626858541746507
current-current-SME00182-000316,current-SME00182,0.4542519949789778
current-current-SME00183-000317,current-SME00183,0.5616671945454192
current-current-SME00183-000318,current-SME00183,0.6658286131122129
current-current-SME00184-000319,current-SME00184,0.5618816901689456
current-current-SME00185-000320,current-SME00185,0.6019394043423117
current-current-SME00186-000321,current-SME00186,0.5977050787719125
current-current-SME00187-000322,current-SME00187,0.5675561435515631
current-current-SME00187-000323,current-SME00187,0.5798293153351578
current-current-SME00188-000324,current-SME00188,0.4354238680083019
current-current-SME00189-000325,current-SME00189,0.571855787258646
current-current-SME00189-000326,current-SME00189,0.6139641278242539
current-current-SME00190-000327,current-SME00190,0.13682795258483152
current-current-SME00191-000328,current-SME00191,0.666612869969928
current-current-SME00191-000329,current-SME00191,0.666612869969928
current-current-SME00192-000330,current-SME00192,0.010277333745135574
current-current-SME00192-000331,current-SME00192,0.18086144710175922
current-current-SME00192-000332,current-SME00192,0.204101860171009
current-current-SME00193-000333,current-SME00193,0.4347470329370361
current-current-SME00193-000334,current-SME00193,0.3421610643599972
current-current-SME00194-000335,current-SME00194,0.6436123776699948
current-current-SME00195-000336,current-SME00195,0.5792189523833985
current-current-SME00196-000337,current-SME00196,0.4272073460808729
current-current-SME00197-000338,current-SME00197,0.5881851248873441
current-current-SME00197-000339,current-SME00197,0.5479030997118275
current-current-SME00198-000340,current-SME00198,0.5017388612009285
current-current-SME00198-000341,current-SME00198,0.49307642504921023
current-current-SME00199-000342,current-SME00199,0.45549218993353474
current-current-SME00199-000343,current-SME00199,0.49859080246678794
current-current-SME00200-000344,current-SME00200,0.43083210181142
current-current-SME00201-000345,current-SME00201,0.5102081836740401
current-current-SME00202-000346,current-SME00202,0.6149962593970953
current-current-SME00202-000347,current-SME00202,0.6822759205488136
current-current-SME00203-000348,current-SME00203,0.390156652849783
current-current-SME00204-000349,current-SME00204,0.45233008898807214
current-current-SME00204-000350,current-SME00204,0.5248712378794318
current-current-SME00205-000351,current-SME00205,0.6122369495589062
current-current-SME00206-000352,current-SME00206,0.5433962480757663
current-current-SME00206-000353,current-SME00206,0.603377109532762
current-current-SME00207-000354,current-SME00207,0.6784859979648035
current-current-SME00207-000355,current-SME00207,0.7371064622915904
current-current-SME00208-000356,current-SME00208,0.47677677804739843
current-current-SME00208-000357,current-SME00208,0.586896710426071
current-current-SME00209-000358,current-SME00209,0.2840537805565491
current-current-SME00210-000359,current-SME00210,0.48521805809644847
current-current-SME00210-000360,current-SME00210,0.5222091735634117
current-current-SME00211-000361,current-SME00211,0.6229265710786069
current-current-SME00212-000362,current-SME00212,0.51854516593067
current-current-SME00212-000363,current-SME00212,0.42898320487492486
current-current-SME00213-000364,current-SME00213,0.46443474842992033
current-current-SME00213-000365,current-SME00213,0.6469743101942838
current-current-SME00213-000366,current-SME00213,0.6582661071666066
current-current-SME00214-000367,current-SME00214,0.6790780441872609
current-current-SME00215-000368,current-SME00215,0.4404238087236944
current-current-SME00216-000369,current-SME00216,0.36281640655285285
current-current-SME00216-000370,current-SME00216,0.45793840112915724
current-current-SME00217-000371,current-SME00217,0.5582268731095259
current-current-SME00217-000372,current-SME00217,0.5440257768498843
current-current-SME00218-000373,current-SME00218,0.6550909100877431
current-current-SME00219-000374,current-SME00219,0.36511101123988526
current-current-SME00219-000375,current-SME00219,0.5198420058061644
current-current-SME00220-000376,current-SME00220,0.47215072859221763
current-current-SME00221-000377,current-SME00221,0.5655662163054468
current-current-SME00222-000378,current-SME00222,0.8322100541875166
current-current-SME00223-000379,current-SME00223,0.4400544507356034
current-current-SME00223-000380,current-SME00223,0.5860830773778175
current-current-SME00224-000381,current-SME00224,0.3756953852963512
current-current-SME00225-000382,current-SME00225,0.45162848099380887
current-current-SME00226-000383,current-SME00226,0.6570163510158571
current-current-SME00226-000384,current-SME00226,0.6555788956235498
current-current-SME00227-000385,current-SME00227,0.6978611363182877
current-current-SME00227-000386,current-SME00227,0.493109165485335
current-current-SME00227-000387,current-SME00227,0.6951099483476265
current-current-SME00228-000388,current-SME00228,0.40223450209585454
current-current-SME00229-000389,current-SME00229,0.6988902532337554
current-current-SME00229-000390,current-SME00229,0.6851676981162222
current-current-SME00229-000391,current-SME00229,0.6692056034263915
current-current-SME00230-000392,current-SME00230,0.7686397612594521
current-current-SME00231-000393,current-SME00231,0.2613673462004127
current-current-SME00232-000394,current-SME00232,0.7218433880016885
current-current-SME00232-000395,current-SME00232,0.7218433880016885
current-current-SME00233-000396,current-SME00233,0.7610353407217165
current-current-SME00233-000397,current-SME00233,0.7235522656507111
current-current-SME00234-000398,current-SME00234,0.821844799109302
current-current-SME00234-000399,current-SME00234,0.821844799109302
current-current-SME00234-000400,current-SME00234,0.821733288161292
current-current-SME00235-000401,current-SME00235,0.48353732396764765
current-current-SME00236-000402,current-SME00236,0.718926196468461
current-current-SME00237-000403,current-SME00237,0.6202268360288786
current-current-SME00237-000404,current-SME00237,0.6843690220672626
current-current-SME00238-000405,current-SME00238,0.6168745894410722
current-current-SME00238-000406,current-SME00238,0.6113979825660377
current-current-SME00239-000407,current-SME00239,0.5800349958710947
current-current-SME00239-000408,current-SME00239,0.6511127784174592
current-current-SME00240-000409,current-SME00240,0.27450006077351724
current-current-SME00241-000410,current-SME00241,0.5869844068585516
current-current-SME00242-000411,current-SME00242,0.7966179086842632
current-current-SME00242-000412,current-SME00242,0.8010658545303085
current-current-SME00242-000413,current-SME00242,0.8011627736618346
current-current-SME00243-000414,current-SME00243,0.6585000484267718
current-current-SME00244-000415,current-SME00244,0.4308748732279022
current-current-SME00244-000416,current-SME00244,0.5440473608039665
current-current-SME00245-000417,current-SME00245,0.7070700768199215
current-current-SME00245-000418,current-SME00245,0.7070700768199215
current-current-SME00246-000419,current-SME00246,0.44136589396401793
current-current-SME00246-000420,current-SME00246,0.5355117528426896
current-current-SME00247-000421,current-SME00247,0.7168200260502211
current-current-SME00248-000422,current-SME00248,0.5311215470220731
current-current-SME00249-000423,current-SME00249,0.574926569067022
current-current-SME00249-000424,current-SME00249,0.6816656773548331
current-current-SME00250-000425,current-SME00250,0.11299576883833583
current-current-SME00251-000426,current-SME00251,0.6813363744200516
current-current-SME00251-000427,current-SME00251,0.6813363744200516
current-current-SME00251-000428,current-SME00251,0.6768884285740062
current-current-SME00252-000429,current-SME00252,0.5535170575167779
current-current-SME00252-000430,current-SME00252,0.6140483027619503
current-current-SME00252-000431,current-SME00252,0.6225821900911781
current-current-SME00253-000432,current-SME00253,0.7413941064110554
current-current-SME00254-000433,current-SME00254,0.4437333980620918
current-current-SME00255-000434,current-SME00255,0.4153007323572558
current-current-SME00256-000435,current-SME00256,0.6364661514233166
current-current-SME00256-000436,current-SME00256,0.6428109757415308
current-current-SME00257-000437,current-SME00257,0.4460552807974247
current-current-SME00258-000438,current-SME00258,0.514948360486545
current-current-SME00258-000439,current-SME00258,0.6061657502387111
current-current-SME00258-000440,current-SME00258,0.571530782269893
current-current-SME00259-000441,current-SME00259,0.5992251487992296
current-current-SME00259-000442,current-SME00259,0.679578109990186
current-current-SME00260-000443,current-SME00260,0.528794148743673
current-current-SME00261-000444,current-SME00261,0.5380902143121854
current-current-SME00261-000445,current-SME00261,0.545509805421459
current-current-SME00262-000446,current-SME00262,0.5983441951414947
current-current-SME00263-000447,current-SME00263,0.6185406866030844
current-current-SME00263-000448,current-SME00263,0.6225456777085907
current-current-SME00264-000449,current-SME00264,0.636278241217048
current-current-SME00264-000450,current-SME00264,0.6263439491439791
current-current-SME00265-000451,current-SME00265,0.738688708338733
current-current-SME00265-000452,current-SME00265,0.7323167091635696
current-current-SME00266-000453,current-SME00266,0.34847514402166996
current-current-SME00266-000454,current-SME00266,0.5727977898267895
current-current-SME00266-000455,current-SME00266,0.529663183793703
current-current-SME00267-000456,current-SME00267,0.5813049481108684
current-current-SME00267-000457,current-SME00267,0.5302414008334041
current-current-SME00268-000458,current-SME00268,0.6977673153580622
current-current-SME00268-000459,current-SME00268,0.7037306234645759
current-current-SME00269-000460,current-SME00269,0.7706795026223687
current-current-SME00270-000461,current-SME00270,0.6241104422996558
current-current-SME00271-000462,current-SME00271,0.6997259791261897
current-current-SME00271-000463,current-SME00271,0.6435461877717737
current-current-SME00272-000464,current-SME00272,0.5185217010698704
current-current-SME00272-000465,current-SME00272,0.43569285507122385
current-current-SME00273-000466,current-SME00273,0.5953531683060823
current-current-SME00274-000467,current-SME00274,0.6559935063129889
current-current-SME00275-000468,current-SME00275,0.5522953476569898
current-current-SME00276-000469,current-SME00276,0.6251833146592578
current-current-SME00277-000470,current-SME00277,0.7501869509717811
current-current-SME00277-000471,current-SME00277,0.7219239821781264
current-current-SME00278-000472,current-SME00278,0.6347661510928605
current-current-SME00278-000473,current-SME00278,0.6347661510928605
current-current-SME00278-000474,current-SME00278,0.6105133288144241
current-current-SME00279-000475,current-SME00279,0.5598695295780114
current-current-SME00280-000476,current-SME00280,0.7060295264495103
current-current-SME00280-000477,current-SME00280,0.5450984021946107
current-current-SME00281-000478,current-SME00281,0.5197443854019675
current-current-SME00281-000479,current-SME00281,0.5820283732282585
current-current-SME00282-000480,current-SME00282,0.5127404809874604
current-current-SME00282-000481,current-SME00282,0.5323286933280651
current-current-SME00283-000482,current-SME00283,0.5657741137480806
current-current-SME00283-000483,current-SME00283,0.6717435388507943
current-current-SME00284-000484,current-SME00284,0.5082282656434617
current-current-SME00284-000485,current-SME00284,0.40030446713621654
current-current-SME00284-000486,current-SME00284,0.6426864030792463
current-current-SME00285-000487,current-SME00285,0.7290614888260217
current-current-SME00286-000488,current-SME00286,0.541029615361602
current-current-SME00286-000489,current-SME00286,0.5007746352509331
current-current-SME00286-000490,current-SME00286,0.6448952897120661
current-current-SME00287-000491,current-SME00287,0.7377544922186935
current-current-SME00287-000492,current-SME00287,0.7460270696231757
current-current-SME00288-000493,current-SME00288,0.7155974929706684
current-current-SME00288-000494,current-SME00288,0.7113119304761738
current-current-SME00289-000495,current-SME00289,0.12153579575968723
current-current-SME00289-000496,current-SME00289,0.17399986192469521
current-current-SME00290-000497,current-SME00290,0.2531703620431721
current-current-SME00290-000498,current-SME00290,0.44800951062989797
current-current-SME00291-000499,current-SME00291,0.5880245064881522
current-current-SME00292-000500,current-SME00292,0.510873882019927
current-current-SME00292-000501,current-SME00292,0.5069540396502098
current-current-SME00293-000502,current-SME00293,0.6225020973731537
current-current-SME00293-000503,current-SME00293,0.6428375654488692
current-current-SME00294-000504,current-SME00294,0.6558559348981463
current-current-SME00294-000505,current-SME00294,0.6310741713929083
current-current-SME00295-000506,current-SME00295,0.6081905558711183
current-current-SME00296-000507,current-SME00296,0.41022131934515776
current-current-SME00297-000508,current-SME00297,0.4333616167923427
current-current-SME00298-000509,current-SME00298,0.8564313568050717
current-current-SME00299-000510,current-SME00299,0.5570987417407853
current-current-SME00299-000511,current-SME00299,0.6021424559130382
current-current-SME00300-000512,current-SME00300,0.513275534065528
current-current-SME00301-000513,current-SME00301,0.5885571862077529
current-current-SME00301-000514,current-SME00301,0.6982516893347669
current-current-SME00302-000515,current-SME00302,0.519445773732079
current-current-SME00303-000516,current-SME00303,0.6244819946461393
current-current-SME00303-000517,current-SME00303,0.5552102001908394
current-current-SME00303-000518,current-SME00303,0.6011433821899117
current-current-SME00304-000519,current-SME00304,0.561850627036109
current-current-SME00305-000520,current-SME00305,0.5808411433489906
current-current-SME00306-000521,current-SME00306,0.6597446990526796
current-current-SME00306-000522,current-SME00306,0.6640302615471743
current-current-SME00307-000523,current-SME00307,0.40897747002092794
current-current-SME00308-000524,current-SME00308,0.39726286450985177
current-current-SME00308-000525,current-SME00308,0.47708374387998886
current-current-SME00309-000526,current-SME00309,0.4149312644840324
current-current-SME00309-000527,current-SME00309,0.4943272998034586
current-current-SME00310-000528,current-SME00310,0.6981619791051153
current-current-SME00311-000529,current-SME00311,0.5874316152924909
current-current-SME00311-000530,current-SME00311,0.7113480389032025
current-current-SME00312-000531,current-SME00312,0.6284387986538472
current-current-SME00312-000532,current-SME00312,0.7170814475376456
current-current-SME00312-000533,current-SME00312,0.710977645411562
current-current-SME00313-000534,current-SME00313,0.582299119526854
current-current-SME00313-000535,current-SME00313,0.671318052500353
current-current-SME00314-000536,current-SME00314,0.12397257251993732
current-current-SME00314-000537,current-SME00314,0.20479314147909214
current-current-SME00315-000538,current-SME00315,0.5797128637550747
current-current-SME00315-000539,current-SME00315,0.5921118598835531
current-current-SME00316-000540,current-SME00316,0.42245334946009505
current-current-SME00316-000541,current-SME00316,0.5172279349257753
current-current-SME00317-000542,current-SME00317,0.674925783749913
current-current-SME00317-000543,current-SME00317,0.6838797137592412
current-current-SME00318-000544,current-SME00318,0.5591654976295684
current-current-SME00318-000545,current-SME00318,0.5854339418989011
current-current-SME00318-000546,current-SME00318,0.5951586835816978
current-current-SME00319-000547,current-SME00319,0.6414693906905052
current-current-SME00319-000548,current-SME00319,0.6620711636198482
current-current-SME00320-000549,current-SME00320,0.7986835169014876
current-current-SME00320-000550,current-SME00320,0.7986835169014876
current-current-SME00321-000551,current-SME00321,0.7215824644012467
current-current-SME00321-000552,current-SME00321,0.6492416747589009
current-current-SME00322-000553,current-SME00322,0.446555506705206
current-current-SME00322-000554,current-SME00322,0.421645435814039
current-current-SME00323-000555,current-SME00323,0.735722020465676
current-current-SME00323-000556,current-SME00323,0.7006210279706977
current-current-SME00324-000557,current-SME00324,0.7109670071162414
current-current-SME00325-000558,current-SME00325,0.6266475968452051
current-current-SME00326-000559,current-SME00326,0.7150758864837957
current-current-SME00327-000560,current-SME00327,0.35273391941944277
current-current-SME00327-000561,current-SME00327,0.5630021478064718
current-current-SME00327-000562,current-SME00327,0.6027740778974164
current-current-SME00328-000563,current-SME00328,0.7404180863168888
current-current-SME00328-000564,current-SME00328,0.6854207519954754
current-current-SME00329-000565,current-SME00329,0.4784568657577172
current-current-SME00329-000566,current-SME00329,0.7381871231014236
current-current-SME00330-000567,current-SME00330,0.5811290818857155
current-current-SME00330-000568,current-SME00330,0.5811290818857155
current-current-SME00331-000569,current-SME00331,0.6468719163678323
current-current-SME00331-000570,current-SME00331,0.7211946661523485
current-current-SME00332-000571,current-SME00332,0.6706112657847066
current-current-SME00332-000572,current-SME00332,0.7704930387297179
current-current-SME00333-000573,current-SME00333,0.7634748200237944
current-current-SME00334-000574,current-SME00334,0.5337840934917655
current-current-SME00335-000575,current-SME00335,0.40245844364087524
current-current-SME00336-000576,current-SME00336,0.5321195204558252
current-current-SME00336-000577,current-SME00336,0.5440042160341592
current-current-SME00337-000578,current-SME00337,0.5546630305485283
current-current-SME00337-000579,current-SME00337,0.5496097674251758
current-current-SME00338-000580,current-SME00338,0.6554781940922078
current-current-SME00339-000581,current-SME00339,0.598157731136105
current-current-SME00340-000582,current-SME00340,0.6232794246428812
current-current-SME00340-000583,current-SME00340,0.5441197277738309
current-current-SME00341-000584,current-SME00341,0.7413878686860087
current-current-SME00341-000585,current-SME00341,0.7413878686860087
current-current-SME00341-000586,current-SME00341,0.7424354606201189
current-current-SME00342-000587,current-SME00342,0.6601872029689763
current-current-SME00343-000588,current-SME00343,0.47965463880270187
current-current-SME00343-000589,current-SME00343,0.5461257288307051
current-current-SME00344-000590,current-SME00344,0.5246231834765127
current-current-SME00345-000591,current-SME00345,0.6225073702340765
current-current-SME00346-000592,current-SME00346,0.6883251162868471
current-current-SME00347-000593,current-SME00347,0.38203264599884956
current-current-SME00348-000594,current-SME00348,0.7090915508347455
current-current-SME00349-000595,current-SME00349,0.6340431639953371
current-current-SME00349-000596,current-SME00349,0.6340431639953371
current-current-SME00350-000597,current-SME00350,0.6522514376863419
current-current-SME00350-000598,current-SME00350,0.6469138743350678
current-current-SME00351-000599,current-SME00351,0.4953335716837159
current-current-SME00351-000600,current-SME00351,0.6327292303335139
current-current-SME00351-000601,current-SME00351,0.6799343607543423
current-current-SME00352-000602,current-SME00352,0.7522566255662465
current-current-SME00353-000603,current-SME00353,0.4046154103922084
current-current-SME00353-000604,current-SME00353,0.5960428805066517
current-current-SME00353-000605,current-SME00353,0.5955811181630285
current-current-SME00354-000606,current-SME00354,0.5725971937599781
current-current-SME00354-000607,current-SME00354,0.5586689561260434
current-current-SME00355-000608,current-SME00355,0.6149006414796124
current-current-SME00355-000609,current-SME00355,0.6334814870988822
current-current-SME00355-000610,current-SME00355,0.6387772718137282
current-current-SME00356-000611,current-SME00356,0.3209124328796269
current-current-SME00357-000612,current-SME00357,0.4104369173660309
current-current-SME00357-000613,current-SME00357,0.5711655963265511
current-current-SME00358-000614,current-SME00358,0.5318884748403785
current-current-SME00358-000615,current-SME00358,0.5666723735221033
current-current-SME00359-000616,current-SME00359,0.4507567743475492
current-current-SME00359-000617,current-SME00359,0.5757368624125474
current-current-SME00360-000618,current-SME00360,0.820617550147614
current-current-SME00360-000619,current-SME00360,0.820617550147614
current-current-SME00361-000620,current-SME00361,0.6353457038624136
current-current-SME00361-000621,current-SME00361,0.6737959997775473
current-current-SME00362-000622,current-SME00362,0.5826415167680499
current-current-SME00362-000623,current-SME00362,0.5816534556682703
current-current-SME00362-000624,current-SME00362,0.5441658782646431
current-current-SME00363-000625,current-SME00363,0.38856743710542024
current-current-SME00363-000626,current-SME00363,0.4129226782748729
current-current-SME00364-000627,current-SME00364,0.4481965234175876
current-current-SME00364-000628,current-SME00364,0.5481357056122078
current-current-SME00364-000629,current-SME00364,0.5212050301476979
current-current-SME00365-000630,current-SME00365,0.627413939658025
current-current-SME00365-000631,current-SME00365,0.7098454971399607
current-current-SME00365-000632,current-SME00365,0.6665305937879671
current-current-SME00366-000633,current-SME00366,0.6026746805452515
current-current-SME00366-000634,current-SME00366,0.6125306058503016
current-current-SME00367-000635,current-SME00367,0.5715939196774925
current-current-SME00367-000636,current-SME00367,0.6296807752424739
current-current-SME00367-000637,current-SME00367,0.650568832438981
current-current-SME00368-000638,current-SME00368,0.35862040759034974
current-current-SME00368-000639,current-SME00368,0.43275464410629416
current-current-SME00369-000640,current-SME00369,0.6115705496355874
current-current-SME00369-000641,current-SME00369,0.6501404891033055
current-current-SME00369-000642,current-SME00369,0.6199900024761018
current-current-SME00370-000643,current-SME00370,0.6828316138740703
current-current-SME00370-000644,current-SME00370,0.6878415028135378
current-current-SME00371-000645,current-SME00371,0.5805031474873971
current-current-SME00372-000646,current-SME00372,0.22857738873917538
current-current-SME00373-000647,current-SME00373,0.3631151603184633
current-current-SME00374-000648,current-SME00374,0.42205671873357337
current-current-SME00375-000649,current-SME00375,0.3989498863702952
current-current-SME00376-000650,current-SME00376,0.44073189663927326
current-current-SME00377-000651,current-SME00377,0.6387982129305491
current-current-SME00378-000652,current-SME00378,0.525137489331605
current-current-SME00379-000653,current-SME00379,0.5450627125748436
current-current-SME00379-000654,current-SME00379,0.5789137495330456
current-current-SME00379-000655,current-SME00379,0.5263567188433603
current-current-SME00380-000656,current-SME00380,0.2313915604059866
current-current-SME00381-000657,current-SME00381,0.4696725334134014
current-current-SME00381-000658,current-SME00381,0.4696725334134014
current-current-SME00382-000659,current-SME00382,0.4226707291112962
current-current-SME00383-000660,current-SME00383,0.8493823501717637
current-current-SME00383-000661,current-SME00383,0.8493823501717637
current-current-SME00384-000662,current-SME00384,0.6097370241493089
current-current-SME00385-000663,current-SME00385,0.5601938294592291
current-current-SME00385-000664,current-SME00385,0.5855795552240172
current-current-SME00386-000665,current-SME00386,0.6410638143526465
current-current-SME00387-000666,current-SME00387,0.5615810647410856
current-current-SME00388-000667,current-SME00388,0.453889591605609
current-current-SME00388-000668,current-SME00388,0.38827327551360574
current-current-SME00389-000669,current-SME00389,0.6685092150878551
current-current-SME00390-000670,current-SME00390,0.5955650807546679
current-current-SME00391-000671,current-SME00391,0.5533381245382128
current-current-SME00391-000672,current-SME00391,0.6180293470995278
current-current-SME00392-000673,current-SME00392,0.47325995181022595
current-current-SME00392-000674,current-SME00392,0.6890735323889429
current-current-SME00392-000675,current-SME00392,0.6446248051312248
current-current-SME00393-000676,current-SME00393,0.8537362835359665
current-current-SME00394-000677,current-SME00394,0.8023323619812006
current-current-SME00395-000678,current-SME00395,0.25714673790759873
current-current-SME00396-000679,current-SME00396,0.7336178981247459
current-current-SME00396-000680,current-SME00396,0.7330178375414991
current-current-SME00397-000681,current-SME00397,0.6428417151561814
current-current-SME00398-000682,current-SME00398,0.6844858674305871
current-current-SME00399-000683,current-SME00399,0.802982530764886
current-current-SME00400-000684,current-SME00400,0.6461503251774053
current-current-SME00401-000685,current-SME00401,0.45043042162895414
current-current-SME00401-000686,current-SME00401,0.5046896840970538
current-current-SME00401-000687,current-SME00401,0.4371529705440466
current-current-SME00402-000688,current-SME00402,0.5405184934591111
current-current-SME00402-000689,current-SME00402,0.5511836856392676
current-current-SME00403-000690,current-SME00403,0.4856630246465379
current-current-SME00403-000691,current-SME00403,0.5907386510527283
current-current-SME00403-000692,current-SME00403,0.568784604024211
current-current-SME00404-000693,current-SME00404,0.5760708181987976
current-current-SME00405-000694,current-SME00405,0.5723708151839004
current-current-SME00405-000695,current-SME00405,0.6319063117000541
current-current-SME00405-000696,current-SME00405,0.6212310801886786
current-current-SME00406-000697,current-SME00406,0.7304909964376862
current-current-SME00407-000698,current-SME00407,0.2847010926687502
current-current-SME00407-000699,current-SME00407,0.41654471888157585
current-current-SME00408-000700,current-SME00408,0.492618123891874
current-current-SME00408-000701,current-SME00408,0.5650165426358976
current-current-SME00409-000702,current-SME00409,0.14708148660569278
current-current-SME00410-000703,current-SME00410,0.6383422628105592
current-current-SME00411-000704,current-SME00411,0.41240599320831894
current-current-SME00411-000705,current-SME00411,0.6029892877192361
current-current-SME00412-000706,current-SME00412,0.16558069221588423
current-current-SME00412-000707,current-SME00412,0.16120833053349343
current-current-SME00412-000708,current-SME00412,0.21550472008540578
current-current-SME00413-000709,current-SME00413,0.8316295373374797
current-current-SME00413-000710,current-SME00413,0.6860889164180075
current-current-SME00414-000711,current-SME00414,0.4635242791537046
current-current-SME00414-000712,current-SME00414,0.5353655604333741
current-current-SME00414-000713,current-SME00414,0.5700016811997569
current-current-SME00415-000714,current-SME00415,0.6104092569002922
current-current-SME00416-000715,current-SME00416,0.4099899697865059
current-current-SME00416-000716,current-SME00416,0.41526769407066977
current-current-SME00416-000717,current-SME00416,0.3946535626941361
current-current-SME00417-000718,current-SME00417,0.7675506012764542
current-current-SME00418-000719,current-SME00418,0.5289704464409652
current-current-SME00418-000720,current-SME00418,0.5289704464409652
current-current-SME00418-000721,current-SME00418,0.5125295448356635
current-current-SME00419-000722,current-SME00419,0.5076297331441103
current-current-SME00419-000723,current-SME00419,0.5379646298619676
current-current-SME00419-000724,current-SME00419,0.3637225872235842
current-current-SME00420-000725,current-SME00420,0.24438674004108374
current-current-SME00421-000726,current-SME00421,0.45467281488618333
current-current-SME00421-000727,current-SME00421,0.6103050705433807
current-current-SME00422-000728,current-SME00422,0.1862404903020455
current-current-SME00422-000729,current-SME00422,0.38878495401890284
current-current-SME00422-000730,current-SME00422,0.3557324187414617
current-current-SME00423-000731,current-SME00423,0.5514341462906853
current-current-SME00424-000732,current-SME00424,0.6473876798229569
current-current-SME00425-000733,current-SME00425,0.1606716543127142
current-current-SME00425-000734,current-SME00425,0.009496698142949447
current-current-SME00426-000735,current-SME00426,0.6347540682660282
current-current-SME00426-000736,current-SME00426,0.6347540682660282
current-current-SME00427-000737,current-SME00427,0.4997206069336341
current-current-SME00427-000738,current-SME00427,0.4677449674502216
current-current-SME00427-000739,current-SME00427,0.3665756961538588
current-current-SME00428-000740,current-SME00428,0.6791103736321621
current-current-SME00429-000741,current-SME00429,0.4953163722107268
current-current-SME00429-000742,current-SME00429,0.5789242478641574
current-current-SME00430-000743,current-SME00430,0.5766315321901693
current-current-SME00430-000744,current-SME00430,0.5641857101375947
current-current-SME00431-000745,current-SME00431,0.5033641091267538
current-current-SME00432-000746,current-SME00432,0.6776076826021104
current-current-SME00433-000747,current-SME00433,0.6772021456102922
current-current-SME00433-000748,current-SME00433,0.68376563645992
current-current-SME00434-000749,current-SME00434,0.6348531047008211
current-current-SME00435-000750,current-SME00435,0.7169003374743563
current-current-SME00436-000751,current-SME00436,0.48513885936514467
current-current-SME00436-000752,current-SME00436,0.570313462944595
current-current-SME00436-000753,current-SME00436,0.4868801548303057
current-current-SME00437-000754,current-SME00437,0.4265116930674849
current-current-SME00437-000755,current-SME00437,0.43221257634597104
current-current-SME00438-000756,current-SME00438,0.5363407230103345
current-current-SME00439-000757,current-SME00439,0.47969713093150274
current-current-SME00439-000758,current-SME00439,0.4339385437782948
current-current-SME00439-000759,current-SME00439,0.4633737946315931
current-current-SME00440-000760,current-SME00440,0.7902166167739372
current-current-SME00440-000761,current-SME00440,0.5619705313113786
current-current-SME00441-000762,current-SME00441,0.626773811967629
current-current-SME00441-000763,current-SME00441,0.658633152667821
current-current-SME00442-000764,current-SME00442,0.6087155213781368
current-current-SME00442-000765,current-SME00442,0.6200073183504596
current-current-SME00443-000766,current-SME00443,0.7681572504471713
current-current-SME00443-000767,current-SME00443,0.7638716879526767
current-current-SME00443-000768,current-SME00443,0.7638716879526767
current-current-SME00444-000769,current-SME00444,0.43117581805528216
current-current-SME00444-000770,current-SME00444,0.5366714300651766
current-current-SME00444-000771,current-SME00444,0.5482147151567816
current-current-SME00445-000772,current-SME00445,0.36439755100873755
current-current-SME00446-000773,current-SME00446,0.5194172486962919
current-current-SME00446-000774,current-SME00446,0.6219636587906189
current-current-SME00447-000775,current-SME00447,0.7332767900930773
current-current-SME00448-000776,current-SME00448,0.5278898490415914
current-current-SME00449-000777,current-SME00449,0.37992446830039395
current-current-SME00449-000778,current-SME00449,0.6363269551111526
current-current-SME00450-000779,current-SME00450,0.5662093612231469
current-current-SME00450-000780,current-SME00450,0.6159168281511284
current-current-SME00450-000781,current-SME00450,0.6159168281511284
current-current-SME00451-000782,current-SME00451,0.5601969692022899
current-current-SME00451-000783,current-SME00451,0.4849457314384859
current-current-SME00452-000784,current-SME00452,0.6507128036925365
current-current-SME00453-000785,current-SME00453,0.4697880817206392
current-current-SME00454-000786,current-SME00454,0.4552925259097824
current-current-SME00455-000787,current-SME00455,0.5552816267164186
current-current-SME00456-000788,current-SME00456,0.6412500302225661
current-current-SME00456-000789,current-SME00456,0.7073884152199988
current-current-SME00456-000790,current-SME00456,0.5181404694603413
current-current-SME00457-000791,current-SME00457,0.5227220955905627
current-current-SME00458-000792,current-SME00458,0.5142632608868392
current-current-SME00459-000793,current-SME00459,0.5139044427830202
current-current-SME00459-000794,current-SME00459,0.5303868538463288
current-current-SME00459-000795,current-SME00459,0.5774340917341845
current-current-SME00460-000796,current-SME00460,0.6552959116064592
current-current-SME00460-000797,current-SME00460,0.5991161202520432
current-current-SME00461-000798,current-SME00461,0.6621722307380845
current-current-SME00461-000799,current-SME00461,0.6710074210730415
current-current-SME00462-000800,current-SME00462,0.6194072454846047
current-current-SME00463-000801,current-SME00463,0.5532578559577539
current-current-SME00464-000802,current-SME00464,0.333712593272057
current-current-SME00465-000803,current-SME00465,0.6223770274013969
current-current-SME00465-000804,current-SME00465,0.5551255893210677
current-current-SME00466-000805,current-SME00466,0.6579593845406861
current-current-SME00466-000806,current-SME00466,0.6579593845406861
current-current-SME00467-000807,current-SME00467,0.0881278477361949
current-current-SME00467-000808,current-SME00467,0.26769590904892504
current-current-SME00468-000809,current-SME00468,0.45280867065888675
current-current-SME00469-000810,current-SME00469,0.6761294216046263
current-current-SME00470-000811,current-SME00470,0.385794234285503
current-current-SME00471-000812,current-SME00471,0.6019925850377814
current-current-SME00471-000813,current-SME00471,0.6312354930280054
current-current-SME00472-000814,current-SME00472,0.5267184629662008
current-current-SME00473-000815,current-SME00473,0.6683502147828249
current-current-SME00473-000816,current-SME00473,0.6882892174625072
current-current-SME00474-000817,current-SME00474,0.6657811029945263
current-current-SME00474-000818,current-SME00474,0.6700666654890209
current-current-SME00475-000819,current-SME00475,0.22716399641213322
current-current-SME00475-000820,current-SME00475,0.4708418835322325
current-current-SME00476-000821,current-SME00476,0.4986533175697181
current-current-SME00476-000822,current-SME00476,0.5287014338965759
current-current-SME00476-000823,current-SME00476,0.36358664650021094
current-current-SME00477-000824,current-SME00477,0.5580520289323191
current-current-SME00478-000825,current-SME00478,0.7974158238020728
current-current-SME00478-000826,current-SME00478,0.7908523329524451
current-current-SME00478-000827,current-SME00478,0.7971571624835927
current-current-SME00479-000828,current-SME00479,0.6886202237001166
current-current-SME00479-000829,current-SME00479,0.5901473176675788
current-current-SME00480-000830,current-SME00480,0.5961769479958747
current-current-SME00481-000831,current-SME00481,0.5024154729509708
current-current-SME00481-000832,current-SME00481,0.48796508137359906
current-current-SME00482-000833,current-SME00482,0.7543521582321119
current-current-SME00483-000834,current-SME00483,0.4124403435629116
current-current-SME00483-000835,current-SME00483,0.5589311110192142
current-current-SME00484-000836,current-SME00484,0.325562236282811
current-current-SME00484-000837,current-SME00484,0.28842659661723097
current-current-SME00485-000838,current-SME00485,0.6114126738249598
current-current-SME00486-000839,current-SME00486,0.3218458449329318
current-current-SME00486-000840,current-SME00486,0.416873142029005
current-current-SME00486-000841,current-SME00486,0.32889473567748245
current-current-SME00487-000842,current-SME00487,0.6123816722707858
current-current-SME00488-000843,current-SME00488,0.39283665398227496
current-current-SME00489-000844,current-SME00489,0.7084108597984343
current-current-SME00490-000845,current-SME00490,0.808297912906494
current-current-SME00490-000846,current-SME00490,0.8207131987528767
current-current-SME00491-000847,current-SME00491,0.5609571370089478
current-current-SME00491-000848,current-SME00491,0.562004728943058
current-current-SME00492-000849,current-SME00492,0.679335985384717
current-current-SME00493-000850,current-SME00493,0.41638572693114806
current-current-SME00493-000851,current-SME00493,0.5921784169426925
current-current-SME00494-000852,current-SME00494,0.6643621928459791
current-current-SME00494-000853,current-SME00494,0.6866209827106897
current-current-SME00495-000854,current-SME00495,0.3048622716331926
current-current-SME00495-000855,current-SME00495,0.5141210080785354
current-current-SME00496-000856,current-SME00496,0.7900240399431323
current-current-SME00496-000857,current-SME00496,0.7435821119898506
current-current-SME00497-000858,current-SME00497,0.7902166167739372
current-current-SME00498-000859,current-SME00498,0.4894964724808934
current-current-SME00498-000860,current-SME00498,0.5356687639871288
current-current-SME00499-000861,current-SME00499,0.48512191943957944
current-current-SME00500-000862,current-SME00500,0.5911836654829465
current-current-SME00500-000863,current-SME00500,0.6398545655440767
current-current-SME00501-000864,current-SME00501,0.4367049162555819
current-current-SME00502-000865,current-SME00502,0.6583752199180364
current-current-SME00503-000866,current-SME00503,0.7150023965496125
current-current-SME00503-000867,current-SME00503,0.7362668226059069
current-current-SME00504-000868,current-SME00504,0.5439330022111888
current-current-SME00505-000869,current-SME00505,0.46788970022361404
current-current-SME00505-000870,current-SME00505,0.3782819468891942
current-current-SME00505-000871,current-SME00505,0.4866973193288705
current-current-SME00506-000872,current-SME00506,0.3459262266547654
current-current-SME00506-000873,current-SME00506,0.3568522167819199
current-current-SME00507-000874,current-SME00507,0.6011460269550729
current-current-SME00507-000875,current-SME00507,0.6075180261302363
current-current-SME00507-000876,current-SME00507,0.5850951194495159
current-current-SME00508-000877,current-SME00508,0.6773440855430862
current-current-SME00508-000878,current-SME00508,0.6773440855430862
current-current-SME00508-000879,current-SME00508,0.6773440855430862
current-current-SME00509-000880,current-SME00509,0.6166238395599736
current-current-SME00509-000881,current-SME00509,0.5243752678426582
current-current-SME00509-000882,current-SME00509,0.617173125226498
current-current-SME00510-000883,current-SME00510,0.3289116887169648
current-current-SME00510-000884,current-SME00510,0.43941373474231593
current-current-SME00511-000885,current-SME00511,0.5644104435908363
current-current-SME00511-000886,current-SME00511,0.5691460118536967
current-current-SME00511-000887,current-SME00511,0.5756861281688905
current-current-SME00512-000888,current-SME00512,0.2961451448846805
current-current-SME00512-000889,current-SME00512,0.2498460796631575
current-current-SME00513-000890,current-SME00513,0.7560457934376232
current-current-SME00513-000891,current-SME00513,0.7560457934376232
current-current-SME00514-000892,current-SME00514,0.6087155213781368
current-current-SME00514-000893,current-SME00514,0.6200073183504596
current-current-SME00515-000894,current-SME00515,0.6294379957859587
current-current-SME00516-000895,current-SME00516,0.7212718224725794
current-current-SME00516-000896,current-SME00516,0.7228839898959077
current-current-SME00516-000897,current-SME00516,0.7212718224725794
current-current-SME00517-000898,current-SME00517,0.4684551873209484
current-current-SME00517-000899,current-SME00517,0.41258156905642074
current-current-SME00518-000900,current-SME00518,0.3169313215332313
current-current-SME00518-000901,current-SME00518,0.2070272739233855
current-current-SME00518-000902,current-SME00518,0.27191951045785095
current-current-SME00519-000903,current-SME00519,0.5270129699001095
current-current-SME00519-000904,current-SME00519,0.6494996518206009
current-current-SME00520-000905,current-SME00520,0.5197518434536923
current-current-SME00521-000906,current-SME00521,0.27331293902137355
current-current-SME00521-000907,current-SME00521,0.44967398547630355
current-current-SME00522-000908,current-SME00522,0.7995956637361228
current-current-SME00523-000909,current-SME00523,0.5417565793006612
current-current-SME00524-000910,current-SME00524,0.42251330474751825
current-current-SME00525-000911,current-SME00525,0.5795649010956124
current-current-SME00525-000912,current-SME00525,0.5685982351160488
current-current-SME00526-000913,current-SME00526,0.31918912371365904
current-current-SME00527-000914,current-SME00527,0.3718244721573439
current-current-SME00527-000915,current-SME00527,0.4793068950969098
current-current-SME00527-000916,current-SME00527,0.43755401696010704
current-current-SME00528-000917,current-SME00528,0.6742571520200796
current-current-SME00529-000918,current-SME00529,0.6092113127846619
current-current-SME00529-000919,current-SME00529,0.608653462717078
current-current-SME00529-000920,current-SME00529,0.5956185182815474
current-current-SME00530-000921,current-SME00530,0.3528437111012456
current-current-SME00531-000922,current-SME00531,0.4928331106577334
current-current-SME00531-000923,current-SME00531,0.5691808921371251
current-current-SME00532-000924,current-SME00532,0.5404901735784291
current-current-SME00533-000925,current-SME00533,0.2790684070350498
current-current-SME00533-000926,current-SME00533,0.41845609482907997
current-current-SME00534-000927,current-SME00534,0.42373446461130876
current-current-SME00535-000928,current-SME00535,0.7638716879526767
current-current-SME00535-000929,current-SME00535,0.7638716879526767
current-current-SME00536-000930,current-SME00536,0.5962456022333181
current-current-SME00537-000931,current-SME00537,0.3360491834752166
current-current-SME00538-000932,current-SME00538,0.6020446298831013
current-current-SME00538-000933,current-SME00538,0.35714730758775187
current-current-SME00539-000934,current-SME00539,0.32472079934131637
current-current-SME00539-000935,current-SME00539,0.3311397412663652
current-current-SME00539-000936,current-SME00539,0.2851771077879467
current-current-SME00540-000937,current-SME00540,0.5757190129979226
current-current-SME00540-000938,current-SME00540,0.5553265948021964
current-current-SME00541-000939,current-SME00541,0.6884598441470985
current-current-SME00542-000940,current-SME00542,0.6265489911286024
current-current-SME00542-000941,current-SME00542,0.6178042612457345
current-current-SME00543-000942,current-SME00543,0.5524955996840556
current-current-SME00543-000943,current-SME00543,0.5904390974086886
current-current-SME00544-000944,current-SME00544,0.582527831618083
current-current-SME00544-000945,current-SME00544,0.5438055183707702
current-current-SME00545-000946,current-SME00545,0.8289440800618797
current-current-SME00546-000947,current-SME00546,0.6875345978414996
current-current-SME00547-000948,current-SME00547,0.5962842439875611
current-current-SME00547-000949,current-SME00547,0.6093588076694151
current-current-SME00547-000950,current-SME00547,0.6181163903155973
current-current-SME00548-000951,current-SME00548,0.7442550520799931
current-current-SME00548-000952,current-SME00548,0.7398071062339477
current-current-SME00549-000953,current-SME00549,0.26267831655233637
current-current-SME00549-000954,current-SME00549,0.3220392276312814
current-current-SME00549-000955,current-SME00549,0.20944970789046366
current-current-SME00550-000956,current-SME00550,0.6893799326365961
current-current-SME00550-000957,current-SME00550,0.6893799326365961
current-current-SME00551-000958,current-SME00551,0.7011878360085929
current-current-SME00552-000959,current-SME00552,0.5820779553854175
current-current-SME00552-000960,current-SME00552,0.595670749888532
current-current-SME00552-000961,current-SME00552,0.5595406369621383
current-current-SME00553-000962,current-SME00553,0.6568578236154902
current-current-SME00554-000963,current-SME00554,0.11512677974672474
current-current-SME00554-000964,current-SME00554,0.15912057982381916
current-current-SME00554-000965,current-SME00554,0.19798216288949508
current-current-SME00555-000966,current-SME00555,0.3674951185381356
current-current-SME00556-000967,current-SME00556,0.46689825479383124
current-current-SME00556-000968,current-SME00556,0.5492099355960152
current-current-SME00557-000969,current-SME00557,0.665561275672346
current-current-SME00557-000970,current-SME00557,0.6309263077035279
current-current-SME00557-000971,current-SME00557,0.6684093827745333
current-current-SME00558-000972,current-SME00558,0.6665576645400512
current-current-SME00559-000973,current-SME00559,0.6640031387024091
current-current-SME00559-000974,current-SME00559,0.6301521217389046
current-current-SME00560-000975,current-SME00560,0.5714075840489858
current-current-SME00560-000976,current-SME00560,0.5186791268095634
current-current-SME00561-000977,current-SME00561,0.42263743829399764
current-current-SME00561-000978,current-SME00561,0.42588315621141276
current-current-SME00562-000979,current-SME00562,0.46159765982760675
current-current-SME00562-000980,current-SME00562,0.6629682555495154
current-current-SME00563-000981,current-SME00563,0.7523727027487178
current-current-SME00563-000982,current-SME00563,0.7982573286722459
current-current-SME00564-000983,current-SME00564,0.21565543593984463
current-current-SME00564-000984,current-SME00564,0.3641468063695188
current-current-SME00564-000985,current-SME00564,0.3860006150251757
current-current-SME00565-000986,current-SME00565,0.6000693585170767
current-current-SME00565-000987,current-SME00565,0.6000693585170767
current-current-SME00565-000988,current-SME00565,0.5784889547248622
current-current-SME00566-000989,current-SME00566,0.5662168229355259
current-current-SME00566-000990,current-SME00566,0.5924346936599615
current-current-SME00567-000991,current-SME00567,0.5238816244432759
current-current-SME00567-000992,current-SME00567,0.5390191841317059
current-current-SME00568-000993,current-SME00568,0.6281594916269496
current-current-SME00569-000994,current-SME00569,0.7704064113877329
current-current-SME00569-000995,current-SME00569,0.7704064113877329
current-current-SME00569-000996,current-SME00569,0.7714540033218431
current-current-SME00570-000997,current-SME00570,0.6328935613838298
current-current-SME00570-000998,current-SME00570,0.6328935613838298
current-current-SME00571-000999,current-SME00571,0.6636339550698677
current-current-SME00571-001000,current-SME00571,0.5805652510057191
current-current-SME00572-001001,current-SME00572,0.6056147292828422
current-current-SME00573-001002,current-SME00573,0.36105596686347746
current-current-SME00573-001003,current-SME00573,0.5028344323569628
current-current-SME00573-001004,current-SME00573,0.44527928090610525
current-current-SME00574-001005,current-SME00574,0.38913480517928634
current-current-SME00575-001006,current-SME00575,0.6231777512274997
current-current-SME00576-001007,current-SME00576,0.7031621703510635
current-current-SME00577-001008,current-SME00577,0.5507225103651215
current-current-SME00577-001009,current-SME00577,0.6527450743898738
current-current-SME00577-001010,current-SME00577,0.6161358349154668
current-current-SME00578-001011,current-SME00578,0.3044801877105203
current-current-SME00578-001012,current-SME00578,0.44512535190098057
current-current-SME00579-001013,current-SME00579,0.6009231414837058
current-current-SME00579-001014,current-SME00579,0.5525252728876092
current-current-SME00580-001015,current-SME00580,0.4270991377418212
current-current-SME00580-001016,current-SME00580,0.5558408542634998
current-current-SME00581-001017,current-SME00581,0.4474919473155134
current-current-SME00582-001018,current-SME00582,0.37769622793480395
current-current-SME00582-001019,current-SME00582,0.44847145990096726
current-current-SME00583-001020,current-SME00583,0.3454518055181296
current-current-SME00584-001021,current-SME00584,0.3032715089594771
current-current-SME00584-001022,current-SME00584,0.4875813796198551
current-current-SME00585-001023,current-SME00585,0.5617460607166
current-current-SME00585-001024,current-SME00585,0.5866588901023799
current-current-SME00585-001025,current-SME00585,0.6129295406339906
current-current-SME00586-001026,current-SME00586,0.6398200758861474
current-current-SME00587-001027,current-SME00587,0.7814347150488847
current-current-SME00587-001028,current-SME00587,0.7750331051582593
current-current-SME00588-001029,current-SME00588,0.6087495963132863
current-current-SME00588-001030,current-SME00588,0.5904293990110466
current-current-SME00589-001031,current-SME00589,0.5575117546607783
current-current-SME00590-001032,current-SME00590,0.37894791144974244
current-current-SME00590-001033,current-SME00590,0.40930652502823067
current-current-SME00590-001034,current-SME00590,0.38511760127754013
current-current-SME00591-001035,current-SME00591,0.4790616655173896
current-current-SME00591-001036,current-SME00591,0.5880217674928516
current-current-SME00592-001037,current-SME00592,0.8011356588904535
current-current-SME00592-001038,current-SME00592,0.804139686036988
current-current-SME00592-001039,current-SME00592,0.8094082362949356
current-current-SME00593-001040,current-SME00593,0.5369942504972229
current-current-SME00594-001041,current-SME00594,0.45927627394920806
current-current-SME00594-001042,current-SME00594,0.5043894305771093
current-current-SME00595-001043,current-SME00595,0.4677380364047223
current-current-SME00595-001044,current-SME00595,0.5091494621639281
current-current-SME00596-001045,current-SME00596,0.5654098192556375
current-current-SME00596-001046,current-SME00596,0.5654098192556375
current-current-SME00596-001047,current-SME00596,0.5753618915996154
current-current-SME00597-001048,current-SME00597,0.7299942157658139
current-current-SME00598-001049,current-SME00598,0.6068716855981738
current-current-SME00599-001050,current-SME00599,0.6241813787675977
current-current-SME00600-001051,current-SME00600,0.6148672886617943
current-current-SME00601-001052,current-SME00601,0.5940307867681746
current-current-SME00602-001053,current-SME00602,0.7477140757122717
current-current-SME00602-001054,current-SME00602,0.7367362452581963
current-current-SME00603-001055,current-SME00603,0.4950000609695682
current-current-SME00604-001056,current-SME00604,0.5698307470835463
current-current-SME00604-001057,current-SME00604,0.6213253342421355
current-current-SME00604-001058,current-SME00604,0.5656481321449467
current-current-SME00605-001059,current-SME00605,0.43813360367410015
current-current-SME00605-001060,current-SME00605,0.5220964318479647
current-current-SME00605-001061,current-SME00605,0.487743700468739
current-current-SME00606-001062,current-SME00606,0.3901852933402777
current-current-SME00607-001063,current-SME00607,0.6394413261397224
current-current-SME00608-001064,current-SME00608,0.8322672364404676
current-current-SME00608-001065,current-SME00608,0.8292156775367716
current-current-SME00609-001066,current-SME00609,0.31387848061150886
current-current-SME00610-001067,current-SME00610,0.4091445095760601
current-current-SME00610-001068,current-SME00610,0.4485151721701129
current-current-SME00610-001069,current-SME00610,0.44322516655532557
current-current-SME00611-001070,current-SME00611,0.6239768304226118
current-current-SME00612-001071,current-SME00612,0.5713400867181928
current-current-SME00612-001072,current-SME00612,0.5790336040516394
current-current-SME00613-001073,current-SME00613,0.3866225170105552
current-current-SME00613-001074,current-SME00613,0.4213421676046423
current-current-SME00614-001075,current-SME00614,0.611766092921215
current-current-SME00614-001076,current-SME00614,0.6330858591774654
current-current-SME00614-001077,current-SME00614,0.6241813787675977
current-current-SME00615-001078,current-SME00615,0.3213694739103514
current-current-SME00615-001079,current-SME00615,0.37332790667296273
current-current-SME00616-001080,current-SME00616,0.6065116844118602
current-current-SME00617-001081,current-SME00617,0.6681736842153877
current-current-SME00617-001082,current-SME00617,0.6923123594490997
current-current-SME00618-001083,current-SME00618,0.5572335441808013
current-current-SME00618-001084,current-SME00618,0.5816107265806956
current-current-SME00618-001085,current-SME00618,0.5679520867705693
current-current-SME00619-001086,current-SME00619,0.5826842580833598
current-current-SME00619-001087,current-SME00619,0.5100626768340825
current-current-SME00620-001088,current-SME00620,0.5484811445215948
current-current-SME00620-001089,current-SME00620,0.5498022845151601
current-current-SME00621-001090,current-SME00621,0.6075831549527989
current-current-SME00622-001091,current-SME00622,0.5044544787281444
current-current-SME00622-001092,current-SME00622,0.5898562588540741
current-current-SME00623-001093,current-SME00623,0.4023116016440277
current-current-SME00623-001094,current-SME00623,0.4703617187909073
current-current-SME00624-001095,current-SME00624,0.6225201281628759
current-current-SME00625-001096,current-SME00625,0.5439660452022186
current-current-SME00626-001097,current-SME00626,0.47490485104757424
current-current-SME00626-001098,current-SME00626,0.45144831352675335
current-current-SME00627-001099,current-SME00627,0.6707089128184619
current-current-SME00628-001100,current-SME00628,0.41565511131096033
current-current-SME00629-001101,current-SME00629,0.7718615477666102
current-current-SME00630-001102,current-SME00630,0.3353832393502813
current-current-SME00630-001103,current-SME00630,0.164765988031717
current-current-SME00631-001104,current-SME00631,0.05470599990505414
current-current-SME00632-001105,current-SME00632,0.6617403726686074
current-current-SME00633-001106,current-SME00633,0.6555468469542712
current-current-SME00634-001107,current-SME00634,0.6716889276973785
current-current-SME00635-001108,current-SME00635,0.6914664087070906
current-current-SME00635-001109,current-SME00635,0.6925140006412008
current-current-SME00636-001110,current-SME00636,0.4331326874252024
current-current-SME00636-001111,current-SME00636,0.5367078035466769
current-current-SME00636-001112,current-SME00636,0.512137247151328
current-current-SME00637-001113,current-SME00637,0.7078503657691688
current-current-SME00638-001114,current-SME00638,0.5936804060542403
current-current-SME00639-001115,current-SME00639,0.787065540199355
current-current-SME00640-001116,current-SME00640,0.3465389976588202
current-current-SME00640-001117,current-SME00640,0.3575997352173868
current-current-SME00641-001118,current-SME00641,0.4455301300266783
current-current-SME00641-001119,current-SME00641,0.44795974720865483
current-current-SME00642-001120,current-SME00642,0.6586114376251798
current-current-SME00642-001121,current-SME00642,0.6586114376251798
current-current-SME00643-001122,current-SME00643,0.3457860264854524
current-current-SME00643-001123,current-SME00643,0.6249646748626868
current-current-SME00644-001124,current-SME00644,0.4487761852904425
current-current-SME00645-001125,current-SME00645,0.6860747902920246
current-current-SME00645-001126,current-SME00645,0.6860747902920246
current-current-SME00646-001127,current-SME00646,0.8247678055883684
current-current-SME00646-001128,current-SME00646,0.7991261962233006
current-current-SME00647-001129,current-SME00647,0.7820904795188637
current-current-SME00647-001130,current-SME00647,0.6931655881787536
current-current-SME00648-001131,current-SME00648,0.534990057549701
current-current-SME00648-001132,current-SME00648,0.6668772074471294
current-current-SME00649-001133,current-SME00649,0.7226829459735721
current-current-SME00650-001134,current-SME00650,0.7910486385999934
current-current-SME00651-001135,current-SME00651,0.28983696260163005
current-current-SME00652-001136,current-SME00652,0.6969719836844156
current-current-SME00652-001137,current-SME00652,0.7698988159237272
current-current-SME00653-001138,current-SME00653,0.4688025325851439
current-current-SME00653-001139,current-SME00653,0.5712991004193313
current-current-SME00653-001140,current-SME00653,0.44701019993276836
current-current-SME00654-001141,current-SME00654,0.572989973112945
current-current-SME00654-001142,current-SME00654,0.5270107210405804
current-current-SME00655-001143,current-SME00655,0.3176354340104733
current-current-SME00655-001144,current-SME00655,0.3759409175855115
current-current-SME00656-001145,current-SME00656,0.5580762467051803
current-current-SME00656-001146,current-SME00656,0.629182818501285
current-current-SME00656-001147,current-SME00656,0.6609510561209313
current-current-SME00657-001148,current-SME00657,0.5973918500955793
current-current-SME00657-001149,current-SME00657,0.42283717061715015
current-current-SME00657-001150,current-SME00657,0.5987905041144187
current-current-SME00658-001151,current-SME00658,0.44215895371953123
current-current-SME00658-001152,current-SME00658,0.5764307849445892
current-current-SME00658-001153,current-SME00658,0.5936067941966519
current-current-SME00659-001154,current-SME00659,0.40466946222497185
current-current-SME00659-001155,current-SME00659,0.43724299118494214
current-current-SME00659-001156,current-SME00659,0.40559115735658535
current-current-SME00660-001157,current-SME00660,0.3932327414842455
current-current-SME00660-001158,current-SME00660,0.4671358034790866
current-current-SME00661-001159,current-SME00661,0.7324245037416852
current-current-SME00662-001160,current-SME00662,0.6502824637900356
current-current-SME00663-001161,current-SME00663,0.6447553933752569
current-current-SME00664-001162,current-SME00664,0.29851480068538677
current-current-SME00664-001163,current-SME00664,0.40439259851199283
current-current-SME00665-001164,current-SME00665,0.5367430855687767
current-current-SME00666-001165,current-SME00666,0.6836014377072551
current-current-SME00666-001166,current-SME00666,0.6870694727971256
current-current-SME00667-001167,current-SME00667,0.5831176175729003
current-current-SME00667-001168,current-SME00667,0.652995119532789
current-current-SME00668-001169,current-SME00668,0.1809754299941013
current-current-SME00668-001170,current-SME00668,0.2676295078294616
current-current-SME00669-001171,current-SME00669,0.5110059376781229
current-current-SME00669-001172,current-SME00669,0.5839591655526586
current-current-SME00670-001173,current-SME00670,0.5833292635329281
current-current-SME00670-001174,current-SME00670,0.6302551634052466
current-current-SME00670-001175,current-SME00670,0.5964273064693629
current-current-SME00671-001176,current-SME00671,0.3640811430687417
current-current-SME00671-001177,current-SME00671,0.5142590407429923
current-current-SME00671-001178,current-SME00671,0.5500114814889266
current-current-SME00672-001179,current-SME00672,0.6180308987661729
current-current-SME00673-001180,current-SME00673,0.6772124545098493
current-current-SME00673-001181,current-SME00673,0.6109189118150358
current-current-SME00674-001182,current-SME00674,0.38296245746558
current-current-SME00674-001183,current-SME00674,0.508731986490849
current-current-SME00675-001184,current-SME00675,0.6469877030714027
current-current-SME00675-001185,current-SME00675,0.7812992714697521
current-current-SME00675-001186,current-SME00675,0.7936877988621657
current-current-SME00676-001187,current-SME00676,0.379876843463119
current-current-SME00677-001188,current-SME00677,0.44600381738230116
current-current-SME00678-001189,current-SME00678,0.5754439412134241
current-current-SME00678-001190,current-SME00678,0.5114922191167092
current-current-SME00679-001191,current-SME00679,0.35071315505253237
current-current-SME00680-001192,current-SME00680,0.5232022126233595
current-current-SME00680-001193,current-SME00680,0.582161015659137
current-current-SME00681-001194,current-SME00681,0.5634918446335299
current-current-SME00681-001195,current-SME00681,0.5634918446335299
current-current-SME00682-001196,current-SME00682,0.4783488419434912
current-current-SME00683-001197,current-SME00683,0.6421764040277811
current-current-SME00683-001198,current-SME00683,0.6421764040277811
current-current-SME00683-001199,current-SME00683,0.6421764040277811
current-current-SME00684-001200,current-SME00684,0.6045975246651993
current-current-SME00685-001201,current-SME00685,0.6152884810828131
current-current-SME00685-001202,current-SME00685,0.6742526773916119
current-current-SME00686-001203,current-SME00686,0.5035920019527848
current-current-SME00686-001204,current-SME00686,0.5533599193944682
current-current-SME00686-001205,current-SME00686,0.4919241726508422
current-current-SME00687-001206,current-SME00687,0.6766767961755225
current-current-SME00687-001207,current-SME00687,0.7047208750332963
current-current-SME00688-001208,current-SME00688,0.7012167781666682
current-current-SME00689-001209,current-SME00689,0.4449095480603069
current-current-SME00689-001210,current-SME00689,0.5171680402439068
current-current-SME00690-001211,current-SME00690,0.769768712284745
current-current-SME00690-001212,current-SME00690,0.6266654696696294
current-current-SME00691-001213,current-SME00691,0.39875125716453375
current-current-SME00692-001214,current-SME00692,0.47138841034096457
current-current-SME00692-001215,current-SME00692,0.6062711896888531
current-current-SME00693-001216,current-SME00693,0.5770245257449458
current-current-SME00693-001217,current-SME00693,0.5784231797637852
current-current-SME00693-001218,current-SME00693,0.5381252625357187
current-current-SME00694-001219,current-SME00694,0.5924087537151416
current-current-SME00695-001220,current-SME00695,0.46441253833446405
current-current-SME00695-001221,current-SME00695,0.4138663516090362
current-current-SME00696-001222,current-SME00696,0.7871049232990133
current-current-SME00696-001223,current-SME00696,0.5979319479126657
current-current-SME00696-001224,current-SME00696,0.793668414148641
current-current-SME00697-001225,current-SME00697,0.6743800881655778
current-current-SME00697-001226,current-SME00697,0.6743800881655778
current-current-SME00697-001227,current-SME00697,0.675427680099688
current-current-SME00698-001228,current-SME00698,0.5417369162030378
current-current-SME00699-001229,current-SME00699,0.5313389165017454
current-current-SME00700-001230,current-SME00700,0.2667323027549593
current-current-SME00700-001231,current-SME00700,0.5316299581943038
current-current-SME00701-001232,current-SME00701,0.6556924538719126
current-current-SME00701-001233,current-SME00701,0.6375655348874149
current-current-SME00702-001234,current-SME00702,0.6564292784298793
current-current-SME00702-001235,current-SME00702,0.6051711328828207
current-current-SME00702-001236,current-SME00702,0.6835576845113936
current-current-SME00703-001237,current-SME00703,0.624524784401168
current-current-SME00704-001238,current-SME00704,0.7275822235361573
current-current-SME00704-001239,current-SME00704,0.731867786030652
current-current-SME00705-001240,current-SME00705,0.7439579821366449
current-current-SME00706-001241,current-SME00706,0.7094058657831019
current-current-SME00706-001242,current-SME00706,0.74038428271179
current-current-SME00706-001243,current-SME00706,0.6167373665464736
current-current-SME00707-001244,current-SME00707,0.7595647970318411
current-current-SME00708-001245,current-SME00708,0.47719268148095334
current-current-SME00708-001246,current-SME00708,0.533674541418041
current-current-SME00709-001247,current-SME00709,0.1901879470763201
current-current-SME00709-001248,current-SME00709,0.0
current-current-SME00710-001249,current-SME00710,0.5807877126440588
current-current-SME00710-001250,current-SME00710,0.6070656984640762
current-current-SME00710-001251,current-SME00710,0.6807343195309317
current-current-SME00711-001252,current-SME00711,0.6113763533838927
current-current-SME00711-001253,current-SME00711,0.6557942797191733
current-current-SME00712-001254,current-SME00712,0.6424015369957531
current-current-SME00712-001255,current-SME00712,0.7340103276688827
current-current-SME00713-001256,current-SME00713,0.38336172825080944
current-current-SME00713-001257,current-SME00713,0.4459719553262756
current-current-SME00714-001258,current-SME00714,0.3944307504161264
current-current-SME00715-001259,current-SME00715,0.5506506626818802
current-current-SME00715-001260,current-SME00715,0.6311168843562617
current-current-SME00716-001261,current-SME00716,0.49462153694606736
current-current-SME00717-001262,current-SME00717,0.8322672364404676
current-current-SME00718-001263,current-SME00718,0.5488470911797032
current-current-SME00719-001264,current-SME00719,0.7811103085015854
current-current-SME00719-001265,current-SME00719,0.7811103085015854
current-current-SME00720-001266,current-SME00720,0.4372693274693097
current-current-SME00720-001267,current-SME00720,0.4752695709370253
current-current-SME00721-001268,current-SME00721,0.8003002758679769
current-current-SME00721-001269,current-SME00721,0.8003002758679769
current-current-SME00722-001270,current-SME00722,0.6453871019815847
current-current-SME00722-001271,current-SME00722,0.6880512523192325
current-current-SME00723-001272,current-SME00723,0.6651487439849209
current-current-SME00723-001273,current-SME00723,0.6966105804602513
current-current-SME00724-001274,current-SME00724,0.6525617696174548
current-current-SME00724-001275,current-SME00724,0.6949457745791269
current-current-SME00725-001276,current-SME00725,0.5088172711749406
current-current-SME00725-001277,current-SME00725,0.5254724403500798
current-current-SME00725-001278,current-SME00725,0.5841481270366295
current-current-SME00726-001279,current-SME00726,0.7453597335274958
current-current-SME00726-001280,current-SME00726,0.6874182255033385
current-current-SME00727-001281,current-SME00727,0.41731479113696357
current-current-SME00728-001282,current-SME00728,0.6629533498250152
current-current-SME00728-001283,current-SME00728,0.6629533498250152
current-current-SME00729-001284,current-SME00729,0.7144430095705527
current-current-SME00729-001285,current-SME00729,0.7090185392682579
current-current-SME00730-001286,current-SME00730,0.70918471258887
current-current-SME00730-001287,current-SME00730,0.7121887397354045
current-current-SME00731-001288,current-SME00731,0.6011321639982349
current-current-SME00731-001289,current-SME00731,0.5846912623929331
current-current-SME00731-001290,current-SME00731,0.5769036639920864
current-current-SME00732-001291,current-SME00732,0.6923452852311696
current-current-SME00733-001292,current-SME00733,0.6173521804279473
current-current-SME00734-001293,current-SME00734,0.5723682137601852
current-current-SME00735-001294,current-SME00735,0.7250781607666853
current-current-SME00735-001295,current-SME00735,0.7618537031238507
current-current-SME00736-001296,current-SME00736,0.6830115496074732
current-current-SME00736-001297,current-SME00736,0.6765836815124023
current-current-SME00737-001298,current-SME00737,0.8861848101147708
current-current-SME00737-001299,current-SME00737,0.8845933931786859
current-current-SME00737-001300,current-SME00737,0.8884412784414845
current-current-SME00738-001301,current-SME00738,0.6528788197715012
current-current-SME00739-001302,current-SME00739,0.2964970493220244
current-current-SME00740-001303,current-SME00740,0.5583374472607002
current-current-SME00741-001304,current-SME00741,0.5326664832538748
current-current-SME00741-001305,current-SME00741,0.5611351817734062
current-current-SME00742-001306,current-SME00742,0.6742877110533558
current-current-SME00742-001307,current-SME00742,0.6742877110533558
current-current-SME00743-001308,current-SME00743,0.5357252945207015
current-current-SME00744-001309,current-SME00744,0.6233046422966131
current-current-SME00744-001310,current-SME00744,0.6314761273604395
current-current-SME00745-001311,current-SME00745,0.7430771400885726
current-current-SME00746-001312,current-SME00746,0.21981761280189532
current-current-SME00747-001313,current-SME00747,0.23195435660369615
current-current-SME00747-001314,current-SME00747,0.2425635560499959
current-current-SME00748-001315,current-SME00748,0.5485862811495396
current-current-SME00749-001316,current-SME00749,0.7247159330650514
current-current-SME00749-001317,current-SME00749,0.8401641799740825
current-current-SME00750-001318,current-SME00750,0.7011279746454704
current-current-SME00751-001319,current-SME00751,0.7937899926820666
current-current-SME00752-001320,current-SME00752,0.7925432187722574
current-current-SME00752-001321,current-SME00752,0.7931010688398413
current-current-SME00752-001322,current-SME00752,0.7931010688398413
current-current-SME00753-001323,current-SME00753,0.549036868035247
current-current-SME00754-001324,current-SME00754,0.2139123952852447
current-current-SME00754-001325,current-SME00754,0.4146065186264558
current-current-SME00755-001326,current-SME00755,0.7195247321957953
current-current-SME00756-001327,current-SME00756,0.44046955719664577
current-current-SME00757-001328,current-SME00757,0.6020882870652208
current-current-SME00757-001329,current-SME00757,0.6814419134043419
current-current-SME00758-001330,current-SME00758,0.4514399595199028
current-current-SME00759-001331,current-SME00759,0.701873170124834
current-current-SME00759-001332,current-SME00759,0.5899335313635201
current-current-SME00760-001333,current-SME00760,0.5701068669010875
current-current-SME00760-001334,current-SME00760,0.476317146088128
current-current-SME00761-001335,current-SME00761,0.43745722767707856
current-current-SME00762-001336,current-SME00762,0.7767406391508209
current-current-SME00763-001337,current-SME00763,0.6109402363369416
current-current-SME00763-001338,current-SME00763,0.6109402363369416
current-current-SME00764-001339,current-SME00764,0.41995130784751084
current-current-SME00764-001340,current-SME00764,0.43489963490545186
current-current-SME00765-001341,current-SME00765,0.6180105085960506
current-current-SME00765-001342,current-SME00765,0.6684367856530289
current-current-SME00765-001343,current-SME00765,0.6341119308490822
current-current-SME00766-001344,current-SME00766,0.7055902247318322
current-current-SME00766-001345,current-SME00766,0.7066378166659424
current-current-SME00767-001346,current-SME00767,0.8096018435368855
current-current-SME00767-001347,current-SME00767,0.8097133544848955
current-current-SME00767-001348,current-SME00767,0.8096018435368855
current-current-SME00768-001349,current-SME00768,0.5370050679893005
current-current-SME00769-001350,current-SME00769,0.22218136607978858
current-current-SME00770-001351,current-SME00770,0.4718274034574755
current-current-SME00771-001352,current-SME00771,0.6086682130703617
current-current-SME00771-001353,current-SME00771,0.6086682130703617
current-current-SME00771-001354,current-SME00771,0.6086682130703617
current-current-SME00772-001355,current-SME00772,0.5953589664150105
current-current-SME00772-001356,current-SME00772,0.6033131618540498
current-current-SME00773-001357,current-SME00773,0.6031174650273363
current-current-SME00774-001358,current-SME00774,0.4150185090225449
current-current-SME00774-001359,current-SME00774,0.3308892411375365
current-current-SME00774-001360,current-SME00774,0.39520177137015144
current-current-SME00775-001361,current-SME00775,0.7119820207585518
current-current-SME00776-001362,current-SME00776,0.42042566328454806
current-current-SME00777-001363,current-SME00777,0.5174012163355692
current-current-SME00778-001364,current-SME00778,0.47267658802412177
current-current-SME00778-001365,current-SME00778,0.5215726887913025
current-current-SME00779-001366,current-SME00779,0.7041043963475357
current-current-SME00780-001367,current-SME00780,0.7174572899933521
current-current-SME00781-001368,current-SME00781,0.6742571520200796
current-current-SME00781-001369,current-SME00781,0.6723034879754995
current-current-SME00782-001370,current-SME00782,0.795555378626586
current-current-SME00783-001371,current-SME00783,0.724894008258374
current-current-SME00783-001372,current-SME00783,0.724894008258374
current-current-SME00784-001373,current-SME00784,0.4980102996025189
current-current-SME00784-001374,current-SME00784,0.4912022642439524
current-current-SME00785-001375,current-SME00785,0.5249214167301136
current-current-SME00785-001376,current-SME00785,0.443035387833358
current-current-SME00786-001377,current-SME00786,0.6952570852913419
current-current-SME00786-001378,current-SME00786,0.7113121577192824
current-current-SME00787-001379,current-SME00787,0.6551177149290489
current-current-SME00787-001380,current-SME00787,0.6551177149290489
current-current-SME00788-001381,current-SME00788,0.6986652451448893
current-current-SME00788-001382,current-SME00788,0.7588072802496811
current-current-SME00789-001383,current-SME00789,0.7050919955103949
current-current-SME00789-001384,current-SME00789,0.6926767096640122
current-current-SME00790-001385,current-SME00790,0.6386795872897343
current-current-SME00791-001386,current-SME00791,0.7987551431682534
current-current-SME00791-001387,current-SME00791,0.8016436202442809
current-current-SME00791-001388,current-SME00791,0.8026912121783911
current-current-SME00792-001389,current-SME00792,0.564787443684578
current-current-SME00793-001390,current-SME00793,0.31869248666583133
current-current-SME00793-001391,current-SME00793,0.39688079520966346
current-current-SME00794-001392,current-SME00794,0.4443420010722105
current-current-SME00794-001393,current-SME00794,0.4737521602629649
current-current-SME00795-001394,current-SME00795,0.5452408109166397
current-current-SME00795-001395,current-SME00795,0.7471991155391516
current-current-SME00796-001396,current-SME00796,0.5685075233989112
current-current-SME00796-001397,current-SME00796,0.6103632866956804
current-current-SME00797-001398,current-SME00797,0.27443379732502377
current-current-SME00798-001399,current-SME00798,0.6157938051176775
current-current-SME00798-001400,current-SME00798,0.6326639409004089
current-current-SME00799-001401,current-SME00799,0.489799446365193
current-current-SME00799-001402,current-SME00799,0.489799446365193
current-current-SME00800-001403,current-SME00800,0.5352283235019102
current-current-SME00800-001404,current-SME00800,0.6077432551442002
current-current-SME00801-001405,current-SME00801,0.5817379049320661
current-current-SME00801-001406,current-SME00801,0.5104845518694934
current-current-SME00802-001407,current-SME00802,0.5991329120651131
current-current-SME00802-001408,current-SME00802,0.6236594544208587
current-current-SME00803-001409,current-SME00803,0.8189603470433978
current-current-SME00804-001410,current-SME00804,0.6924509652915964
current-current-SME00804-001411,current-SME00804,0.6924509652915964
current-current-SME00805-001412,current-SME00805,0.6796006260023112
current-current-SME00805-001413,current-SME00805,0.6796006260023112
current-current-SME00806-001414,current-SME00806,0.768977095700706
current-current-SME00807-001415,current-SME00807,0.25182210685622913
current-current-SME00808-001416,current-SME00808,0.3483130178823239
current-current-SME00808-001417,current-SME00808,0.404268222667541
current-current-SME00809-001418,current-SME00809,0.642694884956272
current-current-SME00810-001419,current-SME00810,0.40376164663481945
current-current-SME00810-001420,current-SME00810,0.43394781751037387
current-current-SME00811-001421,current-SME00811,0.5170257876350204
current-current-SME00812-001422,current-SME00812,0.6075019317221947
current-current-SME00813-001423,current-SME00813,0.6220488728465502
current-current-SME00814-001424,current-SME00814,0.24188309239604006
current-current-SME00814-001425,current-SME00814,0.24293068433015033
current-current-SME00815-001426,current-SME00815,0.6392993848322776
current-current-SME00816-001427,current-SME00816,0.5047024675222227
current-current-SME00816-001428,current-SME00816,0.5786730962853128
current-current-SME00816-001429,current-SME00816,0.35539018096576297
current-current-SME00817-001430,current-SME00817,0.641780696360742
current-current-SME00818-001431,current-SME00818,0.5722409327876418
current-current-SME00818-001432,current-SME00818,0.6845363555641186
current-current-SME00819-001433,current-SME00819,0.32560629895343474
current-current-SME00819-001434,current-SME00819,0.5748995574561391
current-current-SME00820-001435,current-SME00820,0.7994379423200877
current-current-SME00820-001436,current-SME00820,0.79287445147046
current-current-SME00820-001437,current-SME00820,0.7994379423200877
current-current-SME00821-001438,current-SME00821,0.723240796041156
current-current-SME00821-001439,current-SME00821,0.6777145738633814
current-current-SME00822-001440,current-SME00822,0.6124360150640888
current-current-SME00823-001441,current-SME00823,0.6167361570994119
current-current-SME00824-001442,current-SME00824,0.4890995399479554
current-current-SME00825-001443,current-SME00825,0.6137758312120765
current-current-SME00826-001444,current-SME00826,0.4963765693559873
current-current-SME00827-001445,current-SME00827,0.6143042411925449
current-current-SME00827-001446,current-SME00827,0.6990159855000806
current-current-SME00828-001447,current-SME00828,0.4350490485828961
current-current-SME00828-001448,current-SME00828,0.5282866636091476
current-current-SME00828-001449,current-SME00828,0.4976819585811308
current-current-SME00829-001450,current-SME00829,0.5760818880380971
current-current-SME00830-001451,current-SME00830,0.3080747126222444
current-current-SME00830-001452,current-SME00830,0.382156284193268
current-current-SME00830-001453,current-SME00830,0.38154999157288366
current-current-SME00831-001454,current-SME00831,0.37989493615768594
current-current-SME00832-001455,current-SME00832,0.5894648206820887
current-current-SME00832-001456,current-SME00832,0.5109695308409063
current-current-SME00832-001457,current-SME00832,0.5330707212667701
current-current-SME00833-001458,current-SME00833,0.53734653591777
current-current-SME00833-001459,current-SME00833,0.6078436849646635
current-current-SME00834-001460,current-SME00834,0.1450555362444419
current-current-SME00834-001461,current-SME00834,0.21571193330905533
current-current-SME00835-001462,current-SME00835,0.3370766515004612
current-current-SME00836-001463,current-SME00836,0.506151975925048
current-current-SME00836-001464,current-SME00836,0.5690405609628427
current-current-SME00837-001465,current-SME00837,0.35190736718629356
current-current-SME00837-001466,current-SME00837,0.5668006043743367
current-current-SME00838-001467,current-SME00838,0.38421735732144235
current-current-SME00838-001468,current-SME00838,0.3034684542407705
current-current-SME00839-001469,current-SME00839,0.5694444933954801
current-current-SME00840-001470,current-SME00840,0.6270538093441329
current-current-SME00841-001471,current-SME00841,0.6371758669358487
current-current-SME00841-001472,current-SME00841,0.6371758669358487
current-current-SME00842-001473,current-SME00842,0.16236723028396569
current-current-SME00842-001474,current-SME00842,0.07674499830215216
current-current-SME00843-001475,current-SME00843,0.5035432131679765
current-current-SME00843-001476,current-SME00843,0.6137485058854084
current-current-SME00844-001477,current-SME00844,0.5518607862791826
current-current-SME00844-001478,current-SME00844,0.6471242280152216
current-current-SME00845-001479,current-SME00845,0.6403160911107802
current-current-SME00846-001480,current-SME00846,0.434451416607519
current-current-SME00847-001481,current-SME00847,0.6303753404949769
current-current-SME00847-001482,current-SME00847,0.6434708501295175
current-current-SME00848-001483,current-SME00848,0.7661346376447973
current-current-SME00848-001484,current-SME00848,0.7706795026223687
current-current-SME00849-001485,current-SME00849,0.44930318112031065
current-current-SME00850-001486,current-SME00850,0.5387029790068907
current-current-SME00850-001487,current-SME00850,0.5618584191452322
current-current-SME00851-001488,current-SME00851,0.5687043174578182
current-current-SME00851-001489,current-SME00851,0.5320954788579811
current-current-SME00852-001490,current-SME00852,0.5873251522612172
current-current-SME00852-001491,current-SME00852,0.7788643345617478
current-current-SME00852-001492,current-SME00852,0.7799119264958579
current-current-SME00853-001493,current-SME00853,0.5015456152770612
current-current-SME00854-001494,current-SME00854,0.36364287611974183
current-current-SME00854-001495,current-SME00854,0.6660772636801215
current-current-SME00855-001496,current-SME00855,0.5336455852562442
current-current-SME00855-001497,current-SME00855,0.5902799932896934
current-current-SME00856-001498,current-SME00856,0.7800000528321303
current-current-SME00857-001499,current-SME00857,0.7416842843702667
current-current-SME00858-001500,current-SME00858,0.5035779820046759
current-current-SME00859-001501,current-SME00859,0.6018219627521918
current-current-SME00860-001502,current-SME00860,0.49187986812569545
current-current-SME00861-001503,current-SME00861,0.39789658639731673
current-current-SME00861-001504,current-SME00861,0.4923028268342173
current-current-SME00862-001505,current-SME00862,0.5963321642619008
current-current-SME00863-001506,current-SME00863,0.7754887994418384
current-current-SME00864-001507,current-SME00864,0.4044312126004178
current-current-SME00864-001508,current-SME00864,0.4706232421814423
current-current-SME00865-001509,current-SME00865,0.5351916428243982
current-current-SME00866-001510,current-SME00866,0.09145430687788171
current-current-SME00866-001511,current-SME00866,0.07434598780346297
current-current-SME00866-001512,current-SME00866,0.14623927612448104
current-current-SME00867-001513,current-SME00867,0.6462342172648443
current-current-SME00867-001514,current-SME00867,0.711287060220436
current-current-SME00867-001515,current-SME00867,0.674327810218158
current-current-SME00868-001516,current-SME00868,0.35826111088288287
current-current-SME00868-001517,current-SME00868,0.23962636632515555
current-current-SME00869-001518,current-SME00869,0.7641839794998959
current-current-SME00870-001519,current-SME00870,0.4580981467353288
current-current-SME00870-001520,current-SME00870,0.5182774591827816
current-current-SME00870-001521,current-SME00870,0.5139663458604566
current-current-SME00871-001522,current-SME00871,0.4105706939341118
current-current-SME00872-001523,current-SME00872,0.6199575327882919
current-current-SME00873-001524,current-SME00873,0.5193445713838546
current-current-SME00874-001525,current-SME00874,0.5642055320643474
current-current-SME00874-001526,current-SME00874,0.6085182352432954
current-current-SME00874-001527,current-SME00874,0.5812008590829246
current-current-SME00875-001528,current-SME00875,0.604261035873484
current-current-SME00875-001529,current-SME00875,0.5381787830334397
current-current-SME00876-001530,current-SME00876,0.3464968446407111
current-current-SME00876-001531,current-SME00876,0.4845376891805645
current-current-SME00877-001532,current-SME00877,0.212906779124061
current-current-SME00878-001533,current-SME00878,0.5821599137404933
current-current-SME00879-001534,current-SME00879,0.7117279934994555
current-current-SME00880-001535,current-SME00880,0.38724108319053213
current-current-SME00880-001536,current-SME00880,0.43106243201352057
current-current-SME00881-001537,current-SME00881,0.6930220326479849
current-current-SME00881-001538,current-SME00881,0.6704847142247057
current-current-SME00882-001539,current-SME00882,0.8065935556702862
current-current-SME00882-001540,current-SME00882,0.8065935556702862
current-current-SME00883-001541,current-SME00883,0.6410102622778188
current-current-SME00883-001542,current-SME00883,0.6410102622778188
current-current-SME00884-001543,current-SME00884,0.34647476019724416
current-current-SME00884-001544,current-SME00884,0.3438174124883117
current-current-SME00885-001545,current-SME00885,0.5764993953323547
current-current-SME00885-001546,current-SME00885,0.6453491928087772
current-current-SME00886-001547,current-SME00886,0.4520205090109507
current-current-SME00886-001548,current-SME00886,0.4576228939897312
current-current-SME00886-001549,current-SME00886,0.45043498171153956
current-current-SME00887-001550,current-SME00887,0.6406342106813947
current-current-SME00888-001551,current-SME00888,0.4481332632602522
current-current-SME00888-001552,current-SME00888,0.5008829262561006
current-current-SME00889-001553,current-SME00889,0.7560068406438332
current-current-SME00890-001554,current-SME00890,0.7560180191558585
current-current-SME00891-001555,current-SME00891,0.6135208862691491
current-current-SME00891-001556,current-SME00891,0.6414904627331403
current-current-SME00892-001557,current-SME00892,0.6926308999324604
current-current-SME00892-001558,current-SME00892,0.6926308999324604
current-current-SME00893-001559,current-SME00893,0.6424304357488377
current-current-SME00893-001560,current-SME00893,0.6641606403503797
current-current-SME00893-001561,current-SME00893,0.6641606403503797
current-current-SME00894-001562,current-SME00894,0.41680397873265884
current-current-SME00895-001563,current-SME00895,0.5995946302325078
current-current-SME00895-001564,current-SME00895,0.704734490581201
current-current-SME00896-001565,current-SME00896,0.5590119110463238
current-current-SME00897-001566,current-SME00897,0.44300523490393934
current-current-SME00898-001567,current-SME00898,0.4448394551342985
current-current-SME00899-001568,current-SME00899,0.5231793659106339
current-current-SME00900-001569,current-SME00900,0.6037017516935559
current-current-SME00901-001570,current-SME00901,0.5383595135617668
current-current-SME00901-001571,current-SME00901,0.6032570611535695
current-current-SME00902-001572,current-SME00902,0.6343167771725399
current-current-SME00903-001573,current-SME00903,0.7690053009591424
current-current-SME00904-001574,current-SME00904,0.6396775737815227
current-current-SME00904-001575,current-SME00904,0.6297844308280393
current-current-SME00904-001576,current-SME00904,0.558924387107527
current-current-SME00905-001577,current-SME00905,0.5809776562869746
current-current-SME00906-001578,current-SME00906,0.5588846716195888
current-current-SME00907-001579,current-SME00907,0.4199805357423727
current-current-SME00907-001580,current-SME00907,0.3326434970196712
current-current-SME00907-001581,current-SME00907,0.21390828108762372
current-current-SME00908-001582,current-SME00908,0.6285549808817619
current-current-SME00908-001583,current-SME00908,0.642694884956272
current-current-SME00908-001584,current-SME00908,0.5751997549186848
current-current-SME00909-001585,current-SME00909,0.6032051260636628
current-current-SME00909-001586,current-SME00909,0.6438715601589203
current-current-SME00910-001587,current-SME00910,0.5342766173455817
current-current-SME00910-001588,current-SME00910,0.6347790948840183
current-current-SME00911-001589,current-SME00911,0.630276081335133
current-current-SME00911-001590,current-SME00911,0.6356092357637378
current-current-SME00912-001591,current-SME00912,0.781743757545459
current-current-SME00912-001592,current-SME00912,0.7823016076130429
current-current-SME00912-001593,current-SME00912,0.7821871958704841
current-current-SME00913-001594,current-SME00913,0.7571372545110123
current-current-SME00913-001595,current-SME00913,0.7557161038042207
current-current-SME00914-001596,current-SME00914,0.6649235765693581
current-current-SME00915-001597,current-SME00915,0.4472130510047414
current-current-SME00916-001598,current-SME00916,0.6356133727136637
current-current-SME00916-001599,current-SME00916,0.6177732492930015
current-current-SME00917-001600,current-SME00917,0.6248872414192167
current-current-SME00918-001601,current-SME00918,0.5561303522048384
current-current-SME00919-001602,current-SME00919,0.6266819808349311
current-current-SME00919-001603,current-SME00919,0.7218861789915021
current-current-SME00920-001604,current-SME00920,0.34445181855762486
current-current-SME00921-001605,current-SME00921,0.45378173490344303
current-current-SME00922-001606,current-SME00922,0.6414979103748866
current-current-SME00922-001607,current-SME00922,0.6414979103748866
current-current-SME00922-001608,current-SME00922,0.6414979103748866
current-current-SME00923-001609,current-SME00923,0.6825422164866561
current-current-SME00923-001610,current-SME00923,0.6802519594520527
current-current-SME00924-001611,current-SME00924,0.45508143472821705
current-current-SME00925-001612,current-SME00925,0.5731116227707519
current-current-SME00926-001613,current-SME00926,0.6111596041919264
current-current-SME00927-001614,current-SME00927,0.39912137048331847
current-current-SME00928-001615,current-SME00928,0.45514172226073174
current-current-SME00929-001616,current-SME00929,0.42711745408252655
current-current-SME00930-001617,current-SME00930,0.3188358513281636
current-current-SME00930-001618,current-SME00930,0.4405927344892797
current-current-SME00930-001619,current-SME00930,0.3872788551657403
current-current-SME00931-001620,current-SME00931,0.42091901465957765
current-current-SME00932-001621,current-SME00932,0.4981084219104833
current-current-SME00932-001622,current-SME00932,0.587232020219701
current-current-SME00933-001623,current-SME00933,0.5210455813154756
current-current-SME00934-001624,current-SME00934,0.411189101046195
current-current-SME00935-001625,current-SME00935,0.2001254430886965
current-current-SME00935-001626,current-SME00935,0.21882934978756166
current-current-SME00936-001627,current-SME00936,0.5880149197124067
current-current-SME00937-001628,current-SME00937,0.559120048234303
current-current-SME00938-001629,current-SME00938,0.4733751133250756
current-current-SME00938-001630,current-SME00938,0.6163153261442722
current-current-SME00939-001631,current-SME00939,0.5347168116203505
current-current-SME00940-001632,current-SME00940,0.6771952972102657
current-current-SME00940-001633,current-SME00940,0.6704846495774619
current-current-SME00941-001634,current-SME00941,0.8322100541875166
current-current-SME00941-001635,current-SME00941,0.8256465633378889
current-current-SME00941-001636,current-SME00941,0.8322100541875166
current-current-SME00942-001637,current-SME00942,0.39057027250309234
current-current-SME00942-001638,current-SME00942,0.4301062733595428
current-current-SME00943-001639,current-SME00943,0.6965538793115306
current-current-SME00944-001640,current-SME00944,0.5811902050250602
current-current-SME00945-001641,current-SME00945,0.6532304032055447
current-current-SME00946-001642,current-SME00946,0.5269363610568072
current-current-SME00946-001643,current-SME00946,0.631989344841167
current-current-SME00947-001644,current-SME00947,0.26708895348677614
current-current-SME00947-001645,current-SME00947,0.26800493778569723
current-current-SME00948-001646,current-SME00948,0.6013591340492677
current-current-SME00949-001647,current-SME00949,0.6202225861134114
current-current-SME00949-001648,current-SME00949,0.5625732400485293
current-current-SME00950-001649,current-SME00950,0.46381197819654646
current-current-SME00950-001650,current-SME00950,0.6104877107931288
current-current-SME00951-001651,current-SME00951,0.6477337756059331
current-current-SME00952-001652,current-SME00952,0.41073047741194757
current-current-SME00953-001653,current-SME00953,0.597404752565566
current-current-SME00954-001654,current-SME00954,0.49653081180911174
current-current-SME00954-001655,current-SME00954,0.7035979457823733
current-current-SME00955-001656,current-SME00955,0.5215622142156484
current-current-SME00956-001657,current-SME00956,0.1735253018792371
current-current-SME00956-001658,current-SME00956,0.4174025256503683
current-current-SME00956-001659,current-SME00956,0.4174025256503683
current-current-SME00957-001660,current-SME00957,0.7044126687538942
current-current-SME00958-001661,current-SME00958,0.5029018771358957
current-current-SME00959-001662,current-SME00959,0.6102531956005202
current-current-SME00959-001663,current-SME00959,0.5423862388235288
current-current-SME00960-001664,current-SME00960,0.34372878713707367
current-current-SME00960-001665,current-SME00960,0.2656286154997331
current-current-SME00961-001666,current-SME00961,0.5115829426084912
current-current-SME00961-001667,current-SME00961,0.43236014471477074
current-current-SME00962-001668,current-SME00962,0.504421764263976
current-current-SME00963-001669,current-SME00963,0.5955841800302609
current-current-SME00963-001670,current-SME00963,0.7027880035114249
current-current-SME00963-001671,current-SME00963,0.7038355954455351
current-current-SME00964-001672,current-SME00964,0.7481034637108931
current-current-SME00965-001673,current-SME00965,0.5243309730890962
current-current-SME00966-001674,current-SME00966,0.46808939054299215
current-current-SME00966-001675,current-SME00966,0.46615029141178715
current-current-SME00966-001676,current-SME00966,0.43938443183832016
current-current-SME00967-001677,current-SME00967,0.7277510668013686
current-current-SME00967-001678,current-SME00967,0.7266001630474201
current-current-SME00968-001679,current-SME00968,0.6024119740548162
current-current-SME00968-001680,current-SME00968,0.4093160771188129
current-current-SME00969-001681,current-SME00969,0.5371040872261613
current-current-SME00970-001682,current-SME00970,0.41175285351083213
current-current-SME00970-001683,current-SME00970,0.5694172813416137
current-current-SME00971-001684,current-SME00971,0.5974906805719614
current-current-SME00971-001685,current-SME00971,0.5974906805719614
current-current-SME00972-001686,current-SME00972,0.583498008242198
current-current-SME00972-001687,current-SME00972,0.6779464206568795
current-current-SME00972-001688,current-SME00972,0.6852680883289266
current-current-SME00973-001689,current-SME00973,0.5263353185728789
current-current-SME00973-001690,current-SME00973,0.5994409368067971
current-current-SME00974-001691,current-SME00974,0.669133221326027
current-current-SME00975-001692,current-SME00975,0.5851036608117812
current-current-SME00976-001693,current-SME00976,0.4982429492869791
current-current-SME00976-001694,current-SME00976,0.5698101022602828
current-current-SME00977-001695,current-SME00977,0.544251173184607
current-current-SME00977-001696,current-SME00977,0.5379813956399647
current-current-SME00978-001697,current-SME00978,0.6417847852538924
current-current-SME00979-001698,current-SME00979,0.5533263147349956
current-current-SME00980-001699,current-SME00980,0.5256102294431969
current-current-SME00980-001700,current-SME00980,0.5822995050959613
current-current-SME00981-001701,current-SME00981,0.4698294106436961
current-current-SME00981-001702,current-SME00981,0.48795632962819396
current-current-SME00982-001703,current-SME00982,0.5476924735845206
current-current-SME00982-001704,current-SME00982,0.6472129715511685
current-current-SME00983-001705,current-SME00983,0.6469779575650185
current-current-SME00983-001706,current-SME00983,0.5662136056466505
current-current-SME00984-001707,current-SME00984,0.47440430233842235
current-current-SME00984-001708,current-SME00984,0.46443488435585734
current-current-SME00985-001709,current-SME00985,0.5511693274748022
current-current-SME00986-001710,current-SME00986,0.4316640571312162
current-current-SME00987-001711,current-SME00987,0.6319941710378705
current-current-SME00987-001712,current-SME00987,0.5366756876533216
current-current-SME00987-001713,current-SME00987,0.6047787941783259
current-current-SME00988-001714,current-SME00988,0.47811880117561306
current-current-SME00988-001715,current-SME00988,0.5509811255489764
current-current-SME00988-001716,current-SME00988,0.5520287174830866
current-current-SME00989-001717,current-SME00989,0.645838875277705
current-current-SME00989-001718,current-SME00989,0.6429907681755177
current-current-SME00989-001719,current-SME00989,0.5575679162595955
current-current-SME00990-001720,current-SME00990,0.7876619313584827
current-current-SME00991-001721,current-SME00991,0.46342771519955317
current-current-SME00991-001722,current-SME00991,0.49656496754694784
current-current-SME00992-001723,current-SME00992,0.4505503174218893
current-current-SME00992-001724,current-SME00992,0.5148103973224062
current-current-SME00992-001725,current-SME00992,0.5593647814215705
current-current-SME00993-001726,current-SME00993,0.4287018576328139
current-current-SME00993-001727,current-SME00993,0.40151638375921583
current-current-SME00994-001728,current-SME00994,0.5597718892458052
current-current-SME00995-001729,current-SME00995,0.6923452852311696
current-current-SME00996-001730,current-SME00996,0.4119678892835012
current-current-SME00996-001731,current-SME00996,0.3291470564227141
current-current-SME00996-001732,current-SME00996,0.36902899523726856
current-current-SME00997-001733,current-SME00997,0.7894602084308571
current-current-SME00997-001734,current-SME00997,0.76776073048683
current-current-SME00998-001735,current-SME00998,0.44675843118267045
current-current-SME00998-001736,current-SME00998,0.4747925453912311
current-current-SME00998-001737,current-SME00998,0.413588362635152
current-current-SME00999-001738,current-SME00999,0.4866515261609783
current-current-SME00999-001739,current-SME00999,0.63146565093308
current-current-SME01000-001740,current-SME01000,0.6010585300047874
current-current-SME01001-001741,current-SME01001,0.6774862880608918
current-current-SME01001-001742,current-SME01001,0.7285733220567558
current-current-SME01001-001743,current-SME01001,0.73151756648736
current-current-SME01002-001744,current-SME01002,0.8218502958303064
current-current-SME01003-001745,current-SME01003,0.5165953279997058
current-current-SME01003-001746,current-SME01003,0.5731257454911484
current-current-SME01003-001747,current-SME01003,0.5047521758177819
current-current-SME01004-001748,current-SME01004,0.6180120805001771
current-current-SME01005-001749,current-SME01005,0.59857468104389
current-current-SME01006-001750,current-SME01006,0.14952825663689823
current-current-SME01007-001751,current-SME01007,0.6943920924722752
current-current-SME01008-001752,current-SME01008,0.7870125311570995
current-current-SME01008-001753,current-SME01008,0.7870125311570995
current-current-SME01009-001754,current-SME01009,0.5580624591095104
current-current-SME01009-001755,current-SME01009,0.5826677264095025
current-current-SME01010-001756,current-SME01010,0.6967956202212003
current-current-SME01011-001757,current-SME01011,0.45763325764017243
current-current-SME01011-001758,current-SME01011,0.5673928933444041
current-current-SME01012-001759,current-SME01012,0.49067972647515024
current-current-SME01012-001760,current-SME01012,0.5038277490062515
current-current-SME01013-001761,current-SME01013,0.5763464509448054
current-current-SME01013-001762,current-SME01013,0.6429894914701314
current-current-SME01014-001763,current-SME01014,0.27137090728068936
current-current-SME01014-001764,current-SME01014,0.24415445888759774
current-current-SME01015-001765,current-SME01015,0.7027240227017947
current-current-SME01015-001766,current-SME01015,0.7027240227017947
current-current-SME01015-001767,current-SME01015,0.7081484930040896
current-current-SME01016-001768,current-SME01016,0.6642819267965216
current-current-SME01017-001769,current-SME01017,0.6134667975831724
current-current-SME01018-001770,current-SME01018,0.6343315096096946
current-current-SME01018-001771,current-SME01018,0.7015244127226398
current-current-SME01019-001772,current-SME01019,0.7442667073595822
current-current-SME01020-001773,current-SME01020,0.4239082844896488
current-current-SME01021-001774,current-SME01021,0.4907957988800915
current-current-SME01021-001775,current-SME01021,0.4054458754998453
current-current-SME01022-001776,current-SME01022,0.39024335012293127
current-current-SME01023-001777,current-SME01023,0.5555935967524012
current-current-SME01023-001778,current-SME01023,0.4698082121141518
current-current-SME01023-001779,current-SME01023,0.625496102839719
current-current-SME01024-001780,current-SME01024,0.3942020491726184
current-current-SME01025-001781,current-SME01025,0.5868472263937635
current-current-SME01025-001782,current-SME01025,0.6639986943482346
current-current-SME01025-001783,current-SME01025,0.6461284961034439
current-current-SME01026-001784,current-SME01026,0.5347059288596541
current-current-SME01026-001785,current-SME01026,0.5544641456649472
current-current-SME01026-001786,current-SME01026,0.52875562992895
current-current-SME01027-001787,current-SME01027,0.6730881022899005
current-current-SME01027-001788,current-SME01027,0.6725302522223165
current-current-SME01028-001789,current-SME01028,0.6495703483184319
current-current-SME01028-001790,current-SME01028,0.6816908282097435
current-current-SME01028-001791,current-SME01028,0.6427109690595457
current-current-SME01029-001792,current-SME01029,0.6189786940069968
current-current-SME01029-001793,current-SME01029,0.6472438859002195
current-current-SME01029-001794,current-SME01029,0.6533146917682716
current-current-SME01030-001795,current-SME01030,0.7230682299093569
current-current-SME01030-001796,current-SME01030,0.7166666200187315
current-current-SME01031-001797,current-SME01031,0.6286634839284412
current-current-SME01032-001798,current-SME01032,0.6003513049183009
current-current-SME01033-001799,current-SME01033,0.5065559019008832
current-current-SME01033-001800,current-SME01033,0.5720847948057792
current-current-SME01033-001801,current-SME01033,0.5731323867398894
current-current-SME01034-001802,current-SME01034,0.5238097412847783
current-current-SME01035-001803,current-SME01035,0.4691808424855462
current-current-SME01036-001804,current-SME01036,0.6849217516597653
current-current-SME01036-001805,current-SME01036,0.7766436912053042
current-current-SME01037-001806,current-SME01037,0.04851120552709632
current-current-SME01037-001807,current-SME01037,0.20271410870802434
current-current-SME01037-001808,current-SME01037,0.18052064937585202
current-current-SME01038-001809,current-SME01038,0.7765992653462787
current-current-SME01038-001810,current-SME01038,0.7848718427507608
current-current-SME01039-001811,current-SME01039,0.8653207676160359
current-current-SME01039-001812,current-SME01039,0.8661621225151817
current-current-SME01039-001813,current-SME01039,0.8672097144492918
current-current-SME01040-001814,current-SME01040,0.3098659012789097
current-current-SME01040-001815,current-SME01040,0.41960824737478974
current-current-SME01040-001816,current-SME01040,0.330625251804663
current-current-SME01041-001817,current-SME01041,0.5064570478243895
current-current-SME01042-001818,current-SME01042,0.4952113093728623
current-current-SME01042-001819,current-SME01042,0.4498243139478265
current-current-SME01043-001820,current-SME01043,0.46645738236979806
current-current-SME01043-001821,current-SME01043,0.5353829438257908
current-current-SME01044-001822,current-SME01044,0.5069846514355164
current-current-SME01044-001823,current-SME01044,0.5346670225690422
current-current-SME01044-001824,current-SME01044,0.5766570275383914
current-current-SME01045-001825,current-SME01045,0.5912641931439749
current-current-SME01046-001826,current-SME01046,0.460207242944767
current-current-SME01047-001827,current-SME01047,0.646783184217526
current-current-SME01048-001828,current-SME01048,0.6389803727113458
current-current-SME01048-001829,current-SME01048,0.6326083735361824
current-current-SME01048-001830,current-SME01048,0.6139116572527719
current-current-SME01049-001831,current-SME01049,0.7337367722368465
current-current-SME01049-001832,current-SME01049,0.7304740837718319
current-current-SME01050-001833,current-SME01050,0.35831239141286514
current-current-SME01051-001834,current-SME01051,0.5582506346670008
current-current-SME01051-001835,current-SME01051,0.4889648335756333
current-current-SME01052-001836,current-SME01052,0.6837717006978826
current-current-SME01053-001837,current-SME01053,0.6559275118887246
current-current-SME01054-001838,current-SME01054,0.5762348760653008
current-current-SME01054-001839,current-SME01054,0.5844477492258102
current-current-SME01055-001840,current-SME01055,0.5635042026699077
current-current-SME01056-001841,current-SME01056,0.6057029887449948
current-current-SME01056-001842,current-SME01056,0.6810242174587502
current-current-SME01056-001843,current-SME01056,0.6457339738075335
current-current-SME01057-001844,current-SME01057,0.5699660213709371
current-current-SME01057-001845,current-SME01057,0.4943514501814526
current-current-SME01058-001846,current-SME01058,0.4687207892713368
current-current-SME01059-001847,current-SME01059,0.6728655813625565
current-current-SME01059-001848,current-SME01059,0.7024784427547662
current-current-SME01060-001849,current-SME01060,0.6900176317395841
current-current-SME01060-001850,current-SME01060,0.6900176317395841
current-current-SME01061-001851,current-SME01061,0.5539760545296551
current-current-SME01061-001852,current-SME01061,0.5440853191389695
current-current-SME01062-001853,current-SME01062,0.6913979174654221
current-current-SME01062-001854,current-SME01062,0.6763680506149432
current-current-SME01062-001855,current-SME01062,0.6596714232571076
current-current-SME01063-001856,current-SME01063,0.7704064113877329
current-current-SME01063-001857,current-SME01063,0.7634568767383993
current-current-SME01064-001858,current-SME01064,0.7630907938744619
current-current-SME01064-001859,current-SME01064,0.9317561533627727
current-current-SME01065-001860,current-SME01065,0.6263300705342021
current-current-SME01065-001861,current-SME01065,0.5031040346083969
current-current-SME01066-001862,current-SME01066,0.5859682260661232
current-current-SME01066-001863,current-SME01066,0.5859682260661232
current-current-SME01067-001864,current-SME01067,0.607445483871244
current-current-SME01068-001865,current-SME01068,0.7240510347212878
current-current-SME01068-001866,current-SME01068,0.7240510347212878
current-current-SME01068-001867,current-SME01068,0.725098626655398
current-current-SME01069-001868,current-SME01069,0.7134238368772795
current-current-SME01070-001869,current-SME01070,0.6980692738455359
current-current-SME01071-001870,current-SME01071,0.5131730942665039
current-current-SME01072-001871,current-SME01072,0.3879355814894527
current-current-SME01072-001872,current-SME01072,0.44963917748738325
current-current-SME01072-001873,current-SME01072,0.4456987302178547
current-current-SME01073-001874,current-SME01073,0.4164059892124961
current-current-SME01074-001875,current-SME01074,0.6665094394564113
current-current-SME01074-001876,current-SME01074,0.6976205153522533
current-current-SME01074-001877,current-SME01074,0.6538292513902509
current-current-SME01075-001878,current-SME01075,0.6782009032750497
current-current-SME01075-001879,current-SME01075,0.6782009032750497
current-current-SME01076-001880,current-SME01076,0.4288519200124104
current-current-SME01076-001881,current-SME01076,0.5220122656805508
current-current-SME01077-001882,current-SME01077,0.3460092697909833
current-current-SME01077-001883,current-SME01077,0.5983171270940937
current-current-SME01078-001884,current-SME01078,0.519749198614189
current-current-SME01078-001885,current-SME01078,0.524143585278208
current-current-SME01079-001886,current-SME01079,0.4247335050668479
current-current-SME01079-001887,current-SME01079,0.36242023032669807
current-current-SME01080-001888,current-SME01080,0.6091695257147709
current-current-SME01080-001889,current-SME01080,0.6577856212830338
current-current-SME01081-001890,current-SME01081,0.6454653177666423
current-current-SME01082-001891,current-SME01082,0.614585397368929
current-current-SME01082-001892,current-SME01082,0.6235393273782572
current-current-SME01082-001893,current-SME01082,0.6192537648837626
current-current-SME01083-001894,current-SME01083,0.6207592589881186
current-current-SME01083-001895,current-SME01083,0.7390551264869596
current-current-SME01083-001896,current-SME01083,0.7443882809155644
current-current-SME01084-001897,current-SME01084,0.6348112198973074
current-current-SME01084-001898,current-SME01084,0.6461030168696302
current-current-SME01085-001899,current-SME01085,0.35269975747792287
current-current-SME01086-001900,current-SME01086,0.8381999672888748
current-current-SME01086-001901,current-SME01086,0.8378407075485783
current-current-SME01087-001902,current-SME01087,0.5066736136126649
current-current-SME01088-001903,current-SME01088,0.36067569761791674
current-current-SME01088-001904,current-SME01088,0.4297229523574829
current-current-SME01089-001905,current-SME01089,0.6987180464242106
current-current-SME01090-001906,current-SME01090,0.4994136638055389
current-current-SME01090-001907,current-SME01090,0.5282410327322505
current-current-SME01091-001908,current-SME01091,0.5816117053653632
current-current-SME01091-001909,current-SME01091,0.6568266228176167
current-current-SME01092-001910,current-SME01092,0.19149956107710175
current-current-SME01092-001911,current-SME01092,0.0
current-current-SME01093-001912,current-SME01093,0.660021600681799
current-current-SME01094-001913,current-SME01094,0.33079874807681775
current-current-SME01094-001914,current-SME01094,0.3859389798226518
current-current-SME01095-001915,current-SME01095,0.6488826103199699
current-current-SME01095-001916,current-SME01095,0.6706128149215118
current-current-SME01095-001917,current-SME01095,0.6706128149215118
current-current-SME01096-001918,current-SME01096,0.6925448955901764
current-current-SME01096-001919,current-SME01096,0.5994323253336534
current-current-SME01097-001920,current-SME01097,0.3468809372706549
current-current-SME01097-001921,current-SME01097,0.3235555635427739
current-current-SME01098-001922,current-SME01098,0.4979130676979787
current-current-SME01098-001923,current-SME01098,0.4887279421893773
current-current-SME01099-001924,current-SME01099,0.7702340584458023
current-current-SME01099-001925,current-SME01099,0.7657861125997569
current-current-SME01100-001926,current-SME01100,0.1816606511957734
current-current-SME01100-001927,current-SME01100,0.08183058754216165
current-current-SME01100-001928,current-SME01100,0.08943663276661831
current-current-SME01101-001929,current-SME01101,0.6213141685513183
current-current-SME01102-001930,current-SME01102,0.17414510861399787
current-current-SME01103-001931,current-SME01103,0.38886056949769504
current-current-SME01103-001932,current-SME01103,0.4037106516738513
current-current-SME01104-001933,current-SME01104,0.28750421563441697
current-current-SME01104-001934,current-SME01104,0.265748694985429
current-current-SME01105-001935,current-SME01105,0.38242364791752886
current-current-SME01106-001936,current-SME01106,0.7521962969857342
current-current-SME01106-001937,current-SME01106,0.7410625152356829
current-current-SME01107-001938,current-SME01107,0.553277851275297
current-current-SME01107-001939,current-SME01107,0.6647939312709219
current-current-SME01108-001940,current-SME01108,0.4643680294784531
current-current-SME01108-001941,current-SME01108,0.39874554896238495
current-current-SME01109-001942,current-SME01109,0.6015454377919793
current-current-SME01109-001943,current-SME01109,0.6473403856887014
current-current-SME01110-001944,current-SME01110,0.6688604739189231
current-current-SME01111-001945,current-SME01111,0.5168442044689311
current-current-SME01112-001946,current-SME01112,0.6209481001881401
current-current-SME01113-001947,current-SME01113,0.654091686186799
current-current-SME01114-001948,current-SME01114,0.5492752778621313
current-current-SME01114-001949,current-SME01114,0.37432219762993374
current-current-SME01115-001950,current-SME01115,0.7905740090638007
current-current-SME01116-001951,current-SME01116,0.5428267380299445
current-current-SME01116-001952,current-SME01116,0.5958286663029777
current-current-SME01117-001953,current-SME01117,0.5237662778841795
current-current-SME01117-001954,current-SME01117,0.5730925112394681
current-current-SME01118-001955,current-SME01118,0.6156787783974031
current-current-SME01118-001956,current-SME01118,0.6977982897184203
current-current-SME01119-001957,current-SME01119,0.3271151478682481
current-current-SME01120-001958,current-SME01120,0.6325143874291199
current-current-SME01121-001959,current-SME01121,0.5961057404508747
current-current-SME01122-001960,current-SME01122,0.7274560756364716
current-current-SME01122-001961,current-SME01122,0.673239581991673
current-current-SME01123-001962,current-SME01123,0.6888610369946014
current-current-SME01124-001963,current-SME01124,0.579634672065043
current-current-SME01125-001964,current-SME01125,0.4745088669995084
current-current-SME01126-001965,current-SME01126,0.5640374538093103
current-current-SME01126-001966,current-SME01126,0.6915542099306076
current-current-SME01127-001967,current-SME01127,0.5053435842178964
current-current-SME01127-001968,current-SME01127,0.566331816027672
current-current-SME01127-001969,current-SME01127,0.47464110096490286
current-current-SME01128-001970,current-SME01128,0.6434381853898843
current-current-SME01128-001971,current-SME01128,0.6434381853898843
current-current-SME01129-001972,current-SME01129,0.3719665145515825
current-current-SME01130-001973,current-SME01130,0.2442262022233384
current-current-SME01130-001974,current-SME01130,0.12931385654659183
current-current-SME01131-001975,current-SME01131,0.4661232519646869
current-current-SME01132-001976,current-SME01132,0.7683303954860147
current-current-SME01132-001977,current-SME01132,0.5565863346437103
current-current-SME01133-001978,current-SME01133,0.665561275672346
current-current-SME01134-001979,current-SME01134,0.5405810656707772
current-current-SME01134-001980,current-SME01134,0.5312869009772568
current-current-SME01134-001981,current-SME01134,0.5432447285070637
current-current-SME01135-001982,current-SME01135,0.6211480604320994
current-current-SME01135-001983,current-SME01135,0.6731518261274583
current-current-SME01136-001984,current-SME01136,0.7163889041952228
current-current-SME01137-001985,current-SME01137,0.46476383651311315
current-current-SME01137-001986,current-SME01137,0.4736563679076269
current-current-SME01138-001987,current-SME01138,0.5628678928246578
current-current-SME01139-001988,current-SME01139,0.6357450399535378
current-current-SME01140-001989,current-SME01140,0.5503956475026911
current-current-SME01140-001990,current-SME01140,0.6604010832169688
current-current-SME01141-001991,current-SME01141,0.5684251569094348
current-current-SME01142-001992,current-SME01142,0.44448628154464365
current-current-SME01142-001993,current-SME01142,0.2675160209711162
current-current-SME01143-001994,current-SME01143,0.45570315261026595
current-current-SME01143-001995,current-SME01143,0.500102735678755
current-current-SME01144-001996,current-SME01144,0.5706504080434937
current-current-SME01144-001997,current-SME01144,0.6019901765095891
current-current-SME01144-001998,current-SME01144,0.4088558076167176
current-current-SME01145-001999,current-SME01145,0.6253110797298881
current-current-SME01146-002000,current-SME01146,0.8041704831109371
current-current-SME01146-002001,current-SME01146,0.7977688732203116
current-current-SME01146-002002,current-SME01146,0.8060647043291556
current-current-SME01147-002003,current-SME01147,0.7623915947873942
current-current-SME01148-002004,current-SME01148,0.6519532215185873
current-current-SME01149-002005,current-SME01149,0.5976560836513236
current-current-SME01149-002006,current-SME01149,0.5976560836513236
current-current-SME01149-002007,current-SME01149,0.5732698792609858
current-current-SME01150-002008,current-SME01150,0.47339291413351675
current-current-SME01150-002009,current-SME01150,0.5649314665745249
current-current-SME01150-002010,current-SME01150,0.5370148432447627
current-current-SME01151-002011,current-SME01151,0.6342317613685373
current-current-SME01152-002012,current-SME01152,0.6434836052393624
current-current-SME01152-002013,current-SME01152,0.6479315510854078
current-current-SME01153-002014,current-SME01153,0.34627289289514285
current-current-SME01153-002015,current-SME01153,0.38413597888479745
current-current-SME01153-002016,current-SME01153,0.38614955479095414
current-current-SME01154-002017,current-SME01154,0.3167613644421994
current-current-SME01154-002018,current-SME01154,0.35449278192460293
current-current-SME01155-002019,current-SME01155,0.3566655055623751
current-current-SME01155-002020,current-SME01155,0.3877976521950918
current-current-SME01156-002021,current-SME01156,0.562432157831294
current-current-SME01157-002022,current-SME01157,0.593557883075572
current-current-SME01158-002023,current-SME01158,0.7375915810277822
current-current-SME01159-002024,current-SME01159,0.7926367794946588
current-current-SME01160-002025,current-SME01160,0.58692093193085
current-current-SME01161-002026,current-SME01161,0.5709308278966658
current-current-SME01161-002027,current-SME01161,0.6476438951431183
current-current-SME01162-002028,current-SME01162,0.3701446539220826
current-current-SME01163-002029,current-SME01163,0.5865405507324228
current-current-SME01163-002030,current-SME01163,0.5176417815009605
current-current-SME01164-002031,current-SME01164,0.4207379093353362
current-current-SME01165-002032,current-SME01165,0.6550172748320926
current-current-SME01166-002033,current-SME01166,0.5418858006904861
current-current-SME01167-002034,current-SME01167,0.8158524679044068
current-current-SME01167-002035,current-SME01167,0.8158524679044068
current-current-SME01168-002036,current-SME01168,0.5694736103793049
current-current-SME01168-002037,current-SME01168,0.648806154932753
current-current-SME01169-002038,current-SME01169,0.5568751519944045
current-current-SME01169-002039,current-SME01169,0.5345704633931464
current-current-SME01169-002040,current-SME01169,0.5891980734113283
current-current-SME01170-002041,current-SME01170,0.7136532942443166
current-current-SME01170-002042,current-SME01170,0.7136532942443166
current-current-SME01171-002043,current-SME01171,0.6319941710378705
current-current-SME01172-002044,current-SME01172,0.4818211291068159
current-current-SME01173-002045,current-SME01173,0.46315745569067357
current-current-SME01173-002046,current-SME01173,0.5112776930746018
current-current-SME01174-002047,current-SME01174,0.6070688941800094
current-current-SME01174-002048,current-SME01174,0.6346090831060881
current-current-SME01174-002049,current-SME01174,0.629881858718444
current-current-SME01175-002050,current-SME01175,0.5363591542265476
current-current-SME01175-002051,current-SME01175,0.5908390722514335
current-current-SME01175-002052,current-SME01175,0.6262426098193021
current-current-SME01176-002053,current-SME01176,0.4580102504162715
current-current-SME01176-002054,current-SME01176,0.6444739159048396
current-current-SME01176-002055,current-SME01176,0.5513242427841345
current-current-SME01177-002056,current-SME01177,0.6053966414129033
current-current-SME01177-002057,current-SME01177,0.5088882894544122
current-current-SME01178-002058,current-SME01178,0.6497733583286315
current-current-SME01178-002059,current-SME01178,0.6373580724822487
current-current-SME01178-002060,current-SME01178,0.46882675880479213
current-current-SME01179-002061,current-SME01179,0.41966541871642893
current-current-SME01179-002062,current-SME01179,0.5601779591857533
current-current-SME01180-002063,current-SME01180,0.7654831497902503
current-current-SME01181-002064,current-SME01181,0.5907251879745502
current-current-SME01181-002065,current-SME01181,0.641004835533008
current-current-SME01182-002066,current-SME01182,0.5617461318671916
current-current-SME01183-002067,current-SME01183,0.805168489507324
current-current-SME01183-002068,current-SME01183,0.8097133544848955
current-current-SME01183-002069,current-SME01183,0.7923385901527656
current-current-SME01184-002070,current-SME01184,0.6789709693234661
current-current-SME01184-002071,current-SME01184,0.6789709693234661
current-current-SME01185-002072,current-SME01185,0.5718037892752442
current-current-SME01185-002073,current-SME01185,0.5980916153135899
current-current-SME01186-002074,current-SME01186,0.424650726407074
current-current-SME01187-002075,current-SME01187,0.5210492259394438
current-current-SME01187-002076,current-SME01187,0.5397140532413793
current-current-SME01188-002077,current-SME01188,0.22851477242084328
current-current-SME01188-002078,current-SME01188,0.3445714124208148
current-current-SME01189-002079,current-SME01189,0.415139109919425
current-current-SME01189-002080,current-SME01189,0.4639198147607156
current-current-SME01190-002081,current-SME01190,0.39355723760562394
current-current-SME01190-002082,current-SME01190,0.20628061613525414
current-current-SME01191-002083,current-SME01191,0.7063203238911571
current-current-SME01191-002084,current-SME01191,0.6811089140011983
current-current-SME01192-002085,current-SME01192,0.6469525502397339
current-current-SME01192-002086,current-SME01192,0.6333597557366194
current-current-SME01193-002087,current-SME01193,0.46172363510831294
current-current-SME01193-002088,current-SME01193,0.5473358837946565
current-current-SME01193-002089,current-SME01193,0.47228204599844126
current-current-SME01194-002090,current-SME01194,0.5100901557312723
current-current-SME01194-002091,current-SME01194,0.5427239391318096
current-current-SME01194-002092,current-SME01194,0.5427239391318096
current-current-SME01195-002093,current-SME01195,0.3995044335339955
current-current-SME01195-002094,current-SME01195,0.4845558930008499
current-current-SME01195-002095,current-SME01195,0.47249196048829917
current-current-SME01196-002096,current-SME01196,0.5726196139810235
current-current-SME01196-002097,current-SME01196,0.6331287534799618
current-current-SME01196-002098,current-SME01196,0.6168849832889354
current-current-SME01197-002099,current-SME01197,0.5086540858310148
current-current-SME01197-002100,current-SME01197,0.6499737241786856
current-current-SME01198-002101,current-SME01198,0.3850729069387516
current-current-SME01198-002102,current-SME01198,0.6479852128113324
current-current-SME01199-002103,current-SME01199,0.6246629764305668
current-current-SME01200-002104,current-SME01200,0.7763558360959723
current-current-SME01200-002105,current-SME01200,0.7806413985904669
current-current-SME01201-002106,current-SME01201,0.8497917964175182
current-current-SME01202-002107,current-SME01202,0.5798999183876663
current-current-SME01203-002108,current-SME01203,0.5165436899517918
current-current-SME01203-002109,current-SME01203,0.5722952698845182
current-current-SME01204-002110,current-SME01204,0.5539341228619447
current-current-SME01205-002111,current-SME01205,0.49563952155844226
current-current-SME01206-002112,current-SME01206,0.5746422731672942
current-current-SME01207-002113,current-SME01207,0.4305420144037519
current-current-SME01207-002114,current-SME01207,0.4531035026800172
current-current-SME01208-002115,current-SME01208,0.6269903774406728
current-current-SME01209-002116,current-SME01209,0.5041056610768625
current-current-SME01210-002117,current-SME01210,0.6145525582133002
current-current-SME01210-002118,current-SME01210,0.6460751612415995
current-current-SME01211-002119,current-SME01211,0.45500567528249936
current-current-SME01212-002120,current-SME01212,0.5302113467564937
current-current-SME01213-002121,current-SME01213,0.6713798583735519
current-current-SME01214-002122,current-SME01214,0.6342257499166573
current-current-SME01215-002123,current-SME01215,0.6300996943316025
current-current-SME01216-002124,current-SME01216,0.4425805470533078
current-current-SME01216-002125,current-SME01216,0.4549152164280637
current-current-SME01216-002126,current-SME01216,0.49354783080446796
current-current-SME01217-002127,current-SME01217,0.40498806210288063
current-current-SME01217-002128,current-SME01217,0.5739542937541963
current-current-SME01218-002129,current-SME01218,0.6355379534012531
current-current-SME01219-002130,current-SME01219,0.5562058390010785
current-current-SME01219-002131,current-SME01219,0.5086923143326064
current-current-SME01219-002132,current-SME01219,0.5671789311288978
current-current-SME01220-002133,current-SME01220,0.4967445156442845
current-current-SME01220-002134,current-SME01220,0.46916584737781303
current-current-SME01221-002135,current-SME01221,0.7726531643506491
current-current-SME01221-002136,current-SME01221,0.7683676018561545
current-current-SME01221-002137,current-SME01221,0.7683676018561545
current-current-SME01222-002138,current-SME01222,0.42460956390733523
current-current-SME01223-002139,current-SME01223,0.20143560801377075
current-current-SME01223-002140,current-SME01223,0.15220360945652384
current-current-SME01224-002141,current-SME01224,0.7719584560920495
current-current-SME01225-002142,current-SME01225,0.5396893285766535
current-current-SME01226-002143,current-SME01226,0.546621147208608
current-current-SME01227-002144,current-SME01227,0.3435205816544157
current-current-SME01227-002145,current-SME01227,0.523283385790096
current-current-SME01227-002146,current-SME01227,0.25309757414933026
current-current-SME01228-002147,current-SME01228,0.7143344181464995
current-current-SME01228-002148,current-SME01228,0.6128385034577553
current-current-SME01228-002149,current-SME01228,0.7170313996553496
current-current-SME01229-002150,current-SME01229,0.6472939070907704
current-current-SME01230-002151,current-SME01230,0.6108000589321801
current-current-SME01230-002152,current-SME01230,0.6206373595528403
current-current-SME01230-002153,current-SME01230,0.5689693791962944
current-current-SME01231-002154,current-SME01231,0.7086269416209902
current-current-SME01231-002155,current-SME01231,0.7031309544437752
current-current-SME01232-002156,current-SME01232,0.7172000912235759
current-current-SME01232-002157,current-SME01232,0.6666238165724184
current-current-SME01233-002158,current-SME01233,0.6972113771621828
current-current-SME01234-002159,current-SME01234,0.05062625800111824
current-current-SME01234-002160,current-SME01234,0.007105002460686463
current-current-SME01234-002161,current-SME01234,0.11928470673866563
current-current-SME01235-002162,current-SME01235,0.42862059554578125
current-current-SME01236-002163,current-SME01236,0.31556424367504615
current-current-SME01236-002164,current-SME01236,0.3863515650592951
current-current-SME01237-002165,current-SME01237,0.47965261104767626
current-current-SME01237-002166,current-SME01237,0.49254410636753176
current-current-SME01238-002167,current-SME01238,0.4776744127888652
current-current-SME01238-002168,current-SME01238,0.4491849005735698
current-current-SME01239-002169,current-SME01239,0.7024155896061087
current-current-SME01240-002170,current-SME01240,0.6156807073908273
current-current-SME01240-002171,current-SME01240,0.6156807073908273
current-current-SME01241-002172,current-SME01241,0.6357176146718478
current-current-SME01241-002173,current-SME01241,0.6535894957654219
current-current-SME01242-002174,current-SME01242,0.5455572028894582
current-current-SME01242-002175,current-SME01242,0.390583485973203
current-current-SME01243-002176,current-SME01243,0.5293844759158602
current-current-SME01243-002177,current-SME01243,0.5653591904026147
current-current-SME01244-002178,current-SME01244,0.5533362965292338
current-current-SME01245-002179,current-SME01245,0.48369807309486956
current-current-SME01246-002180,current-SME01246,0.498471269802591
current-current-SME01246-002181,current-SME01246,0.4655914354612246
current-current-SME01247-002182,current-SME01247,0.7823016076130429
current-current-SME01248-002183,current-SME01248,0.771694320001349
current-current-SME01249-002184,current-SME01249,0.27027511705946433
current-current-SME01249-002185,current-SME01249,0.1732659626917084
current-current-SME01250-002186,current-SME01250,0.6202895899669735
current-current-SME01251-002187,current-SME01251,0.40811443107407874
current-current-SME01251-002188,current-SME01251,0.48497048581966234
current-current-SME01252-002189,current-SME01252,0.7120555284633208
current-current-SME01252-002190,current-SME01252,0.7627096665706973
current-current-SME01253-002191,current-SME01253,0.4995461493998659
current-current-SME01253-002192,current-SME01253,0.6880568912780712
current-current-SME01254-002193,current-SME01254,0.6790729219221845
current-current-SME01254-002194,current-SME01254,0.7382784633885723
current-current-SME01254-002195,current-SME01254,0.7389218372663046
current-current-SME01255-002196,current-SME01255,0.47302366504286436
current-current-SME01255-002197,current-SME01255,0.6093401039291768
current-current-SME01256-002198,current-SME01256,0.7428290993660281
current-current-SME01257-002199,current-SME01257,0.6841253892142461
current-current-SME01258-002200,current-SME01258,0.6915858310601866
current-current-SME01259-002201,current-SME01259,0.20641946337687117
current-current-SME01259-002202,current-SME01259,0.3216659357038976
current-current-SME01260-002203,current-SME01260,0.42461073399821914
current-current-SME01261-002204,current-SME01261,0.6389240384154923
current-current-SME01261-002205,current-SME01261,0.7285733220567558
current-current-SME01261-002206,current-SME01261,0.7122150354271114
current-current-SME01262-002207,current-SME01262,0.4470723425550932
current-current-SME01262-002208,current-SME01262,0.5852074277438947
current-current-SME01263-002209,current-SME01263,0.4174266785849933
current-current-SME01263-002210,current-SME01263,0.4782030517069527
current-current-SME01263-002211,current-SME01263,0.5231417785465621
current-current-SME01264-002212,current-SME01264,0.6248311807474893
current-current-SME01264-002213,current-SME01264,0.7529692130349467
current-current-SME01265-002214,current-SME01265,0.5111138896074556
current-current-SME01265-002215,current-SME01265,0.3680883050699664
current-current-SME01266-002216,current-SME01266,0.6547741147559049
current-current-SME01267-002217,current-SME01267,0.7809696242154348
current-current-SME01267-002218,current-SME01267,0.782017216149545
current-current-SME01268-002219,current-SME01268,0.32957337698299055
current-current-SME01268-002220,current-SME01268,0.5184974477300304
current-current-SME01269-002221,current-SME01269,0.48851309576515506
current-current-SME01269-002222,current-SME01269,0.5300697924704156
current-current-SME01270-002223,current-SME01270,0.503960539418597
current-current-SME01270-002224,current-SME01270,0.5055552409241029
current-current-SME01271-002225,current-SME01271,0.8250560874407015
current-current-SME01271-002226,current-SME01271,0.830065976380169
current-current-SME01272-002227,current-SME01272,0.544583869777322
current-current-SME01272-002228,current-SME01272,0.6563575211135185
current-current-SME01273-002229,current-SME01273,0.6773866467899599
current-current-SME01274-002230,current-SME01274,0.35776873103382195
current-current-SME01274-002231,current-SME01274,0.18565331181201367
current-current-SME01274-002232,current-SME01274,0.416092499296829
current-current-SME01275-002233,current-SME01275,0.5426648430464859
current-current-SME01276-002234,current-SME01276,0.6964197798669445
current-current-SME01276-002235,current-SME01276,0.6964197798669445
current-current-SME01277-002236,current-SME01277,0.1860797052234728
current-current-SME01278-002237,current-SME01278,0.42629373668912646
current-current-SME01278-002238,current-SME01278,0.4579996429854594
current-current-SME01278-002239,current-SME01278,0.4605729539758785
current-current-SME01279-002240,current-SME01279,0.6194891194369023
current-current-SME01279-002241,current-SME01279,0.6977026933582801
current-current-SME01280-002242,current-SME01280,0.23099510931012227
current-current-SME01280-002243,current-SME01280,0.2946071696910118
current-current-SME01280-002244,current-SME01280,0.29295328513651714
current-current-SME01281-002245,current-SME01281,0.5527928013262001
current-current-SME01281-002246,current-SME01281,0.6041275429295437
current-current-SME01281-002247,current-SME01281,0.5997276553377061
current-current-SME01282-002248,current-SME01282,0.4596448511027162
current-current-SME01282-002249,current-SME01282,0.6246231218427937
current-current-SME01283-002250,current-SME01283,0.8076839763200675
current-current-SME01283-002251,current-SME01283,0.8062622953063583
current-current-SME01284-002252,current-SME01284,0.48142735818048077
current-current-SME01284-002253,current-SME01284,0.3150118771119919
current-current-SME01285-002254,current-SME01285,0.48302513117590706
current-current-SME01286-002255,current-SME01286,0.4733500684376651
current-current-SME01286-002256,current-SME01286,0.5591151575947062
current-current-SME01287-002257,current-SME01287,0.82937875936444
current-current-SME01288-002258,current-SME01288,0.7314088198595751
current-current-SME01288-002259,current-SME01288,0.7314088198595751
current-current-SME01289-002260,current-SME01289,0.600475267706577
current-current-SME01289-002261,current-SME01289,0.6144390866553727
current-current-SME01290-002262,current-SME01290,0.4852817082062364
current-current-SME01290-002263,current-SME01290,0.6732359374327624
current-current-SME01291-002264,current-SME01291,0.700252618942318
current-current-SME01291-002265,current-SME01291,0.6959670564478234
current-current-SME01291-002266,current-SME01291,0.7013002108764282
current-current-SME01292-002267,current-SME01292,0.3203164051692966
current-current-SME01292-002268,current-SME01292,0.3961102544227204
current-current-SME01293-002269,current-SME01293,0.3159547611746214
current-current-SME01293-002270,current-SME01293,0.41340448900146887
current-current-SME01294-002271,current-SME01294,0.6249898486837351
current-current-SME01295-002272,current-SME01295,0.5493631523913398
current-current-SME01295-002273,current-SME01295,0.6944408353820795
current-current-SME01296-002274,current-SME01296,0.45990065975548045
current-current-SME01296-002275,current-SME01296,0.5163129977258818
current-current-SME01297-002276,current-SME01297,0.5233129897346633
current-current-SME01298-002277,current-SME01298,0.4717106224862395
current-current-SME01298-002278,current-SME01298,0.4112173661910257
current-current-SME01299-002279,current-SME01299,0.5009726651659909
current-current-SME01300-002280,current-SME01300,0.5951766020335126
current-current-SME01300-002281,current-SME01300,0.5951766020335126
current-current-SME01301-002282,current-SME01301,0.5864919493892391
current-current-SME01302-002283,current-SME01302,0.45269345966102853
current-current-SME01303-002284,current-SME01303,0.6615131578366991
current-current-SME01304-002285,current-SME01304,0.4603463481231218
current-current-SME01304-002286,current-SME01304,0.48518401985542425
current-current-SME01305-002287,current-SME01305,0.5639770451401644
current-current-SME01305-002288,current-SME01305,0.5587084948822169
current-current-SME01306-002289,current-SME01306,0.5995094706543352
current-current-SME01306-002290,current-SME01306,0.6015201700021356
current-current-SME01307-002291,current-SME01307,0.3992320254861764
current-current-SME01308-002292,current-SME01308,0.5986408343367353
current-current-SME01308-002293,current-SME01308,0.6339265788374552
current-current-SME01309-002294,current-SME01309,0.7306696283971337
current-current-SME01310-002295,current-SME01310,0.5480966201277497
current-current-SME01310-002296,current-SME01310,0.44098483369109787
current-current-SME01311-002297,current-SME01311,0.7910486385999934
current-current-SME01311-002298,current-SME01311,0.7993212160044756
current-current-SME01312-002299,current-SME01312,0.5431428994321876
current-current-SME01312-002300,current-SME01312,0.5961158634764108
current-current-SME01313-002301,current-SME01313,0.5244228887414759
current-current-SME01313-002302,current-SME01313,0.5368114161338895
current-current-SME01314-002303,current-SME01314,0.6589937416850367
current-current-SME01315-002304,current-SME01315,0.48972124548206775
current-current-SME01316-002305,current-SME01316,0.4134923832185872
current-current-SME01317-002306,current-SME01317,0.5749364682352232
current-current-SME01318-002307,current-SME01318,0.4881470977299717
current-current-SME01318-002308,current-SME01318,0.593567286950759
current-current-SME01319-002309,current-SME01319,0.470352574627938
current-current-SME01320-002310,current-SME01320,0.7823016076130429
current-current-SME01320-002311,current-SME01320,0.7823016076130429
current-current-SME01321-002312,current-SME01321,0.7204077738380155
current-current-SME01322-002313,current-SME01322,0.7690053009591424
current-current-SME01322-002314,current-SME01322,0.7690053009591424
current-current-SME01323-002315,current-SME01323,0.3240504879622416
current-current-SME01323-002316,current-SME01323,0.4120607234751928
current-current-SME01324-002317,current-SME01324,0.6711415891020318
current-current-SME01324-002318,current-SME01324,0.6764747435306366
current-current-SME01325-002319,current-SME01325,0.7624210438393089
current-current-SME01325-002320,current-SME01325,0.7634686357734191
current-current-SME01326-002321,current-SME01326,0.5234700657116479
current-current-SME01327-002322,current-SME01327,0.0
current-current-SME01328-002323,current-SME01328,0.2666308777709932
current-current-SME01328-002324,current-SME01328,0.21995932964221043
current-current-SME01329-002325,current-SME01329,0.36437475482044024
current-current-SME01329-002326,current-SME01329,0.4063146800417129
current-current-SME01330-002327,current-SME01330,0.603962771576975
current-current-SME01330-002328,current-SME01330,0.5425569278192949
current-current-SME01331-002329,current-SME01331,0.6021882498770929
current-current-SME01331-002330,current-SME01331,0.6119011899099102
current-current-SME01332-002331,current-SME01332,0.4582841143408197
current-current-SME01333-002332,current-SME01333,0.7148874743542731
current-current-SME01333-002333,current-SME01333,0.5342946218914838
current-current-SME01334-002334,current-SME01334,0.6631269195844074
current-current-SME01334-002335,current-SME01334,0.5038319863334593
current-current-SME01334-002336,current-SME01334,0.6631269195844074
current-current-SME01335-002337,current-SME01335,0.6161537309428277
current-current-SME01336-002338,current-SME01336,0.4577865108461979
current-current-SME01337-002339,current-SME01337,0.6396307764654238
current-current-SME01337-002340,current-SME01337,0.6472313910328293
current-current-SME01338-002341,current-SME01338,0.7041611077624849
current-current-SME01338-002342,current-SME01338,0.7082602586002911
current-current-SME01339-002343,current-SME01339,0.30295712406847664
current-current-SME01339-002344,current-SME01339,0.613332396683432
current-current-SME01340-002345,current-SME01340,0.2598267697579299
current-current-SME01341-002346,current-SME01341,0.42973046688107186
current-current-SME01341-002347,current-SME01341,0.3419769528860535
current-current-SME01341-002348,current-SME01341,0.31196335967200317
current-current-SME01342-002349,current-SME01342,0.6871394377920444
current-current-SME01343-002350,current-SME01343,0.7134238368772795
current-current-SME01344-002351,current-SME01344,0.7656238340764009
current-current-SME01344-002352,current-SME01344,0.7656238340764009
current-current-SME01345-002353,current-SME01345,0.6913055403532001
current-current-SME01346-002354,current-SME01346,0.6446123161441304
current-current-SME01346-002355,current-SME01346,0.6462177581458245
current-current-SME01347-002356,current-SME01347,0.6522555259981282
current-current-SME01348-002357,current-SME01348,0.4148015804704265
current-current-SME01348-002358,current-SME01348,0.43194529808448645
current-current-SME01349-002359,current-SME01349,0.5832095577855781
current-current-SME01349-002360,current-SME01349,0.5949202219651065
current-current-SME01350-002361,current-SME01350,0.506240476484148
current-current-SME01350-002362,current-SME01350,0.33816094158603455
current-current-SME01350-002363,current-SME01350,0.4613691747930077
current-current-SME01351-002364,current-SME01351,0.4118293289755251
current-current-SME01351-002365,current-SME01351,0.5416336321592939
current-current-SME01352-002366,current-SME01352,0.40997387447935785
current-current-SME01352-002367,current-SME01352,0.5490836179295825
current-current-SME01352-002368,current-SME01352,0.5185355051737124
current-current-SME01353-002369,current-SME01353,0.569105899805664
current-current-SME01354-002370,current-SME01354,0.326504181804426
current-current-SME01354-002371,current-SME01354,0.44657000827874765
current-current-SME01355-002372,current-SME01355,0.5356627783534303
current-current-SME01356-002373,current-SME01356,0.5069544242667324
current-current-SME01357-002374,current-SME01357,0.7119147869427689
current-current-SME01357-002375,current-SME01357,0.7119147869427689
current-current-SME01358-002376,current-SME01358,0.5306305889637354
current-current-SME01358-002377,current-SME01358,0.4516956934215703
current-current-SME01359-002378,current-SME01359,0.5880823740941585
current-current-SME01359-002379,current-SME01359,0.5880823740941585
current-current-SME01360-002380,current-SME01360,0.6485880838133327
current-current-SME01361-002381,current-SME01361,0.7069568914106062
current-current-SME01362-002382,current-SME01362,0.575417427537177
current-current-SME01363-002383,current-SME01363,0.776944710833002
current-current-SME01363-002384,current-SME01363,0.7724967649869566
current-current-SME01364-002385,current-SME01364,0.541802000281633
current-current-SME01365-002386,current-SME01365,0.3809101297862635
current-current-SME01365-002387,current-SME01365,0.4027732106394468
current-current-SME01365-002388,current-SME01365,0.4061292150244198
current-current-SME01366-002389,current-SME01366,0.6361700155017787
current-current-SME01366-002390,current-SME01366,0.6675716999628669
current-current-SME01367-002391,current-SME01367,0.6640061673919745
current-current-SME01367-002392,current-SME01367,0.7577955200391172
current-current-SME01368-002393,current-SME01368,0.6775572037880372
current-current-SME01369-002394,current-SME01369,0.36846985656661
current-current-SME01370-002395,current-SME01370,0.8087978501618688
current-current-SME01370-002396,current-SME01370,0.7185989604310283
current-current-SME01371-002397,current-SME01371,0.3797193260587729
current-current-SME01372-002398,current-SME01372,0.6855993078264572
current-current-SME01372-002399,current-SME01372,0.7330622028446732
current-current-SME01372-002400,current-SME01372,0.7330622028446732
current-current-SME01373-002401,current-SME01373,0.5320058393092153
current-current-SME01373-002402,current-SME01373,0.6024796047267157
current-current-SME01374-002403,current-SME01374,0.6556195990598449
current-current-SME01374-002404,current-SME01374,0.6556195990598449
current-current-SME01375-002405,current-SME01375,0.5860422913559129
current-current-SME01376-002406,current-SME01376,0.32497240690147144
current-current-SME01377-002407,current-SME01377,0.6713152555427419
current-current-SME01378-002408,current-SME01378,0.5777134765815274
current-current-SME01378-002409,current-SME01378,0.4422967214886026
current-current-SME01379-002410,current-SME01379,0.5300725508770154
current-current-SME01379-002411,current-SME01379,0.5044633655066466
current-current-SME01379-002412,current-SME01379,0.4926187643995222
current-current-SME01380-002413,current-SME01380,0.34171590836055193
current-current-SME01380-002414,current-SME01380,0.5338717569340529
current-current-SME01380-002415,current-SME01380,0.43116282402345346
current-current-SME01381-002416,current-SME01381,0.6803786878323881
current-current-SME01382-002417,current-SME01382,0.7119136133137829
current-current-SME01383-002418,current-SME01383,0.4243676026607267
current-current-SME01384-002419,current-SME01384,0.34043852152171905
current-current-SME01385-002420,current-SME01385,0.43548622394179426
current-current-SME01386-002421,current-SME01386,0.6875892351989061
current-current-SME01386-002422,current-SME01386,0.6875892351989061
current-current-SME01386-002423,current-SME01386,0.6238055628099121
current-current-SME01387-002424,current-SME01387,0.6126878527649011
current-current-SME01388-002425,current-SME01388,0.5445042302361567
current-current-SME01388-002426,current-SME01388,0.572639762702541
current-current-SME01389-002427,current-SME01389,0.308249977863528
current-current-SME01389-002428,current-SME01389,0.5502849455299209
current-current-SME01390-002429,current-SME01390,0.5777106403209198
current-current-SME01391-002430,current-SME01391,0.7976459549679785
current-current-SME01392-002431,current-SME01392,0.4751077168956667
current-current-SME01393-002432,current-SME01393,0.4645299012251259
current-current-SME01393-002433,current-SME01393,0.5144057512868211
current-current-SME01393-002434,current-SME01393,0.5099255133279887
current-current-SME01394-002435,current-SME01394,0.6075709500166512
current-current-SME01395-002436,current-SME01395,0.6231829566244073
current-current-SME01395-002437,current-SME01395,0.7032138361854792
current-current-SME01396-002438,current-SME01396,0.5539097791763286
current-current-SME01397-002439,current-SME01397,0.5905175743744565
current-current-SME01397-002440,current-SME01397,0.47427860956569756
current-current-SME01398-002441,current-SME01398,0.6739283030444139
current-current-SME01399-002442,current-SME01399,0.7061540850927864
current-current-SME01399-002443,current-SME01399,0.7061540850927864
current-current-SME01399-002444,current-SME01399,0.6403127386955945
current-current-SME01400-002445,current-SME01400,0.5146769549835202
current-current-SME01401-002446,current-SME01401,0.2803142368420571
current-current-SME01401-002447,current-SME01401,0.4195346008100544
current-current-SME01401-002448,current-SME01401,0.3965306806488675
current-current-SME01402-002449,current-SME01402,0.4028279590888191
current-current-SME01402-002450,current-SME01402,0.3894294511028322
current-current-SME01403-002451,current-SME01403,0.5396065070687396
current-current-SME01404-002452,current-SME01404,0.42946527266500945
current-current-SME01404-002453,current-SME01404,0.5097540911872384
current-current-SME01405-002454,current-SME01405,0.5370076706342025
current-current-SME01406-002455,current-SME01406,0.4003787324271161
current-current-SME01407-002456,current-SME01407,0.2524189009918972
current-current-SME01408-002457,current-SME01408,0.418242567559779
current-current-SME01408-002458,current-SME01408,0.5255001147297803
current-current-SME01409-002459,current-SME01409,0.5313487158043428
current-current-SME01409-002460,current-SME01409,0.661263046413269
current-current-SME01410-002461,current-SME01410,0.6484544279910742
current-current-SME01411-002462,current-SME01411,0.730851516783055
current-current-SME01411-002463,current-SME01411,0.7345511683326861
current-current-SME01412-002464,current-SME01412,0.6036430225924306
current-current-SME01412-002465,current-SME01412,0.6827421857827737
current-current-SME01413-002466,current-SME01413,0.697582983962605
current-current-SME01413-002467,current-SME01413,0.7004310910647923
current-current-SME01414-002468,current-SME01414,0.45470122808398283
current-current-SME01414-002469,current-SME01414,0.515349268219239
current-current-SME01414-002470,current-SME01414,0.5515748141631776
current-current-SME01415-002471,current-SME01415,0.40818971989613206
current-current-SME01415-002472,current-SME01415,0.4792498473182754
current-current-SME01415-002473,current-SME01415,0.4476664653417614
current-current-SME01416-002474,current-SME01416,0.6285962981314082
current-current-SME01417-002475,current-SME01417,0.6070873656165667
current-current-SME01417-002476,current-SME01417,0.6849097659760177
current-current-SME01418-002477,current-SME01418,0.5716226728747335
current-current-SME01419-002478,current-SME01419,0.7226992283827801
current-current-SME01420-002479,current-SME01420,0.6762017981465098
current-current-SME01420-002480,current-SME01420,0.6762017981465098
current-current-SME01421-002481,current-SME01421,0.43802408402076576
current-current-SME01422-002482,current-SME01422,0.3993552325791459
current-current-SME01422-002483,current-SME01422,0.4663799208957512
current-current-SME01423-002484,current-SME01423,0.7506258126987744
current-current-SME01424-002485,current-SME01424,0.6863949272518357
current-current-SME01424-002486,current-SME01424,0.6869527773194196
current-current-SME01425-002487,current-SME01425,0.46464890412967524
current-current-SME01425-002488,current-SME01425,0.5225945517019405
current-current-SME01426-002489,current-SME01426,0.5780385128681823
current-current-SME01427-002490,current-SME01427,0.5459182661618607
current-current-SME01428-002491,current-SME01428,0.4448370528124877
current-current-SME01429-002492,current-SME01429,0.7638716879526767
current-current-SME01429-002493,current-SME01429,0.7638716879526767
current-current-SME01430-002494,current-SME01430,0.8717355936232923
current-current-SME01430-002495,current-SME01430,0.7122543732374111
current-current-SME01431-002496,current-SME01431,0.5439111881403674
current-current-SME01432-002497,current-SME01432,0.6168753466508593
current-current-SME01432-002498,current-SME01432,0.6278012206433637
current-current-SME01433-002499,current-SME01433,0.5318215389387392
current-current-SME01433-002500,current-SME01433,0.6425452588457914
current-current-SME01434-002501,current-SME01434,0.5261578559557071
current-current-SME01435-002502,current-SME01435,0.6323289008129898
current-current-SME01435-002503,current-SME01435,0.6427410924605892
current-current-SME01436-002504,current-SME01436,0.42701318390802834
current-current-SME01436-002505,current-SME01436,0.44456045942733885
current-current-SME01436-002506,current-SME01436,0.4229198108622377
current-current-SME01437-002507,current-SME01437,0.5223044119609404
current-current-SME01437-002508,current-SME01437,0.5195900024312028
current-current-SME01438-002509,current-SME01438,0.6595331265459522
current-current-SME01438-002510,current-SME01438,0.7308428143617219
current-current-SME01439-002511,current-SME01439,0.38005205462978425
current-current-SME01440-002512,current-SME01440,0.5464513015529457
current-current-SME01440-002513,current-SME01440,0.633837383525781
current-current-SME01441-002514,current-SME01441,0.5371629137605374
current-current-SME01441-002515,current-SME01441,0.5643771387239571
current-current-SME01442-002516,current-SME01442,0.6501432930404384
current-current-SME01442-002517,current-SME01442,0.7247062590219102
current-current-SME01443-002518,current-SME01443,0.3941861242804755
current-current-SME01444-002519,current-SME01444,0.32051677118041766
current-current-SME01444-002520,current-SME01444,0.2504622531252003
current-current-SME01445-002521,current-SME01445,0.6628352364219231
current-current-SME01445-002522,current-SME01445,0.7353262101326287
current-current-SME01445-002523,current-SME01445,0.7337830643837231
current-current-SME01446-002524,current-SME01446,0.7315791423776619
current-current-SME01446-002525,current-SME01446,0.6099794857475135
current-current-SME01447-002526,current-SME01447,0.6185251102581238
current-current-SME01447-002527,current-SME01447,0.6185251102581238
current-current-SME01448-002528,current-SME01448,0.5710706293247199
current-current-SME01448-002529,current-SME01448,0.7593052182658202
current-current-SME01449-002530,current-SME01449,0.6048685806921821
current-current-SME01450-002531,current-SME01450,0.6630757192998953
current-current-SME01451-002532,current-SME01451,0.6446575842426995
current-current-SME01451-002533,current-SME01451,0.6446575842426995
current-current-SME01452-002534,current-SME01452,0.4557380704963907
current-current-SME01452-002535,current-SME01452,0.5921503659946449
current-current-SME01453-002536,current-SME01453,0.6207701530782053
current-current-SME01453-002537,current-SME01453,0.696015157646178
current-current-SME01454-002538,current-SME01454,0.7047087910682012
current-current-SME01455-002539,current-SME01455,0.5428862477004767
current-current-SME01456-002540,current-SME01456,0.7012956869832115
current-current-SME01456-002541,current-SME01456,0.6747596866014893
current-current-SME01457-002542,current-SME01457,0.8467376100870263
current-current-SME01457-002543,current-SME01457,0.850921027754734
current-current-SME01458-002544,current-SME01458,0.36776456078417374
current-current-SME01459-002545,current-SME01459,0.6799998112285431
current-current-SME01459-002546,current-SME01459,0.7410048715385528
current-current-SME01460-002547,current-SME01460,0.4427163666162426
current-current-SME01460-002548,current-SME01460,0.5024896812123815
current-current-SME01461-002549,current-SME01461,0.598471140503232
current-current-SME01462-002550,current-SME01462,0.5820650128510444
current-current-SME01462-002551,current-SME01462,0.6658671653024212
current-current-SME01462-002552,current-SME01462,0.5177302966328389
current-current-SME01463-002553,current-SME01463,0.47066117836519655
current-current-SME01464-002554,current-SME01464,0.40202785221783227
current-current-SME01464-002555,current-SME01464,0.45235960606040976
current-current-SME01465-002556,current-SME01465,0.6660457446295319
current-current-SME01465-002557,current-SME01465,0.6704936904755773
current-current-SME01466-002558,current-SME01466,0.4312572855281712
current-current-SME01467-002559,current-SME01467,0.7395717663535082
current-current-SME01468-002560,current-SME01468,0.5180275895319129
current-current-SME01469-002561,current-SME01469,0.23150566388389018
current-current-SME01470-002562,current-SME01470,0.5354317957386334
current-current-SME01471-002563,current-SME01471,0.632319816330723
current-current-SME01472-002564,current-SME01472,0.5700135788685639
current-current-SME01473-002565,current-SME01473,0.39763449275357843
current-current-SME01474-002566,current-SME01474,0.6551014497440343
current-current-SME01475-002567,current-SME01475,0.8147483418825782
current-current-SME01476-002568,current-SME01476,0.6557376041301856
current-current-SME01477-002569,current-SME01477,0.5892987726078794
current-current-SME01477-002570,current-SME01477,0.647035198414933
current-current-SME01477-002571,current-SME01477,0.6534458741847714
current-current-SME01478-002572,current-SME01478,0.4159514945489693
current-current-SME01478-002573,current-SME01478,0.6743538498451312
current-current-SME01479-002574,current-SME01479,0.5881920575654275
current-current-SME01479-002575,current-SME01479,0.6626619181435712
current-current-SME01480-002576,current-SME01480,0.594753282964538
current-current-SME01481-002577,current-SME01481,0.7810594821086909
current-current-SME01481-002578,current-SME01481,0.7578425534117244
current-current-SME01482-002579,current-SME01482,0.4083879314356274
current-current-SME01483-002580,current-SME01483,0.8033584048633912
current-current-SME01484-002581,current-SME01484,0.6879825245971286
current-current-SME01485-002582,current-SME01485,0.6521507477381046
current-current-SME01486-002583,current-SME01486,0.5364476145224663
current-current-SME01486-002584,current-SME01486,0.6066252577635813
current-current-SME01487-002585,current-SME01487,0.757109680769853
current-current-SME01488-002586,current-SME01488,0.6188880793557913
current-current-SME01489-002587,current-SME01489,0.5402779464260662
current-current-SME01489-002588,current-SME01489,0.6076200536149421
current-current-SME01490-002589,current-SME01490,0.7224600343394438
current-current-SME01491-002590,current-SME01491,0.34623837290565657
current-current-SME01492-002591,current-SME01492,0.48313836321811937
current-current-SME01493-002592,current-SME01493,0.5692815531232176
current-current-SME01494-002593,current-SME01494,0.5124943415761418
current-current-SME01494-002594,current-SME01494,0.6516566386835698
current-current-SME01495-002595,current-SME01495,0.7121502604916957
current-current-SME01496-002596,current-SME01496,0.40965595310985864
current-current-SME01496-002597,current-SME01496,0.45773377477783017
current-current-SME01497-002598,current-SME01497,0.5666019840236525
current-current-SME01497-002599,current-SME01497,0.5971362256514178
current-current-SME01498-002600,current-SME01498,0.6995688365624351
current-current-SME01499-002601,current-SME01499,0.4584749778875524
current-current-SME01499-002602,current-SME01499,0.6056575641309448
current-current-SME01499-002603,current-SME01499,0.5700402556460147
current-current-SME01500-002604,current-SME01500,0.3873993168607637
current-current-SME01501-002605,current-SME01501,0.5410774165433059
current-current-SME01501-002606,current-SME01501,0.5910718483321649
current-current-SME01502-002607,current-SME01502,0.6710074210730415
current-current-SME01502-002608,current-SME01502,0.5113909437368598
current-current-SME01503-002609,current-SME01503,0.5762283718403705
current-current-SME01503-002610,current-SME01503,0.4531844946732867
current-current-SME01503-002611,current-SME01503,0.5560057799209835
current-current-SME01504-002612,current-SME01504,0.4398124154328075
current-current-SME01504-002613,current-SME01504,0.524604852519287
current-current-SME01505-002614,current-SME01505,0.6777385110693541
current-current-SME01506-002615,current-SME01506,0.6184509779391596
current-current-SME01506-002616,current-SME01506,0.6430050267464612
current-current-SME01507-002617,current-SME01507,0.27484844543277764
current-current-SME01507-002618,current-SME01507,0.30009130999511513
current-current-SME01508-002619,current-SME01508,0.6951405795549106
current-current-SME01509-002620,current-SME01509,0.7737698599701017
current-current-SME01509-002621,current-SME01509,0.7737698599701017
current-current-SME01509-002622,current-SME01509,0.7737698599701017
current-current-SME01510-002623,current-SME01510,0.12819669783252383
current-current-SME01510-002624,current-SME01510,0.30558550747809304
current-current-SME01511-002625,current-SME01511,0.6354043779548972
current-current-SME01512-002626,current-SME01512,0.30486767673567583
current-current-SME01512-002627,current-SME01512,0.28959425591266147
current-current-SME01513-002628,current-SME01513,0.575184055057918
current-current-SME01513-002629,current-SME01513,0.5501153395993441
current-current-SME01514-002630,current-SME01514,0.5350973949918083
current-current-SME01515-002631,current-SME01515,0.6989841103567224
current-current-SME01516-002632,current-SME01516,0.7060836871263955
current-current-SME01517-002633,current-SME01517,0.464149121547716
current-current-SME01518-002634,current-SME01518,0.743043200857579
current-current-SME01518-002635,current-SME01518,0.743043200857579
current-current-SME01519-002636,current-SME01519,0.5682604770744295
current-current-SME01520-002637,current-SME01520,0.15615381758348068
current-current-SME01520-002638,current-SME01520,0.48181178091096405
current-current-SME01521-002639,current-SME01521,0.22275282901610768
current-current-SME01522-002640,current-SME01522,0.5694583289872099
current-current-SME01522-002641,current-SME01522,0.6320027180938038
current-current-SME01522-002642,current-SME01522,0.5930904756953943
current-current-SME01523-002643,current-SME01523,0.3270333375627372
current-current-SME01523-002644,current-SME01523,0.35995042346136585
current-current-SME01524-002645,current-SME01524,0.0815089686130799
current-current-SME01524-002646,current-SME01524,0.13466065100121694
current-current-SME01525-002647,current-SME01525,0.7624914022268386
current-current-SME01526-002648,current-SME01526,0.4775194846767165
current-current-SME01526-002649,current-SME01526,0.6307868949172772
current-current-SME01527-002650,current-SME01527,0.3359539966623845
current-current-SME01527-002651,current-SME01527,0.5814433400236773
current-current-SME01528-002652,current-SME01528,0.6567274509372856
current-current-SME01528-002653,current-SME01528,0.6619960011952332
current-current-SME01529-002654,current-SME01529,0.8133808777780118
current-current-SME01529-002655,current-SME01529,0.8128230277104279
current-current-SME01530-002656,current-SME01530,0.7450787396198221
current-current-SME01530-002657,current-SME01530,0.7450787396198221
current-current-SME01531-002658,current-SME01531,0.17564296364207152
current-current-SME01531-002659,current-SME01531,0.19922653965416162
current-current-SME01532-002660,current-SME01532,0.5253755644864755
current-current-SME01532-002661,current-SME01532,0.6361016238885618
current-current-SME01533-002662,current-SME01533,0.5581058479195863
current-current-SME01534-002663,current-SME01534,0.3844755302480174
current-current-SME01534-002664,current-SME01534,0.522071595068255
current-current-SME01535-002665,current-SME01535,0.557967756651926
current-current-SME01536-002666,current-SME01536,0.649395245011071
current-current-SME01536-002667,current-SME01536,0.5878471029435561
current-current-SME01537-002668,current-SME01537,0.6473466899236019
current-current-SME01537-002669,current-SME01537,0.6473466899236019
current-current-SME01537-002670,current-SME01537,0.4588681645538357
current-current-SME01538-002671,current-SME01538,0.5467703125955745
current-current-SME01538-002672,current-SME01538,0.5840051462429254
current-current-SME01538-002673,current-SME01538,0.4552294850448805
current-current-SME01539-002674,current-SME01539,0.6345121874449374
current-current-SME01539-002675,current-SME01539,0.6674942962217203
current-current-SME01539-002676,current-SME01539,0.6983949137637123
current-current-SME01540-002677,current-SME01540,0.3893177203901185
current-current-SME01540-002678,current-SME01540,0.43949513978273863
current-current-SME01540-002679,current-SME01540,0.4452391442883337
current-current-SME01541-002680,current-SME01541,0.5589879597474521
current-current-SME01542-002681,current-SME01542,0.4610843849768378
current-current-SME01542-002682,current-SME01542,0.36183235943052466
current-current-SME01543-002683,current-SME01543,0.6597446990526796
current-current-SME01543-002684,current-SME01543,0.5888331442394766
current-current-SME01544-002685,current-SME01544,0.3624649781718192
current-current-SME01545-002686,current-SME01545,0.6607969411806618
current-current-SME01546-002687,current-SME01546,0.585187015691593
current-current-SME01547-002688,current-SME01547,0.42919058609663835
current-current-SME01548-002689,current-SME01548,0.6089496639348227
current-current-SME01549-002690,current-SME01549,0.5419689070604988
current-current-SME01550-002691,current-SME01550,0.6175383877937695
current-current-SME01550-002692,current-SME01550,0.6456157551061462
current-current-SME01551-002693,current-SME01551,0.5871029876361267
current-current-SME01552-002694,current-SME01552,0.6866388293952721
current-current-SME01553-002695,current-SME01553,0.48397572851912923
current-current-SME01553-002696,current-SME01553,0.5683741905981747
current-current-SME01554-002697,current-SME01554,0.4864685115780293
current-current-SME01554-002698,current-SME01554,0.5402172782103852
current-current-SME01555-002699,current-SME01555,0.6554118138588928
current-current-SME01555-002700,current-SME01555,0.6525637067567055
current-current-SME01556-002701,current-SME01556,0.5406381637270544
current-current-SME01557-002702,current-SME01557,0.6427669684348277
current-current-SME01557-002703,current-SME01557,0.7226534097264662
current-current-SME01558-002704,current-SME01558,0.7627755289901856
current-current-SME01559-002705,current-SME01559,0.6521964293077875
current-current-SME01560-002706,current-SME01560,0.6793786431325981
current-current-SME01561-002707,current-SME01561,0.5978653462223122
current-current-SME01562-002708,current-SME01562,0.6339974548396073
current-current-SME01562-002709,current-SME01562,0.6057344860459526
current-current-SME01562-002710,current-SME01562,0.5216799307611011
current-current-SME01563-002711,current-SME01563,0.6773542479961722
current-current-SME01564-002712,current-SME01564,0.8409133851197345
current-current-SME01564-002713,current-SME01564,0.8284980992733517
current-current-SME01564-002714,current-SME01564,0.8474768759693622
current-current-SME01565-002715,current-SME01565,0.5867312847963485
current-current-SME01565-002716,current-SME01565,0.5867312847963485
current-current-SME01566-002717,current-SME01566,0.6841731093105691
current-current-SME01567-002718,current-SME01567,0.495990773968444
current-current-SME01568-002719,current-SME01568,0.47440163274658015
current-current-SME01568-002720,current-SME01568,0.5678806323393725
current-current-SME01569-002721,current-SME01569,0.6405708589675758
current-current-SME01569-002722,current-SME01569,0.6575275841741819
current-current-SME01569-002723,current-SME01569,0.5999029359271537
current-current-SME01570-002724,current-SME01570,0.3677190123391121
current-current-SME01570-002725,current-SME01570,0.327611271168884
current-current-SME01571-002726,current-SME01571,0.5862606915456816
current-current-SME01571-002727,current-SME01571,0.5486172053416702
current-current-SME01572-002728,current-SME01572,0.361941974624908
current-current-SME01572-002729,current-SME01572,0.4945963827288791
current-current-SME01573-002730,current-SME01573,0.5603689398435122
current-current-SME01573-002731,current-SME01573,0.6288489473168238
current-current-SME01573-002732,current-SME01573,0.614523563953711
current-current-SME01574-002733,current-SME01574,0.5660524249766813
current-current-SME01574-002734,current-SME01574,0.6239363908953129
current-current-SME01574-002735,current-SME01574,0.632878903390232
current-current-SME01575-002736,current-SME01575,0.606280958790075
current-current-SME01576-002737,current-SME01576,0.7888019536410725
current-current-SME01576-002738,current-SME01576,0.7940705038990201
current-current-SME01576-002739,current-SME01576,0.785797926494538
current-current-SME01577-002740,current-SME01577,0.4924865752754313
current-current-SME01578-002741,current-SME01578,0.5828713806105073
current-current-SME01579-002742,current-SME01579,0.23600047063870452
current-current-SME01579-002743,current-SME01579,0.18943889138143716
current-current-SME01580-002744,current-SME01580,0.28528427371699316
current-current-SME01580-002745,current-SME01580,0.3874612233131992
current-current-SME01581-002746,current-SME01581,0.3662610253565188
current-current-SME01582-002747,current-SME01582,0.5393722209967514
current-current-SME01582-002748,current-SME01582,0.6136310011682877
current-current-SME01582-002749,current-SME01582,0.6356171811273307
current-current-SME01583-002750,current-SME01583,0.3170944098041839
current-current-SME01583-002751,current-SME01583,0.37679845386420585
current-current-SME01584-002752,current-SME01584,0.1792640030548032
current-current-SME01585-002753,current-SME01585,0.5797479463105296
current-current-SME01585-002754,current-SME01585,0.5797479463105296
current-current-SME01586-002755,current-SME01586,0.5208918411681482
current-current-SME01586-002756,current-SME01586,0.5208918411681482
current-current-SME01587-002757,current-SME01587,0.6161709946379417
current-current-SME01587-002758,current-SME01587,0.5172126436051384
current-current-SME01588-002759,current-SME01588,0.4539838763199967
current-current-SME01589-002760,current-SME01589,0.30000930748344135
current-current-SME01589-002761,current-SME01589,0.611355801155571
current-current-SME01589-002762,current-SME01589,0.6116645907517433
current-current-SME01590-002763,current-SME01590,0.4996537933662343
current-current-SME01591-002764,current-SME01591,0.4978833182222263
current-current-SME01592-002765,current-SME01592,0.43251033730767297
current-current-SME01592-002766,current-SME01592,0.5739190012954961
current-current-SME01592-002767,current-SME01592,0.6302831822275008
current-current-SME01593-002768,current-SME01593,0.414611444273809
current-current-SME01593-002769,current-SME01593,0.5616157151860387
current-current-SME01594-002770,current-SME01594,0.5774236977390875
current-current-SME01594-002771,current-SME01594,0.6191893306112106
current-current-SME01595-002772,current-SME01595,0.7586369966471067
current-current-SME01595-002773,current-SME01595,0.7586369966471067
current-current-SME01596-002774,current-SME01596,0.7661208488932383
current-current-SME01597-002775,current-SME01597,0.30653359514533507
current-current-SME01597-002776,current-SME01597,0.5176243929575336
current-current-SME01598-002777,current-SME01598,0.6907300230155017
current-current-SME01598-002778,current-SME01598,0.6128256360911681
current-current-SME01598-002779,current-SME01598,0.6517501638653039
current-current-SME01599-002780,current-SME01599,0.6553402760377675
current-current-SME01600-002781,current-SME01600,0.7093177237062345
current-current-SME01601-002782,current-SME01601,0.5815145431339884
current-current-SME01602-002783,current-SME01602,0.5423976150936501
current-current-SME01602-002784,current-SME01602,0.5816755389103101
current-current-SME01602-002785,current-SME01602,0.5433066610497438
current-current-SME01603-002786,current-SME01603,0.5937661636619537
current-current-SME01603-002787,current-SME01603,0.6642579264445307
current-current-SME01604-002788,current-SME01604,0.586492952027779
current-current-SME01605-002789,current-SME01605,0.5281463234772187
current-current-SME01606-002790,current-SME01606,0.5431428994321876
current-current-SME01606-002791,current-SME01606,0.5685982351160488
current-current-SME01606-002792,current-SME01606,0.6502156018834406
current-current-SME01607-002793,current-SME01607,0.3855205812562389
current-current-SME01607-002794,current-SME01607,0.6309468591934362
current-current-SME01607-002795,current-SME01607,0.6812325544446237
current-current-SME01608-002796,current-SME01608,0.7291774963428017
current-current-SME01608-002797,current-SME01608,0.8330070715261757
current-current-SME01609-002798,current-SME01609,0.2775971654493089
current-current-SME01609-002799,current-SME01609,0.3618847787915917
current-current-SME01610-002800,current-SME01610,0.49093717838189577
current-current-SME01611-002801,current-SME01611,0.46445531607246454
current-current-SME01611-002802,current-SME01611,0.5265310391908224
current-current-SME01612-002803,current-SME01612,0.7405173568910689
current-current-SME01612-002804,current-SME01612,0.7529326427374516
current-current-SME01613-002805,current-SME01613,0.6565526636272948
current-current-SME01613-002806,current-SME01613,0.6565526636272948
current-current-SME01613-002807,current-SME01613,0.6565526636272948
current-current-SME01614-002808,current-SME01614,0.5708818091903385
current-current-SME01614-002809,current-SME01614,0.6133281303930646
current-current-SME01615-002810,current-SME01615,0.7003855097507062
current-current-SME01616-002811,current-SME01616,0.6206988516662189
current-current-SME01616-002812,current-SME01616,0.6566727909461758
current-current-SME01616-002813,current-SME01616,0.5598042504036059
current-current-SME01617-002814,current-SME01617,0.4525255730007179
current-current-SME01617-002815,current-SME01617,0.43944862301405124
current-current-SME01617-002816,current-SME01617,0.47187968819295084
current-current-SME01618-002817,current-SME01618,0.7262491310277311
current-current-SME01619-002818,current-SME01619,0.7059371493372883
current-current-SME01619-002819,current-SME01619,0.7016515868427937
current-current-SME01620-002820,current-SME01620,0.3987503984848622
current-current-SME01621-002821,current-SME01621,0.5612255971782837
current-current-SME01621-002822,current-SME01621,0.64135536262321
current-current-SME01622-002823,current-SME01622,0.4704049120948491
current-current-SME01623-002824,current-SME01623,0.7704064113877329
current-current-SME01624-002825,current-SME01624,0.43426275399146413
current-current-SME01624-002826,current-SME01624,0.6460062990283248
current-current-SME01624-002827,current-SME01624,0.6725444174319866
current-current-SME01625-002828,current-SME01625,0.5401795291697806
current-current-SME01625-002829,current-SME01625,0.564203818486332
current-current-SME01626-002830,current-SME01626,0.5969160542892689
current-current-SME01627-002831,current-SME01627,0.6541335121285042
current-current-SME01627-002832,current-SME01627,0.4124560394811218
current-current-SME01628-002833,current-SME01628,0.6592260308509051
current-current-SME01628-002834,current-SME01628,0.6644945811088527
current-current-SME01629-002835,current-SME01629,0.07890770281010263
current-current-SME01630-002836,current-SME01630,0.3680487126680898
current-current-SME01630-002837,current-SME01630,0.39124309591440803
current-current-SME01631-002838,current-SME01631,0.7585340395544707
current-current-SME01631-002839,current-SME01631,0.7709493254008535
current-current-SME01631-002840,current-SME01631,0.7426863566071987
current-current-SME01632-002841,current-SME01632,0.49902311974125557
current-current-SME01633-002842,current-SME01633,0.5113407308656337
current-current-SME01633-002843,current-SME01633,0.550512938658061
current-current-SME01633-002844,current-SME01633,0.5756431433491629
current-current-SME01634-002845,current-SME01634,0.5914060626031102
current-current-SME01635-002846,current-SME01635,0.5379082823226855
current-current-SME01635-002847,current-SME01635,0.5709960937002581
current-current-SME01636-002848,current-SME01636,0.3178198623055976
current-current-SME01637-002849,current-SME01637,0.34297271478810437
current-current-SME01638-002850,current-SME01638,0.6897992554130473
current-current-SME01638-002851,current-SME01638,0.7027402003323631
current-current-SME01639-002852,current-SME01639,0.7411630809173843
current-current-SME01640-002853,current-SME01640,0.6609168610812391
current-current-SME01641-002854,current-SME01641,0.6153298406689139
current-current-SME01641-002855,current-SME01641,0.6790740523930954
current-current-SME01642-002856,current-SME01642,0.6699006526273202
current-current-SME01643-002857,current-SME01643,0.08475360856574167
current-current-SME01644-002858,current-SME01644,0.5175968336631986
current-current-SME01644-002859,current-SME01644,0.7134375398366064
current-current-SME01645-002860,current-SME01645,0.5623318118730894
current-current-SME01646-002861,current-SME01646,0.6802023550983595
current-current-SME01646-002862,current-SME01646,0.6773542479961722
current-current-SME01646-002863,current-SME01646,0.6467931591063023
current-current-SME01647-002864,current-SME01647,0.5975617502943368
current-current-SME01647-002865,current-SME01647,0.6176136928875592
current-current-SME01648-002866,current-SME01648,0.4883779790863343
current-current-SME01649-002867,current-SME01649,0.9004021453397203
current-current-SME01650-002868,current-SME01650,0.5527827074753809
current-current-SME01650-002869,current-SME01650,0.5732994758434052
current-current-SME01651-002870,current-SME01651,0.6786070352988202
current-current-SME01651-002871,current-SME01651,0.6786070352988202
current-current-SME01652-002872,current-SME01652,0.5625579682832159
current-current-SME01652-002873,current-SME01652,0.6491230541208648
current-current-SME01652-002874,current-SME01652,0.6892923616729644
current-current-SME01653-002875,current-SME01653,0.7228098159773647
current-current-SME01653-002876,current-SME01653,0.7573669281910197
current-current-SME01654-002877,current-SME01654,0.6174345109583476
current-current-SME01655-002878,current-SME01655,0.22476691570617044
current-current-SME01656-002879,current-SME01656,0.6673942451213669
current-current-SME01656-002880,current-SME01656,0.7823016076130429
current-current-SME01657-002881,current-SME01657,0.5345423417254361
current-current-SME01658-002882,current-SME01658,0.4162205058636643
current-current-SME01658-002883,current-SME01658,0.6170789218474277
current-current-SME01658-002884,current-SME01658,0.6170789218474277
current-current-SME01659-002885,current-SME01659,0.33900736839215767
current-current-SME01660-002886,current-SME01660,0.529129404382807
current-current-SME01660-002887,current-SME01660,0.5192362614293236
current-current-SME01661-002888,current-SME01661,0.40899337065088315
current-current-SME01662-002889,current-SME01662,0.4179993959342892
current-current-SME01663-002890,current-SME01663,0.7035648032746742
current-current-SME01663-002891,current-SME01663,0.7078503657691688
current-current-SME01664-002892,current-SME01664,0.4510317884424496
current-current-SME01665-002893,current-SME01665,0.732136405200979
current-current-SME01665-002894,current-SME01665,0.728436753651348
current-current-SME01666-002895,current-SME01666,0.7044265919538749
current-current-SME01666-002896,current-SME01666,0.6192908217440722
current-current-SME01667-002897,current-SME01667,0.402328067404934
current-current-SME01667-002898,current-SME01667,0.5447245490734005
current-current-SME01667-002899,current-SME01667,0.5367027600095022
current-current-SME01668-002900,current-SME01668,0.6584628866822828
current-current-SME01669-002901,current-SME01669,0.5106610600721593
current-current-SME01669-002902,current-SME01669,0.5619788172874285
current-current-SME01670-002903,current-SME01670,0.9159494001416514
current-current-SME01670-002904,current-SME01670,0.9159494001416514
current-current-SME01671-002905,current-SME01671,0.5049436822246121
current-current-SME01671-002906,current-SME01671,0.49964308897333054
current-current-SME01672-002907,current-SME01672,0.6412719097843826
current-current-SME01673-002908,current-SME01673,0.39047500904457433
current-current-SME01674-002909,current-SME01674,0.5942484144243065
current-current-SME01674-002910,current-SME01674,0.6303515765161753
current-current-SME01675-002911,current-SME01675,0.48523178251744964
current-current-SME01676-002912,current-SME01676,0.6160512663848133
current-current-SME01677-002913,current-SME01677,0.37845427438203205
current-current-SME01677-002914,current-SME01677,0.490543005314434
current-current-SME01677-002915,current-SME01677,0.27606436105274085
current-current-SME01678-002916,current-SME01678,0.20084374511272027
current-current-SME01678-002917,current-SME01678,0.32567108491322905
current-current-SME01679-002918,current-SME01679,0.592779093621343
current-current-SME01680-002919,current-SME01680,0.3163267603330426
current-current-SME01680-002920,current-SME01680,0.21213558115438894
current-current-SME01681-002921,current-SME01681,0.36500840541494123
current-current-SME01682-002922,current-SME01682,0.7111953009625589
current-current-SME01682-002923,current-SME01682,0.7795524134836981
current-current-SME01682-002924,current-SME01682,0.7794380017411393
current-current-SME01683-002925,current-SME01683,0.8008022653451352
current-current-SME01684-002926,current-SME01684,0.33297547119170173
current-current-SME01684-002927,current-SME01684,0.48274041672461787
current-current-SME01684-002928,current-SME01684,0.4188982278434497
current-current-SME01685-002929,current-SME01685,0.6695414162684463
current-current-SME01685-002930,current-SME01685,0.6162097320162176
current-current-SME01686-002931,current-SME01686,0.42353369541282393
current-current-SME01687-002932,current-SME01687,0.6259384526253663
current-current-SME01688-002933,current-SME01688,0.7974158238020728
current-current-SME01688-002934,current-SME01688,0.7974158238020728
current-current-SME01689-002935,current-SME01689,0.654078850832347
current-current-SME01689-002936,current-SME01689,0.654078850832347
current-current-SME01690-002937,current-SME01690,0.6313408382897528
current-current-SME01691-002938,current-SME01691,0.5652621168259878
current-current-SME01691-002939,current-SME01691,0.6122845196568335
current-current-SME01691-002940,current-SME01691,0.5774109458475197
current-current-SME01692-002941,current-SME01692,0.7902166167739372
current-current-SME01693-002942,current-SME01693,0.3826644255834022
current-current-SME01693-002943,current-SME01693,0.4394602229539655
current-current-SME01694-002944,current-SME01694,0.6850396981120964
current-current-SME01695-002945,current-SME01695,0.4595394501963982
current-current-SME01696-002946,current-SME01696,0.5797238459344761
current-current-SME01696-002947,current-SME01696,0.6241573173136468
current-current-SME01696-002948,current-SME01696,0.622275194183506
current-current-SME01697-002949,current-SME01697,0.5776531339459338
current-current-SME01698-002950,current-SME01698,0.6233693204307056
current-current-SME01698-002951,current-SME01698,0.5220214937871278
current-current-SME01699-002952,current-SME01699,0.6642928258455496
current-current-SME01700-002953,current-SME01700,0.42770752890811814
current-current-SME01701-002954,current-SME01701,0.6522680240258798
current-current-SME01701-002955,current-SME01701,0.6571734935796117
current-current-SME01702-002956,current-SME01702,0.5605808719338636
current-current-SME01703-002957,current-SME01703,0.3996060050933954
current-current-SME01704-002958,current-SME01704,0.47767724834709263
current-current-SME01704-002959,current-SME01704,0.49512760300754005
current-current-SME01705-002960,current-SME01705,0.505584887695161
current-current-SME01706-002961,current-SME01706,0.4881531554065051
current-current-SME01707-002962,current-SME01707,0.5720814694731073
current-current-SME01708-002963,current-SME01708,0.5751800623640445
current-current-SME01708-002964,current-SME01708,0.4812048548980534
current-current-SME01709-002965,current-SME01709,0.5505323234386124
current-current-SME01709-002966,current-SME01709,0.6239688391751732
current-current-SME01709-002967,current-SME01709,0.6496151139086482
current-current-SME01710-002968,current-SME01710,0.3953173631256859
current-current-SME01711-002969,current-SME01711,0.42026211754642556
current-current-SME01711-002970,current-SME01711,0.3313604986474188
current-current-SME01712-002971,current-SME01712,0.6529913154717898
current-current-SME01713-002972,current-SME01713,0.5382331977175682
current-current-SME01714-002973,current-SME01714,0.7059920982661891
current-current-SME01714-002974,current-SME01714,0.7090436571698852
current-current-SME01715-002975,current-SME01715,0.5599679442637261
current-current-SME01715-002976,current-SME01715,0.5599679442637261
current-current-SME01716-002977,current-SME01716,0.6003981912736261
current-current-SME01717-002978,current-SME01717,0.6743702543430877
current-current-SME01718-002979,current-SME01718,0.6457498769972028
current-current-SME01719-002980,current-SME01719,0.6471557334371114
current-current-SME01720-002981,current-SME01720,0.6140320415259615
current-current-SME01720-002982,current-SME01720,0.6140320415259615
current-current-SME01721-002983,current-SME01721,0.7099600134488402
current-current-SME01721-002984,current-SME01721,0.730469010109934
current-current-SME01721-002985,current-SME01721,0.7340935101174101
current-current-SME01722-002986,current-SME01722,0.49112484020133407
current-current-SME01722-002987,current-SME01722,0.5532798375136483
current-current-SME01723-002988,current-SME01723,0.28082538286038394
current-current-SME01724-002989,current-SME01724,0.6855037541629722
current-current-SME01724-002990,current-SME01724,0.6855037541629722
current-current-SME01724-002991,current-SME01724,0.577890494941971
current-current-SME01725-002992,current-SME01725,0.6218948300800967
current-current-SME01726-002993,current-SME01726,0.5015972865479672
current-current-SME01726-002994,current-SME01726,0.5452090704325875
current-current-SME01726-002995,current-SME01726,0.3664274438960354
current-current-SME01727-002996,current-SME01727,0.5587486806620239
current-current-SME01727-002997,current-SME01727,0.5693415487166592
current-current-SME01728-002998,current-SME01728,0.5304652764593634
current-current-SME01729-002999,current-SME01729,0.8322100541875166
current-current-SME01729-003000,current-SME01729,0.8332576461216268
current-current-SME01730-003001,current-SME01730,0.3673264557095245
current-current-SME01730-003002,current-SME01730,0.5432629961344998
current-current-SME01731-003003,current-SME01731,0.5121797710497514
current-current-SME01731-003004,current-SME01731,0.6169254451789061
current-current-SME01732-003005,current-SME01732,0.5412309303811871
current-current-SME01732-003006,current-SME01732,0.6521299905369283
current-current-SME01733-003007,current-SME01733,0.7256419521413425
current-current-SME01734-003008,current-SME01734,0.3189279486343584
current-current-SME01735-003009,current-SME01735,0.345326995447898
current-current-SME01735-003010,current-SME01735,0.5994109930496956
current-current-SME01735-003011,current-SME01735,0.6324706324114024
current-current-SME01736-003012,current-SME01736,0.6068474156366118
current-current-SME01736-003013,current-SME01736,0.6553400933690069
current-current-SME01737-003014,current-SME01737,0.47946313887762454
current-current-SME01737-003015,current-SME01737,0.5784685878379514
current-current-SME01737-003016,current-SME01737,0.5834807636506333
current-current-SME01738-003017,current-SME01738,0.41628005746155466
current-current-SME01739-003018,current-SME01739,0.35476521760281354
current-current-SME01740-003019,current-SME01740,0.6499512337402005
current-current-SME01741-003020,current-SME01741,0.6225979283406139
current-current-SME01742-003021,current-SME01742,0.8120609693768515
current-current-SME01743-003022,current-SME01743,0.6488363548961448
current-current-SME01744-003023,current-SME01744,0.6729595847714279
current-current-SME01744-003024,current-SME01744,0.7930990859153613
current-current-SME01744-003025,current-SME01744,0.7930990859153613
current-current-SME01745-003026,current-SME01745,0.5496095895000157
current-current-SME01746-003027,current-SME01746,0.4329155953816542
current-current-SME01746-003028,current-SME01746,0.4329155953816542
current-current-SME01747-003029,current-SME01747,0.7939035483802611
current-current-SME01748-003030,current-SME01748,0.5114978825453728
current-current-SME01748-003031,current-SME01748,0.5379050122383112
current-current-SME01749-003032,current-SME01749,0.4793538986908192
current-current-SME01750-003033,current-SME01750,0.7044330022614749
current-current-SME01750-003034,current-SME01750,0.6482532109070589
current-current-SME01751-003035,current-SME01751,0.8467376100870263
current-current-SME01751-003036,current-SME01751,0.8499853469033504
current-current-SME01751-003037,current-SME01751,0.8519686196888442
current-current-SME01752-003038,current-SME01752,0.7735732533729841
current-current-SME01752-003039,current-SME01752,0.7859885392193668
current-current-SME01752-003040,current-SME01752,0.7859885392193668
current-current-SME01753-003041,current-SME01753,0.5976342254591374
current-current-SME01753-003042,current-SME01753,0.7086970084296824
current-current-SME01754-003043,current-SME01754,0.6567874794857933
current-current-SME01755-003044,current-SME01755,0.622763048340425
current-current-SME01755-003045,current-SME01755,0.6110797509032807
current-current-SME01756-003046,current-SME01756,0.6458052549713134
current-current-SME01756-003047,current-SME01756,0.5756101649990187
current-current-SME01757-003048,current-SME01757,0.7592488369181521
current-current-SME01758-003049,current-SME01758,0.5050380598128807
current-current-SME01758-003050,current-SME01758,0.5606224231135407
current-current-SME01759-003051,current-SME01759,0.675997898293248
current-current-SME01759-003052,current-SME01759,0.6737076412586446
current-current-SME01760-003053,current-SME01760,0.40206702151106244
current-current-SME01760-003054,current-SME01760,0.4942696721685865
current-current-SME01761-003055,current-SME01761,0.6056995428847842
current-current-SME01761-003056,current-SME01761,0.6056995428847842
current-current-SME01762-003057,current-SME01762,0.6791633318075209
current-current-SME01762-003058,current-SME01762,0.6791633318075209
current-current-SME01763-003059,current-SME01763,0.6059121087723791
current-current-SME01764-003060,current-SME01764,0.46403453571504544
current-current-SME01764-003061,current-SME01764,0.5742696461409369
current-current-SME01764-003062,current-SME01764,0.546509852560824
current-current-SME01765-003063,current-SME01765,0.5507361622651035
current-current-SME01765-003064,current-SME01765,0.7594296588116927
current-current-SME01765-003065,current-SME01765,0.7594296588116927
current-current-SME01766-003066,current-SME01766,0.537459620534763
current-current-SME01766-003067,current-SME01766,0.537459620534763
current-current-SME01767-003068,current-SME01767,0.6611648603128804
current-current-SME01768-003069,current-SME01768,0.5516724545166866
current-current-SME01768-003070,current-SME01768,0.6315384779462949
current-current-SME01768-003071,current-SME01768,0.6327725239955881
current-current-SME01769-003072,current-SME01769,0.5965176063740175
current-current-SME01770-003073,current-SME01770,0.7682253104399464
current-current-SME01771-003074,current-SME01771,0.6159943922800907
current-current-SME01771-003075,current-SME01771,0.6202799547745853
current-current-SME01771-003076,current-SME01771,0.6139079555994219
current-current-SME01772-003077,current-SME01772,0.7631880499435518
current-current-SME01772-003078,current-SME01772,0.7681979388830193
current-current-SME01773-003079,current-SME01773,0.6095036276551038
current-current-SME01774-003080,current-SME01774,0.5898146489076203
current-current-SME01774-003081,current-SME01774,0.6569441508953964
current-current-SME01774-003082,current-SME01774,0.625469293225484
current-current-SME01775-003083,current-SME01775,0.6694588580721311
current-current-SME01775-003084,current-SME01775,0.6986859058910622
current-current-SME01776-003085,current-SME01776,0.5119264609544956
current-current-SME01776-003086,current-SME01776,0.5691717095184458
current-current-SME01777-003087,current-SME01777,0.6909254383261789
current-current-SME01777-003088,current-SME01777,0.6952110008206736
current-current-SME01778-003089,current-SME01778,0.6429880432641488
current-current-SME01778-003090,current-SME01778,0.5298472086054941
current-current-SME01779-003091,current-SME01779,0.6205288865033914
current-current-SME01779-003092,current-SME01779,0.5550754716781816
current-current-SME01779-003093,current-SME01779,0.6765654975739746
current-current-SME01780-003094,current-SME01780,0.5411252044740389
current-current-SME01781-003095,current-SME01781,0.4940740585165396
current-current-SME01782-003096,current-SME01782,0.5723379275660413
current-current-SME01782-003097,current-SME01782,0.564397816511807
current-current-SME01783-003098,current-SME01783,0.3876013597313896
current-current-SME01784-003099,current-SME01784,0.7396961751477092
current-current-SME01784-003100,current-SME01784,0.753750890091421
current-current-SME01784-003101,current-SME01784,0.7433299711186765
current-current-SME01785-003102,current-SME01785,0.6565289602347838
current-current-SME01785-003103,current-SME01785,0.7099394537759669
current-current-SME01786-003104,current-SME01786,0.7581872336195292
current-current-SME01786-003105,current-SME01786,0.7581872336195292
current-current-SME01787-003106,current-SME01787,0.731867786030652
current-current-SME01788-003107,current-SME01788,0.49305396690472986
current-current-SME01788-003108,current-SME01788,0.509553669647366
current-current-SME01789-003109,current-SME01789,0.521749243660421
current-current-SME01789-003110,current-SME01789,0.5571363473834897
current-current-SME01789-003111,current-SME01789,0.5608103519658274
current-current-SME01790-003112,current-SME01790,0.6698573617730659
current-current-SME01790-003113,current-SME01790,0.7276501355175228
current-current-SME01790-003114,current-SME01790,0.7910509701106494
current-current-SME01791-003115,current-SME01791,0.6904798303532507
current-current-SME01791-003116,current-SME01791,0.6974685722200462
current-current-SME01792-003117,current-SME01792,0.7963966026393521
current-current-SME01792-003118,current-SME01792,0.5630004066731709
current-current-SME01793-003119,current-SME01793,0.6374994323736203
current-current-SME01794-003120,current-SME01794,0.5656290190838072
current-current-SME01794-003121,current-SME01794,0.4619924170658125
current-current-SME01795-003122,current-SME01795,0.577267979192729
current-current-SME01795-003123,current-SME01795,0.4562367208608152
current-current-SME01796-003124,current-SME01796,0.7759943310022097
current-current-SME01797-003125,current-SME01797,0.7706337230158684
current-current-SME01798-003126,current-SME01798,0.613284819989309
current-current-SME01798-003127,current-SME01798,0.613284819989309
current-current-SME01799-003128,current-SME01799,0.6091178553695953
current-current-SME01799-003129,current-SME01799,0.618022335779463
current-current-SME01799-003130,current-SME01799,0.6190699277135732
current-current-SME01800-003131,current-SME01800,0.6606910982171336
current-current-SME01800-003132,current-SME01800,0.7723518523654936
current-current-SME01801-003133,current-SME01801,0.5164311700577541
current-current-SME01801-003134,current-SME01801,0.6949414003020544
current-current-SME01801-003135,current-SME01801,0.63165001558308
current-current-SME01802-003136,current-SME01802,0.5776454715569918
current-current-SME01802-003137,current-SME01802,0.5826922419971801
current-current-SME01803-003138,current-SME01803,0.4610402207950686
current-current-SME01803-003139,current-SME01803,0.5929491327133379
current-current-SME01804-003140,current-SME01804,0.5858315238537221
current-current-SME01804-003141,current-SME01804,0.5569232942496991
current-current-SME01805-003142,current-SME01805,0.6854257398268964
current-current-SME01806-003143,current-SME01806,0.49499241711915504
current-current-SME01807-003144,current-SME01807,0.6120326568930653
current-current-SME01807-003145,current-SME01807,0.6120326568930653
current-current-SME01808-003146,current-SME01808,0.38165312747152536
current-current-SME01809-003147,current-SME01809,0.5601320015877703
current-current-SME01809-003148,current-SME01809,0.6046531945852291
current-current-SME01809-003149,current-SME01809,0.6096630835246967
current-current-SME01810-003150,current-SME01810,0.4732009352256965
current-current-SME01810-003151,current-SME01810,0.5600446828109498
current-current-SME01811-003152,current-SME01811,0.6162621643849368
current-current-SME01811-003153,current-SME01811,0.6179867826130642
current-current-SME01812-003154,current-SME01812,0.5631300153446462
current-current-SME01813-003155,current-SME01813,0.5184354130758179
current-current-SME01813-003156,current-SME01813,0.5178005774991299
current-current-SME01814-003157,current-SME01814,0.37811034729002657
current-current-SME01815-003158,current-SME01815,0.6017113685531132
current-current-SME01815-003159,current-SME01815,0.80155277838167
current-current-SME01816-003160,current-SME01816,0.6549835523611144
current-current-SME01817-003161,current-SME01817,0.5404879950700928
current-current-SME01817-003162,current-SME01817,0.28371061904685385
current-current-SME01817-003163,current-SME01817,0.5470514859197205
current-current-SME01818-003164,current-SME01818,0.6062706249167263
current-current-SME01818-003165,current-SME01818,0.620494382486119
current-current-SME01818-003166,current-SME01818,0.5815359929347761
current-current-SME01819-003167,current-SME01819,0.6915561451469636
current-current-SME01819-003168,current-SME01819,0.6915561451469636
current-current-SME01819-003169,current-SME01819,0.6965660340864311
current-current-SME01820-003170,current-SME01820,0.7087921024144447
current-current-SME01820-003171,current-SME01820,0.6822561020327225
current-current-SME01821-003172,current-SME01821,0.6029550933498042
current-current-SME01822-003173,current-SME01822,0.5392015550452476
current-current-SME01822-003174,current-SME01822,0.5971824257452049
current-current-SME01823-003175,current-SME01823,0.42939939707607017
current-current-SME01824-003176,current-SME01824,0.7069330194134334
current-current-SME01825-003177,current-SME01825,0.3853430557546087
current-current-SME01825-003178,current-SME01825,0.4230577057043053
current-current-SME01825-003179,current-SME01825,0.32843792004448186
current-current-SME01826-003180,current-SME01826,0.6173590109304523
current-current-SME01826-003181,current-SME01826,0.6449954880808041
current-current-SME01827-003182,current-SME01827,0.6333787368977729
current-current-SME01828-003183,current-SME01828,0.42211683458678984
current-current-SME01829-003184,current-SME01829,0.49398942792201955
current-current-SME01829-003185,current-SME01829,0.6367313899864464
current-current-SME01829-003186,current-SME01829,0.6199626417844902
current-current-SME01830-003187,current-SME01830,0.40120482456389056
current-current-SME01831-003188,current-SME01831,0.5921512948112524
current-current-SME01832-003189,current-SME01832,0.44986976674994766
current-current-SME01833-003190,current-SME01833,0.17918013636216854
current-current-SME01833-003191,current-SME01833,0.42546365292491745
current-current-SME01834-003192,current-SME01834,0.5193389131931307
current-current-SME01835-003193,current-SME01835,0.4760551794275267
current-current-SME01835-003194,current-SME01835,0.5595300065734847
current-current-SME01836-003195,current-SME01836,0.5452056185953156
current-current-SME01836-003196,current-SME01836,0.6229477849242929
current-current-SME01837-003197,current-SME01837,0.4453341853185381
current-current-SME01837-003198,current-SME01837,0.40932722802689814
current-current-SME01838-003199,current-SME01838,0.8113973275215582
current-current-SME01839-003200,current-SME01839,0.6475646344316989
current-current-SME01840-003201,current-SME01840,0.7122337696247302
current-current-SME01840-003202,current-SME01840,0.7107963142324228
current-current-SME01841-003203,current-SME01841,0.7041924374638553
current-current-SME01841-003204,current-SME01841,0.7919739967302755
current-current-SME01842-003205,current-SME01842,0.48585916349098107
current-current-SME01842-003206,current-SME01842,0.7813419543335388
current-current-SME01843-003207,current-SME01843,0.6825613578466689
current-current-SME01844-003208,current-SME01844,0.570984678777125
current-current-SME01844-003209,current-SME01844,0.5973014914677434
current-current-SME01845-003210,current-SME01845,0.5059389050216447
current-current-SME01846-003211,current-SME01846,0.23632012198027433
current-current-SME01846-003212,current-SME01846,0.3233442452882787
current-current-SME01847-003213,current-SME01847,0.6428624268179893
current-current-SME01847-003214,current-SME01847,0.6351970953651424
current-current-SME01848-003215,current-SME01848,0.522234994000713
current-current-SME01848-003216,current-SME01848,0.5918443276238529
current-current-SME01849-003217,current-SME01849,0.6693475796178686
current-current-SME01849-003218,current-SME01849,0.6756632554086258
current-current-SME01849-003219,current-SME01849,0.6783969507682543
current-current-SME01850-003220,current-SME01850,0.6534820458727132
current-current-SME01850-003221,current-SME01850,0.6001503616204845
current-current-SME01851-003222,current-SME01851,0.49689393377759766
current-current-SME01851-003223,current-SME01851,0.6131067384575589
current-current-SME01852-003224,current-SME01852,0.674744638800106
current-current-SME01853-003225,current-SME01853,0.7165642222593297
current-current-SME01853-003226,current-SME01853,0.7452315348701597
current-current-SME01854-003227,current-SME01854,0.4019071396982149
current-current-SME01854-003228,current-SME01854,0.516744964011324
current-current-SME01855-003229,current-SME01855,0.5822265228934388
current-current-SME01855-003230,current-SME01855,0.6816722092844545
current-current-SME01856-003231,current-SME01856,0.4925892751346462
current-current-SME01857-003232,current-SME01857,0.6008881416041904
current-current-SME01858-003233,current-SME01858,0.617418430996316
current-current-SME01858-003234,current-SME01858,0.6184660229304262
current-current-SME01859-003235,current-SME01859,0.6202624022248246
current-current-SME01859-003236,current-SME01859,0.5676932438245162
current-current-SME01860-003237,current-SME01860,0.5269307362098647
current-current-SME01861-003238,current-SME01861,0.7544745478073911
current-current-SME01862-003239,current-SME01862,0.6617451192385994
current-current-SME01863-003240,current-SME01863,0.7085635105176733
current-current-SME01864-003241,current-SME01864,0.20130103184270132
current-current-SME01865-003242,current-SME01865,0.4089755090591382
current-current-SME01865-003243,current-SME01865,0.6457674718448093
current-current-SME01866-003244,current-SME01866,0.4832008589465081
current-current-SME01867-003245,current-SME01867,0.6517548193749193
current-current-SME01867-003246,current-SME01867,0.5470851332805133
current-current-SME01868-003247,current-SME01868,0.703181419347323
current-current-SME01868-003248,current-SME01868,0.7060295264495103
current-current-SME01869-003249,current-SME01869,0.5821129652358317
current-current-SME01869-003250,current-SME01869,0.5856116440492
current-current-SME01870-003251,current-SME01870,0.7242877595622612
current-current-SME01871-003252,current-SME01871,0.7453597335274958
current-current-SME01872-003253,current-SME01872,0.7274494430611939
current-current-SME01873-003254,current-SME01873,0.4301348656325885
current-current-SME01874-003255,current-SME01874,0.781743757545459
current-current-SME01875-003256,current-SME01875,0.33820645170494285
current-current-SME01875-003257,current-SME01875,0.35237863296388083
current-current-SME01876-003258,current-SME01876,0.48769288552586826
current-current-SME01876-003259,current-SME01876,0.5433870290162792
current-current-SME01877-003260,current-SME01877,0.5918021289224439
current-current-SME01878-003261,current-SME01878,0.5175894330252888
current-current-SME01879-003262,current-SME01879,0.5487193788158391
current-current-SME01879-003263,current-SME01879,0.6183657823003649
current-current-SME01879-003264,current-SME01879,0.5710859439657627
current-current-SME01880-003265,current-SME01880,0.6373526022325402
current-current-SME01881-003266,current-SME01881,0.4241873602122094
current-current-SME01882-003267,current-SME01882,0.31795178779235517
current-current-SME01882-003268,current-SME01882,0.49516335258127175
current-current-SME01882-003269,current-SME01882,0.4607318635025702
current-current-SME01883-003270,current-SME01883,0.6252475540392859
current-current-SME01884-003271,current-SME01884,0.6149422993850799
current-current-SME01884-003272,current-SME01884,0.7257779534019373
current-current-SME01885-003273,current-SME01885,0.6048314012906962
current-current-SME01886-003274,current-SME01886,0.38639866961382385
current-current-SME01887-003275,current-SME01887,0.578772059605965
current-current-SME01888-003276,current-SME01888,0.5414806513227367
current-current-SME01889-003277,current-SME01889,0.5913899458284967
current-current-SME01890-003278,current-SME01890,0.7031390923683104
current-current-SME01891-003279,current-SME01891,0.5596928057343181
current-current-SME01892-003280,current-SME01892,0.5442283145067394
current-current-SME01893-003281,current-SME01893,0.5008103895681673
current-current-SME01893-003282,current-SME01893,0.6402532268224695
current-current-SME01894-003283,current-SME01894,0.4960634284193442
current-current-SME01895-003284,current-SME01895,0.4002969472983844
current-current-SME01895-003285,current-SME01895,0.6476765543414832
current-current-SME01896-003286,current-SME01896,0.7074640066913654
current-current-SME01896-003287,current-SME01896,0.7074640066913654
current-current-SME01896-003288,current-SME01896,0.7113229918768845
current-current-SME01897-003289,current-SME01897,0.6712271238926787
current-current-SME01897-003290,current-SME01897,0.4651503111519062
current-current-SME01898-003291,current-SME01898,0.6197178797081524
current-current-SME01898-003292,current-SME01898,0.6207654716422626
current-current-SME01899-003293,current-SME01899,0.5164991782054659
current-current-SME01899-003294,current-SME01899,0.6174370036380342
current-current-SME01900-003295,current-SME01900,0.6585399560685538
current-current-SME01901-003296,current-SME01901,0.6583644133268416
current-current-SME01901-003297,current-SME01901,0.6555163062246543
current-current-SME01901-003298,current-SME01901,0.654078850832347
current-current-SME01902-003299,current-SME01902,0.6547464483864912
current-current-SME01902-003300,current-SME01902,0.6781528766764406
current-current-SME01903-003301,current-SME01903,0.42125238242002133
current-current-SME01904-003302,current-SME01904,0.6412704150749887
current-current-SME01905-003303,current-SME01905,0.593777741075922
current-current-SME01905-003304,current-SME01905,0.7245767890111398
current-current-SME01905-003305,current-SME01905,0.688783421062331
current-current-SME01906-003306,current-SME01906,0.4570556984827148
current-current-SME01906-003307,current-SME01906,0.4915508854231736
current-current-SME01907-003308,current-SME01907,0.30428807526702967
current-current-SME01907-003309,current-SME01907,0.46185337144113736
current-current-SME01908-003310,current-SME01908,0.6961506059154298
current-current-SME01908-003311,current-SME01908,0.6522521974091412
current-current-SME01909-003312,current-SME01909,0.48920309731927375
current-current-SME01909-003313,current-SME01909,0.5171802823833055
current-current-SME01910-003314,current-SME01910,0.5648970112620637
current-current-SME01910-003315,current-SME01910,0.6042658634491156
current-current-SME01910-003316,current-SME01910,0.5689681920224022
current-current-SME01911-003317,current-SME01911,0.6821185937027356
current-current-SME01912-003318,current-SME01912,0.7655043980515189
current-current-SME01912-003319,current-SME01912,0.8192439089128998
current-current-SME01913-003320,current-SME01913,0.37182084427134815
current-current-SME01914-003321,current-SME01914,0.7424025182073178
current-current-SME01914-003322,current-SME01914,0.7448875655337354
current-current-SME01915-003323,current-SME01915,0.5670784611682435
current-current-SME01916-003324,current-SME01916,0.7642913964286471
current-current-SME01916-003325,current-SME01916,0.7642913964286471
current-current-SME01916-003326,current-SME01916,0.7642913964286471
current-current-SME01917-003327,current-SME01917,0.5999655280074871
current-current-SME01917-003328,current-SME01917,0.5798030319200332
current-current-SME01917-003329,current-SME01917,0.5798030319200332
current-current-SME01918-003330,current-SME01918,0.489817530736662
current-current-SME01919-003331,current-SME01919,0.426889473616687
current-current-SME01920-003332,current-SME01920,0.7208448865017233
current-current-SME01920-003333,current-SME01920,0.6549319865553543
current-current-SME01921-003334,current-SME01921,0.5951207132696132
current-current-SME01922-003335,current-SME01922,0.530248661198433
current-current-SME01922-003336,current-SME01922,0.6169977750599875
current-current-SME01922-003337,current-SME01922,0.60291477643443
current-current-SME01923-003338,current-SME01923,0.4796980459796452
current-current-SME01923-003339,current-SME01923,0.47669602060733385
current-current-SME01924-003340,current-SME01924,0.5672381236028707
current-current-SME01925-003341,current-SME01925,0.4114219957804165
current-current-SME01925-003342,current-SME01925,0.43137987842204556
current-current-SME01925-003343,current-SME01925,0.4339896438278436
current-current-SME01926-003344,current-SME01926,0.7354972326970516
current-current-SME01926-003345,current-SME01926,0.6479230571941594
current-current-SME01927-003346,current-SME01927,0.5283315072735478
current-current-SME01928-003347,current-SME01928,0.3887636849927778
current-current-SME01929-003348,current-SME01929,0.7100792719053249
current-current-SME01929-003349,current-SME01929,0.7036776620146995
current-current-SME01929-003350,current-SME01929,0.7075255472774981
current-current-SME01930-003351,current-SME01930,0.8250251668414386
current-current-SME01930-003352,current-SME01930,0.8250251668414386
current-current-SME01930-003353,current-SME01930,0.5891268825164427
current-current-SME01931-003354,current-SME01931,0.5140601595032664
current-current-SME01931-003355,current-SME01931,0.5954883576314633
current-current-SME01931-003356,current-SME01931,0.49958201740082414
current-current-SME01932-003357,current-SME01932,0.6489984322795926
current-current-SME01933-003358,current-SME01933,0.5431332702451631
current-current-SME01933-003359,current-SME01933,0.6298150235574179
current-current-SME01933-003360,current-SME01933,0.6298150235574179
current-current-SME01934-003361,current-SME01934,0.4554927910204392
current-current-SME01934-003362,current-SME01934,0.49355257392714724
current-current-SME01934-003363,current-SME01934,0.4977537138140797
current-current-SME01935-003364,current-SME01935,0.4973997930369908
current-current-SME01936-003365,current-SME01936,0.42749444076834264
current-current-SME01937-003366,current-SME01937,0.5804129671360612
current-current-SME01937-003367,current-SME01937,0.5972284453596146
current-current-SME01938-003368,current-SME01938,0.45740788686093725
current-current-SME01939-003369,current-SME01939,0.38822858971710933
current-current-SME01939-003370,current-SME01939,0.4112424407960505
current-current-SME01940-003371,current-SME01940,0.6364395223367102
current-current-SME01940-003372,current-SME01940,0.6462938639167257
current-current-SME01941-003373,current-SME01941,0.6244783926438238
current-current-SME01941-003374,current-SME01941,0.6468453808924933
current-current-SME01942-003375,current-SME01942,0.677660869513363
current-current-SME01942-003376,current-SME01942,0.46905391755923886
current-current-SME01942-003377,current-SME01942,0.6758603543452859
current-current-SME01943-003378,current-SME01943,0.39999960769999626
current-current-SME01944-003379,current-SME01944,0.40075666530912146
current-current-SME01944-003380,current-SME01944,0.35380399281691927
current-current-SME01945-003381,current-SME01945,0.5281404063838661
current-current-SME01945-003382,current-SME01945,0.6378834452325133
current-current-SME01946-003383,current-SME01946,0.6292688070319471
current-current-SME01947-003384,current-SME01947,0.6781381455660778
current-current-SME01947-003385,current-SME01947,0.6040403489082597
current-current-SME01948-003386,current-SME01948,0.7763558360959723
current-current-SME01949-003387,current-SME01949,0.608616162805969
current-current-SME01949-003388,current-SME01949,0.6541933900363701
current-current-SME01949-003389,current-SME01949,0.6287119113153771
current-current-SME01950-003390,current-SME01950,0.7748809141483193
current-current-SME01951-003391,current-SME01951,0.6358714622185944
current-current-SME01951-003392,current-SME01951,0.5243930134565552
current-current-SME01952-003393,current-SME01952,0.46069359377378144
current-current-SME01952-003394,current-SME01952,0.6047133591528517
current-current-SME01953-003395,current-SME01953,0.3941562960101609
current-current-SME01953-003396,current-SME01953,0.4878272967932398
current-current-SME01954-003397,current-SME01954,0.5260460327360859
current-current-SME01955-003398,current-SME01955,0.23033010444911495
current-current-SME01956-003399,current-SME01956,0.5467142525067477
current-current-SME01957-003400,current-SME01957,0.5792943512103365
current-current-SME01957-003401,current-SME01957,0.6713638822221294
current-current-SME01958-003402,current-SME01958,0.6451140387993084
current-current-SME01958-003403,current-SME01958,0.5072181261308784
current-current-SME01959-003404,current-SME01959,0.6171895772323143
current-current-SME01959-003405,current-SME01959,0.6153890620642372
current-current-SME01960-003406,current-SME01960,0.5086701093636633
current-current-SME01960-003407,current-SME01960,0.5624095711740874
current-current-SME01961-003408,current-SME01961,0.45081484611977796
current-current-SME01962-003409,current-SME01962,0.5471384653876809
current-current-SME01963-003410,current-SME01963,0.46738009861738783
current-current-SME01964-003411,current-SME01964,0.6617382830269477
current-current-SME01964-003412,current-SME01964,0.664586390129135
current-current-SME01965-003413,current-SME01965,0.7792402881618764
current-current-SME01965-003414,current-SME01965,0.7552628818627163
current-current-SME01966-003415,current-SME01966,0.5280249484568197
current-current-SME01966-003416,current-SME01966,0.5877704709417584
current-current-SME01967-003417,current-SME01967,0.1350892439353518
current-current-SME01968-003418,current-SME01968,0.6364346369311611
current-current-SME01969-003419,current-SME01969,0.2279580551595803
current-current-SME01969-003420,current-SME01969,0.3993075740921772
current-current-SME01970-003421,current-SME01970,0.6171478213825962
current-current-SME01970-003422,current-SME01970,0.6204701656251691
current-current-SME01971-003423,current-SME01971,0.6177724622693562
current-current-SME01971-003424,current-SME01971,0.6177724622693562
current-current-SME01972-003425,current-SME01972,0.694772408250066
current-current-SME01972-003426,current-SME01972,0.694772408250066
current-current-SME01973-003427,current-SME01973,0.6543709827062348
current-current-SME01973-003428,current-SME01973,0.6086210626022914
current-current-SME01974-003429,current-SME01974,0.809819959054994
current-current-SME01974-003430,current-SME01974,0.7962271645518796
current-current-SME01974-003431,current-SME01974,0.7788524002197498
current-current-SME01975-003432,current-SME01975,0.4395728407892411
current-current-SME01975-003433,current-SME01975,0.5090142725943906
current-current-SME01976-003434,current-SME01976,0.712770351107367
current-current-SME01976-003435,current-SME01976,0.712770351107367
current-current-SME01977-003436,current-SME01977,0.4718814494919526
current-current-SME01977-003437,current-SME01977,0.7271479844040436
current-current-SME01978-003438,current-SME01978,0.4934278788822175
current-current-SME01978-003439,current-SME01978,0.5441242025260591
current-current-SME01979-003440,current-SME01979,0.6473934208608847
current-current-SME01980-003441,current-SME01980,0.5727730982801436
current-current-SME01980-003442,current-SME01980,0.5116463926074925
current-current-SME01981-003443,current-SME01981,0.5529662927529938
current-current-SME01981-003444,current-SME01981,0.6213625814084398
current-current-SME01982-003445,current-SME01982,0.5289455085637222
current-current-SME01982-003446,current-SME01982,0.5652653590976595
current-current-SME01983-003447,current-SME01983,0.27245418607324656
current-current-SME01983-003448,current-SME01983,0.3334339332839227
current-current-SME01984-003449,current-SME01984,0.5449857081000992
current-current-SME01984-003450,current-SME01984,0.46077862884710385
current-current-SME01985-003451,current-SME01985,0.6307933678654077
current-current-SME01986-003452,current-SME01986,0.5360945644230335
current-current-SME01986-003453,current-SME01986,0.5406079004366958
current-current-SME01986-003454,current-SME01986,0.6423020151077393
current-current-SME01987-003455,current-SME01987,0.5887516910823204
current-current-SME01987-003456,current-SME01987,0.41406069582206334
current-current-SME01988-003457,current-SME01988,0.6581018028543273
current-current-SME01989-003458,current-SME01989,0.6489984322795926
current-current-SME01989-003459,current-SME01989,0.6348585282050825
current-current-SME01990-003460,current-SME01990,0.462640657738555
current-current-SME01990-003461,current-SME01990,0.42465957338122556
current-current-SME01991-003462,current-SME01991,0.41100889931405754
current-current-SME01991-003463,current-SME01991,0.5000012297643089
current-current-SME01991-003464,current-SME01991,0.5000012297643089
current-current-SME01992-003465,current-SME01992,0.6387881689208751
current-current-SME01992-003466,current-SME01992,0.7442146868435535
current-current-SME01992-003467,current-SME01992,0.6387881689208751
current-current-SME01993-003468,current-SME01993,0.3291282426202713
current-current-SME01994-003469,current-SME01994,0.7941067125523986
current-current-SME01994-003470,current-SME01994,0.7902166167739372
current-current-SME01995-003471,current-SME01995,0.5364711957180464
current-current-SME01996-003472,current-SME01996,0.6886202237001166
current-current-SME01996-003473,current-SME01996,0.6083245610838705
current-current-SME01997-003474,current-SME01997,0.5603201331293498
current-current-SME01997-003475,current-SME01997,0.5852727533179446
current-current-SME01998-003476,current-SME01998,0.6770097772441965
current-current-SME01998-003477,current-SME01998,0.7098759520817861
current-current-SME01999-003478,current-SME01999,0.8036513603402207
current-current-SME01999-003479,current-SME01999,0.5736728082892535
current-current-SME02000-003480,current-SME02000,0.7142958162341358
current-current-SME02000-003481,current-SME02000,0.7240797250135278
current-current-SME02001-003482,current-SME02001,0.696043581511205
current-current-SME02001-003483,current-SME02001,0.696043581511205
current-current-SME02002-003484,current-SME02002,0.6238751318164157
current-current-SME02002-003485,current-SME02002,0.31166185338926417
current-current-SME02002-003486,current-SME02002,0.4530109914277941
current-current-SME02003-003487,current-SME02003,0.6804768413640357
current-current-SME02003-003488,current-SME02003,0.7167574379044142
current-current-SME02004-003489,current-SME02004,0.3369513432065183
current-current-SME02004-003490,current-SME02004,0.49867378905634685
current-current-SME02005-003491,current-SME02005,0.36388871120956234
current-current-SME02005-003492,current-SME02005,0.46236787522156986
current-current-SME02006-003493,current-SME02006,0.6550419829622094
current-current-SME02006-003494,current-SME02006,0.632984157147363
current-current-SME02007-003495,current-SME02007,0.408513008930988
current-current-SME02008-003496,current-SME02008,0.5751227743203939
current-current-SME02008-003497,current-SME02008,0.6826643072246165
current-current-SME02009-003498,current-SME02009,0.5738725895295688
current-current-SME02009-003499,current-SME02009,0.5187702930952093
current-current-SME02010-003500,current-SME02010,0.5222355804599847
current-current-SME02010-003501,current-SME02010,0.5326452887423586
current-current-SME02010-003502,current-SME02010,0.6251285869689631
current-current-SME02011-003503,current-SME02011,0.6432250345893685
current-current-SME02012-003504,current-SME02012,0.2911973817313156
current-current-SME02013-003505,current-SME02013,0.6312500646331864
current-current-SME02013-003506,current-SME02013,0.6225230190554661
current-current-SME02014-003507,current-SME02014,0.7944622740627539
current-current-SME02014-003508,current-SME02014,0.793803550609854
current-current-SME02014-003509,current-SME02014,0.7990721008678016
current-current-SME02015-003510,current-SME02015,0.5787377949885459
current-current-SME02015-003511,current-SME02015,0.5886443615791478
current-current-SME02016-003512,current-SME02016,0.3624756190894279
current-current-SME02017-003513,current-SME02017,0.5066745553912253
current-current-SME02017-003514,current-SME02017,0.7363110108785752
current-current-SME02018-003515,current-SME02018,0.47182905748651355
current-current-SME02019-003516,current-SME02019,0.46606180528624824
current-current-SME02020-003517,current-SME02020,0.5735046347975354
current-current-SME02020-003518,current-SME02020,0.5764862551543571
current-current-SME02020-003519,current-SME02020,0.5360853444808992
current-current-SME02021-003520,current-SME02021,0.5864320927612721
current-current-SME02022-003521,current-SME02022,0.5374532078002207
current-current-SME02022-003522,current-SME02022,0.4333213170304673
current-current-SME02023-003523,current-SME02023,0.7041043963475357
current-current-SME02024-003524,current-SME02024,0.6689605872507574
current-current-SME02024-003525,current-SME02024,0.6643855117366375
current-current-SME02024-003526,current-SME02024,0.6546890860229646
current-current-SME02025-003527,current-SME02025,0.6893900658620686
current-current-SME02025-003528,current-SME02025,0.6893900658620686
current-current-SME02026-003529,current-SME02026,0.44453157874545574
current-current-SME02026-003530,current-SME02026,0.5139735028037188
current-current-SME02027-003531,current-SME02027,0.5621797773745173
current-current-SME02027-003532,current-SME02027,0.5541999478162736
current-current-SME02028-003533,current-SME02028,0.33800747859764807
current-current-SME02029-003534,current-SME02029,0.36928074999208266
current-current-SME02030-003535,current-SME02030,0.639111729777717
current-current-SME02030-003536,current-SME02030,0.5168405119263947
current-current-SME02031-003537,current-SME02031,0.5671696968502699
current-current-SME02031-003538,current-SME02031,0.5620704186964735
current-current-SME02031-003539,current-SME02031,0.5627947451414463
current-current-SME02032-003540,current-SME02032,0.6216280142923036
current-current-SME02033-003541,current-SME02033,0.37641867357373365
current-current-SME02033-003542,current-SME02033,0.2749350217326444
current-current-SME02034-003543,current-SME02034,0.43976915659782256
current-current-SME02035-003544,current-SME02035,0.6162621643849368
current-current-SME02036-003545,current-SME02036,0.5084017071931203
current-current-SME02037-003546,current-SME02037,0.4815856059722024
current-current-SME02037-003547,current-SME02037,0.5893750569099585
current-current-SME02038-003548,current-SME02038,0.43367464243746057
current-current-SME02038-003549,current-SME02038,0.5907820440862426
current-current-SME02038-003550,current-SME02038,0.5795802163002647
current-current-SME02039-003551,current-SME02039,0.6903664924136527
current-current-SME02039-003552,current-SME02039,0.718244325881734
current-current-SME02040-003553,current-SME02040,0.7192500118201506
current-current-SME02041-003554,current-SME02041,0.3431146739282176
current-current-SME02042-003555,current-SME02042,0.6597935974819239
current-current-SME02042-003556,current-SME02042,0.6597935974819239
current-current-SME02042-003557,current-SME02042,0.6596791857393651
current-current-SME02043-003558,current-SME02043,0.40818473203127364
current-current-SME02043-003559,current-SME02043,0.3893365055958324
current-current-SME02043-003560,current-SME02043,0.35493536235904455
current-current-SME02044-003561,current-SME02044,0.3421099152632749
current-current-SME02044-003562,current-SME02044,0.27606708443549394
current-current-SME02044-003563,current-SME02044,0.411978653963608
current-current-SME02045-003564,current-SME02045,0.7391450960885583
current-current-SME02046-003565,current-SME02046,0.4255892593258426
current-current-SME02046-003566,current-SME02046,0.46980240826378367
current-current-SME02047-003567,current-SME02047,0.40916753224858593
current-current-SME02048-003568,current-SME02048,0.5839176825427436
current-current-SME02049-003569,current-SME02049,0.7153950076722676
current-current-SME02049-003570,current-SME02049,0.7153950076722676
current-current-SME02050-003571,current-SME02050,0.6166592102422718
current-current-SME02050-003572,current-SME02050,0.6220836805445666
current-current-SME02051-003573,current-SME02051,0.3824193329913621
current-current-SME02051-003574,current-SME02051,0.5593297231773847
current-current-SME02051-003575,current-SME02051,0.5598875732449686
current-current-SME02052-003576,current-SME02052,0.5619263069571448
current-current-SME02052-003577,current-SME02052,0.5147529697209491
current-current-SME02053-003578,current-SME02053,0.42682550319526785
current-current-SME02053-003579,current-SME02053,0.4294513195157538
current-current-SME02053-003580,current-SME02053,0.41109963771291297
current-current-SME02054-003581,current-SME02054,0.6227613905904033
current-current-SME02054-003582,current-SME02054,0.6227613905904033
current-current-SME02054-003583,current-SME02054,0.45022307520631655
current-current-SME02055-003584,current-SME02055,0.5895942397970603
current-current-SME02055-003585,current-SME02055,0.6584434592123156
current-current-SME02056-003586,current-SME02056,0.43328032519094967
current-current-SME02057-003587,current-SME02057,0.6255731857488034
current-current-SME02057-003588,current-SME02057,0.627106311063846
current-current-SME02058-003589,current-SME02058,0.6325198025887316
current-current-SME02059-003590,current-SME02059,0.731179742408023
current-current-SME02059-003591,current-SME02059,0.7322273343421332
current-current-SME02060-003592,current-SME02060,0.5753972784234939
current-current-SME02060-003593,current-SME02060,0.6089416888196798
current-current-SME02061-003594,current-SME02061,0.49522203922819913
current-current-SME02061-003595,current-SME02061,0.576785769049578
current-current-SME02061-003596,current-SME02061,0.541689418122276
current-current-SME02062-003597,current-SME02062,0.5412700941598012
current-current-SME02062-003598,current-SME02062,0.5802895034461231
current-current-SME02063-003599,current-SME02063,0.6932568531554412
current-current-SME02063-003600,current-SME02063,0.6888089073093958
current-current-SME02064-003601,current-SME02064,0.681031708231841
current-current-SME02064-003602,current-SME02064,0.6790780441872609
current-current-SME02065-003603,current-SME02065,0.14889510285015944
current-current-SME02066-003604,current-SME02066,0.29215001012223435
current-current-SME02067-003605,current-SME02067,0.6107149960818848
current-current-SME02067-003606,current-SME02067,0.6840118264434724
current-current-SME02068-003607,current-SME02068,0.42484495623485996
current-current-SME02068-003608,current-SME02068,0.5218790587858274
current-current-SME02069-003609,current-SME02069,0.4338725817907063
current-current-SME02070-003610,current-SME02070,0.7310021548434384
current-current-SME02071-003611,current-SME02071,0.6196397931475064
current-current-SME02071-003612,current-SME02071,0.7105986654319116
current-current-SME02072-003613,current-SME02072,0.46246579732936494
current-current-SME02073-003614,current-SME02073,0.6295599387652201
current-current-SME02073-003615,current-SME02073,0.391097348939102
current-current-SME02073-003616,current-SME02073,0.6574380074309201
current-current-SME02074-003617,current-SME02074,0.6059515010982479
current-current-SME02075-003618,current-SME02075,0.5631804674647439
current-current-SME02076-003619,current-SME02076,0.6657431908816025
current-current-SME02076-003620,current-SME02076,0.6657431908816025
current-current-SME02077-003621,current-SME02077,0.6879988066302383
current-current-SME02078-003622,current-SME02078,0.6766732692933741
current-current-SME02078-003623,current-SME02078,0.6421067531763988
current-current-SME02079-003624,current-SME02079,0.5151317530003178
current-current-SME02080-003625,current-SME02080,0.653216092472936
current-current-SME02081-003626,current-SME02081,0.5553345327623828
current-current-SME02081-003627,current-SME02081,0.5825232551229634
current-current-SME02082-003628,current-SME02082,0.5610013726739428
current-current-SME02082-003629,current-SME02082,0.6232470768551086
current-current-SME02083-003630,current-SME02083,0.4754137395296129
current-current-SME02084-003631,current-SME02084,0.6886349781604647
current-current-SME02085-003632,current-SME02085,0.6278023452165711
current-current-SME02085-003633,current-SME02085,0.6278023452165711
current-current-SME02086-003634,current-SME02086,0.48139762065984176
current-current-SME02086-003635,current-SME02086,0.5532650830446574
current-current-SME02087-003636,current-SME02087,0.5241338691064229
current-current-SME02088-003637,current-SME02088,0.6532304032055447
current-current-SME02089-003638,current-SME02089,0.7759798824958436
current-current-SME02089-003639,current-SME02089,0.5919958722927549
current-current-SME02090-003640,current-SME02090,0.41738239026659296
current-current-SME02090-003641,current-SME02090,0.4724453957957539
current-current-SME02090-003642,current-SME02090,0.5453706784365125
current-current-SME02091-003643,current-SME02091,0.5415879129672908
current-current-SME02092-003644,current-SME02092,0.6880696784953493
current-current-SME02092-003645,current-SME02092,0.5886910381020474
current-current-SME02093-003646,current-SME02093,0.3646248045928428
current-current-SME02094-003647,current-SME02094,0.8434182940341848
current-current-SME02095-003648,current-SME02095,0.5055763038602491
current-current-SME02095-003649,current-SME02095,0.4777932553287127
current-current-SME02095-003650,current-SME02095,0.5011476195756018
current-current-SME02096-003651,current-SME02096,0.6175979926079684
current-current-SME02096-003652,current-SME02096,0.6755475482730671
current-current-SME02097-003653,current-SME02097,0.5454375344657082
current-current-SME02098-003654,current-SME02098,0.49636623408698594
current-current-SME02098-003655,current-SME02098,0.5779700720319836
current-current-SME02098-003656,current-SME02098,0.5655935568880119
current-current-SME02099-003657,current-SME02099,0.6574651607687234
current-current-SME02100-003658,current-SME02100,0.7668227478305973
current-current-SME02100-003659,current-SME02100,0.7667112368825874
current-current-SME02101-003660,current-SME02101,0.6667425029540669
current-current-SME02101-003661,current-SME02101,0.676625285223134
current-current-SME02102-003662,current-SME02102,0.35033047306181475
current-current-SME02103-003663,current-SME02103,0.7591844946664089
current-current-SME02104-003664,current-SME02104,0.6520213492480282
current-current-SME02105-003665,current-SME02105,0.4640007719662105
current-current-SME02106-003666,current-SME02106,0.18215896022730696
current-current-SME02106-003667,current-SME02106,0.46040817674902584
current-current-SME02106-003668,current-SME02106,0.41772600174403723
current-current-SME02107-003669,current-SME02107,0.4742586588116903
current-current-SME02108-003670,current-SME02108,0.6813422396867155
current-current-SME02109-003671,current-SME02109,0.3483694063975722
current-current-SME02109-003672,current-SME02109,0.38870060340894025
current-current-SME02110-003673,current-SME02110,0.4325725742957544
current-current-SME02110-003674,current-SME02110,0.6659664508099824
current-current-SME02111-003675,current-SME02111,0.4780357414261857
current-current-SME02112-003676,current-SME02112,0.6460463494916661
current-current-SME02113-003677,current-SME02113,0.44250846095884677
current-current-SME02113-003678,current-SME02113,0.42154329184967065
current-current-SME02114-003679,current-SME02114,0.682927427966923
current-current-SME02114-003680,current-SME02114,0.7370089567199579
current-current-SME02115-003681,current-SME02115,0.5039039598220839
current-current-SME02115-003682,current-SME02115,0.5700315034786855
current-current-SME02116-003683,current-SME02116,0.5804686504446279
current-current-SME02116-003684,current-SME02116,0.6692536258067451
current-current-SME02117-003685,current-SME02117,0.5776873038221433
current-current-SME02118-003686,current-SME02118,0.5262075385349527
current-current-SME02118-003687,current-SME02118,0.5590631983259398
current-current-SME02119-003688,current-SME02119,0.5488933034849636
current-current-SME02120-003689,current-SME02120,0.6182691271323685
current-current-SME02121-003690,current-SME02121,0.696651990128774
current-current-SME02122-003691,current-SME02122,0.640258573141694
current-current-SME02123-003692,current-SME02123,0.7394204283983936
current-current-SME02124-003693,current-SME02124,0.7949021871882249
current-current-SME02125-003694,current-SME02125,0.6043187760866334
current-current-SME02125-003695,current-SME02125,0.5975045212709003
current-current-SME02125-003696,current-SME02125,0.6003526283730876
current-current-SME02126-003697,current-SME02126,0.5601756141766765
current-current-SME02127-003698,current-SME02127,0.4224273868660815
current-current-SME02127-003699,current-SME02127,0.4464290660599825
current-current-SME02128-003700,current-SME02128,0.5131254570933724
current-current-SME02128-003701,current-SME02128,0.3351814959914505
current-current-SME02128-003702,current-SME02128,0.5361020856029565
current-current-SME02129-003703,current-SME02129,0.5132543306211139
current-current-SME02129-003704,current-SME02129,0.5328892112855846
current-current-SME02130-003705,current-SME02130,0.36149085052719077
current-current-SME02131-003706,current-SME02131,0.5886383369356623
current-current-SME02132-003707,current-SME02132,0.7595647970318411
current-current-SME02133-003708,current-SME02133,0.6932029758921584
current-current-SME02134-003709,current-SME02134,0.7103020085298248
current-current-SME02134-003710,current-SME02134,0.7058540626837795
current-current-SME02135-003711,current-SME02135,0.5039436988162659
current-current-SME02135-003712,current-SME02135,0.525189965923128
current-current-SME02136-003713,current-SME02136,0.564108488953465
current-current-SME02137-003714,current-SME02137,0.2617795066779634
current-current-SME02138-003715,current-SME02138,0.5045047268787699
current-current-SME02139-003716,current-SME02139,0.4153343164041673
current-current-SME02140-003717,current-SME02140,0.47599085820865356
current-current-SME02140-003718,current-SME02140,0.5449716290668623
current-current-SME02140-003719,current-SME02140,0.41394841085868384
current-current-SME02141-003720,current-SME02141,0.6075185548834589
current-current-SME02141-003721,current-SME02141,0.6119665007295042
current-current-SME02141-003722,current-SME02141,0.6173728964634744
current-current-SME02142-003723,current-SME02142,0.6841334071927146
current-current-SME02143-003724,current-SME02143,0.7485569725059708
current-current-SME02143-003725,current-SME02143,0.7485569725059708
current-current-SME02143-003726,current-SME02143,0.7485569725059708
current-current-SME02144-003727,current-SME02144,0.660195486027156
current-current-SME02145-003728,current-SME02145,0.5804895077307978
current-current-SME02146-003729,current-SME02146,0.536448035264968
current-current-SME02146-003730,current-SME02146,0.536448035264968
current-current-SME02146-003731,current-SME02146,0.41252826933827125
current-current-SME02147-003732,current-SME02147,0.6884488527416425
current-current-SME02147-003733,current-SME02147,0.6429226305638679
current-current-SME02148-003734,current-SME02148,0.5604811373503393
current-current-SME02149-003735,current-SME02149,0.6879883118352627
current-current-SME02149-003736,current-SME02149,0.739491429737012
current-current-SME02150-003737,current-SME02150,0.5799047794366364
current-current-SME02151-003738,current-SME02151,0.4549926431005407
current-current-SME02151-003739,current-SME02151,0.5303467742459941
current-current-SME02152-003740,current-SME02152,0.610805080921925
current-current-SME02153-003741,current-SME02153,0.45536588165631986
current-current-SME02154-003742,current-SME02154,0.7902166167739372
current-current-SME02154-003743,current-SME02154,0.7902166167739372
current-current-SME02155-003744,current-SME02155,0.34305549054304574
current-current-SME02155-003745,current-SME02155,0.4894505219603769
current-current-SME02156-003746,current-SME02156,0.5547383579758421
current-current-SME02156-003747,current-SME02156,0.5419971079201714
current-current-SME02157-003748,current-SME02157,0.5512604121683317
current-current-SME02158-003749,current-SME02158,0.6177253574223286
current-current-SME02159-003750,current-SME02159,0.5753845158531328
current-current-SME02159-003751,current-SME02159,0.6154845415354886
current-current-SME02160-003752,current-SME02160,0.790097907533845
current-current-SME02160-003753,current-SME02160,0.7966613983834727
current-current-SME02161-003754,current-SME02161,0.569585751366163
current-current-SME02161-003755,current-SME02161,0.5749974906702303
current-current-SME02162-003756,current-SME02162,0.5847353447435973
current-current-SME02162-003757,current-SME02162,0.5847353447435973
current-current-SME02163-003758,current-SME02163,0.32997075224901656
current-current-SME02164-003759,current-SME02164,0.8113255219082238
current-current-SME02164-003760,current-SME02164,0.8113255219082238
current-current-SME02165-003761,current-SME02165,0.4332197294211291
current-current-SME02165-003762,current-SME02165,0.5475975200617991
current-current-SME02166-003763,current-SME02166,0.4001977781363019
current-current-SME02167-003764,current-SME02167,0.5597130497876962
current-current-SME02167-003765,current-SME02167,0.545302406999804
current-current-SME02167-003766,current-SME02167,0.5896594303184451
current-current-SME02168-003767,current-SME02168,0.6398866666329897
current-current-SME02169-003768,current-SME02169,0.6950901461946808
current-current-SME02169-003769,current-SME02169,0.6724764723766096
current-current-SME02170-003770,current-SME02170,0.5311153309573992
current-current-SME02170-003771,current-SME02170,0.5733975728057258
current-current-SME02171-003772,current-SME02171,0.5709207243994419
current-current-SME02171-003773,current-SME02171,0.6018254106317855
current-current-SME02172-003774,current-SME02172,0.6597195558034739
current-current-SME02172-003775,current-SME02172,0.6415405966438469
current-current-SME02173-003776,current-SME02173,0.4142926745144372
current-current-SME02174-003777,current-SME02174,0.5133894327395423
current-current-SME02175-003778,current-SME02175,0.4567866603155872
current-current-SME02176-003779,current-SME02176,0.6005268219565041
current-current-SME02176-003780,current-SME02176,0.5976787148543168
current-current-SME02177-003781,current-SME02177,0.6698933454182661
current-current-SME02178-003782,current-SME02178,0.6470707903350312
current-current-SME02179-003783,current-SME02179,0.588534536519492
current-current-SME02180-003784,current-SME02180,0.6694151874951092
current-current-SME02181-003785,current-SME02181,0.5753492633352841
current-current-SME02182-003786,current-SME02182,0.380816631471108
current-current-SME02182-003787,current-SME02182,0.21927595614021106
current-current-SME02182-003788,current-SME02182,0.3553292084894004
current-current-SME02183-003789,current-SME02183,0.28235664527093424
current-current-SME02183-003790,current-SME02183,0.1881935097000785
current-current-SME02183-003791,current-SME02183,0.23886409005210127
current-current-SME02184-003792,current-SME02184,0.7763549122772003
current-current-SME02185-003793,current-SME02185,0.5740109382831645
current-current-SME02186-003794,current-SME02186,0.6165060733243816
current-current-SME02187-003795,current-SME02187,0.3259564134377304
current-current-SME02187-003796,current-SME02187,0.5152032664116605
current-current-SME02188-003797,current-SME02188,0.6751502503045728
current-current-SME02188-003798,current-SME02188,0.6479348734450282
current-current-SME02189-003799,current-SME02189,0.44655070720032325
current-current-SME02190-003800,current-SME02190,0.6207340603183386
current-current-SME02190-003801,current-SME02190,0.6198101669279389
current-current-SME02190-003802,current-SME02190,0.627041674579949
current-current-SME02191-003803,current-SME02191,0.7090915508347455
current-current-SME02191-003804,current-SME02191,0.6966762649883628
current-current-SME02192-003805,current-SME02192,0.7473821710292994
current-current-SME02192-003806,current-SME02192,0.737489028075816
current-current-SME02193-003807,current-SME02193,0.592969205604881
current-current-SME02193-003808,current-SME02193,0.5366653949681377
current-current-SME02194-003809,current-SME02194,0.5810360696281736
current-current-SME02195-003810,current-SME02195,0.5742860964475308
current-current-SME02196-003811,current-SME02196,0.35434386411510566
current-current-SME02196-003812,current-SME02196,0.4981094633113445
current-current-SME02197-003813,current-SME02197,0.6029128012252244
current-current-SME02198-003814,current-SME02198,0.7096409735804452
current-current-SME02198-003815,current-SME02198,0.7096409735804452
current-current-SME02199-003816,current-SME02199,0.4238763281833708
current-current-SME02200-003817,current-SME02200,0.6577396920369417
current-current-SME02200-003818,current-SME02200,0.8774763262893095
current-current-SME02201-003819,current-SME02201,0.5636192533743891
current-current-SME02201-003820,current-SME02201,0.5592631868820058
current-current-SME02202-003821,current-SME02202,0.5770015868363954
current-current-SME02203-003822,current-SME02203,0.36519802620460945
current-current-SME02203-003823,current-SME02203,0.4381709467208361
current-current-SME02204-003824,current-SME02204,0.8093851288599275
current-current-SME02204-003825,current-SME02204,0.8093851288599275
current-current-SME02205-003826,current-SME02205,0.2414850032103916
current-current-SME02206-003827,current-SME02206,0.6113396733108619
current-current-SME02206-003828,current-SME02206,0.6028839857496858
current-current-SME02207-003829,current-SME02207,0.317369558795713
current-current-SME02208-003830,current-SME02208,0.7808576418049864
current-current-SME02208-003831,current-SME02208,0.7808576418049864
current-current-SME02209-003832,current-SME02209,0.6618254675125247
current-current-SME02210-003833,current-SME02210,0.5536154742842573
current-current-SME02210-003834,current-SME02210,0.650555241008142
current-current-SME02210-003835,current-SME02210,0.650555241008142
current-current-SME02211-003836,current-SME02211,0.806287021452983
current-current-SME02212-003837,current-SME02212,0.5314640108924099
current-current-SME02212-003838,current-SME02212,0.5938418137144815
current-current-SME02213-003839,current-SME02213,0.5306154679331262
current-current-SME02213-003840,current-SME02213,0.5338024906612715
current-current-SME02213-003841,current-SME02213,0.5811257440423617
current-current-SME02214-003842,current-SME02214,0.7054478211324278
current-current-SME02214-003843,current-SME02214,0.7054478211324278
current-current-SME02215-003844,current-SME02215,0.5806994065502963
current-current-SME02215-003845,current-SME02215,0.6323863130468925
current-current-SME02215-003846,current-SME02215,0.6540736811876982
current-current-SME02216-003847,current-SME02216,0.6073641941008118
current-current-SME02216-003848,current-SME02216,0.47973623168536345
current-current-SME02217-003849,current-SME02217,0.3098888186442169
current-current-SME02217-003850,current-SME02217,0.2909557926868687
current-current-SME02218-003851,current-SME02218,0.6565892728019771
current-current-SME02218-003852,current-SME02218,0.7460560014708014
current-current-SME02219-003853,current-SME02219,0.5002857476278763
current-current-SME02220-003854,current-SME02220,0.4496080742319228
current-current-SME02220-003855,current-SME02220,0.4832127458050999
current-current-SME02220-003856,current-SME02220,0.5173176769579392
current-current-SME02221-003857,current-SME02221,0.6712912061821507
current-current-SME02222-003858,current-SME02222,0.5020091005848345
current-current-SME02222-003859,current-SME02222,0.6320200422250202
current-current-SME02223-003860,current-SME02223,0.6483134248688296
current-current-SME02224-003861,current-SME02224,0.405037719622433
current-current-SME02224-003862,current-SME02224,0.36251353308597406
current-current-SME02225-003863,current-SME02225,0.521374596622931
current-current-SME02225-003864,current-SME02225,0.5451637010763597
current-current-SME02226-003865,current-SME02226,0.373008488726171
current-current-SME02226-003866,current-SME02226,0.46286090586671386
current-current-SME02227-003867,current-SME02227,0.6478851895852935
current-current-SME02227-003868,current-SME02227,0.670308096266014
current-current-SME02228-003869,current-SME02228,0.5008012701677023
current-current-SME02229-003870,current-SME02229,0.5507184347048996
current-current-SME02229-003871,current-SME02229,0.6164199657081675
current-current-SME02229-003872,current-SME02229,0.5889953700703221
current-current-SME02230-003873,current-SME02230,0.4670439792389383
current-current-SME02231-003874,current-SME02231,0.44775676102655965
current-current-SME02231-003875,current-SME02231,0.5075402427548114
current-current-SME02232-003876,current-SME02232,0.7066224911011451
current-current-SME02233-003877,current-SME02233,0.7136717778501868
current-current-SME02233-003878,current-SME02233,0.7142296279177707
current-current-SME02234-003879,current-SME02234,0.40380890666756136
current-current-SME02235-003880,current-SME02235,0.6822943722298148
current-current-SME02235-003881,current-SME02235,0.6822943722298148
current-current-SME02236-003882,current-SME02236,0.5217878616013492
current-current-SME02237-003883,current-SME02237,0.598655594969153
current-current-SME02237-003884,current-SME02237,0.6546423899564826
current-current-SME02238-003885,current-SME02238,0.5285592932101318
current-current-SME02238-003886,current-SME02238,0.482156735628399
current-current-SME02239-003887,current-SME02239,0.5789667346029097
current-current-SME02239-003888,current-SME02239,0.5789667346029097
current-current-SME02240-003889,current-SME02240,0.769768712284745
current-current-SME02240-003890,current-SME02240,0.769768712284745
current-current-SME02241-003891,current-SME02241,0.6785762899979073
current-current-SME02241-003892,current-SME02241,0.6831952079132804
current-current-SME02241-003893,current-SME02241,0.6592178016141202
current-current-SME02242-003894,current-SME02242,0.5215725023176269
current-current-SME02243-003895,current-SME02243,0.4168987216041113
current-current-SME02243-003896,current-SME02243,0.4921552137899527
current-current-SME02244-003897,current-SME02244,0.6546169721921502
current-current-SME02244-003898,current-SME02244,0.64047706811764
current-current-SME02245-003899,current-SME02245,0.6299219846662532
current-current-SME02245-003900,current-SME02245,0.6692121830836394
current-current-SME02246-003901,current-SME02246,0.7633325520793469
current-current-SME02246-003902,current-SME02246,0.7633325520793469
current-current-SME02247-003903,current-SME02247,0.5222962965256738
current-current-SME02248-003904,current-SME02248,0.8316195782903292
current-current-SME02248-003905,current-SME02248,0.8316195782903292
current-current-SME02249-003906,current-SME02249,0.6006617391603067
current-current-SME02249-003907,current-SME02249,0.6168183213277532
current-current-SME02250-003908,current-SME02250,0.6841638482796512
current-current-SME02250-003909,current-SME02250,0.6893900658620686
current-current-SME02250-003910,current-SME02250,0.6892756541195099
current-current-SME02251-003911,current-SME02251,0.5886175993725895
current-current-SME02251-003912,current-SME02251,0.5635766937639404
current-current-SME02251-003913,current-SME02251,0.5585645179512585
current-current-SME02252-003914,current-SME02252,0.7746711491794751
current-current-SME02252-003915,current-SME02252,0.5496952789728201
current-current-SME02252-003916,current-SME02252,0.7789567116739697
current-current-SME02253-003917,current-SME02253,0.5833349235313804
current-current-SME02253-003918,current-SME02253,0.4935851946943234
current-current-SME02253-003919,current-SME02253,0.5906582100371737
current-current-SME02254-003920,current-SME02254,0.05432325246868593
current-current-SME02255-003921,current-SME02255,0.21162161125798257
current-current-SME02255-003922,current-SME02255,0.24355095607415703
current-current-SME02255-003923,current-SME02255,0.2897155181890919
current-current-SME02256-003924,current-SME02256,0.5312008279961475
current-current-SME02256-003925,current-SME02256,0.603328181920064
current-current-SME02256-003926,current-SME02256,0.5017999348042479
current-current-SME02257-003927,current-SME02257,0.5227422967956317
current-current-SME02258-003928,current-SME02258,0.5922380557710327
current-current-SME02258-003929,current-SME02258,0.5783749391612601
current-current-SME02259-003930,current-SME02259,0.5074831700545712
current-current-SME02259-003931,current-SME02259,0.6862810124802945
current-current-SME02259-003932,current-SME02259,0.5589318118208303
current-current-SME02260-003933,current-SME02260,0.2900466631849586
current-current-SME02261-003934,current-SME02261,0.6579593845406861
current-current-SME02261-003935,current-SME02261,0.6579593845406861
current-current-SME02261-003936,current-SME02261,0.6551112774384988
current-current-SME02262-003937,current-SME02262,0.463296586846397
current-current-SME02262-003938,current-SME02262,0.575238419450355
current-current-SME02263-003939,current-SME02263,0.5064298056752873
current-current-SME02264-003940,current-SME02264,0.6970743521120304
current-current-SME02265-003941,current-SME02265,0.3116250343104223
current-current-SME02265-003942,current-SME02265,0.5099473379885568
current-current-SME02266-003943,current-SME02266,0.6039025968086051
current-current-SME02266-003944,current-SME02266,0.6077982958449026
current-current-SME02267-003945,current-SME02267,0.4556730813066723
current-current-SME02268-003946,current-SME02268,0.603277963973387
current-current-SME02268-003947,current-SME02268,0.6856043916185706
current-current-SME02269-003948,current-SME02269,0.6408262215479668
current-current-SME02269-003949,current-SME02269,0.6460438355719538
current-current-SME02270-003950,current-SME02270,0.659527528298365
current-current-SME02271-003951,current-SME02271,0.48422717380474034
current-current-SME02272-003952,current-SME02272,0.453541717362739
current-current-SME02272-003953,current-SME02272,0.5281301028958345
current-current-SME02273-003954,current-SME02273,0.8011343128917079
current-current-SME02274-003955,current-SME02274,0.5776275153040686
current-current-SME02274-003956,current-SME02274,0.605595138336825
current-current-SME02275-003957,current-SME02275,0.6761294216046263
current-current-SME02275-003958,current-SME02275,0.724151926337203
current-current-SME02276-003959,current-SME02276,0.6158770591223096
current-current-SME02277-003960,current-SME02277,0.5647699844026276
current-current-SME02277-003961,current-SME02277,0.5977354205968468
current-current-SME02278-003962,current-SME02278,0.5350091997340438
current-current-SME02279-003963,current-SME02279,0.6647967130029118
current-current-SME02280-003964,current-SME02280,0.5212023963565231
current-current-SME02281-003965,current-SME02281,0.7447725369111374
current-current-SME02281-003966,current-SME02281,0.7442146868435535
current-current-SME02281-003967,current-SME02281,0.7305383966496863
current-current-SME02282-003968,current-SME02282,0.3947488539571123
current-current-SME02282-003969,current-SME02282,0.613127340156143
current-current-SME02283-003970,current-SME02283,0.5868207730119894
current-current-SME02284-003971,current-SME02284,0.2161203419362539
current-current-SME02285-003972,current-SME02285,0.6988552109028505
current-current-SME02286-003973,current-SME02286,0.5139955879828002
current-current-SME02286-003974,current-SME02286,0.5480835077943915
current-current-SME02287-003975,current-SME02287,0.44978893359236777
current-current-SME02287-003976,current-SME02287,0.539220015319958
current-current-SME02288-003977,current-SME02288,0.6170453363164995
current-current-SME02288-003978,current-SME02288,0.6262577744193167
current-current-SME02288-003979,current-SME02288,0.7221619807453555
current-current-SME02289-003980,current-SME02289,0.7411630809173843
current-current-SME02289-003981,current-SME02289,0.7411630809173843
current-current-SME02290-003982,current-SME02290,0.6367393229915498
current-current-SME02291-003983,current-SME02291,0.47178902939666034
current-current-SME02291-003984,current-SME02291,0.6002530668614402
current-current-SME02291-003985,current-SME02291,0.43149416162981624
current-current-SME02292-003986,current-SME02292,0.5847309723498364
current-current-SME02292-003987,current-SME02292,0.7434287079216966
current-current-SME02293-003988,current-SME02293,0.8457898675577156
current-current-SME02294-003989,current-SME02294,0.37952967499435136
current-current-SME02294-003990,current-SME02294,0.6405233468247821
current-current-SME02295-003991,current-SME02295,0.6185698629581523
current-current-SME02295-003992,current-SME02295,0.6200073183504596
current-current-SME02296-003993,current-SME02296,0.6864254540809228
current-current-SME02296-003994,current-SME02296,0.372425215505616
current-current-SME02297-003995,current-SME02297,0.41505201603007696
current-current-SME02298-003996,current-SME02298,0.8033621531833799
current-current-SME02299-003997,current-SME02299,0.5401500336184465
current-current-SME02299-003998,current-SME02299,0.6361352130281257
current-current-SME02300-003999,current-SME02300,0.6456063575254175
current-current-SME02300-004000,current-SME02300,0.755555323917973
current-current-SME02301-004001,current-SME02301,0.6825082496259609
current-current-SME02301-004002,current-SME02301,0.43725407598108895
current-current-SME02302-004003,current-SME02302,0.6835456420474588
current-current-SME02303-004004,current-SME02303,0.573834868136332
current-current-SME02303-004005,current-SME02303,0.600552183713456
current-current-SME02304-004006,current-SME02304,0.7759798824958436
current-current-SME02305-004007,current-SME02305,0.46819860811887243
current-current-SME02305-004008,current-SME02305,0.4974709935961503
current-current-SME02305-004009,current-SME02305,0.49250991887040235
current-current-SME02306-004010,current-SME02306,0.6653812079239086
current-current-SME02306-004011,current-SME02306,0.7226487599929382
current-current-SME02306-004012,current-SME02306,0.6852629172819619
current-current-SME02307-004013,current-SME02307,0.5243688054653352
current-current-SME02307-004014,current-SME02307,0.46473357388978614
current-current-SME02308-004015,current-SME02308,0.4716239653667879
current-current-SME02308-004016,current-SME02308,0.5674676197329535
current-current-SME02309-004017,current-SME02309,0.517586647627102
current-current-SME02309-004018,current-SME02309,0.551530240466664
current-current-SME02310-004019,current-SME02310,0.3204009028853388
current-current-SME02310-004020,current-SME02310,0.4915450227769807
current-current-SME02310-004021,current-SME02310,0.489891138222486
current-current-SME02311-004022,current-SME02311,0.39183979145224385
current-current-SME02312-004023,current-SME02312,0.5238705724796935
current-current-SME02313-004024,current-SME02313,0.7618703244134959
current-current-SME02313-004025,current-SME02313,0.8486524217066134
current-current-SME02314-004026,current-SME02314,0.530482202916969
current-current-SME02315-004027,current-SME02315,0.7230003082308567
current-current-SME02316-004028,current-SME02316,0.5868058164460717
current-current-SME02317-004029,current-SME02317,0.7902166167739372
current-current-SME02317-004030,current-SME02317,0.785230379834221
current-current-SME02318-004031,current-SME02318,0.7598040455083079
current-current-SME02319-004032,current-SME02319,0.7153268508267332
current-current-SME02319-004033,current-SME02319,0.7108789049806878
current-current-SME02320-004034,current-SME02320,0.7055902247318322
current-current-SME02321-004035,current-SME02321,0.6346278946860218
current-current-SME02322-004036,current-SME02322,0.6065774667310784
current-current-SME02322-004037,current-SME02322,0.7302527553371396
current-current-SME02323-004038,current-SME02323,0.4682152329499465
current-current-SME02324-004039,current-SME02324,0.44174128251217537
current-current-SME02325-004040,current-SME02325,0.5129578221008824
current-current-SME02325-004041,current-SME02325,0.5053662954536736
current-current-SME02325-004042,current-SME02325,0.5015715721800648
current-current-SME02326-004043,current-SME02326,0.3948968363120035
current-current-SME02326-004044,current-SME02326,0.5225701820360016
current-current-SME02327-004045,current-SME02327,0.6863070421170231
current-current-SME02328-004046,current-SME02328,0.5477779587694925
current-current-SME02329-004047,current-SME02329,0.4613486825700911
current-current-SME02330-004048,current-SME02330,0.597650657663303
current-current-SME02331-004049,current-SME02331,0.6753653917482458
current-current-SME02331-004050,current-SME02331,0.478609370718825
current-current-SME02331-004051,current-SME02331,0.6759232418158297
current-current-SME02332-004052,current-SME02332,0.2857151792244467
current-current-SME02333-004053,current-SME02333,0.21450592142543468
current-current-SME02333-004054,current-SME02333,0.3937049856980519
current-current-SME02334-004055,current-SME02334,0.6520797796859196
current-current-SME02334-004056,current-SME02334,0.636513957242677
current-current-SME02335-004057,current-SME02335,0.5165916539107894
current-current-SME02335-004058,current-SME02335,0.6381322305287149
current-current-SME02336-004059,current-SME02336,0.5169998926052419
current-current-SME02336-004060,current-SME02336,0.35896594752563094
current-current-SME02337-004061,current-SME02337,0.5307219909936158
current-current-SME02338-004062,current-SME02338,0.38997217238098447
current-current-SME02338-004063,current-SME02338,0.5832317416302245
current-current-SME02339-004064,current-SME02339,0.7903582820251441
current-current-SME02340-004065,current-SME02340,0.6429880432641488
current-current-SME02340-004066,current-SME02340,0.5339037374864463
current-current-SME02341-004067,current-SME02341,0.6374129341634086
current-current-SME02342-004068,current-SME02342,0.6309202891899547
current-current-SME02343-004069,current-SME02343,0.33876611305066456
current-current-SME02344-004070,current-SME02344,0.3799322746002096
current-current-SME02344-004071,current-SME02344,0.41127132635116254
current-current-SME02345-004072,current-SME02345,0.2832090253517159
current-current-SME02346-004073,current-SME02346,0.670829984354216
current-current-SME02346-004074,current-SME02346,0.6174819612456683
current-current-SME02347-004075,current-SME02347,0.39102250646274334
current-current-SME02347-004076,current-SME02347,0.5006978587388323
current-current-SME02348-004077,current-SME02348,0.4458614250920069
current-current-SME02348-004078,current-SME02348,0.39467427202450783
current-current-SME02349-004079,current-SME02349,0.6307624853565486
current-current-SME02349-004080,current-SME02349,0.5160547086491423
current-current-SME02350-004081,current-SME02350,0.33070133706523813
current-current-SME02350-004082,current-SME02350,0.3980881570900641
current-current-SME02351-004083,current-SME02351,0.5606080115512163
current-current-SME02351-004084,current-SME02351,0.575662557566353
current-current-SME02352-004085,current-SME02352,0.6564602865150728
current-current-SME02352-004086,current-SME02352,0.6564602865150728
current-current-SME02352-004087,current-SME02352,0.6614701754545403
current-current-SME02353-004088,current-SME02353,0.21127733358696874
current-current-SME02353-004089,current-SME02353,0.1965537411544668
current-current-SME02354-004090,current-SME02354,0.6326532222486331
current-current-SME02354-004091,current-SME02354,0.6421731910814229
current-current-SME02355-004092,current-SME02355,0.552393440344018
current-current-SME02355-004093,current-SME02355,0.6045070436754728
current-current-SME02355-004094,current-SME02355,0.6187671205858708
current-current-SME02356-004095,current-SME02356,0.8495113742197
current-current-SME02356-004096,current-SME02356,0.84939986327169
current-current-SME02356-004097,current-SME02356,0.8320221981450114
current-current-SME02357-004098,current-SME02357,0.6111387039126724
current-current-SME02358-004099,current-SME02358,0.6982014985427956
current-current-SME02358-004100,current-SME02358,0.6982014985427956
current-current-SME02359-004101,current-SME02359,0.35256942804738406
current-current-SME02359-004102,current-SME02359,0.4426856729053802
current-current-SME02360-004103,current-SME02360,0.6564492579387977
current-current-SME02360-004104,current-SME02360,0.6617824123674025
current-current-SME02361-004105,current-SME02361,0.6134119059871451
current-current-SME02361-004106,current-SME02361,0.54561561892874
current-current-SME02362-004107,current-SME02362,0.4656173541687122
current-current-SME02362-004108,current-SME02362,0.5500513602401068
current-current-SME02363-004109,current-SME02363,0.6342621944694163
current-current-SME02364-004110,current-SME02364,0.37278452681518404
current-current-SME02365-004111,current-SME02365,0.599802826222524
current-current-SME02365-004112,current-SME02365,0.6878060732623091
current-current-SME02366-004113,current-SME02366,0.3749576570814111
current-current-SME02367-004114,current-SME02367,0.40879076004416165
current-current-SME02367-004115,current-SME02367,0.4797190827950244
current-current-SME02368-004116,current-SME02368,0.6274504568115253
current-current-SME02368-004117,current-SME02368,0.6218428763525365
current-current-SME02369-004118,current-SME02369,0.46896728924961983
current-current-SME02370-004119,current-SME02370,0.42040535821293157
current-current-SME02370-004120,current-SME02370,0.4219698551516146
current-current-SME02371-004121,current-SME02371,0.6259297427727765
current-current-SME02371-004122,current-SME02371,0.5662278713732712
current-current-SME02372-004123,current-SME02372,0.7297548206761748
current-current-SME02372-004124,current-SME02372,0.7297548206761748
current-current-SME02373-004125,current-SME02373,0.7274560756364716
current-current-SME02373-004126,current-SME02373,0.6130129920079632
current-current-SME02374-004127,current-SME02374,0.386778918187142
current-current-SME02374-004128,current-SME02374,0.4159399098272503
current-current-SME02375-004129,current-SME02375,0.781743757545459
current-current-SME02375-004130,current-SME02375,0.7823016076130429
current-current-SME02376-004131,current-SME02376,0.44078450426238175
current-current-SME02376-004132,current-SME02376,0.44449070868082213
current-current-SME02377-004133,current-SME02377,0.669146914190843
current-current-SME02377-004134,current-SME02377,0.6538681023085327
current-current-SME02378-004135,current-SME02378,0.6040353611154989
current-current-SME02379-004136,current-SME02379,0.6078932083382542
current-current-SME02379-004137,current-SME02379,0.6615996714218685
current-current-SME02379-004138,current-SME02379,0.6187615691354209
current-current-SME02380-004139,current-SME02380,0.6770320513327033
current-current-SME02380-004140,current-SME02380,0.6297853471495676
current-current-SME02381-004141,current-SME02381,0.4499417947515412
current-current-SME02382-004142,current-SME02382,0.29241491903462224
current-current-SME02382-004143,current-SME02382,0.5392635155950052
current-current-SME02382-004144,current-SME02382,0.4567952630465599
current-current-SME02383-004145,current-SME02383,0.7080282788624728
current-current-SME02384-004146,current-SME02384,0.610442278566547
current-current-SME02385-004147,current-SME02385,0.24091029469022474
current-current-SME02385-004148,current-SME02385,0.32798876834365065
current-current-SME02385-004149,current-SME02385,0.23954692766713417
current-current-SME02386-004150,current-SME02386,0.7877511218760026
current-current-SME02386-004151,current-SME02386,0.797071291214595
current-current-SME02387-004152,current-SME02387,0.7387280510650058
current-current-SME02387-004153,current-SME02387,0.7387280510650058
current-current-SME02388-004154,current-SME02388,0.6627713881905168
current-current-SME02389-004155,current-SME02389,0.5740233735457367
current-current-SME02389-004156,current-SME02389,0.5615441258197337
current-current-SME02390-004157,current-SME02390,0.5664150241074399
current-current-SME02391-004158,current-SME02391,0.558328574349553
current-current-SME02392-004159,current-SME02392,0.8058383408761647
current-current-SME02392-004160,current-SME02392,0.8065626673211376
current-current-SME02393-004161,current-SME02393,0.6278023452165711
current-current-SME02394-004162,current-SME02394,0.5549138371549217
current-current-SME02394-004163,current-SME02394,0.758446685231793
current-current-SME02394-004164,current-SME02394,0.6419321799758237
current-current-SME02395-004165,current-SME02395,0.495887172263164
current-current-SME02395-004166,current-SME02395,0.5294575422585266
current-current-SME02396-004167,current-SME02396,0.50367145162276
current-current-SME02397-004168,current-SME02397,0.7410735300707407
current-current-SME02398-004169,current-SME02398,0.14059802499767238
current-current-SME02398-004170,current-SME02398,0.13883591432035838
current-current-SME02398-004171,current-SME02398,0.14423499405539442
current-current-SME02399-004172,current-SME02399,0.5647900662132187
current-current-SME02400-004173,current-SME02400,0.5867783743757198
current-current-SME02401-004174,current-SME02401,0.4128833798814925
current-current-SME02401-004175,current-SME02401,0.5690230698690856
current-current-SME02401-004176,current-SME02401,0.5700706618031958
current-current-SME02402-004177,current-SME02402,0.5656862103110505
current-current-SME02402-004178,current-SME02402,0.6271284134716139
current-current-SME02403-004179,current-SME02403,0.7727325894220737
current-current-SME02403-004180,current-SME02403,0.7732904394896576
current-current-SME02403-004181,current-SME02403,0.7727325894220737
current-current-SME02404-004182,current-SME02404,0.6792508371704101
current-current-SME02405-004183,current-SME02405,0.5469738584316536
current-current-SME02405-004184,current-SME02405,0.5030322128153925
current-current-SME02405-004185,current-SME02405,0.5660467422962241
current-current-SME02406-004186,current-SME02406,0.5804164285473122
current-current-SME02406-004187,current-SME02406,0.6587563164404094
current-current-SME02406-004188,current-SME02406,0.6499107654210362
current-current-SME02407-004189,current-SME02407,0.45860505389604367
current-current-SME02407-004190,current-SME02407,0.4832511417331583
current-current-SME02408-004191,current-SME02408,0.662491971333519
current-current-SME02409-004192,current-SME02409,0.5854722008755805
current-current-SME02409-004193,current-SME02409,0.6530919139148598
current-current-SME02410-004194,current-SME02410,0.671376829123735
current-current-SME02410-004195,current-SME02410,0.6577840346206205
current-current-SME02411-004196,current-SME02411,0.7443553711297041
current-current-SME02411-004197,current-SME02411,0.7350200782438046
current-current-SME02412-004198,current-SME02412,0.4309671680996844
current-current-SME02413-004199,current-SME02413,0.5596298572556815
current-current-SME02414-004200,current-SME02414,0.2833161027623372
current-current-SME02414-004201,current-SME02414,0.4264827043876945
current-current-SME02415-004202,current-SME02415,0.6574313802032048
current-current-SME02416-004203,current-SME02416,0.46115374513643625
current-current-SME02416-004204,current-SME02416,0.5932167426995965
current-current-SME02417-004205,current-SME02417,0.5946493256690926
current-current-SME02417-004206,current-SME02417,0.5058912339288117
current-current-SME02418-004207,current-SME02418,0.5904626090368658
current-current-SME02418-004208,current-SME02418,0.6510157427056115
current-current-SME02418-004209,current-SME02418,0.6290995510796883
current-current-SME02419-004210,current-SME02419,0.5806826849091345
current-current-SME02420-004211,current-SME02420,0.24507794818626183
current-current-SME02420-004212,current-SME02420,0.21131551632411585
current-current-SME02421-004213,current-SME02421,0.5757474437952527
current-current-SME02421-004214,current-SME02421,0.49570173295594283
current-current-SME02422-004215,current-SME02422,0.6886202237001166
current-current-SME02422-004216,current-SME02422,0.6886202237001166
current-current-SME02423-004217,current-SME02423,0.4973225760078883
current-current-SME02423-004218,current-SME02423,0.4915317611607575
current-current-SME02423-004219,current-SME02423,0.3754109317968739
current-current-SME02424-004220,current-SME02424,0.5947098112482891
current-current-SME02424-004221,current-SME02424,0.6979807579155096
current-current-SME02424-004222,current-SME02424,0.6979807579155096
current-current-SME02425-004223,current-SME02425,0.5534213828567478
current-current-SME02426-004224,current-SME02426,0.48870625708008547
current-current-SME02427-004225,current-SME02427,0.676929315360839
current-current-SME02427-004226,current-SME02427,0.6834928062104667
current-current-SME02428-004227,current-SME02428,0.5886727537342056
current-current-SME02428-004228,current-SME02428,0.5989406780051489
current-current-SME02428-004229,current-SME02428,0.5999882699392591
current-current-SME02429-004230,current-SME02429,0.7175571223066739
current-current-SME02429-004231,current-SME02429,0.712132652004379
current-current-SME02430-004232,current-SME02430,0.7127127495748704
current-current-SME02430-004233,current-SME02430,0.7468762655923421
current-current-SME02431-004234,current-SME02431,0.7178557285292868
current-current-SME02431-004235,current-SME02431,0.5764155086743921
current-current-SME02432-004236,current-SME02432,0.6028419082585939
current-current-SME02433-004237,current-SME02433,0.6905866826247431
current-current-SME02433-004238,current-SME02433,0.550704944785726
current-current-SME02434-004239,current-SME02434,0.41307159991592873
current-current-SME02434-004240,current-SME02434,0.6839953348919743
current-current-SME02435-004241,current-SME02435,0.5303581014417447
current-current-SME02436-004242,current-SME02436,0.5070670899404498
current-current-SME02436-004243,current-SME02436,0.47942093801008556
current-current-SME02437-004244,current-SME02437,0.6850943701421015
current-current-SME02437-004245,current-SME02437,0.690104259081569
current-current-SME02438-004246,current-SME02438,0.802700275180813
current-current-SME02438-004247,current-SME02438,0.8037478671149232
current-current-SME02439-004248,current-SME02439,0.5681859750485638
current-current-SME02439-004249,current-SME02439,0.6825102051651776
current-current-SME02440-004250,current-SME02440,0.3450958859692631
current-current-SME02441-004251,current-SME02441,0.7453597335274958
current-current-SME02441-004252,current-SME02441,0.746407325461606
current-current-SME02442-004253,current-SME02442,0.3642784083629727
current-current-SME02443-004254,current-SME02443,0.5721971833845997
current-current-SME02444-004255,current-SME02444,0.5316107763306441
current-current-SME02445-004256,current-SME02445,0.5175288518590777
current-current-SME02445-004257,current-SME02445,0.5153117424333203
current-current-SME02446-004258,current-SME02446,0.768977095700706
current-current-SME02446-004259,current-SME02446,0.6589411218503531
current-current-SME02447-004260,current-SME02447,0.5615562246525895
current-current-SME02447-004261,current-SME02447,0.7354972326970516
current-current-SME02447-004262,current-SME02447,0.713663203894039
current-current-SME02448-004263,current-SME02448,0.3997274705190551
current-current-SME02449-004264,current-SME02449,0.745548866296532
current-current-SME02449-004265,current-SME02449,0.7498344287910267
current-current-SME02450-004266,current-SME02450,0.6284739653652045
current-current-SME02450-004267,current-SME02450,0.6256258582630172
current-current-SME02451-004268,current-SME02451,0.8484869532093814
current-current-SME02452-004269,current-SME02452,0.5571403913426388
current-current-SME02452-004270,current-SME02452,0.5790788811853318
current-current-SME02453-004271,current-SME02453,0.7006560292264776
current-current-SME02454-004272,current-SME02454,0.6439930232927132
current-current-SME02455-004273,current-SME02455,0.5877165819265383
current-current-SME02455-004274,current-SME02455,0.5747531876627846
current-current-SME02456-004275,current-SME02456,0.5565229489283725
current-current-SME02457-004276,current-SME02457,0.7527498494612579
current-current-SME02457-004277,current-SME02457,0.7513059307617471
current-current-SME02458-004278,current-SME02458,0.6016484756674366
current-current-SME02458-004279,current-SME02458,0.6718396674475826
current-current-SME02459-004280,current-SME02459,0.6464700423432694
current-current-SME02460-004281,current-SME02460,0.603012272246127
current-current-SME02460-004282,current-SME02460,0.6072978347406216
current-current-SME02460-004283,current-SME02460,0.3149362192486792
current-current-SME02461-004284,current-SME02461,0.4739504921209624
current-current-SME02461-004285,current-SME02461,0.5000419876074634
current-current-SME02462-004286,current-SME02462,0.7654831497902503
current-current-SME02462-004287,current-SME02462,0.769768712284745
current-current-SME02463-004288,current-SME02463,0.3278032933517212
current-current-SME02463-004289,current-SME02463,0.32354568111685866
current-current-SME02463-004290,current-SME02463,0.3938925972579036
current-current-SME02464-004291,current-SME02464,0.7442806839139551
current-current-SME02464-004292,current-SME02464,0.8652594955474723
current-current-SME02465-004293,current-SME02465,0.5029889250756113
current-current-SME02465-004294,current-SME02465,0.6099929290318571
current-current-SME02466-004295,current-SME02466,0.41617923362914605
current-current-SME02466-004296,current-SME02466,0.6542666015937989
current-current-SME02466-004297,current-SME02466,0.4334612435098921
current-current-SME02467-004298,current-SME02467,0.7372879766492612
current-current-SME02467-004299,current-SME02467,0.7372879766492612
current-current-SME02468-004300,current-SME02468,0.4308394952946518
current-current-SME02468-004301,current-SME02468,0.695099551844168
current-current-SME02469-004302,current-SME02469,0.6031528582068949
current-current-SME02470-004303,current-SME02470,0.6871504478965205
current-current-SME02471-004304,current-SME02471,0.6177638445731731
current-current-SME02472-004305,current-SME02472,0.36507381936818817
current-current-SME02472-004306,current-SME02472,0.5897470204123625
current-current-SME02473-004307,current-SME02473,0.345123057750191
current-current-SME02473-004308,current-SME02473,0.4296401508796567
current-current-SME02474-004309,current-SME02474,0.6375655348874149
current-current-SME02474-004310,current-SME02474,0.6375655348874149
current-current-SME02475-004311,current-SME02475,0.5460671278485568
current-current-SME02475-004312,current-SME02475,0.46871612903208554
current-current-SME02476-004313,current-SME02476,0.4465425399652932
current-current-SME02476-004314,current-SME02476,0.3495768853526674
current-current-SME02477-004315,current-SME02477,0.46943728762394965
current-current-SME02477-004316,current-SME02477,0.46767517694663563
current-current-SME02478-004317,current-SME02478,0.5522990025045612
current-current-SME02479-004318,current-SME02479,0.5698486241963668
current-current-SME02479-004319,current-SME02479,0.6599625735731739
current-current-SME02480-004320,current-SME02480,0.4273437977451156
current-current-SME02480-004321,current-SME02480,0.6483985641896582
current-current-SME02481-004322,current-SME02481,0.5082035102249289
current-current-SME02482-004323,current-SME02482,0.7223451432206761
current-current-SME02482-004324,current-SME02482,0.7223451432206761
current-current-SME02482-004325,current-SME02482,0.7138894556595
current-current-SME02483-004326,current-SME02483,0.22963429366925187
current-current-SME02484-004327,current-SME02484,0.6283154329449366
current-current-SME02484-004328,current-SME02484,0.7229704526617732
current-current-SME02484-004329,current-SME02484,0.7240180445958834
current-current-SME02485-004330,current-SME02485,0.43488478532359937
current-current-SME02485-004331,current-SME02485,0.5869287888306036
current-current-SME02486-004332,current-SME02486,0.6528443467697252
current-current-SME02486-004333,current-SME02486,0.6538919387038354
current-current-SME02487-004334,current-SME02487,0.7072126666661809
current-current-SME02488-004335,current-SME02488,0.5494877036813807
current-current-SME02489-004336,current-SME02489,0.35831140107834775
current-current-SME02489-004337,current-SME02489,0.5160443592780819
current-current-SME02490-004338,current-SME02490,0.5499175335888746
current-current-SME02490-004339,current-SME02490,0.6201050336947067
current-current-SME02491-004340,current-SME02491,0.5454010434675102
current-current-SME02491-004341,current-SME02491,0.5831162751215209
current-current-SME02492-004342,current-SME02492,0.4946842120708171
current-current-SME02492-004343,current-SME02492,0.5023756764859691
current-current-SME02492-004344,current-SME02492,0.515807737067653
current-current-SME02493-004345,current-SME02493,0.7318517093553762
current-current-SME02494-004346,current-SME02494,0.5334388403112283
current-current-SME02495-004347,current-SME02495,0.5014976381777676
current-current-SME02496-004348,current-SME02496,0.6372300353564335
current-current-SME02497-004349,current-SME02497,0.741604243623257
current-current-SME02497-004350,current-SME02497,0.5481288596235855
current-current-SME02498-004351,current-SME02498,0.44306341349365336
current-current-SME02498-004352,current-SME02498,0.7512227875622515
current-current-SME02499-004353,current-SME02499,0.5630699009237581
current-current-SME02499-004354,current-SME02499,0.517152190729564
current-current-SME02500-004355,current-SME02500,0.5219809165501229
current-current-SME02501-004356,current-SME02501,0.723240796041156
current-current-SME02501-004357,current-SME02501,0.723240796041156
current-current-SME02502-004358,current-SME02502,0.5471527284496263
current-current-SME02502-004359,current-SME02502,0.5879632287807509
current-current-SME02503-004360,current-SME02503,0.591701195743353
current-current-SME02503-004361,current-SME02503,0.6597352001169543
current-current-SME02503-004362,current-SME02503,0.6907421133033876
current-current-SME02504-004363,current-SME02504,0.6585642715083363
current-current-SME02505-004364,current-SME02505,0.7575433327931388
current-current-SME02505-004365,current-SME02505,0.7448866192761245
current-current-SME02506-004366,current-SME02506,0.48226300505245834
current-current-SME02507-004367,current-SME02507,0.5951188087073592
current-current-SME02507-004368,current-SME02507,0.6167501799742628
current-current-SME02508-004369,current-SME02508,0.5528788797388154
current-current-SME02508-004370,current-SME02508,0.6115971141714113
current-current-SME02509-004371,current-SME02509,0.30620571586123574
current-current-SME02509-004372,current-SME02509,0.41528592545834536
current-current-SME02510-004373,current-SME02510,0.5275654864109067
current-current-SME02511-004374,current-SME02511,0.43115626552450415
current-current-SME02511-004375,current-SME02511,0.44249849772333233
current-current-SME02512-004376,current-SME02512,0.6147928346823948
current-current-SME02512-004377,current-SME02512,0.6049384931023792
current-current-SME02513-004378,current-SME02513,0.6585399560685538
current-current-SME02514-004379,current-SME02514,0.27594450321797076
current-current-SME02515-004380,current-SME02515,0.6484929095792213
current-current-SME02516-004381,current-SME02516,0.6938148569429313
current-current-SME02516-004382,current-SME02516,0.6264667310009809
current-current-SME02516-004383,current-SME02516,0.7292976485017287
current-current-SME02517-004384,current-SME02517,0.6269766953227204
current-current-SME02517-004385,current-SME02517,0.6917269613292394
current-current-SME02518-004386,current-SME02518,0.548958700575223
current-current-SME02519-004387,current-SME02519,0.7083898709221274
current-current-SME02519-004388,current-SME02519,0.7083898709221274
current-current-SME02520-004389,current-SME02520,0.6961506059154298
current-current-SME02520-004390,current-SME02520,0.7090915508347455
current-current-SME02521-004391,current-SME02521,0.6851608680836248
current-current-SME02521-004392,current-SME02521,0.7134238368772795
current-current-SME02521-004393,current-SME02521,0.6783228443823012
current-current-SME02522-004394,current-SME02522,0.47924771856439596
current-current-SME02522-004395,current-SME02522,0.5876463041967032
current-current-SME02523-004396,current-SME02523,0.425839841104237
current-current-SME02524-004397,current-SME02524,0.3949434717696589
current-current-SME02524-004398,current-SME02524,0.5335714517760566
current-current-SME02525-004399,current-SME02525,0.6401410044926071
current-current-SME02525-004400,current-SME02525,0.5284453737933578
current-current-SME02526-004401,current-SME02526,0.48207064344056066
current-current-SME02526-004402,current-SME02526,0.5673721517332674
current-current-SME02526-004403,current-SME02526,0.5839747319861942
current-current-SME02527-004404,current-SME02527,0.6414528164621499
current-current-SME02527-004405,current-SME02527,0.6667264710350828
current-current-SME02528-004406,current-SME02528,0.5049757632615944
current-current-SME02528-004407,current-SME02528,0.6882638133419401
current-current-SME02528-004408,current-SME02528,0.6840335616686203
current-current-SME02529-004409,current-SME02529,0.7072126666661809
current-current-SME02529-004410,current-SME02529,0.7072126666661809
current-current-SME02529-004411,current-SME02529,0.6115918467829005
current-current-SME02530-004412,current-SME02530,0.345915902454046
current-current-SME02531-004413,current-SME02531,0.6002482955440022
current-current-SME02532-004414,current-SME02532,0.466481859679998
current-current-SME02532-004415,current-SME02532,0.46767079049216104
current-current-SME02532-004416,current-SME02532,0.4968636647115055
current-current-SME02533-004417,current-SME02533,0.5717107052803027
current-current-SME02533-004418,current-SME02533,0.6838601979163734
current-current-SME02534-004419,current-SME02534,0.6394421621096645
current-current-SME02535-004420,current-SME02535,0.56450014321529
current-current-SME02536-004421,current-SME02536,0.49358729371359733
current-current-SME02537-004422,current-SME02537,0.6890339231113426
current-current-SME02537-004423,current-SME02537,0.7135162139895015
current-current-SME02537-004424,current-SME02537,0.6789496978725261
current-current-SME02538-004425,current-SME02538,0.6315662314445329
current-current-SME02539-004426,current-SME02539,0.5422208115588754
current-current-SME02540-004427,current-SME02540,0.5158049197048756
current-current-SME02540-004428,current-SME02540,0.6151547560649467
current-current-SME02540-004429,current-SME02540,0.6218680307797884
current-current-SME02541-004430,current-SME02541,0.4606740416376852
current-current-SME02542-004431,current-SME02542,0.5440184332492477
current-current-SME02543-004432,current-SME02543,0.49765847123989254
current-current-SME02544-004433,current-SME02544,0.41134680921480904
current-current-SME02545-004434,current-SME02545,0.6925532968921361
current-current-SME02546-004435,current-SME02546,0.44132293844534526
current-current-SME02546-004436,current-SME02546,0.4466235316966267
current-current-SME02547-004437,current-SME02547,0.769768712284745
current-current-SME02547-004438,current-SME02547,0.769657201336735
current-current-SME02548-004439,current-SME02548,0.4686192765498087
current-current-SME02548-004440,current-SME02548,0.5482306915523251
current-current-SME02549-004441,current-SME02549,0.5171837817415236
current-current-SME02550-004442,current-SME02550,0.7410735300707407
current-current-SME02550-004443,current-SME02550,0.7410735300707407
current-current-SME02550-004444,current-SME02550,0.740959118328182
current-current-SME02551-004445,current-SME02551,0.5146194774496518
current-current-SME02552-004446,current-SME02552,0.687237882001378
current-current-SME02552-004447,current-SME02552,0.7397412407987817
current-current-SME02553-004448,current-SME02553,0.7178892864360913
current-current-SME02554-004449,current-SME02554,0.5114199771172748
current-current-SME02554-004450,current-SME02554,0.6078080449231924
current-current-SME02554-004451,current-SME02554,0.6075004856826548
current-current-SME02555-004452,current-SME02555,0.769768712284745
current-current-SME02556-004453,current-SME02556,0.3770888537261971
current-current-SME02557-004454,current-SME02557,0.6153993452560658
current-current-SME02557-004455,current-SME02557,0.7114116697727926
current-current-SME02557-004456,current-SME02557,0.5681119299409767
current-current-SME02558-004457,current-SME02558,0.4755964818726471
current-current-SME02559-004458,current-SME02559,0.5707432869419082
current-current-SME02559-004459,current-SME02559,0.613263806830158
current-current-SME02559-004460,current-SME02559,0.5879749854530537
current-current-SME02560-004461,current-SME02560,0.4889778353389414
current-current-SME02561-004462,current-SME02561,0.6427705072057945
current-current-SME02562-004463,current-SME02562,0.7745987922216157
current-current-SME02563-004464,current-SME02563,0.5694161984737331
current-current-SME02564-004465,current-SME02564,0.482385931524402
current-current-SME02565-004466,current-SME02565,0.5497294707434491
current-current-SME02565-004467,current-SME02565,0.5540150332379438
current-current-SME02566-004468,current-SME02566,0.4213222787003211
current-current-SME02567-004469,current-SME02567,0.6985934820853577
current-current-SME02567-004470,current-SME02567,0.68531481266074
current-current-SME02568-004471,current-SME02568,0.5343943554804748
current-current-SME02569-004472,current-SME02569,0.7557179358521949
current-current-SME02570-004473,current-SME02570,0.4974383109048692
current-current-SME02570-004474,current-SME02570,0.5671308216008355
current-current-SME02571-004475,current-SME02571,0.5611495764189377
current-current-SME02571-004476,current-SME02571,0.5691297155065439
current-current-SME02572-004477,current-SME02572,0.5717996943757816
current-current-SME02572-004478,current-SME02572,0.7036317001377038
current-current-SME02573-004479,current-SME02573,0.5966439576587607
current-current-SME02573-004480,current-SME02573,0.4965979499581488
current-current-SME02574-004481,current-SME02574,0.7218433880016885
current-current-SME02574-004482,current-SME02574,0.520510905611735
current-current-SME02575-004483,current-SME02575,0.5772959362008243
current-current-SME02575-004484,current-SME02575,0.587825571273364
current-current-SME02576-004485,current-SME02576,0.46735620904745806
current-current-SME02576-004486,current-SME02576,0.6060635139148992
current-current-SME02577-004487,current-SME02577,0.5666599453957062
current-current-SME02578-004488,current-SME02578,0.43588008878727147
current-current-SME02579-004489,current-SME02579,0.646182287493921
current-current-SME02580-004490,current-SME02580,0.7982812664470876
current-current-SME02580-004491,current-SME02580,0.7982812664470876
current-current-SME02581-004492,current-SME02581,0.4199210700036323
current-current-SME02581-004493,current-SME02581,0.4160786081291932
current-current-SME02582-004494,current-SME02582,0.6067581674557875
current-current-SME02582-004495,current-SME02582,0.6327370960650707
current-current-SME02583-004496,current-SME02583,0.7410735300707407
current-current-SME02583-004497,current-SME02583,0.7405156800031568
current-current-SME02583-004498,current-SME02583,0.712810561277086
current-current-SME02584-004499,current-SME02584,0.6690592474265966
current-current-SME02585-004500,current-SME02585,0.7902166167739372
current-current-SME02586-004501,current-SME02586,0.40988219963030803
current-current-SME02587-004502,current-SME02587,0.29763417134608594
current-current-SME02587-004503,current-SME02587,0.40691157515774856
current-current-SME02588-004504,current-SME02588,0.6070284707757985
current-current-SME02588-004505,current-SME02588,0.6295461307538874
current-current-SME02588-004506,current-SME02588,0.6514846604726426
current-current-SME02589-004507,current-SME02589,0.5386398873852347
current-current-SME02589-004508,current-SME02589,0.5654640708428258
current-current-SME02590-004509,current-SME02590,0.012771448920423038
current-current-SME02590-004510,current-SME02590,0.16694768319616832
current-current-SME02591-004511,current-SME02591,0.5431711614403162
current-current-SME02592-004512,current-SME02592,0.36359467245491056
current-current-SME02592-004513,current-SME02592,0.424757704343186
current-current-SME02592-004514,current-SME02592,0.42211524020935487
current-current-SME02593-004515,current-SME02593,0.669832484092923
current-current-SME02593-004516,current-SME02593,0.6980954528865777
current-current-SME02594-004517,current-SME02594,0.722599865356996
current-current-SME02594-004518,current-SME02594,0.722599865356996
current-current-SME02594-004519,current-SME02594,0.50185578995708
current-current-SME02595-004520,current-SME02595,0.6640052116120136
current-current-SME02596-004521,current-SME02596,0.4682028618361828
current-current-SME02596-004522,current-SME02596,0.5535692834092008
current-current-SME02596-004523,current-SME02596,0.5380531318088778
current-current-SME02597-004524,current-SME02597,0.461421761176461
current-current-SME02597-004525,current-SME02597,0.5269446648690578
current-current-SME02598-004526,current-SME02598,0.48571038202450645
current-current-SME02598-004527,current-SME02598,0.47409277781684955
current-current-SME02599-004528,current-SME02599,0.7372701580340496
current-current-SME02599-004529,current-SME02599,0.7372701580340496
current-current-SME02600-004530,current-SME02600,0.47573797296139786
current-current-SME02601-004531,current-SME02601,0.549011561247462
current-current-SME02602-004532,current-SME02602,0.40596757247989
current-current-SME02602-004533,current-SME02602,0.36629149304561837
current-current-SME02603-004534,current-SME02603,0.4301262386947458
current-current-SME02604-004535,current-SME02604,0.5351480387562514
current-current-SME02605-004536,current-SME02605,0.538413023823776
current-current-SME02605-004537,current-SME02605,0.5404054561629533
current-current-SME02606-004538,current-SME02606,0.8032824614256936
current-current-SME02607-004539,current-SME02607,0.6358438215745794
current-current-SME02608-004540,current-SME02608,0.45875575976256894
current-current-SME02608-004541,current-SME02608,0.1653170048790814
current-current-SME02609-004542,current-SME02609,0.39634272701395135
current-current-SME02610-004543,current-SME02610,0.37870317168196066
current-current-SME02610-004544,current-SME02610,0.42012862204648754
current-current-SME02611-004545,current-SME02611,0.6150487531053349
current-current-SME02611-004546,current-SME02611,0.6215372798760748
current-current-SME02612-004547,current-SME02612,0.7052671863938031
current-current-SME02612-004548,current-SME02612,0.7052671863938031
current-current-SME02613-004549,current-SME02613,0.4604899562903982
current-current-SME02613-004550,current-SME02613,0.5069112709890716
current-current-SME02614-004551,current-SME02614,0.6038200941819342
current-current-SME02614-004552,current-SME02614,0.691083765505247
current-current-SME02614-004553,current-SME02614,0.7059538735492646
current-current-SME02615-004554,current-SME02615,0.49150759719962406
current-current-SME02616-004555,current-SME02616,0.2961114179131449
current-current-SME02617-004556,current-SME02617,0.6656777311008031
current-current-SME02618-004557,current-SME02618,0.6780627816980519
current-current-SME02618-004558,current-SME02618,0.7292519531350748
current-current-SME02619-004559,current-SME02619,0.1966029651916844
current-current-SME02619-004560,current-SME02619,0.10813532967256684
current-current-SME02619-004561,current-SME02619,0.11254152547954628
current-current-SME02620-004562,current-SME02620,0.5097742878391754
current-current-SME02620-004563,current-SME02620,0.45269691855434846
current-current-SME02621-004564,current-SME02621,0.5750161733391972
current-current-SME02621-004565,current-SME02621,0.588218423234145
current-current-SME02621-004566,current-SME02621,0.5508676657223052
current-current-SME02622-004567,current-SME02622,0.3622128595712439
current-current-SME02623-004568,current-SME02623,0.7257043876443515
current-current-SME02624-004569,current-SME02624,0.5656950750178229
current-current-SME02625-004570,current-SME02625,0.24840104613975242
current-current-SME02625-004571,current-SME02625,0.48811021295435086
current-current-SME02626-004572,current-SME02626,0.5464314556455719
current-current-SME02627-004573,current-SME02627,0.6249439446171625
current-current-SME02628-004574,current-SME02628,0.29384181834413664
current-current-SME02628-004575,current-SME02628,0.42456642009167517
current-current-SME02628-004576,current-SME02628,0.3975175866355302
current-current-SME02629-004577,current-SME02629,0.6185291059205185
current-current-SME02629-004578,current-SME02629,0.7012485611649324
current-current-SME02629-004579,current-SME02629,0.7012485611649324
current-current-SME02630-004580,current-SME02630,0.7661346376447973
current-current-SME02631-004581,current-SME02631,0.4824307009415807
current-current-SME02632-004582,current-SME02632,0.3709497534118609
current-current-SME02633-004583,current-SME02633,0.6383426053565102
current-current-SME02633-004584,current-SME02633,0.6299760284358132
current-current-SME02634-004585,current-SME02634,0.5126302651529285
current-current-SME02634-004586,current-SME02634,0.46431821115846694
current-current-SME02634-004587,current-SME02634,0.43713273728486907
current-current-SME02635-004588,current-SME02635,0.6207947511777696
current-current-SME02636-004589,current-SME02636,0.781012871819747
current-current-SME02637-004590,current-SME02637,0.6797082872977159
current-current-SME02638-004591,current-SME02638,0.7526991466406843
current-current-SME02638-004592,current-SME02638,0.8328621765199136
current-current-SME02639-004593,current-SME02639,0.5258025959247993
current-current-SME02639-004594,current-SME02639,0.5886773022704503
current-current-SME02639-004595,current-SME02639,0.5377954591462182
current-current-SME02640-004596,current-SME02640,0.6190286336234384
current-current-SME02641-004597,current-SME02641,0.4952890794622486
current-current-SME02642-004598,current-SME02642,0.4651951015280485
current-current-SME02642-004599,current-SME02642,0.6687373942397207
current-current-SME02643-004600,current-SME02643,0.6816863121662186
current-current-SME02643-004601,current-SME02643,0.747434115659926
current-current-SME02644-004602,current-SME02644,0.4242524638034072
current-current-SME02644-004603,current-SME02644,0.4410764876602145
current-current-SME02645-004604,current-SME02645,0.5316525651636785
current-current-SME02646-004605,current-SME02646,0.41491007075123915
current-current-SME02647-004606,current-SME02647,0.5176912239845591
current-current-SME02648-004607,current-SME02648,0.43791483020459604
current-current-SME02649-004608,current-SME02649,0.27667533283807766
current-current-SME02650-004609,current-SME02650,0.5014970993565662
current-current-SME02651-004610,current-SME02651,0.37069602612036656
current-current-SME02651-004611,current-SME02651,0.3537068579075512
current-current-SME02651-004612,current-SME02651,0.42042610988922846
current-current-SME02652-004613,current-SME02652,0.11186446275824705
current-current-SME02652-004614,current-SME02652,0.1629597752351786
current-current-SME02653-004615,current-SME02653,0.6424636682794865
current-current-SME02654-004616,current-SME02654,0.7679227658698398
current-current-SME02655-004617,current-SME02655,0.536272554545703
current-current-SME02655-004618,current-SME02655,0.612000875169802
current-current-SME02656-004619,current-SME02656,0.42996505682607955
current-current-SME02656-004620,current-SME02656,0.4754435052976945
current-current-SME02656-004621,current-SME02656,0.4158803677924827
current-current-SME02657-004622,current-SME02657,0.4626368132732515
current-current-SME02658-004623,current-SME02658,0.4436281703809935
current-current-SME02659-004624,current-SME02659,0.6478627695248876
current-current-SME02659-004625,current-SME02659,0.5316602303571801
current-current-SME02659-004626,current-SME02659,0.6521483320193823
current-current-SME02660-004627,current-SME02660,0.6942294299197176
current-current-SME02661-004628,current-SME02661,0.7060855202354157
current-current-SME02661-004629,current-SME02661,0.7060855202354157
current-current-SME02662-004630,current-SME02662,0.4173544324079586
current-current-SME02662-004631,current-SME02662,0.5686936489115907
current-current-SME02663-004632,current-SME02663,0.5992539450357424
current-current-SME02664-004633,current-SME02664,0.6663920960601203
current-current-SME02665-004634,current-SME02665,0.08515896540865704
current-current-SME02666-004635,current-SME02666,0.5187767804635942
current-current-SME02666-004636,current-SME02666,0.6459271599447503
current-current-SME02667-004637,current-SME02667,0.590395215678825
current-current-SME02667-004638,current-SME02667,0.6147479654850911
current-current-SME02668-004639,current-SME02668,0.663722512749816
current-current-SME02668-004640,current-SME02668,0.5796273076886864
current-current-SME02669-004641,current-SME02669,0.6401165235983823
current-current-SME02669-004642,current-SME02669,0.4687181602741989
current-current-SME02670-004643,current-SME02670,0.597798601848747
current-current-SME02670-004644,current-SME02670,0.6587341635241298
current-current-SME02670-004645,current-SME02670,0.6459062159161495
current-current-SME02671-004646,current-SME02671,0.5125937422781166
current-current-SME02671-004647,current-SME02671,0.5427493122574701
current-current-SME02672-004648,current-SME02672,0.502549306215829
current-current-SME02673-004649,current-SME02673,0.7320886439983608
current-current-SME02674-004650,current-SME02674,0.5483551294741627
current-current-SME02674-004651,current-SME02674,0.5669414405145985
current-current-SME02675-004652,current-SME02675,0.6201015729694004
current-current-SME02675-004653,current-SME02675,0.6206193300931839
current-current-SME02676-004654,current-SME02676,0.2288657178334055
current-current-SME02677-004655,current-SME02677,0.5666877630646306
current-current-SME02677-004656,current-SME02677,0.6173296002644627
current-current-SME02678-004657,current-SME02678,0.7679335427096167
current-current-SME02678-004658,current-SME02678,0.7679335427096167
current-current-SME02679-004659,current-SME02679,0.4269520278928589
current-current-SME02679-004660,current-SME02679,0.3470854641431494
current-current-SME02680-004661,current-SME02680,0.7825712338244216
current-current-SME02680-004662,current-SME02680,0.8065870489782001
current-current-SME02681-004663,current-SME02681,0.4559165981105737
current-current-SME02682-004664,current-SME02682,0.6606809299805062
current-current-SME02683-004665,current-SME02683,0.16437465089686457
current-current-SME02683-004666,current-SME02683,0.21889408309311298
current-current-SME02684-004667,current-SME02684,0.48342769144753345
current-current-SME02685-004668,current-SME02685,0.5687149358823653
current-current-SME02685-004669,current-SME02685,0.6614862714665711
current-current-SME02685-004670,current-SME02685,0.6325619708884228
current-current-SME02686-004671,current-SME02686,0.42022329565880756
current-current-SME02687-004672,current-SME02687,0.5496432848702288
current-current-SME02688-004673,current-SME02688,0.5788601446709534
current-current-SME02688-004674,current-SME02688,0.5700031431390791
current-current-SME02689-004675,current-SME02689,0.4047255413150435
current-current-SME02690-004676,current-SME02690,0.6244191693568456
current-current-SME02691-004677,current-SME02691,0.5869901193226998
current-current-SME02692-004678,current-SME02692,0.7103690409892957
current-current-SME02693-004679,current-SME02693,0.4682505435711279
current-current-SME02694-004680,current-SME02694,0.7202750311114975
current-current-SME02694-004681,current-SME02694,0.6730283269283618
current-current-SME02695-004682,current-SME02695,0.6900176317395841
current-current-SME02695-004683,current-SME02695,0.6425281118521922
current-current-SME02695-004684,current-SME02695,0.6425281118521922
current-current-SME02696-004685,current-SME02696,0.6883111957270421
current-current-SME02696-004686,current-SME02696,0.679216328055045
current-current-SME02697-004687,current-SME02697,0.49437997602619993
current-current-SME02697-004688,current-SME02697,0.5272749903683911
current-current-SME02697-004689,current-SME02697,0.5298148241818322
current-current-SME02698-004690,current-SME02698,0.5957131726109802
current-current-SME02698-004691,current-SME02698,0.6172935764031947
current-current-SME02698-004692,current-SME02698,0.6121856557042175
current-current-SME02699-004693,current-SME02699,0.3293601157301041
current-current-SME02699-004694,current-SME02699,0.45469138316690083
current-current-SME02700-004695,current-SME02700,0.39853317733291777
current-current-SME02701-004696,current-SME02701,0.3596549509530795
current-current-SME02701-004697,current-SME02701,0.534991749587539
current-current-SME02702-004698,current-SME02702,0.8052006417731767
current-current-SME02702-004699,current-SME02702,0.8052006417731767
current-current-SME02703-004700,current-SME02703,0.32521709048838776
current-current-SME02703-004701,current-SME02703,0.5499525678610242
current-current-SME02703-004702,current-SME02703,0.5445004329565877
current-current-SME02704-004703,current-SME02704,0.4106142106283837
current-current-SME02705-004704,current-SME02705,0.6517693214853616
current-current-SME02705-004705,current-SME02705,0.6546174285875489
current-current-SME02705-004706,current-SME02705,0.6108308061932228
current-current-SME02706-004707,current-SME02706,0.6402769580935208
current-current-SME02706-004708,current-SME02706,0.4739391522164967
current-current-SME02707-004709,current-SME02707,0.591471416896778
current-current-SME02707-004710,current-SME02707,0.6699608690880562
current-current-SME02708-004711,current-SME02708,0.2938953384102582
current-current-SME02708-004712,current-SME02708,0.5646941197854749
current-current-SME02709-004713,current-SME02709,0.6530262487553471
current-current-SME02710-004714,current-SME02710,0.003003325412651331
current-current-SME02710-004715,current-SME02710,0.15729410232821492
current-current-SME02711-004716,current-SME02711,0.6344600209567276
current-current-SME02712-004717,current-SME02712,0.3613984345773073
current-current-SME02712-004718,current-SME02712,0.3310276655003461
current-current-SME02713-004719,current-SME02713,0.49269084208657
current-current-SME02713-004720,current-SME02713,0.507707971449789
current-current-SME02713-004721,current-SME02713,0.4620953817802915
current-current-SME02714-004722,current-SME02714,0.3715200047008295
current-current-SME02715-004723,current-SME02715,0.5436561528414734
current-current-SME02715-004724,current-SME02715,0.6350540650733196
current-current-SME02716-004725,current-SME02716,0.6765902470724411
current-current-SME02717-004726,current-SME02717,0.3540802802422035
current-current-SME02717-004727,current-SME02717,0.40343864841500493
current-current-SME02718-004728,current-SME02718,0.5173593441856126
current-current-SME02718-004729,current-SME02718,0.6840860034260604
current-current-SME02718-004730,current-SME02718,0.5172449324430538
current-current-SME02719-004731,current-SME02719,0.4473386782945558
current-current-SME02720-004732,current-SME02720,0.6092625088817007
current-current-SME02720-004733,current-SME02720,0.6174277244933432
current-current-SME02721-004734,current-SME02721,0.5156493882451915
current-current-SME02722-004735,current-SME02722,0.77561585337342
current-current-SME02723-004736,current-SME02723,0.5192166393606857
current-current-SME02723-004737,current-SME02723,0.5073241299071556
current-current-SME02723-004738,current-SME02723,0.5193730373290577
current-current-SME02724-004739,current-SME02724,0.5850290141709806
current-current-SME02724-004740,current-SME02724,0.5595629343080593
current-current-SME02724-004741,current-SME02724,0.5595629343080593
current-current-SME02725-004742,current-SME02725,0.47453228279253257
current-current-SME02725-004743,current-SME02725,0.5503400659634409
current-current-SME02725-004744,current-SME02725,0.42385220378798943
current-current-SME02726-004745,current-SME02726,0.5664189915479589
current-current-SME02726-004746,current-SME02726,0.5846312523211059
current-current-SME02727-004747,current-SME02727,0.5487588665839985
current-current-SME02727-004748,current-SME02727,0.4801461664520796
current-current-SME02728-004749,current-SME02728,0.5641463072452896
current-current-SME02729-004750,current-SME02729,0.6312396040401583
current-current-SME02730-004751,current-SME02730,0.5760250575124921
current-current-SME02731-004752,current-SME02731,0.7271308918196174
current-current-SME02731-004753,current-SME02731,0.7265308312363706
current-current-SME02732-004754,current-SME02732,0.703181419347323
current-current-SME02732-004755,current-SME02732,0.703181419347323
current-current-SME02733-004756,current-SME02733,0.2884649688742359
current-current-SME02733-004757,current-SME02733,0.3321129622751132
current-current-SME02734-004758,current-SME02734,0.36003841593463937
current-current-SME02734-004759,current-SME02734,0.43125002849054794
current-current-SME02735-004760,current-SME02735,0.49547123584166697
current-current-SME02736-004761,current-SME02736,0.5540941525283121
current-current-SME02737-004762,current-SME02737,0.4689153889345485
current-current-SME02738-004763,current-SME02738,0.5089328297142661
current-current-SME02738-004764,current-SME02738,0.49179943540746807
current-current-SME02739-004765,current-SME02739,0.3751859443065916
current-current-SME02740-004766,current-SME02740,0.6721521670149899
current-current-SME02740-004767,current-SME02740,0.574740023362564
current-current-SME02741-004768,current-SME02741,0.6336133296412978
current-current-SME02741-004769,current-SME02741,0.5410645136555031
current-current-SME02742-004770,current-SME02742,0.5910014443690906
current-current-SME02742-004771,current-SME02742,0.5952870068635853
current-current-SME02743-004772,current-SME02743,0.5913991527716229
current-current-SME02743-004773,current-SME02743,0.8104822133491187
current-current-SME02744-004774,current-SME02744,0.601081422173232
current-current-SME02745-004775,current-SME02745,0.5257220020338595
current-current-SME02745-004776,current-SME02745,0.718326414445947
current-current-SME02746-004777,current-SME02746,0.6696664258402002
current-current-SME02747-004778,current-SME02747,0.48572102822007435
current-current-SME02747-004779,current-SME02747,0.5225348491703271
current-current-SME02748-004780,current-SME02748,0.32753756345956114
current-current-SME02749-004781,current-SME02749,0.6406168269365641
current-current-SME02749-004782,current-SME02749,0.6307624853565486
current-current-SME02749-004783,current-SME02749,0.6456267158760316
current-current-SME02750-004784,current-SME02750,0.5128996442653392
current-current-SME02750-004785,current-SME02750,0.5927212662730742
current-current-SME02751-004786,current-SME02751,0.6869549143326091
current-current-SME02752-004787,current-SME02752,0.5396653130540326
current-current-SME02752-004788,current-SME02752,0.609320365393831
current-current-SME02753-004789,current-SME02753,0.36938538390387704
current-current-SME02753-004790,current-SME02753,0.6547715625822019
current-current-SME02754-004791,current-SME02754,0.5622652426738594
current-current-SME02754-004792,current-SME02754,0.610088117047248
current-current-SME02755-004793,current-SME02755,0.6692858471539584
current-current-SME02756-004794,current-SME02756,0.2984381061347002
current-current-SME02756-004795,current-SME02756,0.2832282025942789
current-current-SME02757-004796,current-SME02757,0.5231032231393037
current-current-SME02758-004797,current-SME02758,0.597762906755921
current-current-SME02758-004798,current-SME02758,0.6034994090135758
current-current-SME02759-004799,current-SME02759,0.35182434121949246
current-current-SME02760-004800,current-SME02760,0.643585011348515
current-current-SME02760-004801,current-SME02760,0.7413878686860087
current-current-SME02761-004802,current-SME02761,0.5010108452046738
current-current-SME02761-004803,current-SME02761,0.5262996184229998
current-current-SME02761-004804,current-SME02761,0.49182445879083564
current-current-SME02762-004805,current-SME02762,0.4844820900509728
current-current-SME02762-004806,current-SME02762,0.5577823170557858
current-current-SME02763-004807,current-SME02763,0.3627410155858564
current-current-SME02763-004808,current-SME02763,0.5683640316144671
current-current-SME02764-004809,current-SME02764,0.6392741697920651
current-current-SME02764-004810,current-SME02764,0.6369839127574617
current-current-SME02765-004811,current-SME02765,0.6603737031671196
current-current-SME02766-004812,current-SME02766,0.7788643345617478
current-current-SME02767-004813,current-SME02767,0.7961747470640131
current-current-SME02768-004814,current-SME02768,0.815212937389966
current-current-SME02768-004815,current-SME02768,0.815212937389966
current-current-SME02768-004816,current-SME02768,0.782075242604605
current-current-SME02769-004817,current-SME02769,0.4740952815327264
current-current-SME02769-004818,current-SME02769,0.4313977062428979
current-current-SME02770-004819,current-SME02770,0.6067267278881724
current-current-SME02771-004820,current-SME02771,0.6856463006973911
current-current-SME02771-004821,current-SME02771,0.6856463006973911
current-current-SME02772-004822,current-SME02772,0.30084318342419214
current-current-SME02772-004823,current-SME02772,0.44300538056786865
current-current-SME02773-004824,current-SME02773,0.6733559783781142
current-current-SME02773-004825,current-SME02773,0.6833575003215526
current-current-SME02774-004826,current-SME02774,0.44426830689224317
current-current-SME02775-004827,current-SME02775,0.555983987772504
current-current-SME02775-004828,current-SME02775,0.5830498229645529
current-current-SME02776-004829,current-SME02776,0.5435402830205076
current-current-SME02777-004830,current-SME02777,0.6198472183257819
current-current-SME02777-004831,current-SME02777,0.43853751652849265
current-current-SME02777-004832,current-SME02777,0.6248571072652495
current-current-SME02778-004833,current-SME02778,0.45631588512769816
current-current-SME02778-004834,current-SME02778,0.5690058586916628
current-current-SME02778-004835,current-SME02778,0.5322575946731021
current-current-SME02779-004836,current-SME02779,0.48980092333309755
current-current-SME02779-004837,current-SME02779,0.5751749286001925
current-current-SME02780-004838,current-SME02780,0.3416329601446262
current-current-SME02781-004839,current-SME02781,0.6030496731578041
current-current-SME02782-004840,current-SME02782,0.7410735300707407
current-current-SME02782-004841,current-SME02782,0.6224859675498632
current-current-SME02783-004842,current-SME02783,0.6906842477102596
current-current-SME02784-004843,current-SME02784,0.6516816547211152
current-current-SME02784-004844,current-SME02784,0.6516816547211152
current-current-SME02785-004845,current-SME02785,0.5913074941189492
current-current-SME02785-004846,current-SME02785,0.6505213164473496
current-current-SME02785-004847,current-SME02785,0.6954875798306445
current-current-SME02786-004848,current-SME02786,0.600261226273796
current-current-SME02787-004849,current-SME02787,0.6398865679405086
current-current-SME02787-004850,current-SME02787,0.5764566999252084
current-current-SME02788-004851,current-SME02788,0.6038052316748794
current-current-SME02788-004852,current-SME02788,0.613659573254895
current-current-SME02789-004853,current-SME02789,0.5860061519678473
current-current-SME02789-004854,current-SME02789,0.5149283602401133
current-current-SME02790-004855,current-SME02790,0.5972612213080845
current-current-SME02790-004856,current-SME02790,0.6005398399544537
current-current-SME02791-004857,current-SME02791,0.6444484957323321
current-current-SME02791-004858,current-SME02791,0.6444484957323321
current-current-SME02792-004859,current-SME02792,0.6658837898602206
current-current-SME02792-004860,current-SME02792,0.6614244869362822
current-current-SME02793-004861,current-SME02793,0.6332446430830826
current-current-SME02793-004862,current-SME02793,0.697130768408537
current-current-SME02794-004863,current-SME02794,0.8185686057607047
current-current-SME02795-004864,current-SME02795,0.5203658484272338
current-current-SME02795-004865,current-SME02795,0.5814440596590343
current-current-SME02796-004866,current-SME02796,0.5957831463413292
current-current-SME02796-004867,current-SME02796,0.5894111471661658
current-current-SME02797-004868,current-SME02797,0.3186394640575666
current-current-SME02798-004869,current-SME02798,0.47667015729856593
current-current-SME02798-004870,current-SME02798,0.47667015729856593
current-current-SME02798-004871,current-SME02798,0.37561942657908504
current-current-SME02799-004872,current-SME02799,0.5480553371833342
current-current-SME02799-004873,current-SME02799,0.5500206252139606
current-current-SME02800-004874,current-SME02800,0.43010313812512496
current-current-SME02801-004875,current-SME02801,0.489756873127826
current-current-SME02802-004876,current-SME02802,0.6977128924644753
current-current-SME02802-004877,current-SME02802,0.6977128924644753
current-current-SME02802-004878,current-SME02802,0.694864785362288
current-current-SME02803-004879,current-SME02803,0.4136535896634852
current-current-SME02804-004880,current-SME02804,0.6629962559668797
current-current-SME02804-004881,current-SME02804,0.634733287173225
current-current-SME02805-004882,current-SME02805,0.6641926259138756
current-current-SME02805-004883,current-SME02805,0.6641926259138756
current-current-SME02805-004884,current-SME02805,0.543027706704122
current-current-SME02806-004885,current-SME02806,0.590357656331652
current-current-SME02807-004886,current-SME02807,0.4769657657434409
current-current-SME02807-004887,current-SME02807,0.5550743022643633
current-current-SME02807-004888,current-SME02807,0.5881279625753421
current-current-SME02808-004889,current-SME02808,0.6642949628587391
current-current-SME02808-004890,current-SME02808,0.6642949628587391
current-current-SME02809-004891,current-SME02809,0.5408589667227653
current-current-SME02810-004892,current-SME02810,0.6126484064926635
current-current-SME02810-004893,current-SME02810,0.6677816646245922
current-current-SME02811-004894,current-SME02811,0.5806296777688743
current-current-SME02811-004895,current-SME02811,0.4787069312793398
current-current-SME02811-004896,current-SME02811,0.4520198729382423
current-current-SME02812-004897,current-SME02812,0.26218714298159757
current-current-SME02813-004898,current-SME02813,0.4508391949229029
current-current-SME02813-004899,current-SME02813,0.35757609691900244
current-current-SME02814-004900,current-SME02814,0.6022398050050516
current-current-SME02815-004901,current-SME02815,0.561815438581426
current-current-SME02816-004902,current-SME02816,0.49416702449697236
current-current-SME02816-004903,current-SME02816,0.5627620028228036
current-current-SME02816-004904,current-SME02816,0.44148062597724075
current-current-SME02817-004905,current-SME02817,0.5675807098948852
current-current-SME02817-004906,current-SME02817,0.6274498596687053
current-current-SME02818-004907,current-SME02818,0.3626260471121901
current-current-SME02819-004908,current-SME02819,0.5281001308903593
current-current-SME02819-004909,current-SME02819,0.5681180857489163
current-current-SME02819-004910,current-SME02819,0.5959402745954541
current-current-SME02820-004911,current-SME02820,0.29828721012865755
current-current-SME02820-004912,current-SME02820,0.3896568533071365
current-current-SME02820-004913,current-SME02820,0.3731900879181132
current-current-SME02821-004914,current-SME02821,0.6853874521880037
current-current-SME02821-004915,current-SME02821,0.6976041290375314
current-current-SME02822-004916,current-SME02822,0.5532236649639035
current-current-SME02822-004917,current-SME02822,0.6426938955027588
current-current-SME02823-004918,current-SME02823,0.6655279281862846
current-current-SME02823-004919,current-SME02823,0.522692947124777
current-current-SME02824-004920,current-SME02824,0.6302504667576209
current-current-SME02824-004921,current-SME02824,0.6656729414171754
current-current-SME02825-004922,current-SME02825,0.6871394377920444
current-current-SME02825-004923,current-SME02825,0.7011279746454704
current-current-SME02826-004924,current-SME02826,0.2661379447374579
current-current-SME02827-004925,current-SME02827,0.4029454115794973
current-current-SME02827-004926,current-SME02827,0.5505540342015025
current-current-SME02827-004927,current-SME02827,0.6680594795009054
current-current-SME02828-004928,current-SME02828,0.7057976708885474
current-current-SME02828-004929,current-SME02828,0.7057976708885474
current-current-SME02829-004930,current-SME02829,0.3370992570362819
current-current-SME02830-004931,current-SME02830,0.6110797509032807
current-current-SME02831-004932,current-SME02831,0.5397251610560747
current-current-SME02832-004933,current-SME02832,0.17715716599928755
current-current-SME02832-004934,current-SME02832,0.17715716599928755
current-current-SME02833-004935,current-SME02833,0.7321519127939989
current-current-SME02834-004936,current-SME02834,0.6225038955219088
current-current-SME02835-004937,current-SME02835,0.651115128347287
current-current-SME02835-004938,current-SME02835,0.651115128347287
current-current-SME02835-004939,current-SME02835,0.6541713532421745
current-current-SME02836-004940,current-SME02836,0.7620156112240737
current-current-SME02836-004941,current-SME02836,0.7738524873681673
current-current-SME02837-004942,current-SME02837,0.7977207446522359
current-current-SME02837-004943,current-SME02837,0.6728770899540428
current-current-SME02838-004944,current-SME02838,0.6797183335396948
current-current-SME02839-004945,current-SME02839,0.6633204908099938
current-current-SME02839-004946,current-SME02839,0.5486127141025875
current-current-SME02840-004947,current-SME02840,0.8378407075485783
current-current-SME02841-004948,current-SME02841,0.6844858674305871
current-current-SME02842-004949,current-SME02842,0.33523093530503334
current-current-SME02843-004950,current-SME02843,0.642815571276998
current-current-SME02843-004951,current-SME02843,0.3665333436571848
current-current-SME02844-004952,current-SME02844,0.7806413985904669
current-current-SME02845-004953,current-SME02845,0.5667763956434695
current-current-SME02846-004954,current-SME02846,0.43196946883744153
current-current-SME02847-004955,current-SME02847,0.7321645602153781
current-current-SME02847-004956,current-SME02847,0.6871936143864974
current-current-SME02847-004957,current-SME02847,0.739775642999116
current-current-SME02848-004958,current-SME02848,0.5868469433661807
current-current-SME02848-004959,current-SME02848,0.6104785458321209
current-current-SME02849-004960,current-SME02849,0.731230086927664
current-current-SME02849-004961,current-SME02849,0.6893743236308948
current-current-SME02850-004962,current-SME02850,0.552310816042742
current-current-SME02851-004963,current-SME02851,0.4793991530973215
current-current-SME02851-004964,current-SME02851,0.5889232802292256
current-current-SME02851-004965,current-SME02851,0.6039807335326088
current-current-SME02852-004966,current-SME02852,0.21357066635596167
current-current-SME02852-004967,current-SME02852,0.30747597814410976
current-current-SME02853-004968,current-SME02853,0.6782138655389085
current-current-SME02853-004969,current-SME02853,0.6782138655389085
current-current-SME02854-004970,current-SME02854,0.5270361319130306
current-current-SME02854-004971,current-SME02854,0.5788552441718559
current-current-SME02855-004972,current-SME02855,0.6981850548890992
current-current-SME02855-004973,current-SME02855,0.5995958287610065
current-current-SME02856-004974,current-SME02856,0.3833893418021119
current-current-SME02856-004975,current-SME02856,0.46381729420271633
current-current-SME02857-004976,current-SME02857,0.20717312638149474
current-current-SME02857-004977,current-SME02857,0.4305335196465647
current-current-SME02857-004978,current-SME02857,0.46800507914109957
current-current-SME02858-004979,current-SME02858,0.627021812711393
current-current-SME02858-004980,current-SME02858,0.6551891186985641
current-current-SME02859-004981,current-SME02859,0.5122855777301022
current-current-SME02859-004982,current-SME02859,0.3722044332688687
current-current-SME02860-004983,current-SME02860,0.4792776103576657
current-current-SME02860-004984,current-SME02860,0.5512382206610265
current-current-SME02861-004985,current-SME02861,0.6523228078038898
current-current-SME02861-004986,current-SME02861,0.691993614981239
current-current-SME02862-004987,current-SME02862,0.674855679902945
current-current-SME02863-004988,current-SME02863,0.7180548252932705
current-current-SME02864-004989,current-SME02864,0.3809177256362532
current-current-SME02864-004990,current-SME02864,0.4095439398144069
current-current-SME02864-004991,current-SME02864,0.41909860935253523
current-current-SME02865-004992,current-SME02865,0.6328935613838298
current-current-SME02865-004993,current-SME02865,0.63394115331794
current-current-SME02866-004994,current-SME02866,0.5284395971149632
current-current-SME02866-004995,current-SME02866,0.6038182135191089
current-current-SME02867-004996,current-SME02867,0.37726070092553887
current-current-SME02867-004997,current-SME02867,0.5304989007275108
current-current-SME02868-004998,current-SME02868,0.47968172297340983
current-current-SME02868-004999,current-SME02868,0.596187221052557
current-current-SME02869-005000,current-SME02869,0.6489984322795926
current-current-SME02869-005001,current-SME02869,0.6489984322795926
current-current-SME02870-005002,current-SME02870,0.4757695576197876
current-current-SME02870-005003,current-SME02870,0.5515983989034319
current-current-SME02871-005004,current-SME02871,0.6780422745116808
current-current-SME02871-005005,current-SME02871,0.6987527229513419
current-current-SME02872-005006,current-SME02872,0.8501642828409993
current-current-SME02872-005007,current-SME02872,0.8431326335212749
current-current-SME02873-005008,current-SME02873,0.6617717027279437
current-current-SME02873-005009,current-SME02873,0.6582990874867118
current-current-SME02874-005010,current-SME02874,0.5625283441578391
current-current-SME02875-005011,current-SME02875,0.7108005685704533
current-current-SME02876-005012,current-SME02876,0.8528836724743989
current-current-SME02876-005013,current-SME02876,0.8500478940516819
current-current-SME02876-005014,current-SME02876,0.8539312644085091
current-current-SME02877-005015,current-SME02877,0.673243164603309
current-current-SME02877-005016,current-SME02877,0.7342653624681258
current-current-SME02878-005017,current-SME02878,0.5986239382225775
current-current-SME02878-005018,current-SME02878,0.6812166781479808
current-current-SME02879-005019,current-SME02879,0.27285143104072396
current-current-SME02879-005020,current-SME02879,0.5354840871985376
current-current-SME02880-005021,current-SME02880,0.7454486434118789
current-current-SME02881-005022,current-SME02881,0.5283777488306373
current-current-SME02882-005023,current-SME02882,0.4389593213473073
current-current-SME02882-005024,current-SME02882,0.4345394867790603
current-current-SME02883-005025,current-SME02883,0.7011231094459652
current-current-SME02883-005026,current-SME02883,0.6202252170795111
current-current-SME02884-005027,current-SME02884,0.45238804228666557
current-current-SME02884-005028,current-SME02884,0.21561957930708753
current-current-SME02885-005029,current-SME02885,0.7704064113877329
current-current-SME02885-005030,current-SME02885,0.7661208488932383
current-current-SME02886-005031,current-SME02886,0.5212725591117553
current-current-SME02887-005032,current-SME02887,0.6445817027825
current-current-SME02887-005033,current-SME02887,0.7398342667758485
current-current-SME02888-005034,current-SME02888,0.5170699502140095
current-current-SME02889-005035,current-SME02889,0.6162132523279275
current-current-SME02889-005036,current-SME02889,0.6493261631003381
current-current-SME02890-005037,current-SME02890,0.7136342973479538
current-current-SME02890-005038,current-SME02890,0.7107861902457665
current-current-SME02890-005039,current-SME02890,0.6698430333859514
current-current-SME02891-005040,current-SME02891,0.30649942765776406
current-current-SME02892-005041,current-SME02892,0.3920964317300977
current-current-SME02893-005042,current-SME02893,0.5599679442637261
current-current-SME02894-005043,current-SME02894,0.4714438039110235
current-current-SME02895-005044,current-SME02895,0.6350910515444393
current-current-SME02896-005045,current-SME02896,0.36948781844022716
current-current-SME02896-005046,current-SME02896,0.4023782656115365
current-current-SME02897-005047,current-SME02897,0.618649392382482
current-current-SME02898-005048,current-SME02898,0.6595339505288653
current-current-SME02899-005049,current-SME02899,0.2646498315246075
current-current-SME02900-005050,current-SME02900,0.5867718637620183
current-current-SME02901-005051,current-SME02901,0.4739288899106812
current-current-SME02901-005052,current-SME02901,0.40897206546036563
current-current-SME02902-005053,current-SME02902,0.45183548314073946
current-current-SME02902-005054,current-SME02902,0.47058852229950177
current-current-SME02903-005055,current-SME02903,0.35409231869526925
current-current-SME02903-005056,current-SME02903,0.622434658253137
current-current-SME02903-005057,current-SME02903,0.6223202465105783
current-current-SME02904-005058,current-SME02904,0.43913628972947166
current-current-SME02904-005059,current-SME02904,0.5814319990512491
current-current-SME02904-005060,current-SME02904,0.5676186083097712
current-current-SME02905-005061,current-SME02905,0.5925027881730204
current-current-SME02906-005062,current-SME02906,0.5578258554640435
current-current-SME02906-005063,current-SME02906,0.6129829360926264
current-current-SME02906-005064,current-SME02906,0.6140305280267366
current-current-SME02907-005065,current-SME02907,0.3891361566252397
current-current-SME02907-005066,current-SME02907,0.3891361566252397
current-current-SME02907-005067,current-SME02907,0.3891361566252397
current-current-SME02908-005068,current-SME02908,0.4962413570924584
current-current-SME02909-005069,current-SME02909,0.5882153168819129
current-current-SME02910-005070,current-SME02910,0.31167999745344843
current-current-SME02911-005071,current-SME02911,0.588424559216298
current-current-SME02912-005072,current-SME02912,0.5656359564263592
current-current-SME02912-005073,current-SME02912,0.6547831918845479
current-current-SME02913-005074,current-SME02913,0.5142081041190236
current-current-SME02914-005075,current-SME02914,0.6075272136368622
current-current-SME02914-005076,current-SME02914,0.641602442244563
current-current-SME02914-005077,current-SME02914,0.5905199439031091
current-current-SME02915-005078,current-SME02915,0.8544595665909054
current-current-SME02916-005079,current-SME02916,0.637029114412508
current-current-SME02916-005080,current-SME02916,0.637029114412508
current-current-SME02917-005081,current-SME02917,0.4523156977756095
current-current-SME02917-005082,current-SME02917,0.15621957519774346
current-current-SME02918-005083,current-SME02918,0.7002194833716215
current-current-SME02919-005084,current-SME02919,0.6389432667157247
current-current-SME02920-005085,current-SME02920,0.5957350724603102
current-current-SME02920-005086,current-SME02920,0.6760868596461803
current-current-SME02920-005087,current-SME02920,0.613886943973658
current-current-SME02921-005088,current-SME02921,0.5909254913084718
current-current-SME02921-005089,current-SME02921,0.7873135539246228
current-current-SME02922-005090,current-SME02922,0.6133581491570481
current-current-SME02922-005091,current-SME02922,0.6974582274786938
current-current-SME02923-005092,current-SME02923,0.59871713435004
current-current-SME02924-005093,current-SME02924,0.2395186854607194
current-current-SME02924-005094,current-SME02924,0.3195610772425196
current-current-SME02925-005095,current-SME02925,0.2964781538346428
current-current-SME02925-005096,current-SME02925,0.337389012320652
current-current-SME02926-005097,current-SME02926,0.46767703489996754
current-current-SME02926-005098,current-SME02926,0.5503756141976333
current-current-SME02927-005099,current-SME02927,0.616045614325319
current-current-SME02927-005100,current-SME02927,0.6203311768198136
current-current-SME02928-005101,current-SME02928,0.7900701742531885
current-current-SME02929-005102,current-SME02929,0.628358492039149
current-current-SME02930-005103,current-SME02930,0.6438865037811646
current-current-SME02931-005104,current-SME02931,0.6555292024575088
current-current-SME02931-005105,current-SME02931,0.6555292024575088
current-current-SME02931-005106,current-SME02931,0.6555292024575088
current-current-SME02932-005107,current-SME02932,0.7607752287211332
current-current-SME02932-005108,current-SME02932,0.7990856216815586
current-current-SME02932-005109,current-SME02932,0.8056491125311863
current-current-SME02933-005110,current-SME02933,0.2859126073078232
current-current-SME02933-005111,current-SME02933,0.3876001412848222
current-current-SME02933-005112,current-SME02933,0.23270794215960314
current-current-SME02934-005113,current-SME02934,0.3927647995852244
current-current-SME02935-005114,current-SME02935,0.5186805124500051
current-current-SME02936-005115,current-SME02936,0.4882209117064387
current-current-SME02936-005116,current-SME02936,0.6408012530794391
current-current-SME02937-005117,current-SME02937,0.46723011670696607
current-current-SME02938-005118,current-SME02938,0.4098606367111886
current-current-SME02938-005119,current-SME02938,0.37768817421432194
current-current-SME02939-005120,current-SME02939,0.45275891741349
current-current-SME02939-005121,current-SME02939,0.5213235402526245
current-current-SME02940-005122,current-SME02940,0.34196852079689277
current-current-SME02940-005123,current-SME02940,0.37255345239753807
current-current-SME02941-005124,current-SME02941,0.5438385031014705
current-current-SME02941-005125,current-SME02941,0.5229141656894722
current-current-SME02942-005126,current-SME02942,0.6611169638429414
current-current-SME02943-005127,current-SME02943,0.4417616772489587
current-current-SME02944-005128,current-SME02944,0.613703771027139
current-current-SME02944-005129,current-SME02944,0.613703771027139
current-current-SME02945-005130,current-SME02945,0.4634449296499931
current-current-SME02945-005131,current-SME02945,0.45439879253325854
current-current-SME02946-005132,current-SME02946,0.37397070407137945
current-current-SME02946-005133,current-SME02946,0.34147527273172557
current-current-SME02947-005134,current-SME02947,0.6655279281862846
current-current-SME02947-005135,current-SME02947,0.45525523823904734
current-current-SME02948-005136,current-SME02948,0.6518468575106586
current-current-SME02948-005137,current-SME02948,0.7041615349480305
current-current-SME02948-005138,current-SME02948,0.6849082254003241
current-current-SME02949-005139,current-SME02949,0.6718991546235502
current-current-SME02949-005140,current-SME02949,0.5762264710516438
current-current-SME02950-005141,current-SME02950,0.43317685788272836
current-current-SME02950-005142,current-SME02950,0.4941908006373908
current-current-SME02950-005143,current-SME02950,0.45995218681516836
current-current-SME02951-005144,current-SME02951,0.5003014834845363
current-current-SME02952-005145,current-SME02952,0.33271221360975556
current-current-SME02952-005146,current-SME02952,0.47877192570247984
current-current-SME02952-005147,current-SME02952,0.4332965836696761
current-current-SME02953-005148,current-SME02953,0.4689483046115916
current-current-SME02954-005149,current-SME02954,0.6050584367830648
current-current-SME02954-005150,current-SME02954,0.616306447431947
current-current-SME02955-005151,current-SME02955,0.6365695663124071
current-current-SME02955-005152,current-SME02955,0.6573282823822781
current-current-SME02956-005153,current-SME02956,0.6137203574404739
current-current-SME02957-005154,current-SME02957,0.34819333479580894
current-current-SME02957-005155,current-SME02957,0.4321930019707893
current-current-SME02958-005156,current-SME02958,0.5315975639109582
current-current-SME02958-005157,current-SME02958,0.5937187412820999
current-current-SME02958-005158,current-SME02958,0.5636851603063143
current-current-SME02959-005159,current-SME02959,0.3531748810617048
current-current-SME02960-005160,current-SME02960,0.30326522046594484
current-current-SME02960-005161,current-SME02960,0.5003916120884063
current-current-SME02961-005162,current-SME02961,0.6552464467224645
current-current-SME02962-005163,current-SME02962,0.8461902752750113
current-current-SME02963-005164,current-SME02963,0.6832934833169667
current-current-SME02963-005165,current-SME02963,0.710775417830405
current-current-SME02964-005166,current-SME02964,0.5986349457790586
current-current-SME02965-005167,current-SME02965,0.26501897529958196
current-current-SME02966-005168,current-SME02966,0.5963467438448836
current-current-SME02967-005169,current-SME02967,0.600942014506428
current-current-SME02967-005170,current-SME02967,0.6190689334909257
current-current-SME02967-005171,current-SME02967,0.6190689334909257
current-current-SME02968-005172,current-SME02968,0.5702835836443405
current-current-SME02968-005173,current-SME02968,0.6681344040677232
current-current-SME02969-005174,current-SME02969,0.5363168781920038
current-current-SME02969-005175,current-SME02969,0.5558756330262059
current-current-SME02969-005176,current-SME02969,0.5764086935634264
current-current-SME02970-005177,current-SME02970,0.3942305431602829
current-current-SME02970-005178,current-SME02970,0.4514836543831611
current-current-SME02971-005179,current-SME02971,0.5892238992650817
current-current-SME02972-005180,current-SME02972,0.6841638482796512
current-current-SME02972-005181,current-SME02972,0.6841638482796512
current-current-SME02972-005182,current-SME02972,0.6893900658620686
current-current-SME02973-005183,current-SME02973,0.3406924090018227
current-current-SME02974-005184,current-SME02974,0.5076164287586213
current-current-SME02975-005185,current-SME02975,0.6330481565404334
current-current-SME02976-005186,current-SME02976,0.518518223892479
current-current-SME02976-005187,current-SME02976,0.3539983129229176
current-current-SME02977-005188,current-SME02977,0.5296176916081573
current-current-SME02977-005189,current-SME02977,0.4576432662795737
current-current-SME02978-005190,current-SME02978,0.4972757113310735
current-current-SME02978-005191,current-SME02978,0.3661576009423857
current-current-SME02979-005192,current-SME02979,0.6565450752863926
current-current-SME02980-005193,current-SME02980,0.6185392435328062
current-current-SME02981-005194,current-SME02981,0.6235551239975917
current-current-SME02982-005195,current-SME02982,0.5052269632681377
current-current-SME02982-005196,current-SME02982,0.5629380600946329
current-current-SME02983-005197,current-SME02983,0.6064009735386127
current-current-SME02983-005198,current-SME02983,0.6153549035479409
current-current-SME02983-005199,current-SME02983,0.6164024954820511
current-current-SME02984-005200,current-SME02984,0.34936943776644797
current-current-SME02985-005201,current-SME02985,0.386953674074554
current-current-SME02986-005202,current-SME02986,0.4027274405990714
current-current-SME02986-005203,current-SME02986,0.6067483235895921
current-current-SME02987-005204,current-SME02987,0.38127446132574633
current-current-SME02987-005205,current-SME02987,0.2636511856306013
current-current-SME02987-005206,current-SME02987,0.4194499478738673
current-current-SME02988-005207,current-SME02988,0.7184135785968707
current-current-SME02989-005208,current-SME02989,0.5939763450759357
current-current-SME02990-005209,current-SME02990,0.5576195798665073
current-current-SME02991-005210,current-SME02991,0.7311372067838059
current-current-SME02991-005211,current-SME02991,0.7386413527213564
current-current-SME02991-005212,current-SME02991,0.7103783839277017
current-current-SME02992-005213,current-SME02992,0.6432973780123508
current-current-SME02993-005214,current-SME02993,0.6570353161845466
current-current-SME02993-005215,current-SME02993,0.7074625715475378
current-current-SME02994-005216,current-SME02994,0.6185651594567314
current-current-SME02994-005217,current-SME02994,0.6185651594567314
current-current-SME02994-005218,current-SME02994,0.6185651594567314
current-current-SME02995-005219,current-SME02995,0.31152588182391316
current-current-SME02996-005220,current-SME02996,0.5959495745304513
current-current-SME02996-005221,current-SME02996,0.6007423031224467
current-current-SME02996-005222,current-SME02996,0.6305398331403043
current-current-SME02997-005223,current-SME02997,0.3978720942047917
current-current-SME02998-005224,current-SME02998,0.41507667324314257
current-current-SME02999-005225,current-SME02999,0.5626155513858055
current-current-SME02999-005226,current-SME02999,0.5251695741847263
current-current-SME03000-005227,current-SME03000,0.7794306618978608
current-current-SME03001-005228,current-SME03001,0.6265259102312621
current-current-SME03001-005229,current-SME03001,0.7284611834544785
current-current-SME03002-005230,current-SME03002,0.5825084311134608
current-current-SME03002-005231,current-SME03002,0.6548607668932075
current-current-SME03003-005232,current-SME03003,0.5127023330203718
current-current-SME03003-005233,current-SME03003,0.5579474234844438
current-current-SME03004-005234,current-SME03004,0.4793557589177236
current-current-SME03004-005235,current-SME03004,0.5719543377444283
current-current-SME03004-005236,current-SME03004,0.5033574381116244
current-current-SME03005-005237,current-SME03005,0.41073682954549046
current-current-SME03005-005238,current-SME03005,0.7334533833963153
current-current-SME03005-005239,current-SME03005,0.7334533833963153
current-current-SME03006-005240,current-SME03006,0.48701159563416707
current-current-SME03007-005241,current-SME03007,0.614341470130127
current-current-SME03008-005242,current-SME03008,0.35694544591688354
current-current-SME03008-005243,current-SME03008,0.32766114257038226
current-current-SME03009-005244,current-SME03009,0.6591478940930459
current-current-SME03009-005245,current-SME03009,0.6591478940930459
current-current-SME03010-005246,current-SME03010,0.7114601542329125
current-current-SME03011-005247,current-SME03011,0.6354785517553423
current-current-SME03011-005248,current-SME03011,0.6661896873589009
current-current-SME03012-005249,current-SME03012,0.6925363069597109
current-current-SME03012-005250,current-SME03012,0.6925363069597109
current-current-SME03013-005251,current-SME03013,0.610373660873136
current-current-SME03013-005252,current-SME03013,0.7328613400758476
current-current-SME03013-005253,current-SME03013,0.6937853181811863
current-current-SME03014-005254,current-SME03014,0.6468453808924933
current-current-SME03014-005255,current-SME03014,0.6566997224725089
current-current-SME03014-005256,current-SME03014,0.6048054936125875
current-current-SME03015-005257,current-SME03015,0.6195669960115289
current-current-SME03015-005258,current-SME03015,0.5866589964546433
current-current-SME03016-005259,current-SME03016,0.4453390350844455
current-current-SME03017-005260,current-SME03017,0.6051561171933189
current-current-SME03018-005261,current-SME03018,0.470415705473919
current-current-SME03019-005262,current-SME03019,0.5249964302191712
current-current-SME03020-005263,current-SME03020,0.6651118605251073
current-current-SME03021-005264,current-SME03021,0.47896728927956117
current-current-SME03021-005265,current-SME03021,0.5827871860869723
current-current-SME03022-005266,current-SME03022,0.4480833603472144
current-current-SME03023-005267,current-SME03023,0.3865460858596485
current-current-SME03024-005268,current-SME03024,0.5638903153193381
current-current-SME03024-005269,current-SME03024,0.5174634555626638
current-current-SME03025-005270,current-SME03025,0.21906034571389926
current-current-SME03025-005271,current-SME03025,0.0
current-current-SME03026-005272,current-SME03026,0.692506876213112
current-current-SME03026-005273,current-SME03026,0.692506876213112
current-current-SME03027-005274,current-SME03027,0.38317480348500904
current-current-SME03028-005275,current-SME03028,0.5363900467524272
current-current-SME03029-005276,current-SME03029,0.5584949992433798
current-current-SME03029-005277,current-SME03029,0.5584949992433798
current-current-SME03029-005278,current-SME03029,0.511248295060244
current-current-SME03030-005279,current-SME03030,0.643238682694865
current-current-SME03030-005280,current-SME03030,0.7201513331245459
current-current-SME03030-005281,current-SME03030,0.7072076653029169
current-current-SME03031-005282,current-SME03031,0.5596213164132036
current-current-SME03031-005283,current-SME03031,0.62846310335539
current-current-SME03032-005284,current-SME03032,0.5558535577547009
current-current-SME03032-005285,current-SME03032,0.5872897055479357
current-current-SME03033-005286,current-SME03033,0.7307387354285623
current-current-SME03033-005287,current-SME03033,0.6202162025259587
current-current-SME03034-005288,current-SME03034,0.6274038394174323
current-current-SME03034-005289,current-SME03034,0.6274038394174323
current-current-SME03035-005290,current-SME03035,0.6425682864630174
current-current-SME03035-005291,current-SME03035,0.6252229065394052
current-current-SME03036-005292,current-SME03036,0.6564602865150728
current-current-SME03036-005293,current-SME03036,0.4913065295162244
current-current-SME03036-005294,current-SME03036,0.6717390983973832
current-current-SME03037-005295,current-SME03037,0.653009348682503
current-current-SME03037-005296,current-SME03037,0.653567198750087
current-current-SME03038-005297,current-SME03038,0.5360740211576437
current-current-SME03038-005298,current-SME03038,0.5807500008201049
current-current-SME03039-005299,current-SME03039,0.6667413124676038
current-current-SME03040-005300,current-SME03040,0.5096802809312958
current-current-SME03040-005301,current-SME03040,0.5490358183203973
current-current-SME03041-005302,current-SME03041,0.7162625212407419
current-current-SME03041-005303,current-SME03041,0.7162625212407419
current-current-SME03041-005304,current-SME03041,0.718959502749592
current-current-SME03042-005305,current-SME03042,0.7844168087094218
current-current-SME03042-005306,current-SME03042,0.7887023712039164
current-current-SME03042-005307,current-SME03042,0.7887023712039164
current-current-SME03043-005308,current-SME03043,0.6099646556479438
current-current-SME03043-005309,current-SME03043,0.7814527804158757
current-current-SME03044-005310,current-SME03044,0.7902166167739372
current-current-SME03044-005311,current-SME03044,0.7568481155253097
current-current-SME03045-005312,current-SME03045,0.33698837072189564
current-current-SME03046-005313,current-SME03046,0.36635381801478123
current-current-SME03046-005314,current-SME03046,0.4875585623974254
current-current-SME03047-005315,current-SME03047,0.6491880681175075
current-current-SME03047-005316,current-SME03047,0.7141232984211593
current-current-SME03048-005317,current-SME03048,0.5894591679198031
current-current-SME03048-005318,current-SME03048,0.5760780320238785
current-current-SME03049-005319,current-SME03049,0.6636339550698677
current-current-SME03049-005320,current-SME03049,0.5765991280154159
current-current-SME03050-005321,current-SME03050,0.7362777157457487
current-current-SME03050-005322,current-SME03050,0.7410430023921084
current-current-SME03051-005323,current-SME03051,0.37372065219103656
current-current-SME03051-005324,current-SME03051,0.4330472822339353
current-current-SME03052-005325,current-SME03052,0.7213369439741806
current-current-SME03052-005326,current-SME03052,0.6701477725371576
current-current-SME03053-005327,current-SME03053,0.48523115736253164
current-current-SME03053-005328,current-SME03053,0.5520243653326434
current-current-SME03054-005329,current-SME03054,0.45000509674919836
current-current-SME03055-005330,current-SME03055,0.5268312586663508
current-current-SME03055-005331,current-SME03055,0.49480289395405236
current-current-SME03056-005332,current-SME03056,0.622763048340425
current-current-SME03056-005333,current-SME03056,0.5916519724445829
current-current-SME03056-005334,current-SME03056,0.6209625331723478
current-current-SME03057-005335,current-SME03057,0.44988480794221475
current-current-SME03057-005336,current-SME03057,0.47121317818021086
current-current-SME03058-005337,current-SME03058,0.5285365611946561
current-current-SME03059-005338,current-SME03059,0.6907208286230951
current-current-SME03059-005339,current-SME03059,0.7528211317894417
current-current-SME03060-005340,current-SME03060,0.3359119956779738
current-current-SME03061-005341,current-SME03061,0.6475997933646646
current-current-SME03062-005342,current-SME03062,0.5172675774990635
current-current-SME03062-005343,current-SME03062,0.6759655875784326
current-current-SME03063-005344,current-SME03063,0.6433883048005055
current-current-SME03064-005345,current-SME03064,0.6008424502538453
current-current-SME03065-005346,current-SME03065,0.33804501310589363
current-current-SME03065-005347,current-SME03065,0.6056295431482263
current-current-SME03065-005348,current-SME03065,0.5843950374934218
current-current-SME03066-005349,current-SME03066,0.580997723957482
current-current-SME03067-005350,current-SME03067,0.3326718252266167
current-current-SME03067-005351,current-SME03067,0.4967167260653488
current-current-SME03068-005352,current-SME03068,0.781012871819747
current-current-SME03068-005353,current-SME03068,0.781012871819747
current-current-SME03069-005354,current-SME03069,0.46578346098454965
current-current-SME03069-005355,current-SME03069,0.4940591978208542
current-current-SME03070-005356,current-SME03070,0.3919629967445422
current-current-SME03070-005357,current-SME03070,0.3430374579894536
current-current-SME03071-005358,current-SME03071,0.6020736240932606
current-current-SME03071-005359,current-SME03071,0.6935598269114904
current-current-SME03072-005360,current-SME03072,0.4149487016637234
current-current-SME03072-005361,current-SME03072,0.573123048840775
current-current-SME03073-005362,current-SME03073,0.5969409471637018
current-current-SME03074-005363,current-SME03074,0.5116170838954024
current-current-SME03074-005364,current-SME03074,0.5460873892789427
current-current-SME03075-005365,current-SME03075,0.6950740473932776
current-current-SME03075-005366,current-SME03075,0.7630790376031832
current-current-SME03075-005367,current-SME03075,0.5177515145728683
current-current-SME03076-005368,current-SME03076,0.29878926259211946
current-current-SME03076-005369,current-SME03076,0.296131914883187
current-current-SME03077-005370,current-SME03077,0.6900120454309974
current-current-SME03077-005371,current-SME03077,0.5843649312874316
current-current-SME03078-005372,current-SME03078,0.4777740901569391
current-current-SME03079-005373,current-SME03079,0.8503146683108245
current-current-SME03080-005374,current-SME03080,0.7177766293673433
current-current-SME03080-005375,current-SME03080,0.7460395981609981
current-current-SME03080-005376,current-SME03080,0.7172467945570167
current-current-SME03081-005377,current-SME03081,0.5685393153580389
current-current-SME03082-005378,current-SME03082,0.45926331395790215
current-current-SME03083-005379,current-SME03083,0.8703301815437205
current-current-SME03083-005380,current-SME03083,0.8715307961831628
current-current-SME03083-005381,current-SME03083,0.8737486535471032
current-current-SME03084-005382,current-SME03084,0.5163724073428961
current-current-SME03084-005383,current-SME03084,0.6034431997034831
current-current-SME03085-005384,current-SME03085,0.6795646559953715
current-current-SME03086-005385,current-SME03086,0.6057515842269916
current-current-SME03087-005386,current-SME03087,0.2626550754528303
current-current-SME03088-005387,current-SME03088,0.7471047389011954
current-current-SME03089-005388,current-SME03089,0.8023272466038054
current-current-SME03089-005389,current-SME03089,0.8023272466038054
current-current-SME03090-005390,current-SME03090,0.6442594933726502
current-current-SME03091-005391,current-SME03091,0.5848369615741167
current-current-SME03092-005392,current-SME03092,0.7157541085011648
current-current-SME03093-005393,current-SME03093,0.7402249489788929
current-current-SME03093-005394,current-SME03093,0.7357770031328476
current-current-SME03094-005395,current-SME03094,0.44383330031110524
current-current-SME03094-005396,current-SME03094,0.47668814056971426
current-current-SME03095-005397,current-SME03095,0.6083902028859656
current-current-SME03096-005398,current-SME03096,0.6757553642100829
current-current-SME03096-005399,current-SME03096,0.6951503668246451
current-current-SME03096-005400,current-SME03096,0.7192890420583572
current-current-SME03097-005401,current-SME03097,0.6536465526416777
current-current-SME03097-005402,current-SME03097,0.7409549987873553
current-current-SME03097-005403,current-SME03097,0.713769524913757
current-current-SME03098-005404,current-SME03098,0.5871991587510637
current-current-SME03099-005405,current-SME03099,0.4234020072628847
current-current-SME03100-005406,current-SME03100,0.524054554118424
current-current-SME03101-005407,current-SME03101,0.7106587581041083
current-current-SME03101-005408,current-SME03101,0.7106587581041083
current-current-SME03102-005409,current-SME03102,0.535902859276924
current-current-SME03102-005410,current-SME03102,0.5579463155801428
current-current-SME03103-005411,current-SME03103,0.5829525527927502
current-current-SME03103-005412,current-SME03103,0.5783888233393673
current-current-SME03104-005413,current-SME03104,0.6885417953419671
current-current-SME03105-005414,current-SME03105,0.6888350300471423
current-current-SME03106-005415,current-SME03106,0.2437180245274835
current-current-SME03107-005416,current-SME03107,0.650423903613965
current-current-SME03108-005417,current-SME03108,0.6281905774164005
current-current-SME03109-005418,current-SME03109,0.7702914630824954
current-current-SME03109-005419,current-SME03109,0.5457231376502013
current-current-SME03110-005420,current-SME03110,0.4066271444314463
current-current-SME03110-005421,current-SME03110,0.4992891170100966
current-current-SME03110-005422,current-SME03110,0.454263229660257
current-current-SME03111-005423,current-SME03111,0.7809696242154348
current-current-SME03112-005424,current-SME03112,0.46335913280132335
current-current-SME03112-005425,current-SME03112,0.5189963573681756
current-current-SME03112-005426,current-SME03112,0.5256379570308499
current-current-SME03113-005427,current-SME03113,0.43466486884461436
current-current-SME03114-005428,current-SME03114,0.7654831497902503
current-current-SME03114-005429,current-SME03114,0.7591289123102047
current-current-SME03115-005430,current-SME03115,0.7757403926287071
current-current-SME03116-005431,current-SME03116,0.39660539965997926
current-current-SME03116-005432,current-SME03116,0.5688354545555409
current-current-SME03117-005433,current-SME03117,0.549164055039372
current-current-SME03118-005434,current-SME03118,0.539930206808301
current-current-SME03119-005435,current-SME03119,0.7742453340902772
current-current-SME03119-005436,current-SME03119,0.7742453340902772
current-current-SME03119-005437,current-SME03119,0.7678437241996517
current-current-SME03120-005438,current-SME03120,0.6114079554009718
current-current-SME03121-005439,current-SME03121,0.2866847113054371
current-current-SME03122-005440,current-SME03122,0.426752537516801
current-current-SME03122-005441,current-SME03122,0.4545846402462261
current-current-SME03122-005442,current-SME03122,0.45048806635359956
current-current-SME03123-005443,current-SME03123,0.7571213818682483
current-current-SME03123-005444,current-SME03123,0.7621312708077158
current-current-SME03124-005445,current-SME03124,0.3302998517325783
current-current-SME03124-005446,current-SME03124,0.5714819685287374
current-current-SME03125-005447,current-SME03125,0.6521395162409556
current-current-SME03126-005448,current-SME03126,0.4661722144041752
current-current-SME03127-005449,current-SME03127,0.6102899996040662
current-current-SME03127-005450,current-SME03127,0.7425485513246575
current-current-SME03127-005451,current-SME03127,0.7441841118605542
current-current-SME03128-005452,current-SME03128,0.5080539132646427
current-current-SME03128-005453,current-SME03128,0.5852168769612058
current-current-SME03129-005454,current-SME03129,0.6408409312320797
current-current-SME03130-005455,current-SME03130,0.4689085671978569
current-current-SME03130-005456,current-SME03130,0.4764206297646845
current-current-SME03131-005457,current-SME03131,0.6222552035753145
current-current-SME03131-005458,current-SME03131,0.6222552035753145
current-current-SME03131-005459,current-SME03131,0.6362190225241102
current-current-SME03132-005460,current-SME03132,0.5714477223410943
current-current-SME03132-005461,current-SME03132,0.6374679502248225
current-current-SME03133-005462,current-SME03133,0.47798918203157414
current-current-SME03133-005463,current-SME03133,0.4944430568825778
current-current-SME03134-005464,current-SME03134,0.6611477990443723
current-current-SME03134-005465,current-SME03134,0.39808335335101364
current-current-SME03135-005466,current-SME03135,0.6489917145343489
current-current-SME03135-005467,current-SME03135,0.6489917145343489
current-current-SME03136-005468,current-SME03136,0.4511859312568276
current-current-SME03136-005469,current-SME03136,0.5345048506296954
current-current-SME03136-005470,current-SME03136,0.5339324843111467
current-current-SME03137-005471,current-SME03137,0.5293392586521248
current-current-SME03137-005472,current-SME03137,0.5957593675328514
current-current-SME03137-005473,current-SME03137,0.5873172527021
current-current-SME03138-005474,current-SME03138,0.6522561963120436
current-current-SME03138-005475,current-SME03138,0.5322979294601681
current-current-SME03139-005476,current-SME03139,0.6564526981741706
current-current-SME03139-005477,current-SME03139,0.6536045910719833
current-current-SME03139-005478,current-SME03139,0.6536045910719833
current-current-SME03140-005479,current-SME03140,0.6401425527942471
current-current-SME03141-005480,current-SME03141,0.6574896104092106
current-current-SME03141-005481,current-SME03141,0.6667979897566404
current-current-SME03142-005482,current-SME03142,0.7705825834908426
current-current-SME03143-005483,current-SME03143,0.7546318247386606
current-current-SME03143-005484,current-SME03143,0.7484182709475153
current-current-SME03144-005485,current-SME03144,0.5130051726602001
current-current-SME03144-005486,current-SME03144,0.6250252107383737
current-current-SME03145-005487,current-SME03145,0.6125728966723901
current-current-SME03145-005488,current-SME03145,0.5989801021692757
current-current-SME03146-005489,current-SME03146,0.6110146561678712
current-current-SME03146-005490,current-SME03146,0.6110146561678712
current-current-SME03146-005491,current-SME03146,0.6110146561678712
current-current-SME03147-005492,current-SME03147,0.4193044975813404
current-current-SME03147-005493,current-SME03147,0.35937219485331934
current-current-SME03148-005494,current-SME03148,0.38200776514714013
current-current-SME03148-005495,current-SME03148,0.3935178000565031
current-current-SME03149-005496,current-SME03149,0.6626255018059123
current-current-SME03150-005497,current-SME03150,0.22316428633526145
current-current-SME03150-005498,current-SME03150,0.21382342359407472
current-current-SME03151-005499,current-SME03151,0.5680678170387604
current-current-SME03152-005500,current-SME03152,0.4512978901089333
current-current-SME03153-005501,current-SME03153,0.6225107281913523
current-current-SME03153-005502,current-SME03153,0.6136755378563954
current-current-SME03154-005503,current-SME03154,0.47996363497942934
current-current-SME03154-005504,current-SME03154,0.5358696426930096
current-current-SME03155-005505,current-SME03155,0.3955478604139632
current-current-SME03155-005506,current-SME03155,0.42161278690433257
current-current-SME03156-005507,current-SME03156,0.4585700513947446
current-current-SME03156-005508,current-SME03156,0.3945408461887634
current-current-SME03156-005509,current-SME03156,0.42174419446040334
current-current-SME03157-005510,current-SME03157,0.6128935050071811
current-current-SME03158-005511,current-SME03158,0.6207728015654235
current-current-SME03159-005512,current-SME03159,0.3783043383719401
current-current-SME03159-005513,current-SME03159,0.5049117482021127
current-current-SME03160-005514,current-SME03160,0.3456877932722119
current-current-SME03160-005515,current-SME03160,0.5806108110757697
current-current-SME03160-005516,current-SME03160,0.5394499569701848
current-current-SME03161-005517,current-SME03161,0.764561382581178
current-current-SME03161-005518,current-SME03161,0.7320175064066284
current-current-SME03162-005519,current-SME03162,0.548900383017483
current-current-SME03162-005520,current-SME03162,0.5797502792790838
current-current-SME03163-005521,current-SME03163,0.7578224558049929
current-current-SME03164-005522,current-SME03164,0.7285733220567558
current-current-SME03164-005523,current-SME03164,0.729620913990866
current-current-SME03165-005524,current-SME03165,0.3816923166765891
current-current-SME03165-005525,current-SME03165,0.48164443480874547
current-current-SME03166-005526,current-SME03166,0.6314537963643527
current-current-SME03167-005527,current-SME03167,0.5814086332834847
current-current-SME03167-005528,current-SME03167,0.556852323272008
current-current-SME03167-005529,current-SME03167,0.6170197842592721
current-current-SME03168-005530,current-SME03168,0.36787192634364274
current-current-SME03169-005531,current-SME03169,0.5712229282511647
current-current-SME03169-005532,current-SME03169,0.6060476433471494
current-current-SME03169-005533,current-SME03169,0.6007790930892019
current-current-SME03170-005534,current-SME03170,0.7048764427664433
current-current-SME03170-005535,current-SME03170,0.6912836482633289
current-current-SME03171-005536,current-SME03171,0.5842407006518374
current-current-SME03171-005537,current-SME03171,0.6656777311008031
current-current-SME03172-005538,current-SME03172,0.5373622483276126
current-current-SME03172-005539,current-SME03172,0.5056755180921175
current-current-SME03172-005540,current-SME03172,0.4462428409782522
current-current-SME03173-005541,current-SME03173,0.5627740213810555
current-current-SME03174-005542,current-SME03174,0.6783931141091378
current-current-SME03175-005543,current-SME03175,0.5767746155786679
current-current-SME03176-005544,current-SME03176,0.4527433168798809
current-current-SME03177-005545,current-SME03177,0.7026478232201411
current-current-SME03177-005546,current-SME03177,0.6761118228384189
current-current-SME03177-005547,current-SME03177,0.6562058952668594
current-current-SME03178-005548,current-SME03178,0.780647598582968
current-current-SME03179-005549,current-SME03179,0.5896003309116059
current-current-SME03179-005550,current-SME03179,0.6746946929444019
current-current-SME03180-005551,current-SME03180,0.6107702562979839
current-current-SME03181-005552,current-SME03181,0.6375235965613727
current-current-SME03181-005553,current-SME03181,0.6823099083874424
current-current-SME03182-005554,current-SME03182,0.6786014437923041
current-current-SME03182-005555,current-SME03182,0.6774505400383557
current-current-SME03182-005556,current-SME03182,0.6867459914723179
current-current-SME03183-005557,current-SME03183,0.7330471457700513
current-current-SME03183-005558,current-SME03183,0.7047841769763965
current-current-SME03184-005559,current-SME03184,0.6206628638429983
current-current-SME03185-005560,current-SME03185,0.39777206159618134
current-current-SME03185-005561,current-SME03185,0.31917838323373143
current-current-SME03186-005562,current-SME03186,0.7156801612937528
current-current-SME03187-005563,current-SME03187,0.5122785603262761
current-current-SME03187-005564,current-SME03187,0.6277080214113001
current-current-SME03188-005565,current-SME03188,0.6455854597456507
current-current-SME03189-005566,current-SME03189,0.6202001457569392
current-current-SME03189-005567,current-SME03189,0.6789182715980432
current-current-SME03189-005568,current-SME03189,0.6486324258367404
current-current-SME03190-005569,current-SME03190,0.5431472469275822
current-current-SME03191-005570,current-SME03191,0.6045364625227061
current-current-SME03191-005571,current-SME03191,0.6756052775915738
current-current-SME03192-005572,current-SME03192,0.8095313098670825
current-current-SME03193-005573,current-SME03193,0.5493153089194011
current-current-SME03193-005574,current-SME03193,0.5209787914329203
current-current-SME03194-005575,current-SME03194,0.6515130486351166
current-current-SME03195-005576,current-SME03195,0.26151125309244233
current-current-SME03196-005577,current-SME03196,0.3992068877822118
current-current-SME03196-005578,current-SME03196,0.4914912111962208
current-current-SME03196-005579,current-SME03196,0.4049738660750542
current-current-SME03197-005580,current-SME03197,0.29456820847307236
current-current-SME03197-005581,current-SME03197,0.4336997815112168
current-current-SME03198-005582,current-SME03198,0.3051582853930097
current-current-SME03198-005583,current-SME03198,0.6002889969569091
current-current-SME03199-005584,current-SME03199,0.40304247481849187
current-current-SME03200-005585,current-SME03200,0.6875403882336011
current-current-SME03201-005586,current-SME03201,0.4244976000246929
current-current-SME03201-005587,current-SME03201,0.6292930142502591
current-current-SME03202-005588,current-SME03202,0.5152833509819585
current-current-SME03202-005589,current-SME03202,0.6192139299125157
current-current-SME03203-005590,current-SME03203,0.582628423544421
current-current-SME03204-005591,current-SME03204,0.7176382187110182
current-current-SME03204-005592,current-SME03204,0.7670610914846803
current-current-SME03204-005593,current-SME03204,0.7670610914846803
current-current-SME03205-005594,current-SME03205,0.6181813509423929
current-current-SME03205-005595,current-SME03205,0.6969706316242045
current-current-SME03206-005596,current-SME03206,0.6645371608004306
current-current-SME03207-005597,current-SME03207,0.7151099990905769
current-current-SME03207-005598,current-SME03207,0.6761301399403792
current-current-SME03208-005599,current-SME03208,0.7654831497902503
current-current-SME03208-005600,current-SME03208,0.7654831497902503
current-current-SME03209-005601,current-SME03209,0.4789960226029139
current-current-SME03209-005602,current-SME03209,0.7866930236436067
current-current-SME03210-005603,current-SME03210,0.6132764056528425
current-current-SME03211-005604,current-SME03211,0.60587354581636
current-current-SME03211-005605,current-SME03211,0.6636183822195049
current-current-SME03212-005606,current-SME03212,0.3802521125860485
current-current-SME03213-005607,current-SME03213,0.6639300189551022
current-current-SME03213-005608,current-SME03213,0.5001570773532411
current-current-SME03214-005609,current-SME03214,0.5740817960091549
current-current-SME03215-005610,current-SME03215,0.34591367518984023
current-current-SME03216-005611,current-SME03216,0.5540490762815494
current-current-SME03216-005612,current-SME03216,0.6296392543625532
current-current-SME03216-005613,current-SME03216,0.6243615300783893
current-current-SME03217-005614,current-SME03217,0.6060370882757949
current-current-SME03217-005615,current-SME03217,0.6937768353880396
current-current-SME03217-005616,current-SME03217,0.6948244273221498
current-current-SME03218-005617,current-SME03218,0.6610743076680357
current-current-SME03219-005618,current-SME03219,0.49284388801124496
current-current-SME03219-005619,current-SME03219,0.38029450334876597
current-current-SME03220-005620,current-SME03220,0.37853009564115625
current-current-SME03220-005621,current-SME03220,0.32492803778184465
current-current-SME03221-005622,current-SME03221,0.6509476884053094
current-current-SME03222-005623,current-SME03222,0.4780475342433481
current-current-SME03223-005624,current-SME03223,0.5735534981420856
current-current-SME03224-005625,current-SME03224,0.4492025658174672
current-current-SME03224-005626,current-SME03224,0.4949643455364062
current-current-SME03225-005627,current-SME03225,0.672946783009821
current-current-SME03226-005628,current-SME03226,0.6654171766190108
current-current-SME03226-005629,current-SME03226,0.6631269195844074
current-current-SME03227-005630,current-SME03227,0.5982779955214925
current-current-SME03227-005631,current-SME03227,0.6041235316578628
current-current-SME03228-005632,current-SME03228,0.26310961675239153
current-current-SME03228-005633,current-SME03228,0.5445114789778366
current-current-SME03229-005634,current-SME03229,0.41493917056870905
current-current-SME03229-005635,current-SME03229,0.4991402706003337
current-current-SME03230-005636,current-SME03230,0.6020854514208788
current-current-SME03230-005637,current-SME03230,0.5390469450402995
current-current-SME03230-005638,current-SME03230,0.6306679696330068
current-current-SME03231-005639,current-SME03231,0.5183642420859051
current-current-SME03231-005640,current-SME03231,0.5590317332698008
current-current-SME03232-005641,current-SME03232,0.5920145447860435
current-current-SME03232-005642,current-SME03232,0.7390657446443138
current-current-SME03233-005643,current-SME03233,0.26279663256592795
current-current-SME03233-005644,current-SME03233,0.2890879221911876
current-current-SME03234-005645,current-SME03234,0.7183020363561009
current-current-SME03235-005646,current-SME03235,0.6426359616985052
current-current-SME03236-005647,current-SME03236,0.38220983927830254
current-current-SME03236-005648,current-SME03236,0.6112351387464895
current-current-SME03237-005649,current-SME03237,0.5909439635834434
current-current-SME03238-005650,current-SME03238,0.36519802620460945
current-current-SME03239-005651,current-SME03239,0.6018198554722964
current-current-SME03239-005652,current-SME03239,0.6683102112295348
current-current-SME03239-005653,current-SME03239,0.48766234311683193
current-current-SME03240-005654,current-SME03240,0.43069888295233866
current-current-SME03240-005655,current-SME03240,0.45646320046472993
current-current-SME03240-005656,current-SME03240,0.482342661633504
current-current-SME03241-005657,current-SME03241,0.38863988629496143
current-current-SME03242-005658,current-SME03242,0.7410430023921084
current-current-SME03243-005659,current-SME03243,0.6589045542494472
current-current-SME03243-005660,current-SME03243,0.6589045542494472
current-current-SME03244-005661,current-SME03244,0.4127934755374546
current-current-SME03244-005662,current-SME03244,0.4478972075691574
current-current-SME03245-005663,current-SME03245,0.6601955298383265
current-current-SME03245-005664,current-SME03245,0.7040276439550786
current-current-SME03246-005665,current-SME03246,0.5337064422487313
current-current-SME03247-005666,current-SME03247,0.563924837763158
current-current-SME03247-005667,current-SME03247,0.6677890388542452
current-current-SME03248-005668,current-SME03248,0.807129800224203
current-current-SME03249-005669,current-SME03249,0.7350843213626881
current-current-SME03249-005670,current-SME03249,0.7073391096928169
current-current-SME03250-005671,current-SME03250,0.576577066118754
current-current-SME03250-005672,current-SME03250,0.5767276541957355
current-current-SME03250-005673,current-SME03250,0.6469214350988054
current-current-SME03251-005674,current-SME03251,0.6779846175373994
current-current-SME03251-005675,current-SME03251,0.6031630062693355
current-current-SME03252-005676,current-SME03252,0.43881984268867885
current-current-SME03252-005677,current-SME03252,0.3443133752564221
current-current-SME03253-005678,current-SME03253,0.7960289051436785
current-current-SME03254-005679,current-SME03254,0.7881453674360844
current-current-SME03254-005680,current-SME03254,0.7861917033915043
current-current-SME03255-005681,current-SME03255,0.45174582645133393
current-current-SME03255-005682,current-SME03255,0.5747043493490737
current-current-SME03255-005683,current-SME03255,0.527862793903809
current-current-SME03256-005684,current-SME03256,0.29569918667406786
current-current-SME03256-005685,current-SME03256,0.5450641389022605
current-current-SME03257-005686,current-SME03257,0.8104222074680608
current-current-SME03257-005687,current-SME03257,0.8104222074680608
current-current-SME03258-005688,current-SME03258,0.3655785004694122
current-current-SME03258-005689,current-SME03258,0.26811394544683137
current-current-SME03259-005690,current-SME03259,0.7921682978940372
current-current-SME03259-005691,current-SME03259,0.7902146338494571
current-current-SME03260-005692,current-SME03260,0.6887770783666104
current-current-SME03261-005693,current-SME03261,0.6099602898123797
current-current-SME03261-005694,current-SME03261,0.6707748145205058
current-current-SME03262-005695,current-SME03262,0.7813814264389802
current-current-SME03262-005696,current-SME03262,0.7446903945961626
current-current-SME03263-005697,current-SME03263,0.6742330681750646
current-current-SME03264-005698,current-SME03264,0.4687636941018313
current-current-SME03265-005699,current-SME03265,0.28168288235802613
current-current-SME03265-005700,current-SME03265,0.2791482328885756
current-current-SME03266-005701,current-SME03266,0.6380276700173553
current-current-SME03266-005702,current-SME03266,0.6078751874824077
current-current-SME03267-005703,current-SME03267,0.49758268557469465
current-current-SME03267-005704,current-SME03267,0.615939246026925
current-current-SME03268-005705,current-SME03268,0.5386851159930187
current-current-SME03268-005706,current-SME03268,0.6042126438239078
current-current-SME03268-005707,current-SME03268,0.5332811507992151
current-current-SME03269-005708,current-SME03269,0.544144602103003
current-current-SME03270-005709,current-SME03270,0.575622731857588
current-current-SME03271-005710,current-SME03271,0.6538957968869619
current-current-SME03272-005711,current-SME03272,0.4250946873592954
current-current-SME03272-005712,current-SME03272,0.526953374733774
current-current-SME03273-005713,current-SME03273,0.6268811149480552
current-current-SME03273-005714,current-SME03273,0.6268811149480552
current-current-SME03273-005715,current-SME03273,0.633197257140113
current-current-SME03274-005716,current-SME03274,0.7091698184258334
current-current-SME03275-005717,current-SME03275,0.6307438701455644
current-current-SME03275-005718,current-SME03275,0.6178802681724136
current-current-SME03275-005719,current-SME03275,0.6046366403949487
current-current-SME03276-005720,current-SME03276,0.41632409401726717
current-current-SME03276-005721,current-SME03276,0.4086885630171156
current-current-SME03276-005722,current-SME03276,0.3352981680124809
current-current-SME03277-005723,current-SME03277,0.3202253647819179
current-current-SME03277-005724,current-SME03277,0.3954184305640012
current-current-SME03278-005725,current-SME03278,0.446377479891201
current-current-SME03278-005726,current-SME03278,0.4840685511721852
current-current-SME03278-005727,current-SME03278,0.5646252485288229
current-current-SME03279-005728,current-SME03279,0.5092787217845458
current-current-SME03279-005729,current-SME03279,0.5706628295730175
current-current-SME03280-005730,current-SME03280,0.6039914673077279
current-current-SME03280-005731,current-SME03280,0.6370260307610969
current-current-SME03281-005732,current-SME03281,0.8011627736618346
current-current-SME03282-005733,current-SME03282,0.6385275605899365
current-current-SME03282-005734,current-SME03282,0.5432912780917587
current-current-SME03283-005735,current-SME03283,0.6399002909884763
current-current-SME03283-005736,current-SME03283,0.6089576572436967
current-current-SME03284-005737,current-SME03284,0.6372111242829811
current-current-SME03285-005738,current-SME03285,0.5997091888263455
current-current-SME03286-005739,current-SME03286,0.5682963653670856
current-current-SME03287-005740,current-SME03287,0.4001905236106275
current-current-SME03288-005741,current-SME03288,0.8020672125916998
current-current-SME03288-005742,current-SME03288,0.8086307034413275
current-current-SME03289-005743,current-SME03289,0.575343864881473
current-current-SME03289-005744,current-SME03289,0.613193983750746
current-current-SME03289-005745,current-SME03289,0.6079162594665821
current-current-SME03290-005746,current-SME03290,0.34184107737588093
current-current-SME03290-005747,current-SME03290,0.650027011485832
current-current-SME03291-005748,current-SME03291,0.7223300868280523
current-current-SME03292-005749,current-SME03292,0.6068527458462606
current-current-SME03293-005750,current-SME03293,0.6330834949555543
current-current-SME03294-005751,current-SME03294,0.6748127624111757
current-current-SME03294-005752,current-SME03294,0.6162251227697366
current-current-SME03295-005753,current-SME03295,0.5054793356588342
current-current-SME03296-005754,current-SME03296,0.5959436269626159
current-current-SME03297-005755,current-SME03297,0.5215188913623893
current-current-SME03297-005756,current-SME03297,0.6143708806117508
current-current-SME03297-005757,current-SME03297,0.6196244487606956
current-current-SME03298-005758,current-SME03298,0.6871645268538272
current-current-SME03299-005759,current-SME03299,0.5465825811533785
current-current-SME03299-005760,current-SME03299,0.5169943176863736
current-current-SME03299-005761,current-SME03299,0.591269625032678
current-current-SME03300-005762,current-SME03300,0.6439921136798102
current-current-SME03301-005763,current-SME03301,0.7902166167739372
current-current-SME03302-005764,current-SME03302,0.5084358817088707
current-current-SME03303-005765,current-SME03303,0.565191229454857
current-current-SME03304-005766,current-SME03304,0.6464711687415728
current-current-SME03304-005767,current-SME03304,0.6162386621181977
current-current-SME03304-005768,current-SME03304,0.5327053365371905
current-current-SME03305-005769,current-SME03305,0.3338008883653947
current-current-SME03305-005770,current-SME03305,0.5961688331854788
current-current-SME03305-005771,current-SME03305,0.49243462703112817
current-current-SME03306-005772,current-SME03306,0.5212584600619643
current-current-SME03306-005773,current-SME03306,0.6798856452647265
current-current-SME03306-005774,current-SME03306,0.42089516455150044
current-current-SME03307-005775,current-SME03307,0.4829449249439252
current-current-SME03308-005776,current-SME03308,0.5261037706638932
current-current-SME03309-005777,current-SME03309,0.7512166838775023
current-current-SME03309-005778,current-SME03309,0.8617776448955068
current-current-SME03309-005779,current-SME03309,0.9301089973611734
current-current-SME03310-005780,current-SME03310,0.6027623905761117
current-current-SME03310-005781,current-SME03310,0.695479136468626
current-current-SME03311-005782,current-SME03311,0.62926917481929
current-current-SME03312-005783,current-SME03312,0.20389102984743368
current-current-SME03312-005784,current-SME03312,0.36162241951147733
current-current-SME03312-005785,current-SME03312,0.43065147765147727
current-current-SME03313-005786,current-SME03313,0.4642240301962697
current-current-SME03313-005787,current-SME03313,0.48158557591985635
current-current-SME03314-005788,current-SME03314,0.6485381869801807
current-current-SME03315-005789,current-SME03315,0.41723272143246465
current-current-SME03316-005790,current-SME03316,0.7190909045114688
current-current-SME03317-005791,current-SME03317,0.9127513678884158
current-current-SME03317-005792,current-SME03317,0.9026739698787473
current-current-SME03318-005793,current-SME03318,0.6811681140709799
current-current-SME03318-005794,current-SME03318,0.6842196729746759
current-current-SME03319-005795,current-SME03319,0.6755247838451227
current-current-SME03319-005796,current-SME03319,0.7491768945511399
current-current-SME03320-005797,current-SME03320,0.3216922264868917
current-current-SME03320-005798,current-SME03320,0.6643220737208212
current-current-SME03321-005799,current-SME03321,0.48470396531899207
current-current-SME03322-005800,current-SME03322,0.7405605768964689
current-current-SME03323-005801,current-SME03323,0.5144725065620716
current-current-SME03324-005802,current-SME03324,0.3051224431109468
current-current-SME03325-005803,current-SME03325,0.534644225006933
current-current-SME03325-005804,current-SME03325,0.5336818067068269
current-current-SME03325-005805,current-SME03325,0.5760805435842876
current-current-SME03326-005806,current-SME03326,0.4516989659764969
current-current-SME03327-005807,current-SME03327,0.6192006756290596
current-current-SME03328-005808,current-SME03328,0.472475669947277
current-current-SME03328-005809,current-SME03328,0.5665559994265669
current-current-SME03329-005810,current-SME03329,0.6399934003978498
current-current-SME03330-005811,current-SME03330,0.7352789434135227
current-current-SME03331-005812,current-SME03331,0.4365278896386845
current-current-SME03331-005813,current-SME03331,0.5261834831230936
current-current-SME03332-005814,current-SME03332,0.82937875936444
current-current-SME03333-005815,current-SME03333,0.7530664310164898
current-current-SME03334-005816,current-SME03334,0.5235909592230584
current-current-SME03335-005817,current-SME03335,0.6971366085372775
current-current-SME03335-005818,current-SME03335,0.7021464974767451
current-current-SME03336-005819,current-SME03336,0.3915953991911709
current-current-SME03337-005820,current-SME03337,0.6360987757620128
current-current-SME03338-005821,current-SME03338,0.5734609775878827
current-current-SME03339-005822,current-SME03339,0.416010317251184
current-current-SME03339-005823,current-SME03339,0.42912954290121413
current-current-SME03340-005824,current-SME03340,0.5973930648018515
current-current-SME03341-005825,current-SME03341,0.575955951466434
current-current-SME03341-005826,current-SME03341,0.5584336954710407
current-current-SME03342-005827,current-SME03342,0.6278415462860325
current-current-SME03343-005828,current-SME03343,0.6482262261272875
current-current-SME03344-005829,current-SME03344,0.4352209346661681
current-current-SME03344-005830,current-SME03344,0.48112873171125137
current-current-SME03345-005831,current-SME03345,0.535489799081626
current-current-SME03346-005832,current-SME03346,0.6685649983125352
current-current-SME03347-005833,current-SME03347,0.42124276487972717
current-current-SME03348-005834,current-SME03348,0.4785810610984264
current-current-SME03348-005835,current-SME03348,0.5162504923921286
current-current-SME03349-005836,current-SME03349,0.5570322490228755
current-current-SME03349-005837,current-SME03349,0.6282000478738591
current-current-SME03349-005838,current-SME03349,0.6409504595471902
current-current-SME03350-005839,current-SME03350,0.609249823215186
current-current-SME03350-005840,current-SME03350,0.6948487779734656
current-current-SME03351-005841,current-SME03351,0.4969709359389018
current-current-SME03351-005842,current-SME03351,0.5244285472163744
current-current-SME03352-005843,current-SME03352,0.4113131860752141
current-current-SME03353-005844,current-SME03353,0.6289346653278146
current-current-SME03353-005845,current-SME03353,0.6573594306122617
current-current-SME03354-005846,current-SME03354,0.670613018176595
current-current-SME03354-005847,current-SME03354,0.7230826555171808
current-current-SME03355-005848,current-SME03355,0.5359942299693555
current-current-SME03355-005849,current-SME03355,0.5654017030220737
current-current-SME03356-005850,current-SME03356,0.441680213112059
current-current-SME03357-005851,current-SME03357,0.7051435722460101
current-current-SME03358-005852,current-SME03358,0.3867859847113115
current-current-SME03358-005853,current-SME03358,0.4120700174996422
current-current-SME03359-005854,current-SME03359,0.35747335502839145
current-current-SME03360-005855,current-SME03360,0.7195323167251075
current-current-SME03361-005856,current-SME03361,0.5568034590836293
current-current-SME03362-005857,current-SME03362,0.537106004217029
current-current-SME03362-005858,current-SME03362,0.6353162794036387
current-current-SME03363-005859,current-SME03363,0.5121845889956049
current-current-SME03363-005860,current-SME03363,0.5585749864694777
current-current-SME03364-005861,current-SME03364,0.7725626097011346
current-current-SME03364-005862,current-SME03364,0.7725626097011346
current-current-SME03364-005863,current-SME03364,0.7764104949639331
current-current-SME03365-005864,current-SME03365,0.4702829764592175
current-current-SME03366-005865,current-SME03366,0.6535146018995962
current-current-SME03367-005866,current-SME03367,0.49125256303059456
current-current-SME03367-005867,current-SME03367,0.47861046188098577
current-current-SME03368-005868,current-SME03368,0.5109751283218127
current-current-SME03369-005869,current-SME03369,0.627903932766842
current-current-SME03370-005870,current-SME03370,0.464493759105827
current-current-SME03370-005871,current-SME03370,0.6382150869369516
current-current-SME03371-005872,current-SME03371,0.6978204545403356
current-current-SME03372-005873,current-SME03372,0.4109062317679707
current-current-SME03372-005874,current-SME03372,0.6252309499438632
current-current-SME03372-005875,current-SME03372,0.7057417604761309
current-current-SME03373-005876,current-SME03373,0.6477758102233092
current-current-SME03374-005877,current-SME03374,0.4964547559581614
current-current-SME03374-005878,current-SME03374,0.5552829640130514
current-current-SME03374-005879,current-SME03374,0.5312003512560597
current-current-SME03375-005880,current-SME03375,0.5610600692836193
current-current-SME03376-005881,current-SME03376,0.4371535928864765
current-current-SME03377-005882,current-SME03377,0.49827353568421356
current-current-SME03377-005883,current-SME03377,0.5010047157938295
current-current-SME03378-005884,current-SME03378,0.7061790925913108
current-current-SME03378-005885,current-SME03378,0.7092306514950069
current-current-SME03379-005886,current-SME03379,0.3658071012647647
current-current-SME03380-005887,current-SME03380,0.5427117143735963
current-current-SME03380-005888,current-SME03380,0.5318277397021836
current-current-SME03381-005889,current-SME03381,0.7843579193992903
current-current-SME03382-005890,current-SME03382,0.6743415849798078
current-current-SME03382-005891,current-SME03382,0.766151863379309
current-current-SME03382-005892,current-SME03382,0.794374695165607
current-current-SME03383-005893,current-SME03383,0.666274494897594
current-current-SME03383-005894,current-SME03383,0.6705600573920887
current-current-SME03384-005895,current-SME03384,0.7966613983834727
current-current-SME03385-005896,current-SME03385,0.4841727938445159
current-current-SME03385-005897,current-SME03385,0.573313275041501
current-current-SME03385-005898,current-SME03385,0.5822725929605259
current-current-SME03386-005899,current-SME03386,0.4899880655936614
current-current-SME03387-005900,current-SME03387,0.5609493511148909
current-current-SME03388-005901,current-SME03388,0.6465669815563194
current-current-SME03389-005902,current-SME03389,0.4114368098894399
current-current-SME03389-005903,current-SME03389,0.38352081316336845
current-current-SME03390-005904,current-SME03390,0.6804922203363516
current-current-SME03390-005905,current-SME03390,0.6133952777833337
current-current-SME03391-005906,current-SME03391,0.6687411674702537
current-current-SME03391-005907,current-SME03391,0.664871045098885
current-current-SME03392-005908,current-SME03392,0.5645054697063697
current-current-SME03392-005909,current-SME03392,0.4596455617753576
current-current-SME03393-005910,current-SME03393,0.5876299590267127
current-current-SME03393-005911,current-SME03393,0.5876299590267127
current-current-SME03394-005912,current-SME03394,0.5276002219676027
current-current-SME03394-005913,current-SME03394,0.4964387033716564
current-current-SME03395-005914,current-SME03395,0.5621355242237478
current-current-SME03396-005915,current-SME03396,0.6194723493955366
current-current-SME03397-005916,current-SME03397,0.5186623856887115
current-current-SME03398-005917,current-SME03398,0.7048764427664433
current-current-SME03399-005918,current-SME03399,0.6866098002475717
current-current-SME03399-005919,current-SME03399,0.6831601264436981
current-current-SME03400-005920,current-SME03400,0.6659750266865947
current-current-SME03400-005921,current-SME03400,0.6348639507907526
current-current-SME03401-005922,current-SME03401,0.6729404590684909
current-current-SME03401-005923,current-SME03401,0.6721460614698669
current-current-SME03401-005924,current-SME03401,0.6700923519663036
current-current-SME03402-005925,current-SME03402,0.6563301529749005
current-current-SME03402-005926,current-SME03402,0.5120782424204037
current-current-SME03403-005927,current-SME03403,0.5879163046942332
current-current-SME03403-005928,current-SME03403,0.6291216216307228
current-current-SME03404-005929,current-SME03404,0.650032539087302
current-current-SME03404-005930,current-SME03404,0.7014009256299133
current-current-SME03405-005931,current-SME03405,0.40272902316891196
current-current-SME03406-005932,current-SME03406,0.5577569614434374
current-current-SME03407-005933,current-SME03407,0.6438690822107355
current-current-SME03408-005934,current-SME03408,0.8555992221349563
current-current-SME03409-005935,current-SME03409,0.40079281029395053
current-current-SME03410-005936,current-SME03410,0.4685280167990264
current-current-SME03410-005937,current-SME03410,0.5427453315225278
current-current-SME03411-005938,current-SME03411,0.32190142536497474
current-current-SME03411-005939,current-SME03411,0.2540843531974929
current-current-SME03411-005940,current-SME03411,0.32547226018783626
current-current-SME03412-005941,current-SME03412,0.3499443341261364
current-current-SME03413-005942,current-SME03413,0.6246977893863567
current-current-SME03413-005943,current-SME03413,0.6235286909111931
current-current-SME03414-005944,current-SME03414,0.44051591847789817
current-current-SME03414-005945,current-SME03414,0.5070229239566723
current-current-SME03415-005946,current-SME03415,0.46979251640338143
current-current-SME03415-005947,current-SME03415,0.4205201846150501
current-current-SME03416-005948,current-SME03416,0.6573521404115884
current-current-SME03417-005949,current-SME03417,0.5457401540398011
current-current-SME03418-005950,current-SME03418,0.609938510555228
current-current-SME03419-005951,current-SME03419,0.5469425912358031
current-current-SME03420-005952,current-SME03420,0.36355518317188773
current-current-SME03420-005953,current-SME03420,0.44371488870513986
current-current-SME03420-005954,current-SME03420,0.4771264361617418
current-current-SME03421-005955,current-SME03421,0.5470845335201199
current-current-SME03421-005956,current-SME03421,0.6039114197249579
current-current-SME03421-005957,current-SME03421,0.5608084225169647
current-current-SME03422-005958,current-SME03422,0.44878167122280854
current-current-SME03422-005959,current-SME03422,0.44946165678352884
current-current-SME03423-005960,current-SME03423,0.7474896451899145
current-current-SME03423-005961,current-SME03423,0.6023776811100865
current-current-SME03423-005962,current-SME03423,0.7517752076844091
current-current-SME03424-005963,current-SME03424,0.5439070639225559
current-current-SME03425-005964,current-SME03425,0.4847812344919502
current-current-SME03425-005965,current-SME03425,0.58604991631704
current-current-SME03426-005966,current-SME03426,0.6578571835128576
current-current-SME03426-005967,current-SME03426,0.5531944618416667
current-current-SME03427-005968,current-SME03427,0.4585431771865101
current-current-SME03427-005969,current-SME03427,0.4419987788980319
current-current-SME03427-005970,current-SME03427,0.49797856936302215
current-current-SME03428-005971,current-SME03428,0.3490456811398109
current-current-SME03429-005972,current-SME03429,0.5620757632799145
current-current-SME03429-005973,current-SME03429,0.5968706279359096
current-current-SME03429-005974,current-SME03429,0.566837046960124
current-current-SME03430-005975,current-SME03430,0.49355192489401284
current-current-SME03431-005976,current-SME03431,0.6973178468504069
current-current-SME03432-005977,current-SME03432,0.5849696814016798
current-current-SME03433-005978,current-SME03433,0.6555271128158491
current-current-SME03433-005979,current-SME03433,0.5412526679540617
current-current-SME03433-005980,current-SME03433,0.6555271128158491
current-current-SME03434-005981,current-SME03434,0.6024039469619071
current-current-SME03434-005982,current-SME03434,0.6038139826712347
current-current-SME03435-005983,current-SME03435,0.6216559646720408
current-current-SME03435-005984,current-SME03435,0.6493738941112044
current-current-SME03436-005985,current-SME03436,0.515933199186588
current-current-SME03437-005986,current-SME03437,0.5768892491553191
current-current-SME03438-005987,current-SME03438,0.3753630401959752
current-current-SME03439-005988,current-SME03439,0.6904798303532507
current-current-SME03439-005989,current-SME03439,0.6904798303532507
current-current-SME03440-005990,current-SME03440,0.38173928752429065
current-current-SME03441-005991,current-SME03441,0.5531567128384154
current-current-SME03442-005992,current-SME03442,0.6709593614968554
current-current-SME03443-005993,current-SME03443,0.15616171880773239
current-current-SME03443-005994,current-SME03443,0.39838149419152186
current-current-SME03444-005995,current-SME03444,0.7476137331655252
current-current-SME03445-005996,current-SME03445,0.5498548931967675
current-current-SME03445-005997,current-SME03445,0.4509061323301666
current-current-SME03446-005998,current-SME03446,0.35379463592132504
current-current-SME03446-005999,current-SME03446,0.4012057079440354
current-current-SME03447-006000,current-SME03447,0.5445802219012694
current-current-SME03448-006001,current-SME03448,0.5529830856876027
current-current-SME03448-006002,current-SME03448,0.5463315819471555
current-current-SME03448-006003,current-SME03448,0.5365017838790923
current-current-SME03449-006004,current-SME03449,0.5765843681426338
current-current-SME03449-006005,current-SME03449,0.654751213153876
current-current-SME03450-006006,current-SME03450,0.5222098680797822
current-current-SME03451-006007,current-SME03451,0.36875652405221304
current-current-SME03451-006008,current-SME03451,0.5887184202268875
current-current-SME03452-006009,current-SME03452,0.7804117741478509
current-current-SME03452-006010,current-SME03452,0.7809696242154348
current-current-SME03453-006011,current-SME03453,0.5899861897565496
current-current-SME03454-006012,current-SME03454,0.6791932254770098
current-current-SME03454-006013,current-SME03454,0.6839090625239089
current-current-SME03454-006014,current-SME03454,0.6862161099556706
current-current-SME03455-006015,current-SME03455,0.08210896955338841
current-current-SME03456-006016,current-SME03456,0.700580844567286
current-current-SME03456-006017,current-SME03456,0.700580844567286
current-current-SME03457-006018,current-SME03457,0.7950527499599414
current-current-SME03458-006019,current-SME03458,0.2808623771235074
current-current-SME03458-006020,current-SME03458,0.418274214437621
current-current-SME03458-006021,current-SME03458,0.4196677656036565
current-current-SME03459-006022,current-SME03459,0.49923434082791357
current-current-SME03460-006023,current-SME03460,0.3616538157115401
current-current-SME03461-006024,current-SME03461,0.8218502958303064
current-current-SME03461-006025,current-SME03461,0.8218502958303064
current-current-SME03461-006026,current-SME03461,0.7639087878061491
current-current-SME03462-006027,current-SME03462,0.42020462164278893
current-current-SME03463-006028,current-SME03463,0.5115472156675425
current-current-SME03464-006029,current-SME03464,0.46217086310401456
current-current-SME03465-006030,current-SME03465,0.5729506486726024
current-current-SME03465-006031,current-SME03465,0.48606791370272917
current-current-SME03466-006032,current-SME03466,0.6119851044405756
current-current-SME03466-006033,current-SME03466,0.6109460610137254
current-current-SME03467-006034,current-SME03467,0.5521162336516872
current-current-SME03467-006035,current-SME03467,0.6096370266791332
current-current-SME03468-006036,current-SME03468,0.6164533229397043
current-current-SME03468-006037,current-SME03468,0.6164533229397043
current-current-SME03469-006038,current-SME03469,0.5248839033931902
current-current-SME03469-006039,current-SME03469,0.6019613890708462
current-current-SME03470-006040,current-SME03470,0.625744187519616
current-current-SME03471-006041,current-SME03471,0.5547131707954112
current-current-SME03472-006042,current-SME03472,0.442720118281096
current-current-SME03472-006043,current-SME03472,0.4715647212073169
current-current-SME03473-006044,current-SME03473,0.4901529194519438
current-current-SME03473-006045,current-SME03473,0.5355496298648362
current-current-SME03474-006046,current-SME03474,0.191413694451554
current-current-SME03475-006047,current-SME03475,0.5933579925305014
current-current-SME03476-006048,current-SME03476,0.7379271725145226
current-current-SME03476-006049,current-SME03476,0.7213081384442411
current-current-SME03477-006050,current-SME03477,0.4404574838312976
current-current-SME03477-006051,current-SME03477,0.3501382561420989
current-current-SME03478-006052,current-SME03478,0.5496849664808297
current-current-SME03478-006053,current-SME03478,0.5522286953447058
current-current-SME03479-006054,current-SME03479,0.6748127624111757
current-current-SME03479-006055,current-SME03479,0.6748127624111757
current-current-SME03479-006056,current-SME03479,0.6151775308356264
current-current-SME03480-006057,current-SME03480,0.6621317439529785
current-current-SME03481-006058,current-SME03481,0.6338914545845752
current-current-SME03481-006059,current-SME03481,0.6738551637667901
current-current-SME03482-006060,current-SME03482,0.40592549661330896
current-current-SME03482-006061,current-SME03482,0.5823181380148517
current-current-SME03483-006062,current-SME03483,0.6496447646870477
current-current-SME03483-006063,current-SME03483,0.6677716836715454
current-current-SME03484-006064,current-SME03484,0.6920265091592265
current-current-SME03484-006065,current-SME03484,0.6875785633131811
current-current-SME03485-006066,current-SME03485,0.4537725658048072
current-current-SME03486-006067,current-SME03486,0.6274091902122965
current-current-SME03486-006068,current-SME03486,0.6255125377158025
current-current-SME03487-006069,current-SME03487,0.7680196850013659
current-current-SME03487-006070,current-SME03487,0.6752803160175747
current-current-SME03488-006071,current-SME03488,0.5661456979246616
current-current-SME03489-006072,current-SME03489,0.5719361887745689
current-current-SME03490-006073,current-SME03490,0.6876272922152091
current-current-SME03490-006074,current-SME03490,0.7609353720619813
current-current-SME03490-006075,current-SME03490,0.7748109116040718
current-current-SME03491-006076,current-SME03491,0.48799525293141144
current-current-SME03491-006077,current-SME03491,0.6177922552620808
current-current-SME03491-006078,current-SME03491,0.5039025308117654
current-current-SME03492-006079,current-SME03492,0.5840571152933762
current-current-SME03492-006080,current-SME03492,0.5916211998387884
current-current-SME03493-006081,current-SME03493,0.6017700773545998
current-current-SME03494-006082,current-SME03494,0.7065436972238427
current-current-SME03494-006083,current-SME03494,0.706771884678825
current-current-SME03494-006084,current-SME03494,0.7983652305987985
current-current-SME03495-006085,current-SME03495,0.685700406152823
current-current-SME03496-006086,current-SME03496,0.6605694676843895
current-current-SME03497-006087,current-SME03497,0.29243013333355405
current-current-SME03497-006088,current-SME03497,0.29545900004411507
current-current-SME03498-006089,current-SME03498,0.37301032001183343
current-current-SME03499-006090,current-SME03499,0.48375776885951016
current-current-SME03499-006091,current-SME03499,0.5212722814056677
current-current-SME03500-006092,current-SME03500,0.6344725402497631
current-current-SME03501-006093,current-SME03501,0.6143532853281826
current-current-SME03502-006094,current-SME03502,0.7367220801183229
current-current-SME03503-006095,current-SME03503,0.6544422679020659
current-current-SME03504-006096,current-SME03504,0.552070047646785
current-current-SME03504-006097,current-SME03504,0.5135782071811394
current-current-SME03505-006098,current-SME03505,0.7034257026144128
current-current-SME03506-006099,current-SME03506,0.709552105006881
current-current-SME03506-006100,current-SME03506,0.710180977382486
current-current-SME03506-006101,current-SME03506,0.49562298162910184
current-current-SME03507-006102,current-SME03507,0.5462127657412059
current-current-SME03507-006103,current-SME03507,0.37809329455082985
current-current-SME03508-006104,current-SME03508,0.4287054535373947
current-current-SME03509-006105,current-SME03509,0.6467554002802052
current-current-SME03510-006106,current-SME03510,0.7139715201829958
current-current-SME03511-006107,current-SME03511,0.7219178210106076
current-current-SME03512-006108,current-SME03512,0.6171716147586722
current-current-SME03513-006109,current-SME03513,0.19491112303763589
current-current-SME03513-006110,current-SME03513,0.0
current-current-SME03514-006111,current-SME03514,0.7405156800031568
current-current-SME03515-006112,current-SME03515,0.5431208815815027
current-current-SME03516-006113,current-SME03516,0.24911079975850764
current-current-SME03516-006114,current-SME03516,0.2591250617868349
current-current-SME03517-006115,current-SME03517,0.5278209502336009
current-current-SME03518-006116,current-SME03518,0.37856578880253816
current-current-SME03519-006117,current-SME03519,0.5385869950609505
current-current-SME03520-006118,current-SME03520,0.6439970458570985
current-current-SME03520-006119,current-SME03520,0.7042495607886557
current-current-SME03521-006120,current-SME03521,0.5626836622064941
current-current-SME03521-006121,current-SME03521,0.5863277993891248
current-current-SME03522-006122,current-SME03522,0.4890624920719901
current-current-SME03523-006123,current-SME03523,0.7896587667063533
current-current-SME03524-006124,current-SME03524,0.5549955532351727
current-current-SME03524-006125,current-SME03524,0.6114303074168281
current-current-SME03525-006126,current-SME03525,0.523772016088685
current-current-SME03525-006127,current-SME03525,0.5603298908532216
current-current-SME03525-006128,current-SME03525,0.5754443011338565
current-current-SME03526-006129,current-SME03526,0.3967901702243852
current-current-SME03527-006130,current-SME03527,0.7135333493169379
current-current-SME03528-006131,current-SME03528,0.5602394651381156
current-current-SME03528-006132,current-SME03528,0.4814797492659376
current-current-SME03529-006133,current-SME03529,0.6293492531087022
current-current-SME03529-006134,current-SME03529,0.6527127088639851
current-current-SME03530-006135,current-SME03530,0.4673890867416372
current-current-SME03531-006136,current-SME03531,0.6965224818132341
current-current-SME03532-006137,current-SME03532,0.548581185722272
current-current-SME03532-006138,current-SME03532,0.548581185722272
current-current-SME03533-006139,current-SME03533,0.39125667689985866
current-current-SME03534-006140,current-SME03534,0.7171618957503311
current-current-SME03534-006141,current-SME03534,0.8150563328860468
current-current-SME03534-006142,current-SME03534,0.820208855948169
current-current-SME03535-006143,current-SME03535,0.6141357580709634
current-current-SME03535-006144,current-SME03535,0.6397830337849519
current-current-SME03536-006145,current-SME03536,0.7465320965959951
current-current-SME03536-006146,current-SME03536,0.7465320965959951
current-current-SME03536-006147,current-SME03536,0.7465320965959951
current-current-SME03537-006148,current-SME03537,0.6489984322795926
current-current-SME03538-006149,current-SME03538,0.5688048356065643
current-current-SME03538-006150,current-SME03538,0.6329149810262494
current-current-SME03539-006151,current-SME03539,0.5275357861707612
current-current-SME03539-006152,current-SME03539,0.5648751434978022
current-current-SME03540-006153,current-SME03540,0.5675561725997073
current-current-SME03540-006154,current-SME03540,0.5880668128078496
current-current-SME03541-006155,current-SME03541,0.7639349821050176
current-current-SME03541-006156,current-SME03541,0.7639349821050176
current-current-SME03541-006157,current-SME03541,0.7639349821050176
current-current-SME03542-006158,current-SME03542,0.33419895813742484
current-current-SME03542-006159,current-SME03542,0.33524655007153514
current-current-SME03543-006160,current-SME03543,0.5666947027526646
current-current-SME03544-006161,current-SME03544,0.5154524056999117
current-current-SME03545-006162,current-SME03545,0.4351721208757563
current-current-SME03545-006163,current-SME03545,0.5318732702564283
current-current-SME03546-006164,current-SME03546,0.3950607939169907
current-current-SME03546-006165,current-SME03546,0.4980138634815261
current-current-SME03546-006166,current-SME03546,0.5174959408252081
current-current-SME03547-006167,current-SME03547,0.4140347819591576
current-current-SME03547-006168,current-SME03547,0.4654488627167108
current-current-SME03548-006169,current-SME03548,0.7318297698997034
current-current-SME03548-006170,current-SME03548,0.7410430023921084
current-current-SME03549-006171,current-SME03549,0.4260742932903975
current-current-SME03549-006172,current-SME03549,0.5329442226505952
current-current-SME03550-006173,current-SME03550,0.406447072297986
current-current-SME03551-006174,current-SME03551,0.6474771416730074
current-current-SME03552-006175,current-SME03552,0.5085962515376102
current-current-SME03552-006176,current-SME03552,0.6193223109396966
current-current-SME03553-006177,current-SME03553,0.5777653816844848
current-current-SME03553-006178,current-SME03553,0.5881932225677481
current-current-SME03553-006179,current-SME03553,0.5892408145018583
current-current-SME03554-006180,current-SME03554,0.7171184233350583
current-current-SME03555-006181,current-SME03555,0.47131380875502044
current-current-SME03556-006182,current-SME03556,0.4099094769196627
current-current-SME03556-006183,current-SME03556,0.5839895125286176
current-current-SME03557-006184,current-SME03557,0.5376586726262542
current-current-SME03558-006185,current-SME03558,0.6604305314771278
current-current-SME03558-006186,current-SME03558,0.45536136896311535
current-current-SME03559-006187,current-SME03559,0.6574999473744083
current-current-SME03559-006188,current-SME03559,0.748660031809945
current-current-SME03560-006189,current-SME03560,0.3431062118450431
current-current-SME03560-006190,current-SME03560,0.2612238587491691
current-current-SME03561-006191,current-SME03561,0.6375655348874149
current-current-SME03562-006192,current-SME03562,0.6848594519661948
current-current-SME03562-006193,current-SME03562,0.7085473452457297
current-current-SME03563-006194,current-SME03563,0.581852730784457
current-current-SME03563-006195,current-SME03563,0.5965839385694082
current-current-SME03564-006196,current-SME03564,0.5289167722165954
current-current-SME03564-006197,current-SME03564,0.627615282960405
current-current-SME03565-006198,current-SME03565,0.13076691674780597
current-current-SME03566-006199,current-SME03566,0.3728310874481977
current-current-SME03566-006200,current-SME03566,0.44792433031212237
current-current-SME03566-006201,current-SME03566,0.4928518223243634
current-current-SME03567-006202,current-SME03567,0.2063234957113525
current-current-SME03567-006203,current-SME03567,0.1961315859065544
current-current-SME03568-006204,current-SME03568,0.666689925819656
current-current-SME03569-006205,current-SME03569,0.46995388541525646
current-current-SME03569-006206,current-SME03569,0.5769277169490472
current-current-SME03569-006207,current-SME03569,0.5356503712716815
current-current-SME03570-006208,current-SME03570,0.4016371495130862
current-current-SME03570-006209,current-SME03570,0.3469780147586961
current-current-SME03571-006210,current-SME03571,0.6171895772323143
current-current-SME03572-006211,current-SME03572,0.5194332843860133
current-current-SME03573-006212,current-SME03573,0.6244823894027933
current-current-SME03574-006213,current-SME03574,0.6004676368750892
current-current-SME03575-006214,current-SME03575,0.5497141074140588
current-current-SME03575-006215,current-SME03575,0.6585383534602214
current-current-SME03576-006216,current-SME03576,0.6367393229915498
current-current-SME03576-006217,current-SME03576,0.44474056278647034
current-current-SME03576-006218,current-SME03576,0.6417492119310173
current-current-SME03577-006219,current-SME03577,0.8052006417731767
current-current-SME03577-006220,current-SME03577,0.806136722759277
current-current-SME03578-006221,current-SME03578,0.7925432187722574
current-current-SME03578-006222,current-SME03578,0.553963804871765
current-current-SME03579-006223,current-SME03579,0.36109446900861675
current-current-SME03580-006224,current-SME03580,0.6565450752863926
current-current-SME03580-006225,current-SME03580,0.594061736608656
current-current-SME03581-006226,current-SME03581,0.19905221263388384
current-current-SME03582-006227,current-SME03582,0.6484008643421033
current-current-SME03582-006228,current-SME03582,0.6515170030414701
current-current-SME03583-006229,current-SME03583,0.589029512902575
current-current-SME03584-006230,current-SME03584,0.3673835094884382
current-current-SME03585-006231,current-SME03585,0.7812420033561054
current-current-SME03585-006232,current-SME03585,0.7817998534236893
current-current-SME03585-006233,current-SME03585,0.6605252373635896
current-current-SME03586-006234,current-SME03586,0.68922573715628
current-current-SME03587-006235,current-SME03587,0.7228323524277577
current-current-SME03587-006236,current-SME03587,0.6665372702906988
current-current-SME03587-006237,current-SME03587,0.575028110408242
current-current-SME03588-006238,current-SME03588,0.4299253087558479
current-current-SME03588-006239,current-SME03588,0.4781442407284574
current-current-SME03589-006240,current-SME03589,0.5394547107610199
current-current-SME03590-006241,current-SME03590,0.6248872414192167
current-current-SME03591-006242,current-SME03591,0.6874990412104873
current-current-SME03591-006243,current-SME03591,0.6880568912780712
current-current-SME03592-006244,current-SME03592,0.22405855637638625
current-current-SME03593-006245,current-SME03593,0.46184505043884094
current-current-SME03594-006246,current-SME03594,0.5438064591996411
current-current-SME03595-006247,current-SME03595,0.6951499396390995
current-current-SME03595-006248,current-SME03595,0.5249655378784378
current-current-SME03596-006249,current-SME03596,0.4438636865254079
current-current-SME03597-006250,current-SME03597,0.47848604152046526
current-current-SME03598-006251,current-SME03598,0.739423697677724
current-current-SME03599-006252,current-SME03599,0.6341278525742147
current-current-SME03600-006253,current-SME03600,0.3043658088505809
current-current-SME03601-006254,current-SME03601,0.6212105403452244
current-current-SME03601-006255,current-SME03601,0.4418368192068092
current-current-SME03602-006256,current-SME03602,0.5823482643672658
current-current-SME03602-006257,current-SME03602,0.5234488801841105
current-current-SME03603-006258,current-SME03603,0.7589270979288532
current-current-SME03604-006259,current-SME03604,0.7661208488932383
current-current-SME03605-006260,current-SME03605,0.5700531306081162
current-current-SME03606-006261,current-SME03606,0.43851153257129144
current-current-SME03606-006262,current-SME03606,0.40972107341362946
current-current-SME03607-006263,current-SME03607,0.4615421509220312
current-current-SME03608-006264,current-SME03608,0.4992549953458577
current-current-SME03608-006265,current-SME03608,0.49168342475659416
current-current-SME03608-006266,current-SME03608,0.5774465533596062
current-current-SME03609-006267,current-SME03609,0.5451241342981958
current-current-SME03610-006268,current-SME03610,0.6553467686534861
current-current-SME03611-006269,current-SME03611,0.5629680682530391
current-current-SME03611-006270,current-SME03611,0.6848514092082444
current-current-SME03612-006271,current-SME03612,0.06376914377835179
current-current-SME03613-006272,current-SME03613,0.44215123097185666
current-current-SME03613-006273,current-SME03613,0.5015402349933443
current-current-SME03613-006274,current-SME03613,0.4893218025768513
current-current-SME03614-006275,current-SME03614,0.3113355603976231
current-current-SME03615-006276,current-SME03615,0.5452674183010369
current-current-SME03615-006277,current-SME03615,0.5992745677333765
current-current-SME03616-006278,current-SME03616,0.6593940155433974
current-current-SME03617-006279,current-SME03617,0.6465518482568593
current-current-SME03617-006280,current-SME03617,0.6696886561808245
current-current-SME03618-006281,current-SME03618,0.5770476138870179
current-current-SME03618-006282,current-SME03618,0.5722949684103689
current-current-SME03619-006283,current-SME03619,0.3310466169465733
current-current-SME03619-006284,current-SME03619,0.42824379470051865
current-current-SME03620-006285,current-SME03620,0.5852656450900373
current-current-SME03620-006286,current-SME03620,0.4968603062580976
current-current-SME03621-006287,current-SME03621,0.3904031755322567
current-current-SME03621-006288,current-SME03621,0.43852443920130185
current-current-SME03622-006289,current-SME03622,0.6051590656253915
current-current-SME03622-006290,current-SME03622,0.6303528881164232
current-current-SME03623-006291,current-SME03623,0.6582661071666066
current-current-SME03623-006292,current-SME03623,0.6582661071666066
current-current-SME03623-006293,current-SME03623,0.6300031383729519
current-current-SME03624-006294,current-SME03624,0.494960573395293
current-current-SME03625-006295,current-SME03625,0.6100460166866715
current-current-SME03625-006296,current-SME03625,0.6596297249139907
current-current-SME03626-006297,current-SME03626,0.6521219467347054
current-current-SME03626-006298,current-SME03626,0.6685628483400071
current-current-SME03627-006299,current-SME03627,0.6501725390482576
current-current-SME03627-006300,current-SME03627,0.6682994580327553
current-current-SME03627-006301,current-SME03627,0.6254486414605769
current-current-SME03628-006302,current-SME03628,0.49450948122896987
current-current-SME03628-006303,current-SME03628,0.5663572583429299
current-current-SME03628-006304,current-SME03628,0.5666666714980524
current-current-SME03629-006305,current-SME03629,0.6474881297475312
current-current-SME03629-006306,current-SME03629,0.6527566800054788
current-current-SME03630-006307,current-SME03630,0.290145021904975
current-current-SME03631-006308,current-SME03631,0.6860141065203028
current-current-SME03632-006309,current-SME03632,0.550517564998746
current-current-SME03633-006310,current-SME03633,0.7254447937327554
current-current-SME03634-006311,current-SME03634,0.6325371099668206
current-current-SME03635-006312,current-SME03635,0.5860807719198603
current-current-SME03635-006313,current-SME03635,0.6511372849307311
current-current-SME03635-006314,current-SME03635,0.7048115178377296
current-current-SME03636-006315,current-SME03636,0.5251738350679894
current-current-SME03637-006316,current-SME03637,0.6864776530993244
current-current-SME03637-006317,current-SME03637,0.7635994221310551
current-current-SME03638-006318,current-SME03638,0.734879393957654
current-current-SME03639-006319,current-SME03639,0.21523793933198396
current-current-SME03639-006320,current-SME03639,0.47643927097673044
current-current-SME03639-006321,current-SME03639,0.3611109374674041
current-current-SME03640-006322,current-SME03640,0.3398500787105348
current-current-SME03641-006323,current-SME03641,0.41801288940316716
current-current-SME03642-006324,current-SME03642,0.5220009465227413
current-current-SME03642-006325,current-SME03642,0.5751278379450455
current-current-SME03643-006326,current-SME03643,0.4626020606254706
current-current-SME03643-006327,current-SME03643,0.6255933133542023
current-current-SME03643-006328,current-SME03643,0.6464998162565258
current-current-SME03644-006329,current-SME03644,0.4014668354122073
current-current-SME03645-006330,current-SME03645,0.6642237171261183
current-current-SME03645-006331,current-SME03645,0.6642237171261183
current-current-SME03646-006332,current-SME03646,0.5362477251078384
current-current-SME03647-006333,current-SME03647,0.3043482903920008
current-current-SME03648-006334,current-SME03648,0.3444059791253802
current-current-SME03648-006335,current-SME03648,0.3150769132541803
current-current-SME03649-006336,current-SME03649,0.47401073072505595
current-current-SME03650-006337,current-SME03650,0.5723686634758419
current-current-SME03650-006338,current-SME03650,0.5967305746899496
current-current-SME03651-006339,current-SME03651,0.784458229890424
current-current-SME03651-006340,current-SME03651,0.7850160799580079
current-current-SME03652-006341,current-SME03652,0.6615293059116568
current-current-SME03652-006342,current-SME03652,0.5862451903141863
current-current-SME03653-006343,current-SME03653,0.43522631045586035
current-current-SME03653-006344,current-SME03653,0.502196465189329
current-current-SME03654-006345,current-SME03654,0.5616324711968351
current-current-SME03654-006346,current-SME03654,0.6249083996092156
current-current-SME03655-006347,current-SME03655,0.2535922351607373
current-current-SME03655-006348,current-SME03655,0.20896580499994802
current-current-SME03655-006349,current-SME03655,0.2101998510492413
current-current-SME03656-006350,current-SME03656,0.38155627074553056
current-current-SME03656-006351,current-SME03656,0.4529204998278695
current-current-SME03657-006352,current-SME03657,0.6444038130008154
current-current-SME03657-006353,current-SME03657,0.5969142931134235
current-current-SME03658-006354,current-SME03658,0.6244129997766721
current-current-SME03659-006355,current-SME03659,0.428499363381787
current-current-SME03659-006356,current-SME03659,0.5610347933278889
current-current-SME03659-006357,current-SME03659,0.48710659285142127
current-current-SME03660-006358,current-SME03660,0.4212866949133823
current-current-SME03660-006359,current-SME03660,0.5679187297817103
current-current-SME03661-006360,current-SME03661,0.654078850832347
current-current-SME03661-006361,current-SME03661,0.6419235117215398
current-current-SME03662-006362,current-SME03662,0.6726856335897666
current-current-SME03662-006363,current-SME03662,0.7055526378002264
current-current-SME03663-006364,current-SME03663,0.6006425549696913
current-current-SME03664-006365,current-SME03664,0.7330622028446732
current-current-SME03665-006366,current-SME03665,0.7331152912815265
current-current-SME03665-006367,current-SME03665,0.7413878686860087
current-current-SME03666-006368,current-SME03666,0.40818971989613206
current-current-SME03666-006369,current-SME03666,0.44370771099021145
current-current-SME03667-006370,current-SME03667,0.39126336463957173
current-current-SME03667-006371,current-SME03667,0.4019142495411168
current-current-SME03668-006372,current-SME03668,0.4396938428281227
current-current-SME03669-006373,current-SME03669,0.44766412958454366
current-current-SME03669-006374,current-SME03669,0.4608499514824837
current-current-SME03670-006375,current-SME03670,0.7343982057862386
current-current-SME03670-006376,current-SME03670,0.7343982057862386
current-current-SME03671-006377,current-SME03671,0.614076368179492
current-current-SME03672-006378,current-SME03672,0.7446814280599925
current-current-SME03672-006379,current-SME03672,0.7446814280599925
current-current-SME03673-006380,current-SME03673,0.2630406318001544
current-current-SME03673-006381,current-SME03673,0.29113451519001626
current-current-SME03674-006382,current-SME03674,0.5949959765538376
current-current-SME03675-006383,current-SME03675,0.5890099534542274
current-current-SME03676-006384,current-SME03676,0.7044709403457474
current-current-SME03676-006385,current-SME03676,0.7044709403457474
current-current-SME03677-006386,current-SME03677,0.5560624262096234
current-current-SME03678-006387,current-SME03678,0.6743043856676808
current-current-SME03679-006388,current-SME03679,0.5763600662037538
current-current-SME03679-006389,current-SME03679,0.5642848575336993
current-current-SME03680-006390,current-SME03680,0.6261287831031749
current-current-SME03681-006391,current-SME03681,0.5024567744552431
current-current-SME03682-006392,current-SME03682,0.6610286888795132
current-current-SME03682-006393,current-SME03682,0.550810772898678
current-current-SME03683-006394,current-SME03683,0.48956695835302866
current-current-SME03683-006395,current-SME03683,0.5471496489606842
current-current-SME03684-006396,current-SME03684,0.23277256167049074
current-current-SME03685-006397,current-SME03685,0.34834446013687587
current-current-SME03685-006398,current-SME03685,0.385785657633403
current-current-SME03685-006399,current-SME03685,0.35658414888585316
current-current-SME03686-006400,current-SME03686,0.6771297008889492
current-current-SME03687-006401,current-SME03687,0.5645864376119666
current-current-SME03687-006402,current-SME03687,0.5626327735673865
current-current-SME03687-006403,current-SME03687,0.5669183360618811
current-current-SME03688-006404,current-SME03688,0.7321854525866734
current-current-SME03688-006405,current-SME03688,0.4043132337853117
current-current-SME03689-006406,current-SME03689,0.7122390118789533
current-current-SME03689-006407,current-SME03689,0.7122390118789533
current-current-SME03689-006408,current-SME03689,0.7161347109152508
current-current-SME03690-006409,current-SME03690,0.3876817836583692
current-current-SME03690-006410,current-SME03690,0.4373682329616458
current-current-SME03691-006411,current-SME03691,0.5013378329853134
current-current-SME03691-006412,current-SME03691,0.5764817324762427
current-current-SME03692-006413,current-SME03692,0.5106986005631967
current-current-SME03693-006414,current-SME03693,0.6961027122505694
current-current-SME03693-006415,current-SME03693,0.6961027122505694
current-current-SME03694-006416,current-SME03694,0.42366612196770453
current-current-SME03694-006417,current-SME03694,0.43778302948563824
current-current-SME03694-006418,current-SME03694,0.45820139204865923
current-current-SME03695-006419,current-SME03695,0.41026524352858634
current-current-SME03695-006420,current-SME03695,0.5263341962081628
current-current-SME03696-006421,current-SME03696,0.5534160267369828
current-current-SME03697-006422,current-SME03697,0.7391157855235512
current-current-SME03698-006423,current-SME03698,0.4286955774970242
current-current-SME03699-006424,current-SME03699,0.586904890281434
current-current-SME03699-006425,current-SME03699,0.5539574060453556
current-current-SME03700-006426,current-SME03700,0.6303005438491603
current-current-SME03700-006427,current-SME03700,0.6518809476413748
current-current-SME03701-006428,current-SME03701,0.5826248145522721
current-current-SME03701-006429,current-SME03701,0.6071551857851549
current-current-SME03702-006430,current-SME03702,0.49869630182355223
current-current-SME03702-006431,current-SME03702,0.5476340538612647
current-current-SME03703-006432,current-SME03703,0.6642820477158027
current-current-SME03704-006433,current-SME03704,0.48548021461524776
current-current-SME03704-006434,current-SME03704,0.48548021461524776
current-current-SME03705-006435,current-SME03705,0.4903043954035211
current-current-SME03706-006436,current-SME03706,0.3755870542587119
current-current-SME03706-006437,current-SME03706,0.5617362723316743
current-current-SME03707-006438,current-SME03707,0.5762563179624653
current-current-SME03707-006439,current-SME03707,0.633837383525781
current-current-SME03708-006440,current-SME03708,0.6154584915471963
current-current-SME03709-006441,current-SME03709,0.6695881586032774
current-current-SME03710-006442,current-SME03710,0.3891479712238698
current-current-SME03710-006443,current-SME03710,0.5722809972520723
current-current-SME03710-006444,current-SME03710,0.4504298298094161
current-current-SME03711-006445,current-SME03711,0.6095965149203627
current-current-SME03711-006446,current-SME03711,0.6300112154427888
current-current-SME03712-006447,current-SME03712,0.627903932766842
current-current-SME03712-006448,current-SME03712,0.6210659090655184
current-current-SME03713-006449,current-SME03713,0.4796658697750684
current-current-SME03713-006450,current-SME03713,0.5755329466719108
current-current-SME03714-006451,current-SME03714,0.6720871039905505
current-current-SME03714-006452,current-SME03714,0.6460108570976314
current-current-SME03715-006453,current-SME03715,0.6504127415338862
current-current-SME03715-006454,current-SME03715,0.5495098805315065
current-current-SME03715-006455,current-SME03715,0.6475646344316989
current-current-SME03716-006456,current-SME03716,0.6120326568930653
current-current-SME03716-006457,current-SME03716,0.6078404419695952
current-current-SME03716-006458,current-SME03716,0.6078404419695952
current-current-SME03717-006459,current-SME03717,0.5738364752550104
current-current-SME03717-006460,current-SME03717,0.5392015072861922
current-current-SME03718-006461,current-SME03718,0.5675263502465425
current-current-SME03718-006462,current-SME03718,0.5687760704964506
current-current-SME03718-006463,current-SME03718,0.5282858794478668
current-current-SME03719-006464,current-SME03719,0.5338821050486259
current-current-SME03720-006465,current-SME03720,0.6595339505288653
current-current-SME03721-006466,current-SME03721,0.6182048133466823
current-current-SME03722-006467,current-SME03722,0.3995851726917871
current-current-SME03722-006468,current-SME03722,0.6551558793194436
current-current-SME03723-006469,current-SME03723,0.4413036527379068
current-current-SME03723-006470,current-SME03723,0.3859790289522328
current-current-SME03723-006471,current-SME03723,0.4042313478613353
current-current-SME03724-006472,current-SME03724,0.5456515629417523
current-current-SME03725-006473,current-SME03725,0.6663390380441884
current-current-SME03726-006474,current-SME03726,0.5917216144130948
current-current-SME03726-006475,current-SME03726,0.6618327497808294
current-current-SME03727-006476,current-SME03727,0.7116589913435264
current-current-SME03728-006477,current-SME03728,0.3755809376835131
current-current-SME03728-006478,current-SME03728,0.4887047925575607
current-current-SME03729-006479,current-SME03729,0.5830283694917039
current-current-SME03730-006480,current-SME03730,0.7212488836355797
current-current-SME03730-006481,current-SME03730,0.7557578417630355
current-current-SME03731-006482,current-SME03731,0.3680331459160081
current-current-SME03731-006483,current-SME03731,0.5754486402967112
current-current-SME03732-006484,current-SME03732,0.4521237956549894
current-current-SME03732-006485,current-SME03732,0.4815715682652449
current-current-SME03733-006486,current-SME03733,0.3676470158302482
current-current-SME03733-006487,current-SME03733,0.43126785930556927
current-current-SME03734-006488,current-SME03734,0.654171743709262
current-current-SME03734-006489,current-SME03734,0.6842471706305081
current-current-SME03734-006490,current-SME03734,0.7019711512844539
current-current-SME03735-006491,current-SME03735,0.6200008382971158
current-current-SME03735-006492,current-SME03735,0.5947247463568571
current-current-SME03736-006493,current-SME03736,0.528506591762856
current-current-SME03737-006494,current-SME03737,0.2635185518655744
current-current-SME03737-006495,current-SME03737,0.34655768168092743
current-current-SME03737-006496,current-SME03737,0.5399686667475337
current-current-SME03738-006497,current-SME03738,0.6143505714222315
current-current-SME03739-006498,current-SME03739,0.41343793297547954
current-current-SME03739-006499,current-SME03739,0.413987218642004
current-current-SME03739-006500,current-SME03739,0.4453167569079735
current-current-SME03740-006501,current-SME03740,0.8142737318401317
current-current-SME03741-006502,current-SME03741,0.4001600573420745
current-current-SME03741-006503,current-SME03741,0.45403985805537495
current-current-SME03742-006504,current-SME03742,0.8011343128917079
current-current-SME03742-006505,current-SME03742,0.8011343128917079
current-current-SME03743-006506,current-SME03743,0.5923821503700525
current-current-SME03743-006507,current-SME03743,0.6364899546146611
current-current-SME03744-006508,current-SME03744,0.3654429900851027
current-current-SME03744-006509,current-SME03744,0.508236981528463
current-current-SME03745-006510,current-SME03745,0.3748269249987617
current-current-SME03745-006511,current-SME03745,0.5394530777708128
current-current-SME03745-006512,current-SME03745,0.5138160346345676
current-current-SME03746-006513,current-SME03746,0.5399889476026979
current-current-SME03747-006514,current-SME03747,0.3957420012492542
current-current-SME03748-006515,current-SME03748,0.5278439658971392
current-current-SME03749-006516,current-SME03749,0.7124672626574183
current-current-SME03750-006517,current-SME03750,0.47323397081085256
current-current-SME03750-006518,current-SME03750,0.5593471110509519
current-current-SME03751-006519,current-SME03751,0.47690976120172396
current-current-SME03752-006520,current-SME03752,0.7517991183951095
current-current-SME03752-006521,current-SME03752,0.7432317178115253
current-current-SME03753-006522,current-SME03753,0.5951207132696132
current-current-SME03753-006523,current-SME03753,0.5852275703161298
current-current-SME03753-006524,current-SME03753,0.5961683052037234
current-current-SME03754-006525,current-SME03754,0.4012441141374381
current-current-SME03754-006526,current-SME03754,0.4741975353368624
current-current-SME03754-006527,current-SME03754,0.4734685694255272
current-current-SME03755-006528,current-SME03755,0.3271973261666976
current-current-SME03756-006529,current-SME03756,0.38388742035486356
current-current-SME03757-006530,current-SME03757,0.5305213266449146
current-current-SME03757-006531,current-SME03757,0.5328500987678976
current-current-SME03757-006532,current-SME03757,0.5421455502018597
current-current-SME03758-006533,current-SME03758,0.5455510420393309
current-current-SME03758-006534,current-SME03758,0.5121633377897921
current-current-SME03759-006535,current-SME03759,0.4768783263643343
current-current-SME03759-006536,current-SME03759,0.6273657827901785
current-current-SME03760-006537,current-SME03760,0.5021796602866851
current-current-SME03761-006538,current-SME03761,0.7087953441325352
current-current-SME03761-006539,current-SME03761,0.7161324655307258
current-current-SME03762-006540,current-SME03762,0.47950998187255794
current-current-SME03763-006541,current-SME03763,0.7653517996631133
current-current-SME03764-006542,current-SME03764,0.6413692749181084
current-current-SME03765-006543,current-SME03765,0.39216302705091494
current-current-SME03766-006544,current-SME03766,0.511487363909683
current-current-SME03766-006545,current-SME03766,0.49428035532778014
current-current-SME03766-006546,current-SME03766,0.5333094285928985
current-current-SME03767-006547,current-SME03767,0.34187488886976114
current-current-SME03767-006548,current-SME03767,0.512841759796801
current-current-SME03768-006549,current-SME03768,0.5886194663398878
current-current-SME03768-006550,current-SME03768,0.6302871339948761
current-current-SME03769-006551,current-SME03769,0.37039883342711316
current-current-SME03769-006552,current-SME03769,0.6224608576542121
current-current-SME03769-006553,current-SME03769,0.5821281961296749
current-current-SME03770-006554,current-SME03770,0.5584789510192723
current-current-SME03771-006555,current-SME03771,0.29414842786132844
current-current-SME03771-006556,current-SME03771,0.38971601801458
current-current-SME03772-006557,current-SME03772,0.3068999608049719
current-current-SME03773-006558,current-SME03773,0.7911653649156055
current-current-SME03773-006559,current-SME03773,0.796175253855073
current-current-SME03774-006560,current-SME03774,0.6460738999669996
current-current-SME03775-006561,current-SME03775,0.31399960449260284
current-current-SME03775-006562,current-SME03775,0.5076738515401982
current-current-SME03776-006563,current-SME03776,0.5971457203766166
current-current-SME03777-006564,current-SME03777,0.5971269290892651
current-current-SME03778-006565,current-SME03778,0.6299151856174193
current-current-SME03779-006566,current-SME03779,0.4728302092909948
current-current-SME03779-006567,current-SME03779,0.6122918324333626
current-current-SME03780-006568,current-SME03780,0.614609966795849
current-current-SME03781-006569,current-SME03781,0.6751674922536991
current-current-SME03782-006570,current-SME03782,0.7905748890184181
current-current-SME03782-006571,current-SME03782,0.7905748890184181
current-current-SME03783-006572,current-SME03783,0.48168654204326783
current-current-SME03784-006573,current-SME03784,0.5868861440266607
current-current-SME03784-006574,current-SME03784,0.6192707498063238
current-current-SME03784-006575,current-SME03784,0.600035636253355
current-current-SME03785-006576,current-SME03785,0.6365381678328608
current-current-SME03786-006577,current-SME03786,0.5728795960328146
current-current-SME03786-006578,current-SME03786,0.607276119620425
current-current-SME03786-006579,current-SME03786,0.49711071911308724
current-current-SME03787-006580,current-SME03787,0.4902317508399775
current-current-SME03787-006581,current-SME03787,0.5625433181123536
current-current-SME03788-006582,current-SME03788,0.6615038968057811
current-current-SME03788-006583,current-SME03788,0.52724350395652
current-current-SME03789-006584,current-SME03789,0.4414259723914691
current-current-SME03790-006585,current-SME03790,0.4869226818044119
current-current-SME03791-006586,current-SME03791,0.6471420259301779
current-current-SME03792-006587,current-SME03792,0.6585399560685538
current-current-SME03792-006588,current-SME03792,0.7470448290585222
current-current-SME03792-006589,current-SME03792,0.7195621539333705
current-current-SME03793-006590,current-SME03793,0.7057789098828604
current-current-SME03793-006591,current-SME03793,0.8076185544595057
current-current-SME03794-006592,current-SME03794,0.34178352457701616
current-current-SME03795-006593,current-SME03795,0.5701467595733641
current-current-SME03796-006594,current-SME03796,0.7787380987819633
current-current-SME03796-006595,current-SME03796,0.7787380987819633
current-current-SME03797-006596,current-SME03797,0.5858032198425085
current-current-SME03797-006597,current-SME03797,0.5295643170695106
current-current-SME03798-006598,current-SME03798,0.5208849370390256
current-current-SME03798-006599,current-SME03798,0.6009565532075393
current-current-SME03799-006600,current-SME03799,0.5576701084806794
current-current-SME03799-006601,current-SME03799,0.6514579366577339
current-current-SME03800-006602,current-SME03800,0.6513157710103589
current-current-SME03801-006603,current-SME03801,0.6641169459661515
current-current-SME03801-006604,current-SME03801,0.6695414162684463
current-current-SME03802-006605,current-SME03802,0.6869802136077793
current-current-SME03803-006606,current-SME03803,0.3745319502278123
current-current-SME03804-006607,current-SME03804,0.38823837807722256
current-current-SME03804-006608,current-SME03804,0.5420005968194163
current-current-SME03805-006609,current-SME03805,0.5427371925111196
current-current-SME03805-006610,current-SME03805,0.5694113171165224
current-current-SME03806-006611,current-SME03806,0.4068182615000018
current-current-SME03806-006612,current-SME03806,0.12636330695874404
current-current-SME03806-006613,current-SME03806,0.374586135419399
current-current-SME03807-006614,current-SME03807,0.4603553012906146
current-current-SME03807-006615,current-SME03807,0.487687684169909
current-current-SME03808-006616,current-SME03808,0.4350656269626899
current-current-SME03808-006617,current-SME03808,0.6470723341938113
current-current-SME03809-006618,current-SME03809,0.4642728228122463
current-current-SME03810-006619,current-SME03810,0.3935785294130288
current-current-SME03810-006620,current-SME03810,0.29980827597974985
current-current-SME03811-006621,current-SME03811,0.6316351822310585
current-current-SME03811-006622,current-SME03811,0.6504541650985628
current-current-SME03811-006623,current-SME03811,0.6736809864654969
current-current-SME03812-006624,current-SME03812,0.5248894826560392
current-current-SME03812-006625,current-SME03812,0.3754477588024786
current-current-SME03813-006626,current-SME03813,0.6709853543900747
current-current-SME03814-006627,current-SME03814,0.6402474143341894
current-current-SME03814-006628,current-SME03814,0.6238065127288877
current-current-SME03815-006629,current-SME03815,0.6438690822107355
current-current-SME03815-006630,current-SME03815,0.6438690822107355
current-current-SME03816-006631,current-SME03816,0.35415748975653805
current-current-SME03816-006632,current-SME03816,0.4072440066148757
current-current-SME03817-006633,current-SME03817,0.2829230951150502
current-current-SME03817-006634,current-SME03817,0.505825379238608
current-current-SME03818-006635,current-SME03818,0.4976267964898468
current-current-SME03818-006636,current-SME03818,0.42564351688196733
current-current-SME03819-006637,current-SME03819,0.5646411770159906
current-current-SME03820-006638,current-SME03820,0.46262632858177605
current-current-SME03820-006639,current-SME03820,0.4877747053682377
current-current-SME03821-006640,current-SME03821,0.531168756902652
current-current-SME03822-006641,current-SME03822,0.6375655348874149
current-current-SME03823-006642,current-SME03823,0.6097555544725832
current-current-SME03823-006643,current-SME03823,0.6097555544725832
current-current-SME03824-006644,current-SME03824,0.5974819544231177
current-current-SME03825-006645,current-SME03825,0.6536614015253831
current-current-SME03826-006646,current-SME03826,0.7704064113877329
current-current-SME03826-006647,current-SME03826,0.6576039776758165
current-current-SME03826-006648,current-SME03826,0.7678017679197789
current-current-SME03827-006649,current-SME03827,0.6719898224507893
current-current-SME03828-006650,current-SME03828,0.47879382963077777
current-current-SME03828-006651,current-SME03828,0.5908939201216958
current-current-SME03829-006652,current-SME03829,0.37738161806512305
current-current-SME03829-006653,current-SME03829,0.5201550122096789
current-current-SME03830-006654,current-SME03830,0.5971945922295485
current-current-SME03831-006655,current-SME03831,0.4383622397273835
current-current-SME03831-006656,current-SME03831,0.3253461978446877
current-current-SME03832-006657,current-SME03832,0.3201496648409117
current-current-SME03832-006658,current-SME03832,0.6020111378716296
current-current-SME03833-006659,current-SME03833,0.6581339982898495
current-current-SME03834-006660,current-SME03834,0.2640807871181637
current-current-SME03835-006661,current-SME03835,0.7453554497508098
current-current-SME03835-006662,current-SME03835,0.7552707943560574
current-current-SME03836-006663,current-SME03836,0.39623853047680974
current-current-SME03837-006664,current-SME03837,0.6282837345787822
current-current-SME03838-006665,current-SME03838,0.5573652635958473
current-current-SME03838-006666,current-SME03838,0.6510476897847746
current-current-SME03839-006667,current-SME03839,0.6554781940922078
current-current-SME03839-006668,current-SME03839,0.6479786893424664
current-current-SME03840-006669,current-SME03840,0.5055494872925826
current-current-SME03840-006670,current-SME03840,0.5038956027380879
current-current-SME03841-006671,current-SME03841,0.6711709555510346
current-current-SME03841-006672,current-SME03841,0.6994339243446893
current-current-SME03841-006673,current-SME03841,0.6604540651944916
current-current-SME03842-006674,current-SME03842,0.6988638998930012
current-current-SME03843-006675,current-SME03843,0.6933349528577587
current-current-SME03844-006676,current-SME03844,0.6653629153820917
current-current-SME03844-006677,current-SME03844,0.7858510002692467
current-current-SME03845-006678,current-SME03845,0.5515530097719936
current-current-SME03846-006679,current-SME03846,0.23523179397803323
current-current-SME03847-006680,current-SME03847,0.6561310178265183
current-current-SME03848-006681,current-SME03848,0.5682752240730263
current-current-SME03849-006682,current-SME03849,0.73148038915866
current-current-SME03849-006683,current-SME03849,0.7134767524509252
current-current-SME03849-006684,current-SME03849,0.7258652798433388
current-current-SME03850-006685,current-SME03850,0.6151135513456989
current-current-SME03850-006686,current-SME03850,0.710625988665308
current-current-SME03851-006687,current-SME03851,0.7265683025760904
current-current-SME03851-006688,current-SME03851,0.6960150767478323
current-current-SME03852-006689,current-SME03852,0.5488005906413223
current-current-SME03853-006690,current-SME03853,0.7870425918067914
current-current-SME03853-006691,current-SME03853,0.7817740415488438
current-current-SME03853-006692,current-SME03853,0.6557338741911365
current-current-SME03854-006693,current-SME03854,0.45008121442548477
current-current-SME03855-006694,current-SME03855,0.7665577330498532
current-current-SME03855-006695,current-SME03855,0.772563373831897
current-current-SME03856-006696,current-SME03856,0.6967761846038232
current-current-SME03857-006697,current-SME03857,0.42443828767491787
current-current-SME03858-006698,current-SME03858,0.4483193000207021
current-current-SME03859-006699,current-SME03859,0.3725878424776335
current-current-SME03859-006700,current-SME03859,0.2696238276277352
current-current-SME03860-006701,current-SME03860,0.382261507183323
current-current-SME03861-006702,current-SME03861,0.598157731136105
current-current-SME03862-006703,current-SME03862,0.41376311334608173
current-current-SME03863-006704,current-SME03863,0.5602395818891354
current-current-SME03864-006705,current-SME03864,0.4949967917704688
current-current-SME03864-006706,current-SME03864,0.4912971402208377
current-current-SME03864-006707,current-SME03864,0.3402208077761569
current-current-SME03865-006708,current-SME03865,0.5660832449984602
current-current-SME03865-006709,current-SME03865,0.5899547795466563
current-current-SME03865-006710,current-SME03865,0.6026144524451305
current-current-SME03866-006711,current-SME03866,0.5899176458340397
current-current-SME03867-006712,current-SME03867,0.38449955826562865
current-current-SME03868-006713,current-SME03868,0.7513617659179176
current-current-SME03868-006714,current-SME03868,0.7513617659179176
current-current-SME03869-006715,current-SME03869,0.653232789883478
current-current-SME03869-006716,current-SME03869,0.653232789883478
current-current-SME03869-006717,current-SME03869,0.653232789883478
current-current-SME03870-006718,current-SME03870,0.7194176291888723
current-current-SME03870-006719,current-SME03870,0.6787393745488348
current-current-SME03871-006720,current-SME03871,0.42397811698120125
current-current-SME03872-006721,current-SME03872,0.8058737469760876
current-current-SME03872-006722,current-SME03872,0.8058737469760876
current-current-SME03872-006723,current-SME03872,0.8058737469760876
current-current-SME03873-006724,current-SME03873,0.27698332951950483
current-current-SME03873-006725,current-SME03873,0.3392608097302058
current-current-SME03873-006726,current-SME03873,0.37095790488276703
current-current-SME03874-006727,current-SME03874,0.49252097373662485
current-current-SME03874-006728,current-SME03874,0.6618403281158809
current-current-SME03875-006729,current-SME03875,0.4496740558052337
current-current-SME03875-006730,current-SME03875,0.47731889314570586
current-current-SME03875-006731,current-SME03875,0.47819151881939376
current-current-SME03876-006732,current-SME03876,0.693204078330579
current-current-SME03876-006733,current-SME03876,0.8144154820658264
current-current-SME03876-006734,current-SME03876,0.8144154820658264
current-current-SME03877-006735,current-SME03877,0.7732626581952007
current-current-SME03877-006736,current-SME03877,0.7743102501293109
current-current-SME03878-006737,current-SME03878,0.34465856063373457
current-current-SME03878-006738,current-SME03878,0.286077944639256
current-current-SME03878-006739,current-SME03878,0.302095550111913
current-current-SME03879-006740,current-SME03879,0.6382032339904028
current-current-SME03879-006741,current-SME03879,0.6510616027169529
current-current-SME03880-006742,current-SME03880,0.7967781246990848
current-current-SME03880-006743,current-SME03880,0.6025573023466209
current-current-SME03881-006744,current-SME03881,0.423230854627801
current-current-SME03881-006745,current-SME03881,0.5776513606443843
current-current-SME03882-006746,current-SME03882,0.7654831497902503
current-current-SME03883-006747,current-SME03883,0.49640600543876473
current-current-SME03884-006748,current-SME03884,0.5705155824028925
current-current-SME03885-006749,current-SME03885,0.4970045853500367
current-current-SME03886-006750,current-SME03886,0.4619150644049748
current-current-SME03887-006751,current-SME03887,0.5679435136121326
current-current-SME03887-006752,current-SME03887,0.5679435136121326
current-current-SME03887-006753,current-SME03887,0.5689911055462428
current-current-SME03888-006754,current-SME03888,0.8119075801646709
current-current-SME03888-006755,current-SME03888,0.8117931684221121
current-current-SME03889-006756,current-SME03889,0.4706756186027306
current-current-SME03889-006757,current-SME03889,0.5608029549348794
current-current-SME03889-006758,current-SME03889,0.5783597949872853
current-current-SME03890-006759,current-SME03890,0.5296773042511982
current-current-SME03891-006760,current-SME03891,0.6026601573225145
current-current-SME03891-006761,current-SME03891,0.6753903972539889
current-current-SME03892-006762,current-SME03892,0.23846625545864014
current-current-SME03892-006763,current-SME03892,0.16931122187902217
current-current-SME03892-006764,current-SME03892,0.25597083639014917
current-current-SME03893-006765,current-SME03893,0.32385234032667387
current-current-SME03893-006766,current-SME03893,0.4230104993845321
current-current-SME03894-006767,current-SME03894,0.5588087897159363
current-current-SME03895-006768,current-SME03895,0.6329627075067026
current-current-SME03896-006769,current-SME03896,0.4915708210236409
current-current-SME03897-006770,current-SME03897,0.3728978059083946
current-current-SME03898-006771,current-SME03898,0.5263585946570047
current-current-SME03899-006772,current-SME03899,0.4267693640296953
current-current-SME03900-006773,current-SME03900,0.31719973652946093
current-current-SME03901-006774,current-SME03901,0.5361420287697509
current-current-SME03901-006775,current-SME03901,0.5997417750540187
current-current-SME03902-006776,current-SME03902,0.5378413942425513
current-current-SME03902-006777,current-SME03902,0.5823415173294969
current-current-SME03903-006778,current-SME03903,0.7531080551906183
current-current-SME03903-006779,current-SME03903,0.7531080551906183
current-current-SME03904-006780,current-SME03904,0.25473141262878185
current-current-SME03905-006781,current-SME03905,0.6164682397195035
current-current-SME03906-006782,current-SME03906,0.5508458227805184
current-current-SME03907-006783,current-SME03907,0.1852617048679765
current-current-SME03907-006784,current-SME03907,0.28927933665088773
current-current-SME03908-006785,current-SME03908,0.5639388168430896
current-current-SME03909-006786,current-SME03909,0.6854330474404451
current-current-SME03909-006787,current-SME03909,0.6740140911332748
current-current-SME03909-006788,current-SME03909,0.7872800352357409
current-current-SME03910-006789,current-SME03910,0.6469789180067329
current-current-SME03910-006790,current-SME03910,0.6917106748805213
current-current-SME03911-006791,current-SME03911,0.35790285576305814
current-current-SME03912-006792,current-SME03912,0.5787232540434996
current-current-SME03913-006793,current-SME03913,0.7362777157457487
current-current-SME03913-006794,current-SME03913,0.6337629279166173
current-current-SME03913-006795,current-SME03913,0.7410430023921084
current-current-SME03914-006796,current-SME03914,0.2036003271590019
current-current-SME03915-006797,current-SME03915,0.6810909311362656
current-current-SME03916-006798,current-SME03916,0.5893115262717278
current-current-SME03917-006799,current-SME03917,0.45670214066455983
current-current-SME03917-006800,current-SME03917,0.2755046885838764
current-current-SME03917-006801,current-SME03917,0.2588198980066201
current-current-SME03918-006802,current-SME03918,0.3885743570184769
current-current-SME03918-006803,current-SME03918,0.49351852206800045
current-current-SME03918-006804,current-SME03918,0.3911156384843842
current-current-SME03919-006805,current-SME03919,0.5943777875507593
current-current-SME03919-006806,current-SME03919,0.5724430030604074
current-current-SME03920-006807,current-SME03920,0.4391746207136457
current-current-SME03920-006808,current-SME03920,0.3746045064671323
current-current-SME03921-006809,current-SME03921,0.5756112393417471
current-current-SME03922-006810,current-SME03922,0.6473274375842006
current-current-SME03923-006811,current-SME03923,0.4396996638589425
current-current-SME03924-006812,current-SME03924,0.461034999860625
current-current-SME03924-006813,current-SME03924,0.710312288624093
current-current-SME03925-006814,current-SME03925,0.5178780769015261
current-current-SME03925-006815,current-SME03925,0.5699692691924692
current-current-SME03926-006816,current-SME03926,0.8388564604306603
current-current-SME03927-006817,current-SME03927,0.4572535098499396
current-current-SME03928-006818,current-SME03928,0.7699093965708955
current-current-SME03929-006819,current-SME03929,0.5270697817988514
current-current-SME03930-006820,current-SME03930,0.4386327903577782
current-current-SME03930-006821,current-SME03930,0.4547114124734718
current-current-SME03931-006822,current-SME03931,0.5525868938984058
current-current-SME03932-006823,current-SME03932,0.7508574882421564
current-current-SME03932-006824,current-SME03932,0.7561906426707612
current-current-SME03933-006825,current-SME03933,0.40456733284558616
current-current-SME03933-006826,current-SME03933,0.47501311424317233
current-current-SME03934-006827,current-SME03934,0.6065273528090656
current-current-SME03935-006828,current-SME03935,0.665718564141833
current-current-SME03935-006829,current-SME03935,0.7081940919024972
current-current-SME03936-006830,current-SME03936,0.5665886555123638
current-current-SME03936-006831,current-SME03936,0.6058659059497568
current-current-SME03936-006832,current-SME03936,0.5611620355508002
current-current-SME03937-006833,current-SME03937,0.31062923218019417
current-current-SME03937-006834,current-SME03937,0.3503328508070347
current-current-SME03937-006835,current-SME03937,0.37325446429473963
current-current-SME03938-006836,current-SME03938,0.5655539657849715
current-current-SME03939-006837,current-SME03939,0.7494789982836111
current-current-SME03940-006838,current-SME03940,0.6204282099625305
current-current-SME03941-006839,current-SME03941,0.39558272074244616
current-current-SME03941-006840,current-SME03941,0.616803929288173
current-current-SME03942-006841,current-SME03942,0.6898234189129869
current-current-SME03942-006842,current-SME03942,0.6932914540028574
current-current-SME03943-006843,current-SME03943,0.6702341804299775
current-current-SME03943-006844,current-SME03943,0.7023376021247529
current-current-SME03944-006845,current-SME03944,0.16870067148591297
current-current-SME03945-006846,current-SME03945,0.5858257438479004
current-current-SME03946-006847,current-SME03946,0.5410058803173652
current-current-SME03946-006848,current-SME03946,0.6534335702728481
current-current-SME03947-006849,current-SME03947,0.5624233557964282
current-current-SME03948-006850,current-SME03948,0.6796828370974056
current-current-SME03948-006851,current-SME03948,0.6326325832822047
current-current-SME03949-006852,current-SME03949,0.5763161989394606
current-current-SME03949-006853,current-SME03949,0.5635912130880812
current-current-SME03949-006854,current-SME03949,0.5642583467614658
current-current-SME03950-006855,current-SME03950,0.7073473548472019
current-current-SME03950-006856,current-SME03950,0.7340584086776074
current-current-SME03950-006857,current-SME03950,0.7237456396136438
current-current-SME03951-006858,current-SME03951,0.42476969563857475
current-current-SME03951-006859,current-SME03951,0.5557769680367393
current-current-SME03952-006860,current-SME03952,0.7078503657691688
current-current-SME03953-006861,current-SME03953,0.48507353426384975
current-current-SME03954-006862,current-SME03954,0.43839040533671075
current-current-SME03954-006863,current-SME03954,0.46558656650601005
current-current-SME03954-006864,current-SME03954,0.5032486987904797
current-current-SME03955-006865,current-SME03955,0.5054657405026978
current-current-SME03956-006866,current-SME03956,0.4437588130218352
current-current-SME03957-006867,current-SME03957,0.5489613115840424
current-current-SME03957-006868,current-SME03957,0.5464512010862629
current-current-SME03957-006869,current-SME03957,0.6158212507524942
current-current-SME03958-006870,current-SME03958,0.23532986732958497
current-current-SME03958-006871,current-SME03958,0.14859345261649984
current-current-SME03959-006872,current-SME03959,0.688018259708619
current-current-SME03959-006873,current-SME03959,0.6851701526064317
current-current-SME03959-006874,current-SME03959,0.5679100483487017
current-current-SME03960-006875,current-SME03960,0.4348049062444734
current-current-SME03961-006876,current-SME03961,0.5323452456601447
current-current-SME03962-006877,current-SME03962,0.628232611163754
current-current-SME03963-006878,current-SME03963,0.6968428945603942
current-current-SME03963-006879,current-SME03963,0.6968428945603942
current-current-SME03964-006880,current-SME03964,0.662885092423649
current-current-SME03965-006881,current-SME03965,0.6087754463814439
current-current-SME03966-006882,current-SME03966,0.7607575441613597
current-current-SME03966-006883,current-SME03966,0.756471981666865
current-current-SME03966-006884,current-SME03966,0.7607575441613597
current-current-SME03967-006885,current-SME03967,0.5670912583745568
current-current-SME03967-006886,current-SME03967,0.6608262106762534
current-current-SME03968-006887,current-SME03968,0.6905158707825921
current-current-SME03968-006888,current-SME03968,0.695940341084887
current-current-SME03969-006889,current-SME03969,0.6455117693975247
current-current-SME03969-006890,current-SME03969,0.6169705172542136
current-current-SME03970-006891,current-SME03970,0.7844037985201547
current-current-SME03971-006892,current-SME03971,0.724789625440191
current-current-SME03972-006893,current-SME03972,0.832853250011509
current-current-SME03972-006894,current-SME03972,0.832853250011509
current-current-SME03972-006895,current-SME03972,0.6845202751595758
current-current-SME03973-006896,current-SME03973,0.6885185706788781
current-current-SME03974-006897,current-SME03974,0.42081145382113955
current-current-SME03974-006898,current-SME03974,0.4920004106991355
current-current-SME03975-006899,current-SME03975,0.6136459423769436
current-current-SME03975-006900,current-SME03975,0.7163221734589948
current-current-SME03976-006901,current-SME03976,0.8052006417731767
current-current-SME03976-006902,current-SME03976,0.8052006417731767
current-current-SME03977-006903,current-SME03977,0.5722708703792165
current-current-SME03978-006904,current-SME03978,0.6532808298754178
current-current-SME03978-006905,current-SME03978,0.7364594601545561
current-current-SME03979-006906,current-SME03979,0.4444756661595854
current-current-SME03980-006907,current-SME03980,0.7191193882018454
current-current-SME03981-006908,current-SME03981,0.43493772373774503
current-current-SME03982-006909,current-SME03982,0.4503298298190173
current-current-SME03982-006910,current-SME03982,0.4428325898843166
current-current-SME03982-006911,current-SME03982,0.4870231526648943
current-current-SME03983-006912,current-SME03983,0.6557632718374053
current-current-SME03984-006913,current-SME03984,0.6515004011108934
current-current-SME03984-006914,current-SME03984,0.6515004011108934
current-current-SME03985-006915,current-SME03985,0.3704379739639309
current-current-SME03985-006916,current-SME03985,0.40082144677267684
current-current-SME03985-006917,current-SME03985,0.436911380109323
current-current-SME03986-006918,current-SME03986,0.5505050509211661
current-current-SME03986-006919,current-SME03986,0.5383230856496468
current-current-SME03987-006920,current-SME03987,0.4818095148636947
current-current-SME03988-006921,current-SME03988,0.592175011319613
current-current-SME03989-006922,current-SME03989,0.3793851395119807
current-current-SME03989-006923,current-SME03989,0.42416279474657437
current-current-SME03990-006924,current-SME03990,0.6793786431325981
current-current-SME03990-006925,current-SME03990,0.6836642056270927
current-current-SME03991-006926,current-SME03991,0.7330622028446732
current-current-SME03992-006927,current-SME03992,0.5294809369271712
current-current-SME03992-006928,current-SME03992,0.5589451496341115
current-current-SME03993-006929,current-SME03993,0.6945709204631494
current-current-SME03993-006930,current-SME03993,0.6235246827090274
current-current-SME03994-006931,current-SME03994,0.5879982358783239
current-current-SME03994-006932,current-SME03994,0.5874939351336973
current-current-SME03995-006933,current-SME03995,0.5714984540949052
current-current-SME03996-006934,current-SME03996,0.6872935724128761
current-current-SME03996-006935,current-SME03996,0.6872935724128761
current-current-SME03996-006936,current-SME03996,0.6772591931245693
current-current-SME03997-006937,current-SME03997,0.4534040176859583
current-current-SME03997-006938,current-SME03997,0.5305514970915342
current-current-SME03998-006939,current-SME03998,0.2746007421451245
current-current-SME03998-006940,current-SME03998,0.4802420050213319
current-current-SME03999-006941,current-SME03999,0.4516935901239179
current-current-SME03999-006942,current-SME03999,0.5435383888183791
current-current-SME03999-006943,current-SME03999,0.5528372543771316
current-current-SME04000-006944,current-SME04000,0.5904096900658569
current-current-SME04001-006945,current-SME04001,0.42667091480741715
current-current-SME04002-006946,current-SME04002,0.5504701462991358
current-current-SME04003-006947,current-SME04003,0.5044195318864214
current-current-SME04003-006948,current-SME04003,0.5305884736696391
current-current-SME04003-006949,current-SME04003,0.5709050789200908
current-current-SME04004-006950,current-SME04004,0.34471778787760426
current-current-SME04004-006951,current-SME04004,0.4113436273605296
current-current-SME04005-006952,current-SME04005,0.3572444730585721
current-current-SME04005-006953,current-SME04005,0.5436852843034655
current-current-SME04005-006954,current-SME04005,0.5769543531802263
current-current-SME04006-006955,current-SME04006,0.662491971333519
current-current-SME04006-006956,current-SME04006,0.6520797796859196
current-current-SME04006-006957,current-SME04006,0.5491598560665164
current-current-SME04007-006958,current-SME04007,0.7945758856367366
current-current-SME04007-006959,current-SME04007,0.799023831482782
current-current-SME04008-006960,current-SME04008,0.5683091388076926
current-current-SME04008-006961,current-SME04008,0.7464274393799151
current-current-SME04008-006962,current-SME04008,0.5938364281277917
current-current-SME04009-006963,current-SME04009,0.572013263034635
current-current-SME04009-006964,current-SME04009,0.6556959684498568
current-current-SME04010-006965,current-SME04010,0.5843973007185308
current-current-SME04010-006966,current-SME04010,0.6575940397030418
current-current-SME04011-006967,current-SME04011,0.5148239879539046
current-current-SME04011-006968,current-SME04011,0.6238831663019337
current-current-SME04012-006969,current-SME04012,0.3692943738806776
current-current-SME04012-006970,current-SME04012,0.43393946382793663
current-current-SME04013-006971,current-SME04013,0.7485569725059708
current-current-SME04014-006972,current-SME04014,0.4185044872378651
current-current-SME04015-006973,current-SME04015,0.5166024723354962
current-current-SME04015-006974,current-SME04015,0.5278349077645897
current-current-SME04015-006975,current-SME04015,0.47486881140553255
current-current-SME04016-006976,current-SME04016,0.7446864873412812
current-current-SME04016-006977,current-SME04016,0.7446864873412812
current-current-SME04017-006978,current-SME04017,0.21076665342192716
current-current-SME04017-006979,current-SME04017,0.19598255778534243
current-current-SME04018-006980,current-SME04018,0.626481490861546
current-current-SME04018-006981,current-SME04018,0.626481490861546
current-current-SME04019-006982,current-SME04019,0.6609173054485549
current-current-SME04020-006983,current-SME04020,0.6241745934734553
current-current-SME04021-006984,current-SME04021,0.6568622365498776
current-current-SME04022-006985,current-SME04022,0.8019690851609681
current-current-SME04022-006986,current-SME04022,0.7976835226664735
current-current-SME04022-006987,current-SME04022,0.802693411605941
current-current-SME04023-006988,current-SME04023,0.3761723295580584
current-current-SME04023-006989,current-SME04023,0.49626158053574215
current-current-SME04024-006990,current-SME04024,0.6018147878016451
current-current-SME04025-006991,current-SME04025,0.586899187291819
current-current-SME04025-006992,current-SME04025,0.6837562472623703
current-current-SME04026-006993,current-SME04026,0.753420422763169
current-current-SME04027-006994,current-SME04027,0.6962860506047835
current-current-SME04027-006995,current-SME04027,0.6962860506047835
current-current-SME04028-006996,current-SME04028,0.6975194532534773
current-current-SME04029-006997,current-SME04029,0.44989022042813004
current-current-SME04030-006998,current-SME04030,0.5277158884364871
current-current-SME04030-006999,current-SME04030,0.5522087618386281
current-current-SME04031-007000,current-SME04031,0.40856884123127535
current-current-SME04031-007001,current-SME04031,0.4856033019627521
current-current-SME04032-007002,current-SME04032,0.08124695264971021
current-current-SME04033-007003,current-SME04033,0.6441154440890455
current-current-SME04034-007004,current-SME04034,0.4862961104429827
current-current-SME04034-007005,current-SME04034,0.44194173372982526
current-current-SME04035-007006,current-SME04035,0.48527712695934955
current-current-SME04036-007007,current-SME04036,0.6240985211361263
current-current-SME04036-007008,current-SME04036,0.4952508403542098
current-current-SME04036-007009,current-SME04036,0.6019349846889654
current-current-SME04037-007010,current-SME04037,0.5847872633383622
current-current-SME04037-007011,current-SME04037,0.6876119136048696
current-current-SME04037-007012,current-SME04037,0.6917070648134527
current-current-SME04038-007013,current-SME04038,0.7108468107973632
current-current-SME04039-007014,current-SME04039,0.47738695629140204
current-current-SME04039-007015,current-SME04039,0.4858622707110748
current-current-SME04040-007016,current-SME04040,0.47720400407307334
current-current-SME04040-007017,current-SME04040,0.5024972612528223
current-current-SME04041-007018,current-SME04041,0.6618327497808294
current-current-SME04042-007019,current-SME04042,0.5945006876935839
current-current-SME04043-007020,current-SME04043,0.7440970130412599
current-current-SME04043-007021,current-SME04043,0.7440970130412599
current-current-SME04044-007022,current-SME04044,0.5528646666423894
current-current-SME04044-007023,current-SME04044,0.5810486802691867
current-current-SME04045-007024,current-SME04045,0.3788633834267288
current-current-SME04045-007025,current-SME04045,0.41476818569881163
current-current-SME04046-007026,current-SME04046,0.5191552704797969
current-current-SME04046-007027,current-SME04046,0.5554157983491755
current-current-SME04046-007028,current-SME04046,0.4621239582828887
current-current-SME04047-007029,current-SME04047,0.6294198282120496
current-current-SME04048-007030,current-SME04048,0.47744192676940833
current-current-SME04048-007031,current-SME04048,0.48898532850435406
current-current-SME04049-007032,current-SME04049,0.6114229800963652
current-current-SME04050-007033,current-SME04050,0.6899219673590851
current-current-SME04051-007034,current-SME04051,0.7074807102732384
current-current-SME04051-007035,current-SME04051,0.6950654244268557
current-current-SME04051-007036,current-SME04051,0.6797354986033672
current-current-SME04052-007037,current-SME04052,0.5980474917828887
current-current-SME04053-007038,current-SME04053,0.607591981688271
current-current-SME04053-007039,current-SME04053,0.682992396300266
current-current-SME04054-007040,current-SME04054,0.5060605843798652
current-current-SME04054-007041,current-SME04054,0.5598488269895804
current-current-SME04055-007042,current-SME04055,0.668110647186345
current-current-SME04055-007043,current-SME04055,0.6437003790409828
current-current-SME04056-007044,current-SME04056,0.3923127242427465
current-current-SME04057-007045,current-SME04057,0.6050080257936452
current-current-SME04058-007046,current-SME04058,0.5710726689188639
current-current-SME04059-007047,current-SME04059,0.7731793525056271
current-current-SME04059-007048,current-SME04059,0.7732908634536371
current-current-SME04059-007049,current-SME04059,0.6554546266182621
current-current-SME04060-007050,current-SME04060,0.5134928501989499
current-current-SME04060-007051,current-SME04060,0.5392289671553145
current-current-SME04061-007052,current-SME04061,0.7161328021242944
current-current-SME04061-007053,current-SME04061,0.7161328021242944
current-current-SME04062-007054,current-SME04062,0.41324581277469596
current-current-SME04063-007055,current-SME04063,0.6244319986161512
current-current-SME04063-007056,current-SME04063,0.6145776570361356
current-current-SME04063-007057,current-SME04063,0.41929443537320327
current-current-SME04064-007058,current-SME04064,0.669527215028596
current-current-SME04064-007059,current-SME04064,0.7360802968281753
current-current-SME04065-007060,current-SME04065,0.6625155770641342
current-current-SME04065-007061,current-SME04065,0.6653636841663215
current-current-SME04066-007062,current-SME04066,0.7725626097011346
current-current-SME04067-007063,current-SME04067,0.4160277244077291
current-current-SME04067-007064,current-SME04067,0.44913830324973714
current-current-SME04067-007065,current-SME04067,0.4324329243981763
current-current-SME04068-007066,current-SME04068,0.5705750157494639
current-current-SME04068-007067,current-SME04068,0.6180214503073489
current-current-SME04069-007068,current-SME04069,0.7270191427648726
current-current-SME04069-007069,current-SME04069,0.7289728068094526
current-current-SME04070-007070,current-SME04070,0.3598042264150024
current-current-SME04070-007071,current-SME04070,0.38047769707819473
current-current-SME04071-007072,current-SME04071,0.5071318285077201
current-current-SME04071-007073,current-SME04071,0.6259052057142543
current-current-SME04071-007074,current-SME04071,0.4399207588889588
current-current-SME04072-007075,current-SME04072,0.6549889528683156
current-current-SME04073-007076,current-SME04073,0.5918243178442759
current-current-SME04074-007077,current-SME04074,0.5284569316196522
current-current-SME04074-007078,current-SME04074,0.5979107725303832
current-current-SME04075-007079,current-SME04075,0.35489426706694943
current-current-SME04076-007080,current-SME04076,0.5690618861862741
current-current-SME04076-007081,current-SME04076,0.49912519867886634
current-current-SME04077-007082,current-SME04077,0.6057181358884405
current-current-SME04077-007083,current-SME04077,0.5403544805347945
current-current-SME04078-007084,current-SME04078,0.6866289070840159
current-current-SME04079-007085,current-SME04079,0.7114490351619329
current-current-SME04080-007086,current-SME04080,0.7851860596789471
current-current-SME04081-007087,current-SME04081,0.5613558017441809
current-current-SME04081-007088,current-SME04081,0.7594239119836098
current-current-SME04082-007089,current-SME04082,0.5502825540187918
current-current-SME04082-007090,current-SME04082,0.6283703373801769
current-current-SME04083-007091,current-SME04083,0.6000106333539531
current-current-SME04084-007092,current-SME04084,0.548027871451053
current-current-SME04084-007093,current-SME04084,0.6146110336695036
current-current-SME04085-007094,current-SME04085,0.3716961151852937
current-current-SME04085-007095,current-SME04085,0.6156868452664214
current-current-SME04085-007096,current-SME04085,0.65300435056651
current-current-SME04086-007097,current-SME04086,0.38795723949080035
current-current-SME04087-007098,current-SME04087,0.3002049520227605
current-current-SME04088-007099,current-SME04088,0.582763285662691
current-current-SME04089-007100,current-SME04089,0.4271243123375403
current-current-SME04090-007101,current-SME04090,0.6974855570868935
current-current-SME04091-007102,current-SME04091,0.3938614680643705
current-current-SME04091-007103,current-SME04091,0.4271864084507929
current-current-SME04092-007104,current-SME04092,0.41066493762558626
current-current-SME04092-007105,current-SME04092,0.4172694563161945
current-current-SME04093-007106,current-SME04093,0.5758178768283243
current-current-SME04093-007107,current-SME04093,0.45408220934762983
current-current-SME04093-007108,current-SME04093,0.3143715187305749
current-current-SME04094-007109,current-SME04094,0.4585158103433072
current-current-SME04094-007110,current-SME04094,0.46317046456059774
current-current-SME04095-007111,current-SME04095,0.7939248493308422
current-current-SME04095-007112,current-SME04095,0.7944546841411688
current-current-SME04095-007113,current-SME04095,0.795502276075279
current-current-SME04096-007114,current-SME04096,0.5705216327341063
current-current-SME04096-007115,current-SME04096,0.5880554263221338
current-current-SME04096-007116,current-SME04096,0.5559498403917187
current-current-SME04097-007117,current-SME04097,0.5625845676717858
current-current-SME04098-007118,current-SME04098,0.41068889383853324
current-current-SME04098-007119,current-SME04098,0.3669644850715864
current-current-SME04098-007120,current-SME04098,0.4793140641461689
current-current-SME04099-007121,current-SME04099,0.5254125728680098
current-current-SME04099-007122,current-SME04099,0.4614851925290043
current-current-SME04100-007123,current-SME04100,0.5118990825460826
current-current-SME04101-007124,current-SME04101,0.5643034630932768
current-current-SME04101-007125,current-SME04101,0.495600767061644
current-current-SME04101-007126,current-SME04101,0.5637736282829502
current-current-SME04102-007127,current-SME04102,0.8178185356797476
current-current-SME04103-007128,current-SME04103,0.7680196850013659
current-current-SME04104-007129,current-SME04104,0.6618354050984901
current-current-SME04104-007130,current-SME04104,0.6565668548405426
current-current-SME04105-007131,current-SME04105,0.5092124656238897
current-current-SME04105-007132,current-SME04105,0.5156131862088895
current-current-SME04105-007133,current-SME04105,0.48212416501197125
current-current-SME04106-007134,current-SME04106,0.6211833379416615
current-current-SME04107-007135,current-SME04107,0.5310498954214076
current-current-SME04108-007136,current-SME04108,0.48067309201892855
current-current-SME04108-007137,current-SME04108,0.44735381189865364
current-current-SME04109-007138,current-SME04109,0.5958707907099812
current-current-SME04110-007139,current-SME04110,0.749304857036851
current-current-SME04110-007140,current-SME04110,0.7314031128529007
current-current-SME04111-007141,current-SME04111,0.5925136055554961
current-current-SME04112-007142,current-SME04112,0.6339264953243422
current-current-SME04113-007143,current-SME04113,0.3982181396213724
current-current-SME04113-007144,current-SME04113,0.46297983186644365
current-current-SME04114-007145,current-SME04114,0.6079900990285485
current-current-SME04115-007146,current-SME04115,0.6113951448963326
current-current-SME04115-007147,current-SME04115,0.6133534749321041
current-current-SME04116-007148,current-SME04116,0.5333044855495549
current-current-SME04116-007149,current-SME04116,0.5682571496897019
current-current-SME04117-007150,current-SME04117,0.7338537841074587
current-current-SME04118-007151,current-SME04118,0.5261870069184225
current-current-SME04119-007152,current-SME04119,0.3085327818902461
current-current-SME04119-007153,current-SME04119,0.29238783151894054
current-current-SME04119-007154,current-SME04119,0.13501424850213106
current-current-SME04120-007155,current-SME04120,0.4852019028624327
current-current-SME04121-007156,current-SME04121,0.6713639807173659
current-current-SME04122-007157,current-SME04122,0.6406515581691676
current-current-SME04122-007158,current-SME04122,0.6469768743874417
current-current-SME04123-007159,current-SME04123,0.6120483455579268
current-current-SME04123-007160,current-SME04123,0.5125979409990963
current-current-SME04124-007161,current-SME04124,0.5908100418219007
current-current-SME04124-007162,current-SME04124,0.632878903390232
current-current-SME04125-007163,current-SME04125,0.7113287719952214
current-current-SME04126-007164,current-SME04126,0.8216201646644007
current-current-SME04126-007165,current-SME04126,0.8216201646644007
current-current-SME04127-007166,current-SME04127,0.4580033235580775
current-current-SME04127-007167,current-SME04127,0.626481490861546
current-current-SME04128-007168,current-SME04128,0.48048492655334263
current-current-SME04128-007169,current-SME04128,0.389760112571889
current-current-SME04128-007170,current-SME04128,0.4263719237253685
current-current-SME04129-007171,current-SME04129,0.6450875152300286
current-current-SME04129-007172,current-SME04129,0.6074937505514205
current-current-SME04130-007173,current-SME04130,0.5197297884009764
current-current-SME04130-007174,current-SME04130,0.5843557238720971
current-current-SME04131-007175,current-SME04131,0.4861179208439014
current-current-SME04131-007176,current-SME04131,0.584905213411831
current-current-SME04132-007177,current-SME04132,0.6753653917482458
current-current-SME04132-007178,current-SME04132,0.6792132770110444
current-current-SME04133-007179,current-SME04133,0.7247905487121058
current-current-SME04133-007180,current-SME04133,0.7139603424660215
current-current-SME04134-007181,current-SME04134,0.5625211775421629
current-current-SME04135-007182,current-SME04135,0.7426672472574504
current-current-SME04135-007183,current-SME04135,0.7426672472574504
current-current-SME04136-007184,current-SME04136,0.6065784958811603
current-current-SME04136-007185,current-SME04136,0.5277452203855754
current-current-SME04137-007186,current-SME04137,0.5206913588957574
current-current-SME04138-007187,current-SME04138,0.5562711453916187
current-current-SME04138-007188,current-SME04138,0.5468516957923673
current-current-SME04139-007189,current-SME04139,0.389404798367556
current-current-SME04139-007190,current-SME04139,0.44071125553716667
current-current-SME04140-007191,current-SME04140,0.6360348373101273
current-current-SME04141-007192,current-SME04141,0.5680097998184992
current-current-SME04141-007193,current-SME04141,0.6394534871071892
current-current-SME04142-007194,current-SME04142,0.5099926687402337
current-current-SME04142-007195,current-SME04142,0.5057071062457391
current-current-SME04142-007196,current-SME04142,0.49744746617122965
current-current-SME04143-007197,current-SME04143,0.45549481378679535
current-current-SME04144-007198,current-SME04144,0.5458280401892159
current-current-SME04144-007199,current-SME04144,0.5599679442637261
current-current-SME04145-007200,current-SME04145,0.6371600226918878
current-current-SME04145-007201,current-SME04145,0.7690584358851199
current-current-SME04145-007202,current-SME04145,0.7569259519220146
current-current-SME04146-007203,current-SME04146,0.5573143848387061
current-current-SME04147-007204,current-SME04147,0.6545296378068234
current-current-SME04148-007205,current-SME04148,0.5535687665659954
current-current-SME04148-007206,current-SME04148,0.606742879921742
current-current-SME04148-007207,current-SME04148,0.6117527688612096
current-current-SME04149-007208,current-SME04149,0.5894796533711177
current-current-SME04150-007209,current-SME04150,0.664390280146261
current-current-SME04150-007210,current-SME04150,0.7311622967683762
current-current-SME04150-007211,current-SME04150,0.7006723569344845
current-current-SME04151-007212,current-SME04151,0.7137997904774082
current-current-SME04152-007213,current-SME04152,0.44567896281252156
current-current-SME04153-007214,current-SME04153,0.44840884446748785
current-current-SME04153-007215,current-SME04153,0.4617556030871245
current-current-SME04154-007216,current-SME04154,0.6966126307974708
current-current-SME04155-007217,current-SME04155,0.6961027122505694
current-current-SME04155-007218,current-SME04155,0.6930511533468734
current-current-SME04156-007219,current-SME04156,0.5138003867354377
current-current-SME04156-007220,current-SME04156,0.5356900631505445
current-current-SME04157-007221,current-SME04157,0.3670339719195362
current-current-SME04157-007222,current-SME04157,0.4515050810214085
current-current-SME04158-007223,current-SME04158,0.6730881022899005
current-current-SME04159-007224,current-SME04159,0.5291911820466515
current-current-SME04160-007225,current-SME04160,0.5275154087780393
current-current-SME04160-007226,current-SME04160,0.608351983086997
current-current-SME04160-007227,current-SME04160,0.5662343995967896
current-current-SME04161-007228,current-SME04161,0.6132612355797394
current-current-SME04161-007229,current-SME04161,0.6523513840211727
current-current-SME04161-007230,current-SME04161,0.5830524938575373
current-current-SME04162-007231,current-SME04162,0.38241800420321165
current-current-SME04162-007232,current-SME04162,0.44840513979228175
current-current-SME04163-007233,current-SME04163,0.5605097981596636
current-current-SME04164-007234,current-SME04164,0.5470440290243328
current-current-SME04165-007235,current-SME04165,0.7018260271001892
current-current-SME04165-007236,current-SME04165,0.70040434608648
current-current-SME04166-007237,current-SME04166,0.7078503657691688
current-current-SME04166-007238,current-SME04166,0.7078503657691688
current-current-SME04166-007239,current-SME04166,0.7078503657691688
current-current-SME04167-007240,current-SME04167,0.5588229801821082
current-current-SME04168-007241,current-SME04168,0.7540768703585381
current-current-SME04168-007242,current-SME04168,0.7205172194779423
current-current-SME04169-007243,current-SME04169,0.6008285999034843
current-current-SME04170-007244,current-SME04170,0.3340964399815184
current-current-SME04170-007245,current-SME04170,0.4203360196284909
current-current-SME04171-007246,current-SME04171,0.564776527036012
current-current-SME04171-007247,current-SME04171,0.5849585354236772
current-current-SME04172-007248,current-SME04172,0.5779464943736377
current-current-SME04173-007249,current-SME04173,0.6438865037811646
current-current-SME04173-007250,current-SME04173,0.680520377848446
current-current-SME04173-007251,current-SME04173,0.742070648044014
current-current-SME04174-007252,current-SME04174,0.4848413880761374
current-current-SME04175-007253,current-SME04175,0.6216691463188823
current-current-SME04176-007254,current-SME04176,0.4649633324746703
current-current-SME04176-007255,current-SME04176,0.5837716840562474
current-current-SME04177-007256,current-SME04177,0.5382979258096754
current-current-SME04177-007257,current-SME04177,0.5603569898776128
current-current-SME04177-007258,current-SME04177,0.5007879203219371
current-current-SME04178-007259,current-SME04178,0.4554305236647243
current-current-SME04178-007260,current-SME04178,0.6579971850595329
current-current-SME04179-007261,current-SME04179,0.10673040602137675
current-current-SME04179-007262,current-SME04179,0.16381444695676126
current-current-SME04180-007263,current-SME04180,0.380835990144172
current-current-SME04180-007264,current-SME04180,0.463565720833905
current-current-SME04181-007265,current-SME04181,0.6991359484739016
current-current-SME04182-007266,current-SME04182,0.5850569105112478
current-current-SME04182-007267,current-SME04182,0.6797659102432251
current-current-SME04183-007268,current-SME04183,0.584466963834703
current-current-SME04184-007269,current-SME04184,0.5962913579804761
current-current-SME04184-007270,current-SME04184,0.47779272010792284
current-current-SME04185-007271,current-SME04185,0.6800321113701192
current-current-SME04185-007272,current-SME04185,0.4881383167336306
current-current-SME04186-007273,current-SME04186,0.6438089110894095
current-current-SME04186-007274,current-SME04186,0.7372879766492612
current-current-SME04187-007275,current-SME04187,0.554892086048187
current-current-SME04187-007276,current-SME04187,0.5529384220036069
current-current-SME04187-007277,current-SME04187,0.7268489577675858
current-current-SME04188-007278,current-SME04188,0.4847367178513454
current-current-SME04189-007279,current-SME04189,0.529172781448701
current-current-SME04189-007280,current-SME04189,0.5650091928325419
current-current-SME04190-007281,current-SME04190,0.30077567794761495
current-current-SME04191-007282,current-SME04191,0.7634748200237944
current-current-SME04191-007283,current-SME04191,0.7680196850013659
current-current-SME04192-007284,current-SME04192,0.5063912741462834
current-current-SME04193-007285,current-SME04193,0.5893801728321012
current-current-SME04193-007286,current-SME04193,0.6881044153077036
current-current-SME04193-007287,current-SME04193,0.6852563082055163
current-current-SME04194-007288,current-SME04194,0.6491614643027069
current-current-SME04194-007289,current-SME04194,0.35466597940080735
current-current-SME04195-007290,current-SME04195,0.3062970018659947
current-current-SME04195-007291,current-SME04195,0.3695747255701134
current-current-SME04196-007292,current-SME04196,0.3401065278270613
current-current-SME04197-007293,current-SME04197,0.6727182792751263
current-current-SME04198-007294,current-SME04198,0.7861917033915043
current-current-SME04198-007295,current-SME04198,0.6550192579138118
current-current-SME04199-007296,current-SME04199,0.6914664087070906
current-current-SME04199-007297,current-SME04199,0.6389376868198243
current-current-SME04200-007298,current-SME04200,0.8251105209197085
current-current-SME04201-007299,current-SME04201,0.5281207104505793
current-current-SME04202-007300,current-SME04202,0.6317641171347386
current-current-SME04202-007301,current-SME04202,0.7248552106203525
current-current-SME04203-007302,current-SME04203,0.46674176475871143
current-current-SME04204-007303,current-SME04204,0.550328719455702
current-current-SME04205-007304,current-SME04205,0.6482945635644991
current-current-SME04205-007305,current-SME04205,0.6058467991481762
current-current-SME04206-007306,current-SME04206,0.4329311966515055
current-current-SME04207-007307,current-SME04207,0.715469466459354
current-current-SME04208-007308,current-SME04208,0.534377968594656
current-current-SME04209-007309,current-SME04209,0.4459827152014543
current-current-SME04209-007310,current-SME04209,0.6129699687688107
current-current-SME04210-007311,current-SME04210,0.4173210320915805
current-current-SME04211-007312,current-SME04211,0.6281802880489463
current-current-SME04211-007313,current-SME04211,0.46877354889807027
current-current-SME04212-007314,current-SME04212,0.6825815365143998
current-current-SME04212-007315,current-SME04212,0.682467124771841
current-current-SME04213-007316,current-SME04213,0.7490767333459663
current-current-SME04214-007317,current-SME04214,0.444697119679309
current-current-SME04214-007318,current-SME04214,0.3020202077141518
current-current-SME04215-007319,current-SME04215,0.5843212520428148
current-current-SME04215-007320,current-SME04215,0.5843212520428148
current-current-SME04216-007321,current-SME04216,0.5962922478111966
current-current-SME04216-007322,current-SME04216,0.6742329076468173
current-current-SME04217-007323,current-SME04217,0.662941378702017
current-current-SME04218-007324,current-SME04218,0.35376712085360296
current-current-SME04219-007325,current-SME04219,0.5282035428830315
current-current-SME04219-007326,current-SME04219,0.5429080743858556
current-current-SME04220-007327,current-SME04220,0.15650314485870284
current-current-SME04220-007328,current-SME04220,0.21303291555426726
current-current-SME04220-007329,current-SME04220,0.10669109670311515
current-current-SME04221-007330,current-SME04221,0.39266784390576803
current-current-SME04221-007331,current-SME04221,0.4361873946359679
current-current-SME04222-007332,current-SME04222,0.4658455422742302
current-current-SME04223-007333,current-SME04223,0.6135495438223075
current-current-SME04223-007334,current-SME04223,0.617837486523339
current-current-SME04224-007335,current-SME04224,0.43788388320801974
current-current-SME04225-007336,current-SME04225,0.3066325134593534
current-current-SME04225-007337,current-SME04225,0.3624277214548521
current-current-SME04226-007338,current-SME04226,0.44802750902695454
current-current-SME04226-007339,current-SME04226,0.4707432438285682
current-current-SME04227-007340,current-SME04227,0.7330622028446732
current-current-SME04227-007341,current-SME04227,0.7330622028446732
current-current-SME04228-007342,current-SME04228,0.3205180460663382
current-current-SME04229-007343,current-SME04229,0.8326238474749735
current-current-SME04229-007344,current-SME04229,0.7355237585411792
current-current-SME04230-007345,current-SME04230,0.4152005070110265
current-current-SME04231-007346,current-SME04231,0.43244482805957296
current-current-SME04232-007347,current-SME04232,0.6218171331287479
current-current-SME04233-007348,current-SME04233,0.40903228001687764
current-current-SME04233-007349,current-SME04233,0.5427368963979243
current-current-SME04234-007350,current-SME04234,0.536412418351728
current-current-SME04234-007351,current-SME04234,0.5536324602067965
current-current-SME04235-007352,current-SME04235,0.4864874426045484
current-current-SME04235-007353,current-SME04235,0.5228144474964957
current-current-SME04236-007354,current-SME04236,0.48192061844675055
current-current-SME04236-007355,current-SME04236,0.5467637637951673
current-current-SME04237-007356,current-SME04237,0.48483569389036846
current-current-SME04237-007357,current-SME04237,0.5075166358255925
current-current-SME04237-007358,current-SME04237,0.4893267560014228
current-current-SME04238-007359,current-SME04238,0.4756308561552525
current-current-SME04239-007360,current-SME04239,0.654078850832347
current-current-SME04239-007361,current-SME04239,0.654078850832347
current-current-SME04239-007362,current-SME04239,0.6555163062246543
current-current-SME04240-007363,current-SME04240,0.5648358160749996
current-current-SME04240-007364,current-SME04240,0.6022037254134173
current-current-SME04241-007365,current-SME04241,0.37558615115002975
current-current-SME04241-007366,current-SME04241,0.3573854123320823
current-current-SME04242-007367,current-SME04242,0.3574772941621837
current-current-SME04243-007368,current-SME04243,0.5286806193951711
current-current-SME04243-007369,current-SME04243,0.48396304563145076
current-current-SME04244-007370,current-SME04244,0.562458172438652
current-current-SME04244-007371,current-SME04244,0.5172200961472737
current-current-SME04245-007372,current-SME04245,0.6118057587826644
current-current-SME04245-007373,current-SME04245,0.6646480454199727
current-current-SME04246-007374,current-SME04246,0.6242112069621893
current-current-SME04246-007375,current-SME04246,0.6242112069621893
current-current-SME04247-007376,current-SME04247,0.3626615495663566
current-current-SME04248-007377,current-SME04248,0.7374508967416317
current-current-SME04248-007378,current-SME04248,0.7405071216365191
current-current-SME04249-007379,current-SME04249,0.5460646678477692
current-current-SME04250-007380,current-SME04250,0.6429675079666184
current-current-SME04251-007381,current-SME04251,0.4824772228419313
current-current-SME04252-007382,current-SME04252,0.6936360807502812
current-current-SME04253-007383,current-SME04253,0.6169194757570424
current-current-SME04254-007384,current-SME04254,0.6359035539299975
current-current-SME04254-007385,current-SME04254,0.6991211778232149
current-current-SME04255-007386,current-SME04255,0.43447681820013917
current-current-SME04256-007387,current-SME04256,0.5377206636739975
current-current-SME04256-007388,current-SME04256,0.5865956313983205
current-current-SME04256-007389,current-SME04256,0.5613000061399007
current-current-SME04257-007390,current-SME04257,0.6597920055590418
current-current-SME04257-007391,current-SME04257,0.6697432662705834
current-current-SME04258-007392,current-SME04258,0.48143951322818535
current-current-SME04258-007393,current-SME04258,0.5086253023673628
current-current-SME04259-007394,current-SME04259,0.6933515815100022
current-current-SME04260-007395,current-SME04260,0.6390265579613916
current-current-SME04260-007396,current-SME04260,0.8603922974393126
current-current-SME04261-007397,current-SME04261,0.5561582393884361
current-current-SME04261-007398,current-SME04261,0.6980593304561159
current-current-SME04262-007399,current-SME04262,0.7809696242154348
current-current-SME04262-007400,current-SME04262,0.7804117741478509
current-current-SME04262-007401,current-SME04262,0.7537542473558903
current-current-SME04263-007402,current-SME04263,0.14234375122508183
current-current-SME04263-007403,current-SME04263,0.13095487394123756
current-current-SME04264-007404,current-SME04264,0.6436436815186968
current-current-SME04264-007405,current-SME04264,0.7545283159627217
current-current-SME04265-007406,current-SME04265,0.6583535266357171
current-current-SME04265-007407,current-SME04265,0.6583535266357171
current-current-SME04266-007408,current-SME04266,0.7692247845872389
current-current-SME04266-007409,current-SME04266,0.7692247845872389
current-current-SME04267-007410,current-SME04267,0.759146082323786
current-current-SME04267-007411,current-SME04267,0.759146082323786
current-current-SME04267-007412,current-SME04267,0.7601936742578962
current-current-SME04268-007413,current-SME04268,0.6008424502538453
current-current-SME04269-007414,current-SME04269,0.6838797137592412
current-current-SME04270-007415,current-SME04270,0.4682861712565775
current-current-SME04270-007416,current-SME04270,0.4875139132647339
current-current-SME04271-007417,current-SME04271,0.6816863121662186
current-current-SME04272-007418,current-SME04272,0.6541700643180727
current-current-SME04273-007419,current-SME04273,0.6913042830754481
current-current-SME04273-007420,current-SME04273,0.6913042830754481
current-current-SME04274-007421,current-SME04274,0.5059211627576122
current-current-SME04274-007422,current-SME04274,0.5570615045650319
current-current-SME04274-007423,current-SME04274,0.5589650860613302
current-current-SME04275-007424,current-SME04275,0.8343393914293344
current-current-SME04276-007425,current-SME04276,0.4898123657883906
current-current-SME04276-007426,current-SME04276,0.6296648994357057
current-current-SME04277-007427,current-SME04277,0.6756401166208397
current-current-SME04278-007428,current-SME04278,0.5714250573837159
current-current-SME04278-007429,current-SME04278,0.6556789043610658
current-current-SME04279-007430,current-SME04279,0.7188076153074495
current-current-SME04279-007431,current-SME04279,0.7193111986516426
current-current-SME04279-007432,current-SME04279,0.8018570027144438
current-current-SME04280-007433,current-SME04280,0.6742462235702807
current-current-SME04281-007434,current-SME04281,0.7654831497902503
current-current-SME04281-007435,current-SME04281,0.7654831497902503
current-current-SME04282-007436,current-SME04282,0.5333503759465542
current-current-SME04283-007437,current-SME04283,0.45349159526281846
current-current-SME04283-007438,current-SME04283,0.5129420098877617
current-current-SME04284-007439,current-SME04284,0.6684093827745333
current-current-SME04285-007440,current-SME04285,0.6592413505073003
current-current-SME04286-007441,current-SME04286,0.6081020542301513
current-current-SME04286-007442,current-SME04286,0.7114370298404804
current-current-SME04287-007443,current-SME04287,0.673196921154764
current-current-SME04288-007444,current-SME04288,0.6890339231113426
current-current-SME04288-007445,current-SME04288,0.6270060979059598
current-current-SME04289-007446,current-SME04289,0.23652264460245295
current-current-SME04289-007447,current-SME04289,0.12096913039060009
current-current-SME04290-007448,current-SME04290,0.20910516342883656
current-current-SME04290-007449,current-SME04290,0.36201112417455367
current-current-SME04291-007450,current-SME04291,0.49306177514349514
current-current-SME04291-007451,current-SME04291,0.5708663311085447
current-current-SME04291-007452,current-SME04291,0.5481735076209459
current-current-SME04292-007453,current-SME04292,0.7234887211177008
current-current-SME04292-007454,current-SME04292,0.7426909721827503
current-current-SME04293-007455,current-SME04293,0.5704251151984127
current-current-SME04294-007456,current-SME04294,0.9111984688430709
current-current-SME04294-007457,current-SME04294,0.9164654036477518
current-current-SME04294-007458,current-SME04294,0.916350991905193
current-current-SME04295-007459,current-SME04295,0.6260593408001659
current-current-SME04295-007460,current-SME04295,0.6271069327342761
current-current-SME04296-007461,current-SME04296,0.28967692498527026
current-current-SME04296-007462,current-SME04296,0.19986821552293052
current-current-SME04297-007463,current-SME04297,0.7035648032746742
current-current-SME04297-007464,current-SME04297,0.7035648032746742
current-current-SME04298-007465,current-SME04298,0.5928529833675169
current-current-SME04298-007466,current-SME04298,0.6675165137740238
current-current-SME04299-007467,current-SME04299,0.5579192811814324
current-current-SME04299-007468,current-SME04299,0.5537715584937524
current-current-SME04300-007469,current-SME04300,0.2621636805833142
current-current-SME04301-007470,current-SME04301,0.4252757467901553
current-current-SME04301-007471,current-SME04301,0.3694044646762424
current-current-SME04301-007472,current-SME04301,0.26975152808286823
current-current-SME04302-007473,current-SME04302,0.565829356828262
current-current-SME04302-007474,current-SME04302,0.6579456060361168
current-current-SME04303-007475,current-SME04303,0.5684719828570309
current-current-SME04303-007476,current-SME04303,0.6530125381439346
current-current-SME04304-007477,current-SME04304,0.5512428000624391
current-current-SME04304-007478,current-SME04304,0.553009368315154
current-current-SME04305-007479,current-SME04305,0.7290542557379167
current-current-SME04306-007480,current-SME04306,0.768977095700706
current-current-SME04306-007481,current-SME04306,0.7709307597452861
current-current-SME04306-007482,current-SME04306,0.768977095700706
current-current-SME04307-007483,current-SME04307,0.4065279669795609
current-current-SME04308-007484,current-SME04308,0.7726531643506491
current-current-SME04309-007485,current-SME04309,0.372188764856366
current-current-SME04309-007486,current-SME04309,0.4282405393394325
current-current-SME04309-007487,current-SME04309,0.43892604369137134
current-current-SME04310-007488,current-SME04310,0.6562139007347282
current-current-SME04311-007489,current-SME04311,0.6511270647534192
current-current-SME04311-007490,current-SME04311,0.7406688882485584
current-current-SME04312-007491,current-SME04312,0.6971270327640401
current-current-SME04312-007492,current-SME04312,0.6971270327640401
current-current-SME04313-007493,current-SME04313,0.749382079152085
current-current-SME04313-007494,current-SME04313,0.7449341333060396
current-current-SME04313-007495,current-SME04313,0.7199804790571428
current-current-SME04314-007496,current-SME04314,0.5769768802347707
current-current-SME04314-007497,current-SME04314,0.6647166273470153
current-current-SME04314-007498,current-SME04314,0.682843546331513
current-current-SME04315-007499,current-SME04315,0.21827728252136366
current-current-SME04315-007500,current-SME04315,0.3908914560624935
current-current-SME04316-007501,current-SME04316,0.4608707853270088
current-current-SME04316-007502,current-SME04316,0.6747869243830686
current-current-SME04317-007503,current-SME04317,0.4642702648286005
current-current-SME04317-007504,current-SME04317,0.5335691065243747
current-current-SME04318-007505,current-SME04318,0.7809538016762929
current-current-SME04319-007506,current-SME04319,0.7618537031238507
current-current-SME04320-007507,current-SME04320,0.4989403485167243
current-current-SME04321-007508,current-SME04321,0.44616625219800377
current-current-SME04321-007509,current-SME04321,0.6052282068467688
current-current-SME04321-007510,current-SME04321,0.588787305241467
current-current-SME04322-007511,current-SME04322,0.6618789838380608
current-current-SME04322-007512,current-SME04322,0.6618789838380608
current-current-SME04322-007513,current-SME04322,0.6590308767358735
current-current-SME04323-007514,current-SME04323,0.6036049625629293
current-current-SME04324-007515,current-SME04324,0.40935184934645996
current-current-SME04324-007516,current-SME04324,0.6743321576523114
current-current-SME04325-007517,current-SME04325,0.5950001500712973
current-current-SME04325-007518,current-SME04325,0.5975282024625697
current-current-SME04326-007519,current-SME04326,0.5704334839427063
current-current-SME04327-007520,current-SME04327,0.40083849614470357
current-current-SME04328-007521,current-SME04328,0.5323033272354443
current-current-SME04329-007522,current-SME04329,0.7744029486547953
current-current-SME04329-007523,current-SME04329,0.7794128375942628
current-current-SME04330-007524,current-SME04330,0.3098700650325403
current-current-SME04331-007525,current-SME04331,0.4129073413519781
current-current-SME04332-007526,current-SME04332,0.7052137918164161
current-current-SME04332-007527,current-SME04332,0.7115294676071733
current-current-SME04332-007528,current-SME04332,0.660161081064562
current-current-SME04333-007529,current-SME04333,0.6109905448922992
current-current-SME04334-007530,current-SME04334,0.5319026556306475
current-current-SME04335-007531,current-SME04335,0.6185482063754383
current-current-SME04336-007532,current-SME04336,0.3754339950326444
current-current-SME04336-007533,current-SME04336,0.3647892455156392
current-current-SME04337-007534,current-SME04337,0.40937139808053524
current-current-SME04338-007535,current-SME04338,0.5559893209819792
current-current-SME04338-007536,current-SME04338,0.5509591539283909
current-current-SME04339-007537,current-SME04339,0.42210374001144774
current-current-SME04340-007538,current-SME04340,0.41963264970905484
current-current-SME04341-007539,current-SME04341,0.5020778418466444
current-current-SME04341-007540,current-SME04341,0.626543697913501
current-current-SME04341-007541,current-SME04341,0.5582376738746997
current-current-SME04342-007542,current-SME04342,0.4905286834002448
current-current-SME04342-007543,current-SME04342,0.5477128552377761
current-current-SME04343-007544,current-SME04343,0.503657561197587
current-current-SME04343-007545,current-SME04343,0.6708591975227302
current-current-SME04344-007546,current-SME04344,0.3565706200799185
current-current-SME04345-007547,current-SME04345,0.6838159434566449
current-current-SME04346-007548,current-SME04346,0.5661949238929617
current-current-SME04347-007549,current-SME04347,0.8188488360953878
current-current-SME04348-007550,current-SME04348,0.33563301856749445
current-current-SME04348-007551,current-SME04348,0.42209499299188036
current-current-SME04349-007552,current-SME04349,0.5996359869448078
current-current-SME04349-007553,current-SME04349,0.772827451766235
current-current-SME04350-007554,current-SME04350,0.5639972431821552
current-current-SME04350-007555,current-SME04350,0.5639972431821552
current-current-SME04350-007556,current-SME04350,0.5294307270651798
current-current-SME04351-007557,current-SME04351,0.7867048201043727
current-current-SME04352-007558,current-SME04352,0.5284053494300988
current-current-SME04353-007559,current-SME04353,0.6866741203369978
current-current-SME04354-007560,current-SME04354,0.6466008223458696
current-current-SME04354-007561,current-SME04354,0.6968226706707822
current-current-SME04354-007562,current-SME04354,0.6808846184690184
current-current-SME04355-007563,current-SME04355,0.5522833234138893
current-current-SME04355-007564,current-SME04355,0.6536675365345085
current-current-SME04356-007565,current-SME04356,0.6224597179860667
current-current-SME04356-007566,current-SME04356,0.6224597179860667
current-current-SME04357-007567,current-SME04357,0.6007093924773452
current-current-SME04357-007568,current-SME04357,0.5725280211625469
current-current-SME04357-007569,current-SME04357,0.37908669354401187
current-current-SME04358-007570,current-SME04358,0.6603033230122788
current-current-SME04358-007571,current-SME04358,0.6603033230122788
current-current-SME04359-007572,current-SME04359,0.5624836842047694
current-current-SME04359-007573,current-SME04359,0.6445668391796215
current-current-SME04359-007574,current-SME04359,0.6501287235016838
current-current-SME04360-007575,current-SME04360,0.8193249014147638
current-current-SME04360-007576,current-SME04360,0.8208657392458006
current-current-SME04360-007577,current-SME04360,0.8207513275032419
current-current-SME04361-007578,current-SME04361,0.7012866541722607
current-current-SME04362-007579,current-SME04362,0.6480311199638726
current-current-SME04362-007580,current-SME04362,0.6133961519950545
current-current-SME04363-007581,current-SME04363,0.5515840620229493
current-current-SME04363-007582,current-SME04363,0.5672094225225632
current-current-SME04363-007583,current-SME04363,0.4873291393048753
current-current-SME04364-007584,current-SME04364,0.34888482509882573
current-current-SME04364-007585,current-SME04364,0.5166493275303934
current-current-SME04365-007586,current-SME04365,0.5877517868679258
current-current-SME04366-007587,current-SME04366,0.33361527075825276
current-current-SME04367-007588,current-SME04367,0.5738840325061165
current-current-SME04368-007589,current-SME04368,0.5742197936770772
current-current-SME04368-007590,current-SME04368,0.5772713525807732
current-current-SME04369-007591,current-SME04369,0.5811031848486491
current-current-SME04369-007592,current-SME04369,0.5853887473431437
current-current-SME04369-007593,current-SME04369,0.5699954376719522
current-current-SME04370-007594,current-SME04370,0.6550680298056754
current-current-SME04370-007595,current-SME04370,0.649011656497995
current-current-SME04370-007596,current-SME04370,0.6589637288419729
current-current-SME04371-007597,current-SME04371,0.5425524320325851
current-current-SME04371-007598,current-SME04371,0.5716091276292474
current-current-SME04372-007599,current-SME04372,0.5396756579266877
current-current-SME04372-007600,current-SME04372,0.6080493355298772
current-current-SME04373-007601,current-SME04373,0.5955779123644273
current-current-SME04374-007602,current-SME04374,0.6797456823041368
current-current-SME04375-007603,current-SME04375,0.5048679893871796
current-current-SME04376-007604,current-SME04376,0.3055776005878143
current-current-SME04376-007605,current-SME04376,0.33788170724921784
current-current-SME04377-007606,current-SME04377,0.5150919770747807
current-current-SME04378-007607,current-SME04378,0.7193046810648448
current-current-SME04378-007608,current-SME04378,0.829335845298361
current-current-SME04379-007609,current-SME04379,0.641768258887849
current-current-SME04380-007610,current-SME04380,0.5494701135721329
current-current-SME04380-007611,current-SME04380,0.5888601081426534
current-current-SME04381-007612,current-SME04381,0.5211607915353852
current-current-SME04381-007613,current-SME04381,0.5007117884046326
current-current-SME04382-007614,current-SME04382,0.5356905674042588
current-current-SME04382-007615,current-SME04382,0.5041172657799121
current-current-SME04383-007616,current-SME04383,0.3804657311869505
current-current-SME04383-007617,current-SME04383,0.646751489432186
current-current-SME04383-007618,current-SME04383,0.6052435735669149
current-current-SME04384-007619,current-SME04384,0.591937282616041
current-current-SME04384-007620,current-SME04384,0.7967781246990848
current-current-SME04385-007621,current-SME04385,0.5866238922337489
current-current-SME04386-007622,current-SME04386,0.5976758187256614
current-current-SME04386-007623,current-SME04386,0.6113951448963326
current-current-SME04387-007624,current-SME04387,0.6394618836705274
current-current-SME04387-007625,current-SME04387,0.7514624095926555
current-current-SME04388-007626,current-SME04388,0.5808346488286648
current-current-SME04388-007627,current-SME04388,0.5719301684187971
current-current-SME04389-007628,current-SME04389,0.7335868425307496
current-current-SME04390-007629,current-SME04390,0.31776532558132164
current-current-SME04391-007630,current-SME04391,0.6590555169808239
current-current-SME04391-007631,current-SME04391,0.48737668006185436
current-current-SME04392-007632,current-SME04392,0.6909078298388622
current-current-SME04393-007633,current-SME04393,0.5281486623456989
current-current-SME04394-007634,current-SME04394,0.25583344555009396
current-current-SME04395-007635,current-SME04395,0.5871106602775092
current-current-SME04396-007636,current-SME04396,0.6677523147004029
current-current-SME04396-007637,current-SME04396,0.668799906634513
current-current-SME04397-007638,current-SME04397,0.7152300170102877
current-current-SME04397-007639,current-SME04397,0.7706795026223687
current-current-SME04398-007640,current-SME04398,0.3277554548986465
current-current-SME04398-007641,current-SME04398,0.6243628096927273
current-current-SME04399-007642,current-SME04399,0.4057416402429172
current-current-SME04400-007643,current-SME04400,0.6154497198227195
current-current-SME04400-007644,current-SME04400,0.4549141480457675
current-current-SME04400-007645,current-SME04400,0.638103982117071
current-current-SME04401-007646,current-SME04401,0.7194105403288843
current-current-SME04402-007647,current-SME04402,0.7527134323401161
current-current-SME04403-007648,current-SME04403,0.679604337694449
current-current-SME04403-007649,current-SME04403,0.6884395280294059
current-current-SME04404-007650,current-SME04404,0.3365697120368266
current-current-SME04405-007651,current-SME04405,0.48763433506293463
current-current-SME04405-007652,current-SME04405,0.6514536943340565
current-current-SME04405-007653,current-SME04405,0.6629485695342064
current-current-SME04406-007654,current-SME04406,0.3183584712075651
current-current-SME04406-007655,current-SME04406,0.3769342207120456
current-current-SME04407-007656,current-SME04407,0.702888599259551
current-current-SME04407-007657,current-SME04407,0.7375235672283692
current-current-SME04407-007658,current-SME04407,0.6985437080781715
current-current-SME04408-007659,current-SME04408,0.5512992451195908
current-current-SME04409-007660,current-SME04409,0.6775420352911373
current-current-SME04409-007661,current-SME04409,0.6390064454130736
current-current-SME04410-007662,current-SME04410,0.42948617385263765
current-current-SME04410-007663,current-SME04410,0.4843697076960929
current-current-SME04411-007664,current-SME04411,0.6514201183307812
current-current-SME04412-007665,current-SME04412,0.42717381180147035
current-current-SME04413-007666,current-SME04413,0.6698933454182661
current-current-SME04413-007667,current-SME04413,0.684292551975853
current-current-SME04414-007668,current-SME04414,0.4779209727549947
current-current-SME04415-007669,current-SME04415,0.42544256310179684
current-current-SME04415-007670,current-SME04415,0.5307707937384851
current-current-SME04415-007671,current-SME04415,0.45592672080330243
current-current-SME04416-007672,current-SME04416,0.3992068877822118
current-current-SME04417-007673,current-SME04417,0.504812599341523
current-current-SME04417-007674,current-SME04417,0.504812599341523
current-current-SME04418-007675,current-SME04418,0.5473063925409872
current-current-SME04418-007676,current-SME04418,0.5979090965005872
current-current-SME04418-007677,current-SME04418,0.5228681271589696
current-current-SME04419-007678,current-SME04419,0.7284964056703328
current-current-SME04420-007679,current-SME04420,0.18812827280966116
current-current-SME04421-007680,current-SME04421,0.41082524566480166
current-current-SME04422-007681,current-SME04422,0.5164516722678547
current-current-SME04422-007682,current-SME04422,0.5249514176602591
current-current-SME04423-007683,current-SME04423,0.5572947423630045
current-current-SME04423-007684,current-SME04423,0.7194611705309809
current-current-SME04424-007685,current-SME04424,0.5820325070281409
current-current-SME04424-007686,current-SME04424,0.7315057560125555
current-current-SME04424-007687,current-SME04424,0.7250193450948333
current-current-SME04425-007688,current-SME04425,0.6041599496236241
current-current-SME04426-007689,current-SME04426,0.6000693585170767
current-current-SME04427-007690,current-SME04427,0.5847126408424023
current-current-SME04427-007691,current-SME04427,0.453842660182166
current-current-SME04428-007692,current-SME04428,0.5144461091222797
current-current-SME04429-007693,current-SME04429,0.45714954209396946
current-current-SME04430-007694,current-SME04430,0.7114232971665739
current-current-SME04430-007695,current-SME04430,0.6992307830919976
current-current-SME04430-007696,current-SME04430,0.7165040266650281
current-current-SME04431-007697,current-SME04431,0.6337580360899793
current-current-SME04432-007698,current-SME04432,0.3074126356158136
current-current-SME04433-007699,current-SME04433,0.3678039964696555
current-current-SME04433-007700,current-SME04433,0.3999084219539899
current-current-SME04434-007701,current-SME04434,0.7604525926952602
current-current-SME04435-007702,current-SME04435,0.3033493524392033
current-current-SME04435-007703,current-SME04435,0.4910616830506379
current-current-SME04436-007704,current-SME04436,0.6382680260885059
current-current-SME04436-007705,current-SME04436,0.605731540663261
current-current-SME04437-007706,current-SME04437,0.41708005111164564
current-current-SME04437-007707,current-SME04437,0.41708005111164564
current-current-SME04438-007708,current-SME04438,0.44676534065925944
current-current-SME04438-007709,current-SME04438,0.43931573081591835
current-current-SME04439-007710,current-SME04439,0.6169792315693603
current-current-SME04439-007711,current-SME04439,0.46497739236529373
current-current-SME04440-007712,current-SME04440,0.7706795026223687
current-current-SME04440-007713,current-SME04440,0.7706795026223687
current-current-SME04441-007714,current-SME04441,0.3264104459034003
current-current-SME04441-007715,current-SME04441,0.42015775638991437
current-current-SME04442-007716,current-SME04442,0.39545445076927366
current-current-SME04443-007717,current-SME04443,0.5975104832519784
current-current-SME04444-007718,current-SME04444,0.6398282792690064
current-current-SME04444-007719,current-SME04444,0.4648983332304194
current-current-SME04445-007720,current-SME04445,0.5797922855113106
current-current-SME04446-007721,current-SME04446,0.5523755401377024
current-current-SME04447-007722,current-SME04447,0.7823016076130429
current-current-SME04448-007723,current-SME04448,0.52241142070743
current-current-SME04449-007724,current-SME04449,0.8148178875988246
current-current-SME04450-007725,current-SME04450,0.5724429540265781
current-current-SME04451-007726,current-SME04451,0.3589819231079388
current-current-SME04452-007727,current-SME04452,0.29703923787007214
current-current-SME04452-007728,current-SME04452,0.4201740699090135
current-current-SME04453-007729,current-SME04453,0.25765262939674805
current-current-SME04454-007730,current-SME04454,0.5240914200326733
current-current-SME04455-007731,current-SME04455,0.8887885349902436
current-current-SME04455-007732,current-SME04455,0.8887885349902436
current-current-SME04456-007733,current-SME04456,0.6901640725060482
current-current-SME04456-007734,current-SME04456,0.5180727328529096
current-current-SME04457-007735,current-SME04457,0.5268104778164266
current-current-SME04458-007736,current-SME04458,0.7037397052707722
current-current-SME04459-007737,current-SME04459,0.7425239551047789
current-current-SME04460-007738,current-SME04460,0.5364077993800278
current-current-SME04461-007739,current-SME04461,0.5907372409199536
current-current-SME04461-007740,current-SME04461,0.5974180774395208
current-current-SME04462-007741,current-SME04462,0.5988515909753109
current-current-SME04462-007742,current-SME04462,0.6100068024207786
current-current-SME04463-007743,current-SME04463,0.5340487696787194
current-current-SME04463-007744,current-SME04463,0.5085650282321003
current-current-SME04464-007745,current-SME04464,0.6357507350055508
current-current-SME04464-007746,current-SME04464,0.5250246756034644
current-current-SME04465-007747,current-SME04465,0.5287939550672446
current-current-SME04465-007748,current-SME04465,0.5598688444451762
current-current-SME04466-007749,current-SME04466,0.6958486999236615
current-current-SME04467-007750,current-SME04467,0.4508136086479201
current-current-SME04468-007751,current-SME04468,0.7101661385954982
current-current-SME04468-007752,current-SME04468,0.7184387159999803
current-current-SME04469-007753,current-SME04469,0.5462192022078772
current-current-SME04470-007754,current-SME04470,0.7303630965483017
current-current-SME04471-007755,current-SME04471,0.5336775845609328
current-current-SME04471-007756,current-SME04471,0.5589442785500304
current-current-SME04471-007757,current-SME04471,0.5718435923616235
current-current-SME04472-007758,current-SME04472,0.5338879872262023
current-current-SME04473-007759,current-SME04473,0.3002250894378352
current-current-SME04473-007760,current-SME04473,0.3958195408328436
current-current-SME04474-007761,current-SME04474,0.4639612853713746
current-current-SME04474-007762,current-SME04474,0.5733229392682411
current-current-SME04474-007763,current-SME04474,0.5820011086199935
current-current-SME04475-007764,current-SME04475,0.7071331121695259
current-current-SME04476-007765,current-SME04476,0.4481665586853969
current-current-SME04477-007766,current-SME04477,0.5191537132075592
current-current-SME04477-007767,current-SME04477,0.6024119740548162
current-current-SME04478-007768,current-SME04478,0.6352674601239691
current-current-SME04479-007769,current-SME04479,0.18529946023749028
current-current-SME04479-007770,current-SME04479,0.19507198993770192
current-current-SME04480-007771,current-SME04480,0.8237371866869934
current-current-SME04481-007772,current-SME04481,0.5655829950483009
current-current-SME04481-007773,current-SME04481,0.5768747920206238
current-current-SME04482-007774,current-SME04482,0.5984634168726974
current-current-SME04482-007775,current-SME04482,0.47470035494986096
current-current-SME04482-007776,current-SME04482,0.6358355852717814
current-current-SME04483-007777,current-SME04483,0.3498109003611639
current-current-SME04483-007778,current-SME04483,0.6043978096259973
current-current-SME04484-007779,current-SME04484,0.46869060043647925
current-current-SME04484-007780,current-SME04484,0.6202418703836677
current-current-SME04485-007781,current-SME04485,0.7896723487781023
current-current-SME04486-007782,current-SME04486,0.5860787182023403
current-current-SME04486-007783,current-SME04486,0.5996805001858041
current-current-SME04486-007784,current-SME04486,0.5750005752723839
current-current-SME04487-007785,current-SME04487,0.6554118138588928
current-current-SME04488-007786,current-SME04488,0.16267970045935912
current-current-SME04489-007787,current-SME04489,0.7295564120024697
current-current-SME04489-007788,current-SME04489,0.7295564120024697
current-current-SME04490-007789,current-SME04490,0.24257623469817247
current-current-SME04491-007790,current-SME04491,0.5812281030326537
current-current-SME04491-007791,current-SME04491,0.6315238142627757
current-current-SME04492-007792,current-SME04492,0.6247732305410512
current-current-SME04493-007793,current-SME04493,0.4116711504874394
current-current-SME04494-007794,current-SME04494,0.46436564602219754
current-current-SME04494-007795,current-SME04494,0.536723227441682
current-current-SME04494-007796,current-SME04494,0.5501086220786661
current-current-SME04495-007797,current-SME04495,0.572793600559607
current-current-SME04496-007798,current-SME04496,0.6246209839793476
current-current-SME04496-007799,current-SME04496,0.6328935613838298
current-current-SME04497-007800,current-SME04497,0.7560789908266659
current-current-SME04497-007801,current-SME04497,0.7560789908266659
current-current-SME04498-007802,current-SME04498,0.5414511203679158
current-current-SME04498-007803,current-SME04498,0.5401423634669352
current-current-SME04499-007804,current-SME04499,0.5861830739090015
current-current-SME04500-007805,current-SME04500,0.5841431092491134
current-current-SME04500-007806,current-SME04500,0.5912404839092301
current-current-SME04501-007807,current-SME04501,0.7908617785745303
current-current-SME04502-007808,current-SME04502,0.4886233853032692
current-current-SME04503-007809,current-SME04503,0.48985344248203977
current-current-SME04503-007810,current-SME04503,0.5039933465565499
current-current-SME04504-007811,current-SME04504,0.4771620485735647
current-current-SME04505-007812,current-SME04505,0.6673277997712286
current-current-SME04506-007813,current-SME04506,0.5702544074540992
current-current-SME04507-007814,current-SME04507,0.3735152494216916
current-current-SME04508-007815,current-SME04508,0.5069225752611375
current-current-SME04508-007816,current-SME04508,0.4688364691538077
current-current-SME04509-007817,current-SME04509,0.768309155119676
current-current-SME04509-007818,current-SME04509,0.7776293244582684
current-current-SME04510-007819,current-SME04510,0.697600887712697
current-current-SME04510-007820,current-SME04510,0.7000213308684573
current-current-SME04511-007821,current-SME04511,0.563167676537288
current-current-SME04512-007822,current-SME04512,0.47733222257254576
current-current-SME04513-007823,current-SME04513,0.6555249876628898
current-current-SME04514-007824,current-SME04514,0.787703239302343
current-current-SME04514-007825,current-SME04514,0.7794306618978608
current-current-SME04515-007826,current-SME04515,0.4715436325377134
current-current-SME04516-007827,current-SME04516,0.4581905075831069
current-current-SME04516-007828,current-SME04516,0.45908602742886273
current-current-SME04517-007829,current-SME04517,0.5669579820188352
current-current-SME04517-007830,current-SME04517,0.4744556862111655
current-current-SME04517-007831,current-SME04517,0.4733432796005002
current-current-SME04518-007832,current-SME04518,0.6032446784660993
current-current-SME04518-007833,current-SME04518,0.5395263863744245
current-current-SME04519-007834,current-SME04519,0.42289903847734495
current-current-SME04520-007835,current-SME04520,0.8333869347634406
current-current-SME04520-007836,current-SME04520,0.8333869347634406
current-current-SME04521-007837,current-SME04521,0.7805641028922152
current-current-SME04521-007838,current-SME04521,0.7810939377025419
current-current-SME04522-007839,current-SME04522,0.6234268795961018
current-current-SME04522-007840,current-SME04522,0.6234268795961018
current-current-SME04523-007841,current-SME04523,0.49305637249006923
current-current-SME04523-007842,current-SME04523,0.35235606281963816
current-current-SME04523-007843,current-SME04523,0.5271228307594026
current-current-SME04524-007844,current-SME04524,0.5018408785903633
current-current-SME04524-007845,current-SME04524,0.5825528300609507
current-current-SME04525-007846,current-SME04525,0.6646131008719488
current-current-SME04525-007847,current-SME04525,0.7025724953792765
current-current-SME04526-007848,current-SME04526,0.8301648695517365
current-current-SME04527-007849,current-SME04527,0.8427008068377754
current-current-SME04528-007850,current-SME04528,0.6115558896351416
current-current-SME04528-007851,current-SME04528,0.7039962861694042
current-current-SME04529-007852,current-SME04529,0.3895568489104785
current-current-SME04529-007853,current-SME04529,0.3460929510430844
current-current-SME04530-007854,current-SME04530,0.4330157600142198
current-current-SME04530-007855,current-SME04530,0.4010003209091168
current-current-SME04531-007856,current-SME04531,0.34031581014059775
current-current-SME04531-007857,current-SME04531,0.5244874528078105
current-current-SME04532-007858,current-SME04532,0.4077901424719091
current-current-SME04532-007859,current-SME04532,0.47956045459788244
current-current-SME04533-007860,current-SME04533,0.735675792021653
current-current-SME04533-007861,current-SME04533,0.7439483694261352
current-current-SME04534-007862,current-SME04534,0.5861610295502552
current-current-SME04534-007863,current-SME04534,0.6617284168020214
current-current-SME04535-007864,current-SME04535,0.5133858610501234
current-current-SME04535-007865,current-SME04535,0.6433074681890535
current-current-SME04536-007866,current-SME04536,0.625239803834537
current-current-SME04536-007867,current-SME04536,0.5969768350408823
current-current-SME04537-007868,current-SME04537,0.67410199754413
current-current-SME04537-007869,current-SME04537,0.778157995092858
current-current-SME04537-007870,current-SME04537,0.8003828840782278
current-current-SME04538-007871,current-SME04538,0.5077371197691037
current-current-SME04539-007872,current-SME04539,0.44553194416656355
current-current-SME04539-007873,current-SME04539,0.7921635002798588
current-current-SME04540-007874,current-SME04540,0.5116225132057842
current-current-SME04541-007875,current-SME04541,0.4855911273794373
current-current-SME04541-007876,current-SME04541,0.6338241706241671
current-current-SME04542-007877,current-SME04542,0.190961462331926
current-current-SME04543-007878,current-SME04543,0.4188129916188828
current-current-SME04543-007879,current-SME04543,0.18602041954997248
current-current-SME04544-007880,current-SME04544,0.5077573356329574
current-current-SME04544-007881,current-SME04544,0.4501190993940375
current-current-SME04545-007882,current-SME04545,0.42526367387601227
current-current-SME04546-007883,current-SME04546,0.6434836052393624
current-current-SME04546-007884,current-SME04546,0.6510476897847746
current-current-SME04547-007885,current-SME04547,0.40096663590629955
current-current-SME04548-007886,current-SME04548,0.5768272244895137
current-current-SME04548-007887,current-SME04548,0.5282574155353195
current-current-SME04549-007888,current-SME04549,0.7014204299403581
current-current-SME04549-007889,current-SME04549,0.7074339223698384
current-current-SME04550-007890,current-SME04550,0.5247631913850669
current-current-SME04550-007891,current-SME04550,0.513128235750531
current-current-SME04551-007892,current-SME04551,0.6380934976881413
current-current-SME04551-007893,current-SME04551,0.6516862921912557
current-current-SME04551-007894,current-SME04551,0.6093006940841599
current-current-SME04552-007895,current-SME04552,0.4867742519142045
current-current-SME04553-007896,current-SME04553,0.6148709183238109
current-current-SME04553-007897,current-SME04553,0.600197545709694
current-current-SME04553-007898,current-SME04553,0.6052074346491615
current-current-SME04554-007899,current-SME04554,0.4631559186550475
current-current-SME04554-007900,current-SME04554,0.5232511071297077
current-current-SME04555-007901,current-SME04555,0.49208369614388364
current-current-SME04555-007902,current-SME04555,0.4696607894631631
current-current-SME04556-007903,current-SME04556,0.5137190108594362
current-current-SME04556-007904,current-SME04556,0.6312821976749983
current-current-SME04557-007905,current-SME04557,0.6018771304819925
current-current-SME04557-007906,current-SME04557,0.7054765901443006
current-current-SME04558-007907,current-SME04558,0.5001010110364347
current-current-SME04558-007908,current-SME04558,0.49335146213651726
current-current-SME04558-007909,current-SME04558,0.6833631036273933
current-current-SME04559-007910,current-SME04559,0.5594711649630353
current-current-SME04560-007911,current-SME04560,0.4039820496242665
current-current-SME04560-007912,current-SME04560,0.4253261266956487
current-current-SME04560-007913,current-SME04560,0.4360448155301867
current-current-SME04561-007914,current-SME04561,0.492069632170896
current-current-SME04562-007915,current-SME04562,0.4665342067924108
current-current-SME04562-007916,current-SME04562,0.45776145160953186
current-current-SME04563-007917,current-SME04563,0.7072126666661809
current-current-SME04564-007918,current-SME04564,0.408012997146328
current-current-SME04564-007919,current-SME04564,0.4411758179863808
current-current-SME04565-007920,current-SME04565,0.5816234837294573
current-current-SME04566-007921,current-SME04566,0.37285062539390296
current-current-SME04567-007922,current-SME04567,0.6472602410615015
current-current-SME04568-007923,current-SME04568,0.5320846245231932
current-current-SME04568-007924,current-SME04568,0.5722353419232563
current-current-SME04569-007925,current-SME04569,0.5779060653737842
current-current-SME04569-007926,current-SME04569,0.4655459127500454
current-current-SME04570-007927,current-SME04570,0.3774325838820719
current-current-SME04571-007928,current-SME04571,0.5157746180536229
current-current-SME04572-007929,current-SME04572,0.48862278870243947
current-current-SME04572-007930,current-SME04572,0.695651506904673
current-current-SME04573-007931,current-SME04573,0.3483106318116805
current-current-SME04573-007932,current-SME04573,0.4699851989826334
current-current-SME04573-007933,current-SME04573,0.48265921657801447
current-current-SME04574-007934,current-SME04574,0.5700317705705179
current-current-SME04575-007935,current-SME04575,0.47187527870927753
current-current-SME04575-007936,current-SME04575,0.5405625780023091
current-current-SME04576-007937,current-SME04576,0.7106587581041083
current-current-SME04576-007938,current-SME04576,0.7106587581041083
current-current-SME04577-007939,current-SME04577,0.3266356212693552
current-current-SME04577-007940,current-SME04577,0.5919815320330732
current-current-SME04578-007941,current-SME04578,0.5904062514730943
current-current-SME04579-007942,current-SME04579,0.4566686034421591
current-current-SME04579-007943,current-SME04579,0.4269529954872074
current-current-SME04579-007944,current-SME04579,0.35584289057801066
current-current-SME04580-007945,current-SME04580,0.6538991088858677
current-current-SME04580-007946,current-SME04580,0.6535977875994144
current-current-SME04581-007947,current-SME04581,0.52770879263202
current-current-SME04581-007948,current-SME04581,0.5234660212935619
current-current-SME04582-007949,current-SME04582,0.6164534185773406
current-current-SME04583-007950,current-SME04583,0.4803525871072073
current-current-SME04584-007951,current-SME04584,0.7261900006884318
current-current-SME04585-007952,current-SME04585,0.6577281320688982
current-current-SME04586-007953,current-SME04586,0.6838534872241995
current-current-SME04587-007954,current-SME04587,0.775445639439025
current-current-SME04587-007955,current-SME04587,0.7724416122924904
current-current-SME04587-007956,current-SME04587,0.7817617816310828
current-current-SME04588-007957,current-SME04588,0.6457674875937773
current-current-SME04588-007958,current-SME04588,0.6723034879754995
current-current-SME04589-007959,current-SME04589,0.6335019080480868
current-current-SME04589-007960,current-SME04589,0.7558453716228842
current-current-SME04590-007961,current-SME04590,0.4793051021070842
current-current-SME04591-007962,current-SME04591,0.6692526023333356
current-current-SME04591-007963,current-SME04591,0.6975155711269904
current-current-SME04591-007964,current-SME04591,0.6692526023333356
current-current-SME04592-007965,current-SME04592,0.410364523699237
current-current-SME04593-007966,current-SME04593,0.5218772803106915
current-current-SME04593-007967,current-SME04593,0.5309224718309398
current-current-SME04594-007968,current-SME04594,0.596112453664694
current-current-SME04594-007969,current-SME04594,0.6687427436189274
current-current-SME04595-007970,current-SME04595,0.5853995445446132
current-current-SME04595-007971,current-SME04595,0.769768712284745
current-current-SME04595-007972,current-SME04595,0.7708163042188552
current-current-SME04596-007973,current-SME04596,0.4796074568197529
current-current-SME04596-007974,current-SME04596,0.6757801728063104
current-current-SME04597-007975,current-SME04597,0.27774844353588163
current-current-SME04597-007976,current-SME04597,0.42804332172558446
current-current-SME04598-007977,current-SME04598,0.5409099186873463
current-current-SME04599-007978,current-SME04599,0.6775117717556718
current-current-SME04600-007979,current-SME04600,0.6619051483358502
current-current-SME04601-007980,current-SME04601,0.4442167689772382
current-current-SME04602-007981,current-SME04602,0.6009139518737394
current-current-SME04602-007982,current-SME04602,0.5910596102937239
current-current-SME04603-007983,current-SME04603,0.2102136776636244
current-current-SME04604-007984,current-SME04604,0.5579941283894875
current-current-SME04604-007985,current-SME04604,0.6131456029016746
current-current-SME04605-007986,current-SME04605,0.6751938228014023
current-current-SME04605-007987,current-SME04605,0.6782453817050983
current-current-SME04606-007988,current-SME04606,0.6352295537867387
current-current-SME04606-007989,current-SME04606,0.6602982692453127
current-current-SME04607-007990,current-SME04607,0.6454595858225295
current-current-SME04607-007991,current-SME04607,0.6454595858225295
current-current-SME04607-007992,current-SME04607,0.6361523538139097
current-current-SME04608-007993,current-SME04608,0.6704206282110391
current-current-SME04609-007994,current-SME04609,0.4824186190089369
current-current-SME04610-007995,current-SME04610,0.4826214697347841
current-current-SME04610-007996,current-SME04610,0.5960149430453785
current-current-SME04611-007997,current-SME04611,0.7913683064166384
current-current-SME04611-007998,current-SME04611,0.6941708376720461
current-current-SME04612-007999,current-SME04612,0.7148010303413199
current-current-SME04612-008000,current-SME04612,0.7198633865817181
current-current-SME04613-008001,current-SME04613,0.6057846781630783
current-current-SME04614-008002,current-SME04614,0.6754376994186811
current-current-SME04614-008003,current-SME04614,0.6759955494862651
current-current-SME04615-008004,current-SME04615,0.5865355752647512
current-current-SME04615-008005,current-SME04615,0.5865355752647512
current-current-SME04616-008006,current-SME04616,0.5825401633452137
current-current-SME04616-008007,current-SME04616,0.657435997292788
current-current-SME04617-008008,current-SME04617,0.646708990820614
current-current-SME04617-008009,current-SME04617,0.6658835017392218
current-current-SME04618-008010,current-SME04618,0.4147333907734549
current-current-SME04619-008011,current-SME04619,0.3178601966364115
current-current-SME04619-008012,current-SME04619,0.5949964065526128
current-current-SME04620-008013,current-SME04620,0.7495666650478575
current-current-SME04621-008014,current-SME04621,0.3459683163442079
current-current-SME04621-008015,current-SME04621,0.5236328226865089
current-current-SME04622-008016,current-SME04622,0.3961208239530876
current-current-SME04623-008017,current-SME04623,0.36431137008926956
current-current-SME04624-008018,current-SME04624,0.5582722735113043
current-current-SME04624-008019,current-SME04624,0.6468384485580274
current-current-SME04625-008020,current-SME04625,0.6394413628167065
current-current-SME04626-008021,current-SME04626,0.46280392681017957
current-current-SME04626-008022,current-SME04626,0.49477839625982145
current-current-SME04627-008023,current-SME04627,0.2512419628743577
current-current-SME04628-008024,current-SME04628,0.4555415887191111
current-current-SME04628-008025,current-SME04628,0.6860218808630154
current-current-SME04629-008026,current-SME04629,0.5499309020451879
current-current-SME04630-008027,current-SME04630,0.5389794554007731
current-current-SME04631-008028,current-SME04631,0.4660385692078021
current-current-SME04632-008029,current-SME04632,0.7224221014435273
current-current-SME04632-008030,current-SME04632,0.7224221014435273
current-current-SME04633-008031,current-SME04633,0.28509368866054013
current-current-SME04633-008032,current-SME04633,0.22829032477439
current-current-SME04633-008033,current-SME04633,0.3832195067362158
current-current-SME04634-008034,current-SME04634,0.4958906451938645
current-current-SME04635-008035,current-SME04635,0.5832494825455385
current-current-SME04635-008036,current-SME04635,0.5818120271532312
current-current-SME04636-008037,current-SME04636,0.4268486558244465
current-current-SME04637-008038,current-SME04637,0.5681328831037996
current-current-SME04637-008039,current-SME04637,0.6059974810707318
current-current-SME04638-008040,current-SME04638,0.6021739970432418
current-current-SME04638-008041,current-SME04638,0.5893156283166917
current-current-SME04638-008042,current-SME04638,0.3045137494759713
current-current-SME04639-008043,current-SME04639,0.6836677872541984
current-current-SME04639-008044,current-SME04639,0.7131528903041181
current-current-SME04640-008045,current-SME04640,0.6081905558711183
current-current-SME04640-008046,current-SME04640,0.5896465158456172
current-current-SME04641-008047,current-SME04641,0.5855485201654759
current-current-SME04641-008048,current-SME04641,0.701283393568805
current-current-SME04641-008049,current-SME04641,0.3554211019941178
current-current-SME04642-008050,current-SME04642,0.784562401095959
current-current-SME04642-008051,current-SME04642,0.8320519209833509
current-current-SME04643-008052,current-SME04643,0.6396721453165154
current-current-SME04643-008053,current-SME04643,0.4685537930692342
current-current-SME04644-008054,current-SME04644,0.37844386631226035
current-current-SME04644-008055,current-SME04644,0.5640853503900668
current-current-SME04645-008056,current-SME04645,0.6475261753662939
current-current-SME04645-008057,current-SME04645,0.4668274830211897
current-current-SME04646-008058,current-SME04646,0.666890686153876
current-current-SME04647-008059,current-SME04647,0.6516910541411445
current-current-SME04648-008060,current-SME04648,0.6942628845968672
current-current-SME04649-008061,current-SME04649,0.49169825055276106
current-current-SME04649-008062,current-SME04649,0.5882724131333383
current-current-SME04649-008063,current-SME04649,0.5577346195444904
current-current-SME04650-008064,current-SME04650,0.46178234496755866
current-current-SME04650-008065,current-SME04650,0.27042353753532455
current-current-SME04651-008066,current-SME04651,0.4334808225009642
current-current-SME04652-008067,current-SME04652,0.38291041579561486
current-current-SME04652-008068,current-SME04652,0.46122377096955874
current-current-SME04653-008069,current-SME04653,0.40331674515193866
current-current-SME04653-008070,current-SME04653,0.4373216333633353
current-current-SME04654-008071,current-SME04654,0.650091216536387
current-current-SME04654-008072,current-SME04654,0.37170410807018045
current-current-SME04655-008073,current-SME04655,0.6797895946761557
current-current-SME04655-008074,current-SME04655,0.6797895946761557
current-current-SME04655-008075,current-SME04655,0.39635711506003396
current-current-SME04656-008076,current-SME04656,0.4161371644672663
current-current-SME04657-008077,current-SME04657,0.27062908623337945
current-current-SME04657-008078,current-SME04657,0.5094570353975595
current-current-SME04658-008079,current-SME04658,0.5763165766947294
current-current-SME04658-008080,current-SME04658,0.6298268551647788
current-current-SME04659-008081,current-SME04659,0.4139257375265507
current-current-SME04659-008082,current-SME04659,0.7314359585252963
current-current-SME04660-008083,current-SME04660,0.23680715961385906
current-current-SME04661-008084,current-SME04661,0.7369388196420722
current-current-SME04662-008085,current-SME04662,0.6288765908041187
current-current-SME04662-008086,current-SME04662,0.6723977089512836
current-current-SME04663-008087,current-SME04663,0.6817713133467936
current-current-SME04664-008088,current-SME04664,0.4533238452029925
current-current-SME04665-008089,current-SME04665,0.8035285681901257
current-current-SME04665-008090,current-SME04665,0.8035285681901257
current-current-SME04666-008091,current-SME04666,0.6321231003396609
current-current-SME04666-008092,current-SME04666,0.6321231003396609
current-current-SME04667-008093,current-SME04667,0.46682432533817997
current-current-SME04667-008094,current-SME04667,0.49659028585200515
current-current-SME04668-008095,current-SME04668,0.6700326110586455
current-current-SME04669-008096,current-SME04669,0.478222358900584
current-current-SME04669-008097,current-SME04669,0.5992530195046166
current-current-SME04670-008098,current-SME04670,0.6235741330090108
current-current-SME04670-008099,current-SME04670,0.6799339312179942
current-current-SME04671-008100,current-SME04671,0.35005062032988843
current-current-SME04671-008101,current-SME04671,0.3087343063387749
current-current-SME04672-008102,current-SME04672,0.657718937783864
current-current-SME04673-008103,current-SME04673,0.5958081680306626
current-current-SME04674-008104,current-SME04674,0.8116187466872983
current-current-SME04675-008105,current-SME04675,0.3764756866268415
current-current-SME04676-008106,current-SME04676,0.4154110135040956
current-current-SME04676-008107,current-SME04676,0.3330674334866216
current-current-SME04676-008108,current-SME04676,0.32509043989988257
current-current-SME04677-008109,current-SME04677,0.5776301210104344
current-current-SME04677-008110,current-SME04677,0.5969380089704263
current-current-SME04678-008111,current-SME04678,0.507769461579485
current-current-SME04678-008112,current-SME04678,0.465611788836558
current-current-SME04679-008113,current-SME04679,0.7251028343589491
current-current-SME04680-008114,current-SME04680,0.3031269861771521
current-current-SME04681-008115,current-SME04681,0.7198020345810318
current-current-SME04681-008116,current-SME04681,0.7243468995586032
current-current-SME04682-008117,current-SME04682,0.33244786699736395
current-current-SME04683-008118,current-SME04683,0.3323636995501642
current-current-SME04683-008119,current-SME04683,0.643202297317068
current-current-SME04684-008120,current-SME04684,0.7112173622627221
current-current-SME04684-008121,current-SME04684,0.8731133579051717
current-current-SME04685-008122,current-SME04685,0.5503708200976497
current-current-SME04686-008123,current-SME04686,0.52347631908224
current-current-SME04686-008124,current-SME04686,0.4822820109259664
current-current-SME04687-008125,current-SME04687,0.4825449822738526
current-current-SME04687-008126,current-SME04687,0.45061032281341695
current-current-SME04687-008127,current-SME04687,0.4267556584930025
current-current-SME04688-008128,current-SME04688,0.4389117945004483
current-current-SME04688-008129,current-SME04688,0.6550219069596152
current-current-SME04688-008130,current-SME04688,0.5960681954663706
current-current-SME04689-008131,current-SME04689,0.6518368684971706
current-current-SME04690-008132,current-SME04690,0.4744354975097904
current-current-SME04691-008133,current-SME04691,0.5835193201791442
current-current-SME04691-008134,current-SME04691,0.5309400631055434
current-current-SME04692-008135,current-SME04692,0.5017385844087463
current-current-SME04693-008136,current-SME04693,0.6909078298388622
current-current-SME04693-008137,current-SME04693,0.6923452852311696
current-current-SME04693-008138,current-SME04693,0.6933928771652798
current-current-SME04694-008139,current-SME04694,0.5615063743693006
current-current-SME04694-008140,current-SME04694,0.5827010985321911
current-current-SME04695-008141,current-SME04695,0.40287358260502243
current-current-SME04695-008142,current-SME04695,0.19732379595009852
current-current-SME04695-008143,current-SME04695,0.35875792417030744
current-current-SME04696-008144,current-SME04696,0.5647603202545343
current-current-SME04696-008145,current-SME04696,0.6507112030095907
current-current-SME04697-008146,current-SME04697,0.48915980127625835
current-current-SME04697-008147,current-SME04697,0.5189288114596048
current-current-SME04698-008148,current-SME04698,0.45645521052897386
current-current-SME04698-008149,current-SME04698,0.3636437095220377
current-current-SME04699-008150,current-SME04699,0.6915455289418502
current-current-SME04700-008151,current-SME04700,0.431415725984895
current-current-SME04700-008152,current-SME04700,0.44573023924139027
current-current-SME04701-008153,current-SME04701,0.20129389164288264
current-current-SME04701-008154,current-SME04701,0.2744727848294958
current-current-SME04702-008155,current-SME04702,0.5996215981157388
current-current-SME04703-008156,current-SME04703,0.5264063516844849
current-current-SME04703-008157,current-SME04703,0.48499492592527954
current-current-SME04704-008158,current-SME04704,0.5881936444001029
current-current-SME04704-008159,current-SME04704,0.5795689226381998
current-current-SME04704-008160,current-SME04704,0.5483401104702078
current-current-SME04705-008161,current-SME04705,0.7039712165481525
current-current-SME04706-008162,current-SME04706,0.5272211470144861
current-current-SME04706-008163,current-SME04706,0.48576089821723406
current-current-SME04707-008164,current-SME04707,0.1233592178760477
current-current-SME04707-008165,current-SME04707,0.15249623834095644
current-current-SME04708-008166,current-SME04708,0.3638393854372881
current-current-SME04708-008167,current-SME04708,0.59604282534735
current-current-SME04708-008168,current-SME04708,0.5751935456788982
current-current-SME04709-008169,current-SME04709,0.5182110993941563
current-current-SME04710-008170,current-SME04710,0.44895737054894297
current-current-SME04710-008171,current-SME04710,0.4519182946272766
current-current-SME04711-008172,current-SME04711,0.6064201752793371
current-current-SME04712-008173,current-SME04712,0.489451563751301
current-current-SME04712-008174,current-SME04712,0.5495245184533494
current-current-SME04713-008175,current-SME04713,0.5965961102789566
current-current-SME04714-008176,current-SME04714,0.29167338862789555
current-current-SME04715-008177,current-SME04715,0.5800111827380297
current-current-SME04716-008178,current-SME04716,0.5548490363116467
current-current-SME04716-008179,current-SME04716,0.5993505789284425
current-current-SME04717-008180,current-SME04717,0.40568184322101225
current-current-SME04717-008181,current-SME04717,0.6058856062752915
current-current-SME04717-008182,current-SME04717,0.5920578297000002
current-current-SME04718-008183,current-SME04718,0.592359007333303
current-current-SME04718-008184,current-SME04718,0.7115310446659646
current-current-SME04718-008185,current-SME04718,0.7153789299287632
current-current-SME04719-008186,current-SME04719,0.3693778786864532
current-current-SME04719-008187,current-SME04719,0.5059239437257808
current-current-SME04720-008188,current-SME04720,0.7135162139895015
current-current-SME04720-008189,current-SME04720,0.7135162139895015
current-current-SME04721-008190,current-SME04721,0.2460320420710732
current-current-SME04721-008191,current-SME04721,0.36380241087460785
current-current-SME04721-008192,current-SME04721,0.505994715818507
current-current-SME04722-008193,current-SME04722,0.5362877716124039
current-current-SME04723-008194,current-SME04723,0.505987290228685
current-current-SME04723-008195,current-SME04723,0.5915840719429599
current-current-SME04724-008196,current-SME04724,0.6028224805698761
current-current-SME04724-008197,current-SME04724,0.6894432030699652
current-current-SME04724-008198,current-SME04724,0.6794526574963454
current-current-SME04725-008199,current-SME04725,0.5883187885515355
current-current-SME04725-008200,current-SME04725,0.5994525703015868
current-current-SME04726-008201,current-SME04726,0.49266736758257035
current-current-SME04727-008202,current-SME04727,0.5414543493699238
current-current-SME04728-008203,current-SME04728,0.6981619791051153
current-current-SME04728-008204,current-SME04728,0.6981619791051153
current-current-SME04728-008205,current-SME04728,0.44384620332444463
current-current-SME04729-008206,current-SME04729,0.6970743521120304
current-current-SME04729-008207,current-SME04729,0.6498732650293922
current-current-SME04730-008208,current-SME04730,0.1807428669509511
current-current-SME04730-008209,current-SME04730,0.1616078668273141
current-current-SME04730-008210,current-SME04730,0.11263789557868549
current-current-SME04731-008211,current-SME04731,0.5935155454660759
current-current-SME04731-008212,current-SME04731,0.6603009269089095
current-current-SME04732-008213,current-SME04732,0.40545615738629415
current-current-SME04733-008214,current-SME04733,0.02900066476229119
current-current-SME04733-008215,current-SME04733,0.08795504533289449
current-current-SME04734-008216,current-SME04734,0.634518513892468
current-current-SME04735-008217,current-SME04735,0.6536969681842053
current-current-SME04736-008218,current-SME04736,0.4328820547825318
current-current-SME04736-008219,current-SME04736,0.3564548478107877
current-current-SME04737-008220,current-SME04737,0.578725394354507
current-current-SME04737-008221,current-SME04737,0.599761767695546
current-current-SME04737-008222,current-SME04737,0.6304927446200304
current-current-SME04738-008223,current-SME04738,0.6958940037489543
current-current-SME04739-008224,current-SME04739,0.4659245699477327
current-current-SME04739-008225,current-SME04739,0.607750538298507
current-current-SME04739-008226,current-SME04739,0.5975092417546509
current-current-SME04740-008227,current-SME04740,0.5564166059787509
current-current-SME04740-008228,current-SME04740,0.7003620873800771
current-current-SME04741-008229,current-SME04741,0.8742686227191119
current-current-SME04741-008230,current-SME04741,0.8732320102004721
current-current-SME04741-008231,current-SME04741,0.8753162146532221
current-current-SME04742-008232,current-SME04742,0.22940102498750722
current-current-SME04742-008233,current-SME04742,0.4618556976832331
current-current-SME04743-008234,current-SME04743,0.527653374362081
current-current-SME04743-008235,current-SME04743,0.547211473651359
current-current-SME04743-008236,current-SME04743,0.5434637584310036
current-current-SME04744-008237,current-SME04744,0.3500659182130529
current-current-SME04744-008238,current-SME04744,0.4046529490177986
current-current-SME04745-008239,current-SME04745,0.48422717380474034
current-current-SME04746-008240,current-SME04746,0.690064331565427
current-current-SME04746-008241,current-SME04746,0.690064331565427
current-current-SME04747-008242,current-SME04747,0.7478480779151063
current-current-SME04748-008243,current-SME04748,0.7588457913499099
current-current-SME04748-008244,current-SME04748,0.7588457913499099
current-current-SME04749-008245,current-SME04749,0.5688564943420258
current-current-SME04749-008246,current-SME04749,0.6433250659240677
current-current-SME04749-008247,current-SME04749,0.6390356821277535
current-current-SME04750-008248,current-SME04750,0.6163728509797755
current-current-SME04750-008249,current-SME04750,0.6163728509797755
current-current-SME04751-008250,current-SME04751,0.5744862727851665
current-current-SME04752-008251,current-SME04752,0.4398764657908224
current-current-SME04752-008252,current-SME04752,0.4888098557565889
current-current-SME04752-008253,current-SME04752,0.5428596156135469
current-current-SME04753-008254,current-SME04753,0.6477502244499656
current-current-SME04754-008255,current-SME04754,0.37764165359573804
current-current-SME04755-008256,current-SME04755,0.6000744019388662
current-current-SME04756-008257,current-SME04756,0.4942115813864322
current-current-SME04756-008258,current-SME04756,0.46791524351225827
current-current-SME04756-008259,current-SME04756,0.4511818249384651
current-current-SME04757-008260,current-SME04757,0.6436375258488963
current-current-SME04758-008261,current-SME04758,0.6672767845529378
current-current-SME04758-008262,current-SME04758,0.6672767845529378
current-current-SME04759-008263,current-SME04759,0.5648912079764156
current-current-SME04759-008264,current-SME04759,0.579897699448102
current-current-SME04760-008265,current-SME04760,0.6038052316748794
current-current-SME04760-008266,current-SME04760,0.6038052316748794
current-current-SME04761-008267,current-SME04761,0.7361193184280611
current-current-SME04762-008268,current-SME04762,0.6224165631046601
current-current-SME04762-008269,current-SME04762,0.7369562242457631
current-current-SME04762-008270,current-SME04762,0.7082373230916107
current-current-SME04763-008271,current-SME04763,0.6751421118620542
current-current-SME04764-008272,current-SME04764,0.7255523015854438
current-current-SME04764-008273,current-SME04764,0.7391450960885583
current-current-SME04764-008274,current-SME04764,0.7062142395436967
current-current-SME04765-008275,current-SME04765,0.8544595665909054
current-current-SME04765-008276,current-SME04765,0.8544595665909054
current-current-SME04765-008277,current-SME04765,0.5877883381307308
current-current-SME04766-008278,current-SME04766,0.3668802821946466
current-current-SME04767-008279,current-SME04767,0.612284470759287
current-current-SME04768-008280,current-SME04768,0.27673864577145313
current-current-SME04769-008281,current-SME04769,0.2606835586497195
current-current-SME04769-008282,current-SME04769,0.5073179166992263
current-current-SME04770-008283,current-SME04770,0.5413484725745946
current-current-SME04770-008284,current-SME04770,0.40871443730522666
current-current-SME04771-008285,current-SME04771,0.52997702972076
current-current-SME04771-008286,current-SME04771,0.5559812481895843
current-current-SME04771-008287,current-SME04771,0.5225076567800631
current-current-SME04772-008288,current-SME04772,0.6779620677498968
current-current-SME04772-008289,current-SME04772,0.4860176304170061
current-current-SME04772-008290,current-SME04772,0.6855731505336347
current-current-SME04773-008291,current-SME04773,0.5514637682870261
current-current-SME04773-008292,current-SME04773,0.6386278437121748
current-current-SME04774-008293,current-SME04774,0.5439554118691278
current-current-SME04774-008294,current-SME04774,0.5334461325897184
current-current-SME04774-008295,current-SME04774,0.5388525283236886
current-current-SME04775-008296,current-SME04775,0.689480115665805
current-current-SME04775-008297,current-SME04775,0.6079821525035362
current-current-SME04776-008298,current-SME04776,0.3115906127143428
current-current-SME04777-008299,current-SME04777,0.6068995416167238
current-current-SME04778-008300,current-SME04778,0.6566980672640969
current-current-SME04779-008301,current-SME04779,0.5333184251156954
current-current-SME04780-008302,current-SME04780,0.6994085237295293
current-current-SME04780-008303,current-SME04780,0.6994085237295293
current-current-SME04781-008304,current-SME04781,0.5453818824136002
current-current-SME04781-008305,current-SME04781,0.5642620397871572
current-current-SME04781-008306,current-SME04781,0.5713376964171005
current-current-SME04782-008307,current-SME04782,0.6502491163039742
current-current-SME04782-008308,current-SME04782,0.47372497745734
current-current-SME04783-008309,current-SME04783,0.6615108055259606
current-current-SME04783-008310,current-SME04783,0.7049945556578902
current-current-SME04784-008311,current-SME04784,0.6030103900081368
current-current-SME04784-008312,current-SME04784,0.561236224190224
current-current-SME04785-008313,current-SME04785,0.535150174659683
current-current-SME04785-008314,current-SME04785,0.4978212982115864
current-current-SME04785-008315,current-SME04785,0.5017169972478837
current-current-SME04786-008316,current-SME04786,0.5469906064756778
current-current-SME04787-008317,current-SME04787,0.4076080577663871
current-current-SME04787-008318,current-SME04787,0.3896553397468254
current-current-SME04788-008319,current-SME04788,0.6763558984448923
current-current-SME04788-008320,current-SME04788,0.7470033116603291
current-current-SME04788-008321,current-SME04788,0.7406528101682791
current-current-SME04789-008322,current-SME04789,0.7540195294696398
current-current-SME04789-008323,current-SME04789,0.7404267349665253
current-current-SME04789-008324,current-SME04789,0.753905117727081
current-current-SME04790-008325,current-SME04790,0.32973185000647914
current-current-SME04790-008326,current-SME04790,0.42136271345491877
current-current-SME04791-008327,current-SME04791,0.6034620405768473
current-current-SME04791-008328,current-SME04791,0.6237560621048207
current-current-SME04791-008329,current-SME04791,0.691109725666053
current-current-SME04792-008330,current-SME04792,0.5669975807930813
current-current-SME04792-008331,current-SME04792,0.6059025803513788
current-current-SME04792-008332,current-SME04792,0.6704217166133251
current-current-SME04793-008333,current-SME04793,0.5692546252634753
current-current-SME04793-008334,current-SME04793,0.5131380388078738
current-current-SME04794-008335,current-SME04794,0.6784018399302824
current-current-SME04795-008336,current-SME04795,0.4885030750474031
current-current-SME04796-008337,current-SME04796,0.7354972326970516
current-current-SME04797-008338,current-SME04797,0.6827845049657159
current-current-SME04798-008339,current-SME04798,0.4028432789575121
current-current-SME04798-008340,current-SME04798,0.5879050826412243
current-current-SME04799-008341,current-SME04799,0.6284388308388318
current-current-SME04799-008342,current-SME04799,0.7257211765121929
current-current-SME04800-008343,current-SME04800,0.3802747381412174
current-current-SME04800-008344,current-SME04800,0.43332502503554554
current-current-SME04801-008345,current-SME04801,0.3236991508298251
current-current-SME04801-008346,current-SME04801,0.3236991508298251
current-current-SME04802-008347,current-SME04802,0.37600761932166543
current-current-SME04803-008348,current-SME04803,0.5554386370135437
current-current-SME04804-008349,current-SME04804,0.5704377350272397
current-current-SME04804-008350,current-SME04804,0.533023111808077
current-current-SME04804-008351,current-SME04804,0.5254870167047264
current-current-SME04805-008352,current-SME04805,0.5656665606993132
current-current-SME04805-008353,current-SME04805,0.5644001365466053
current-current-SME04806-008354,current-SME04806,0.6551084530489028
current-current-SME04807-008355,current-SME04807,0.4223180878377289
current-current-SME04808-008356,current-SME04808,0.6684572670880751
current-current-SME04809-008357,current-SME04809,0.33904906730994194
current-current-SME04809-008358,current-SME04809,0.25283254502610764
current-current-SME04810-008359,current-SME04810,0.3747178293432346
current-current-SME04811-008360,current-SME04811,0.5009573077403591
current-current-SME04811-008361,current-SME04811,0.43375853685684185
current-current-SME04812-008362,current-SME04812,0.5305526202875336
current-current-SME04813-008363,current-SME04813,0.6529329547518551
current-current-SME04813-008364,current-SME04813,0.6739778525737358
current-current-SME04814-008365,current-SME04814,0.5705957543562349
current-current-SME04814-008366,current-SME04814,0.6900387614411577
current-current-SME04815-008367,current-SME04815,0.712431930704395
current-current-SME04816-008368,current-SME04816,0.6193706450090903
current-current-SME04817-008369,current-SME04817,0.7548605198292914
current-current-SME04817-008370,current-SME04817,0.7601936742578962
current-current-SME04818-008371,current-SME04818,0.6741267436643313
current-current-SME04818-008372,current-SME04818,0.6741267436643313
current-current-SME04819-008373,current-SME04819,0.4917101699527334
current-current-SME04820-008374,current-SME04820,0.723555134656424
current-current-SME04820-008375,current-SME04820,0.723555134656424
current-current-SME04821-008376,current-SME04821,0.5373792511910266
current-current-SME04821-008377,current-SME04821,0.5607486459318974
current-current-SME04822-008378,current-SME04822,0.5908847459672573
current-current-SME04823-008379,current-SME04823,0.41845433452801495
current-current-SME04823-008380,current-SME04823,0.3585050921547813
current-current-SME04824-008381,current-SME04824,0.5218932855643076
current-current-SME04825-008382,current-SME04825,0.7598118213301793
current-current-SME04825-008383,current-SME04825,0.764097383824674
current-current-SME04825-008384,current-SME04825,0.764097383824674
current-current-SME04826-008385,current-SME04826,0.35400747044243014
current-current-SME04826-008386,current-SME04826,0.39205656162671715
current-current-SME04827-008387,current-SME04827,0.4308305516616468
current-current-SME04827-008388,current-SME04827,0.39739781403207775
current-current-SME04827-008389,current-SME04827,0.3793603733324895
current-current-SME04828-008390,current-SME04828,0.4935302432173774
current-current-SME04828-008391,current-SME04828,0.5563230471156947
current-current-SME04829-008392,current-SME04829,0.5436545716711231
current-current-SME04830-008393,current-SME04830,0.406146612101368
current-current-SME04830-008394,current-SME04830,0.46718898187215485
current-current-SME04830-008395,current-SME04830,0.49996521475389216
current-current-SME04831-008396,current-SME04831,0.8854201911629996
current-current-SME04832-008397,current-SME04832,0.5830680773615271
current-current-SME04833-008398,current-SME04833,0.5361961571250327
current-current-SME04834-008399,current-SME04834,0.7449636258492022
current-current-SME04834-008400,current-SME04834,0.7405156800031568
current-current-SME04835-008401,current-SME04835,0.40549942783124704
current-current-SME04835-008402,current-SME04835,0.426656330784147
current-current-SME04836-008403,current-SME04836,0.41541320867808607
current-current-SME04836-008404,current-SME04836,0.5367302209208955
current-current-SME04837-008405,current-SME04837,0.6831134557610237
current-current-SME04837-008406,current-SME04837,0.692433625099616
current-current-SME04838-008407,current-SME04838,0.6473475975036812
current-current-SME04838-008408,current-SME04838,0.6659999989881836
current-current-SME04838-008409,current-SME04838,0.5815161890778813
current-current-SME04839-008410,current-SME04839,0.5664162785970279
current-current-SME04839-008411,current-SME04839,0.6328458311971523
current-current-SME04839-008412,current-SME04839,0.511903283239443
current-current-SME04840-008413,current-SME04840,0.41510756692016465
current-current-SME04840-008414,current-SME04840,0.4801405648269877
current-current-SME04841-008415,current-SME04841,0.7554421732850366
current-current-SME04842-008416,current-SME04842,0.3394559745757604
current-current-SME04843-008417,current-SME04843,0.752846768592784
current-current-SME04844-008418,current-SME04844,0.5842009199145394
current-current-SME04845-008419,current-SME04845,0.4449152040697784
current-current-SME04845-008420,current-SME04845,0.4008449917760777
current-current-SME04846-008421,current-SME04846,0.5899537385180177
current-current-SME04846-008422,current-SME04846,0.4109451043286298
current-current-SME04846-008423,current-SME04846,0.5576602671401818
current-current-SME04847-008424,current-SME04847,0.1843629919107637
current-current-SME04848-008425,current-SME04848,0.776944710833002
current-current-SME04849-008426,current-SME04849,0.6168584227224463
current-current-SME04849-008427,current-SME04849,0.5911415192842583
current-current-SME04850-008428,current-SME04850,0.5371461452459366
current-current-SME04850-008429,current-SME04850,0.5340945863422406
current-current-SME04850-008430,current-SME04850,0.46107001206508597
current-current-SME04851-008431,current-SME04851,0.6140403839744362
current-current-SME04851-008432,current-SME04851,0.625332180946759
current-current-SME04852-008433,current-SME04852,0.5711257739748211
current-current-SME04852-008434,current-SME04852,0.5630949817868819
current-current-SME04853-008435,current-SME04853,0.4251424434520532
current-current-SME04853-008436,current-SME04853,0.40611179648382606
current-current-SME04854-008437,current-SME04854,0.5636023745061286
current-current-SME04854-008438,current-SME04854,0.5940195043930911
current-current-SME04854-008439,current-SME04854,0.5950037536699406
current-current-SME04855-008440,current-SME04855,0.7539536223241466
current-current-SME04856-008441,current-SME04856,0.10558397571044754
current-current-SME04857-008442,current-SME04857,0.7711868980096923
current-current-SME04857-008443,current-SME04857,0.7728836558850765
current-current-SME04857-008444,current-SME04857,0.7728836558850765
current-current-SME04858-008445,current-SME04858,0.5131918640442155
current-current-SME04859-008446,current-SME04859,0.5620745028291191
current-current-SME04859-008447,current-SME04859,0.47986974062929016
current-current-SME04860-008448,current-SME04860,0.38222217703542
current-current-SME04860-008449,current-SME04860,0.4445380681024732
current-current-SME04861-008450,current-SME04861,0.48095218703330306
current-current-SME04861-008451,current-SME04861,0.5125023494927178
current-current-SME04862-008452,current-SME04862,0.3723982268469
current-current-SME04863-008453,current-SME04863,0.39894978639921314
current-current-SME04864-008454,current-SME04864,0.5861732203262707
current-current-SME04865-008455,current-SME04865,0.6626044435704308
current-current-SME04865-008456,current-SME04865,0.6597563364682435
current-current-SME04866-008457,current-SME04866,0.6559483120103683
current-current-SME04866-008458,current-SME04866,0.6559483120103683
current-current-SME04867-008459,current-SME04867,0.4152211211208538
current-current-SME04868-008460,current-SME04868,0.5566207911635852
current-current-SME04868-008461,current-SME04868,0.6204365880909528
current-current-SME04869-008462,current-SME04869,0.4468888112533511
current-current-SME04869-008463,current-SME04869,0.4320134073477763
current-current-SME04870-008464,current-SME04870,0.4173167194895066
current-current-SME04871-008465,current-SME04871,0.5526162666979959
current-current-SME04871-008466,current-SME04871,0.6054528393572942
current-current-SME04872-008467,current-SME04872,0.5349389658876952
current-current-SME04872-008468,current-SME04872,0.588608475102759
current-current-SME04873-008469,current-SME04873,0.6961763204559075
current-current-SME04873-008470,current-SME04873,0.6933282133537202
current-current-SME04874-008471,current-SME04874,0.3761999001040492
current-current-SME04874-008472,current-SME04874,0.3855821507259076
current-current-SME04875-008473,current-SME04875,0.6536635757822914
current-current-SME04876-008474,current-SME04876,0.41691973458271464
current-current-SME04876-008475,current-SME04876,0.5444312355842928
current-current-SME04877-008476,current-SME04877,0.3621982692205206
current-current-SME04877-008477,current-SME04877,0.6068527458462606
current-current-SME04878-008478,current-SME04878,0.32495597467378806
current-current-SME04878-008479,current-SME04878,0.5002722000722212
current-current-SME04879-008480,current-SME04879,0.659611068303207
current-current-SME04880-008481,current-SME04880,0.5325951463167851
current-current-SME04880-008482,current-SME04880,0.5921660432823931
current-current-SME04880-008483,current-SME04880,0.6276358276069036
current-current-SME04881-008484,current-SME04881,0.5250010428138231
current-current-SME04882-008485,current-SME04882,0.636570400169733
current-current-SME04882-008486,current-SME04882,0.636570400169733
current-current-SME04883-008487,current-SME04883,0.45803169209247324
current-current-SME04884-008488,current-SME04884,0.43033193004925135
current-current-SME04884-008489,current-SME04884,0.5274332655370918
current-current-SME04885-008490,current-SME04885,0.6723895233706336
current-current-SME04885-008491,current-SME04885,0.6423260394089018
current-current-SME04886-008492,current-SME04886,0.661474052463742
current-current-SME04887-008493,current-SME04887,0.38284322792627784
current-current-SME04888-008494,current-SME04888,0.42102225174959806
current-current-SME04888-008495,current-SME04888,0.4428764165555985
current-current-SME04889-008496,current-SME04889,0.6006425549696913
current-current-SME04890-008497,current-SME04890,0.33202355513256215
current-current-SME04890-008498,current-SME04890,0.32917544803037485
current-current-SME04890-008499,current-SME04890,0.33022303996448515
current-current-SME04891-008500,current-SME04891,0.4548865017946534
current-current-SME04891-008501,current-SME04891,0.41618023382677194
current-current-SME04891-008502,current-SME04891,0.4721782911947344
current-current-SME04892-008503,current-SME04892,0.5786000369800373
current-current-SME04893-008504,current-SME04893,0.6894261085519808
current-current-SME04894-008505,current-SME04894,0.6213126430541005
current-current-SME04894-008506,current-SME04894,0.6849049917929642
current-current-SME04895-008507,current-SME04895,0.597775632011799
current-current-SME04896-008508,current-SME04896,0.5551853869075571
current-current-SME04896-008509,current-SME04896,0.6402482103700875
current-current-SME04897-008510,current-SME04897,0.6739171394523762
current-current-SME04897-008511,current-SME04897,0.6739171394523762
current-current-SME04898-008512,current-SME04898,0.5426820431147751
current-current-SME04898-008513,current-SME04898,0.5999890067957802
current-current-SME04899-008514,current-SME04899,0.49832793833272276
current-current-SME04899-008515,current-SME04899,0.6178420864729782
current-current-SME04899-008516,current-SME04899,0.6896327608041581
current-current-SME04900-008517,current-SME04900,0.4247138560548675
current-current-SME04901-008518,current-SME04901,0.226202478263619
current-current-SME04902-008519,current-SME04902,0.5430010443330315
current-current-SME04902-008520,current-SME04902,0.5885531503929027
current-current-SME04902-008521,current-SME04902,0.6200296514466699
current-current-SME04903-008522,current-SME04903,0.6328674654061921
current-current-SME04903-008523,current-SME04903,0.6654986311415702
current-current-SME04904-008524,current-SME04904,0.7194979089959536
current-current-SME04904-008525,current-SME04904,0.6357398791890289
current-current-SME04904-008526,current-SME04904,0.6859789848130884
current-current-SME04905-008527,current-SME04905,0.518791417841868
current-current-SME04905-008528,current-SME04905,0.6208589044051338
current-current-SME04905-008529,current-SME04905,0.5821470293546489
current-current-SME04906-008530,current-SME04906,0.46251837505091425
current-current-SME04907-008531,current-SME04907,0.6029967603287921
current-current-SME04907-008532,current-SME04907,0.7072588329404462
current-current-SME04908-008533,current-SME04908,0.5859896761906119
current-current-SME04909-008534,current-SME04909,0.3300071845295285
current-current-SME04909-008535,current-SME04909,0.5129281651461804
current-current-SME04910-008536,current-SME04910,0.37057989488854903
current-current-SME04911-008537,current-SME04911,0.7543348135141629
current-current-SME04911-008538,current-SME04911,0.7543173209031302
current-current-SME04912-008539,current-SME04912,0.47989651872319244
current-current-SME04913-008540,current-SME04913,0.5992796028806054
current-current-SME04913-008541,current-SME04913,0.6703217438484971
current-current-SME04914-008542,current-SME04914,0.6484544279910742
current-current-SME04914-008543,current-SME04914,0.6484544279910742
current-current-SME04915-008544,current-SME04915,0.5783072203725869
current-current-SME04915-008545,current-SME04915,0.7564741345221504
current-current-SME04915-008546,current-SME04915,0.7334349381772636
current-current-SME04916-008547,current-SME04916,0.5383008517874368
current-current-SME04916-008548,current-SME04916,0.4981311349036571
current-current-SME04917-008549,current-SME04917,0.5447498723055099
current-current-SME04918-008550,current-SME04918,0.531749417210615
current-current-SME04918-008551,current-SME04918,0.551307516499893
current-current-SME04919-008552,current-SME04919,0.4110807628385815
current-current-SME04920-008553,current-SME04920,0.6597366554102605
current-current-SME04921-008554,current-SME04921,0.5960096707029895
current-current-SME04922-008555,current-SME04922,0.554409686747916
current-current-SME04923-008556,current-SME04923,0.4979528072243626
current-current-SME04923-008557,current-SME04923,0.5759424837930045
current-current-SME04924-008558,current-SME04924,0.722981182102818
current-current-SME04925-008559,current-SME04925,0.6543097934111555
current-current-SME04925-008560,current-SME04925,0.6737375718698533
current-current-SME04925-008561,current-SME04925,0.4962202318968462
current-current-SME04926-008562,current-SME04926,0.47694521880342977
current-current-SME04926-008563,current-SME04926,0.4423165736109654
current-current-SME04926-008564,current-SME04926,0.5009238934659841
current-current-SME04927-008565,current-SME04927,0.784953815096878
current-current-SME04928-008566,current-SME04928,0.6346297610209811
current-current-SME04928-008567,current-SME04928,0.6125802941438996
current-current-SME04929-008568,current-SME04929,0.7918030640185935
current-current-SME04929-008569,current-SME04929,0.6099995072840794
current-current-SME04929-008570,current-SME04929,0.7918030640185935
current-current-SME04930-008571,current-SME04930,0.7195766826907837
current-current-SME04931-008572,current-SME04931,0.32529846409236074
current-current-SME04932-008573,current-SME04932,0.6059406980397153
current-current-SME04932-008574,current-SME04932,0.717258881319647
current-current-SME04932-008575,current-SME04932,0.660449255485922
current-current-SME04933-008576,current-SME04933,0.5763420922258413
current-current-SME04933-008577,current-SME04933,0.6427371604491537
current-current-SME04934-008578,current-SME04934,0.6355240616880845
current-current-SME04934-008579,current-SME04934,0.6875085017931075
current-current-SME04935-008580,current-SME04935,0.3130062321681795
current-current-SME04935-008581,current-SME04935,0.44713339600849716
current-current-SME04936-008582,current-SME04936,0.5075204333242495
current-current-SME04937-008583,current-SME04937,0.6235385950928052
current-current-SME04937-008584,current-SME04937,0.6439336886802801
current-current-SME04937-008585,current-SME04937,0.615586747580866
current-current-SME04938-008586,current-SME04938,0.4036400365970481
current-current-SME04938-008587,current-SME04938,0.4945400235574458
current-current-SME04938-008588,current-SME04938,0.5279507992678915
current-current-SME04939-008589,current-SME04939,0.6446660759643079
current-current-SME04940-008590,current-SME04940,0.4366298599714213
current-current-SME04940-008591,current-SME04940,0.3907801743909215
current-current-SME04941-008592,current-SME04941,0.5948604801148153
current-current-SME04941-008593,current-SME04941,0.5918564529682807
current-current-SME04942-008594,current-SME04942,0.5617418122891775
current-current-SME04942-008595,current-SME04942,0.5124583486656751
current-current-SME04942-008596,current-SME04942,0.5029174061342333
current-current-SME04943-008597,current-SME04943,0.4289592867120459
current-current-SME04943-008598,current-SME04943,0.40996749645761255
current-current-SME04944-008599,current-SME04944,0.6640302615471743
current-current-SME04945-008600,current-SME04945,0.6473934208608847
current-current-SME04945-008601,current-SME04945,0.647189969059376
current-current-SME04946-008602,current-SME04946,0.6319449277395822
current-current-SME04947-008603,current-SME04947,0.6532785940712045
current-current-SME04947-008604,current-SME04947,0.6534820458727132
current-current-SME04948-008605,current-SME04948,0.7094792852932909
current-current-SME04948-008606,current-SME04948,0.6808830441443717
current-current-SME04949-008607,current-SME04949,0.4922894060270779
current-current-SME04950-008608,current-SME04950,0.4265479276248918
current-current-SME04951-008609,current-SME04951,0.6330481565404334
current-current-SME04951-008610,current-SME04951,0.6383813109690383
current-current-SME04952-008611,current-SME04952,0.5999277934394117
current-current-SME04953-008612,current-SME04953,0.5626442984145213
current-current-SME04954-008613,current-SME04954,0.596645227983198
current-current-SME04955-008614,current-SME04955,0.6031574855004556
current-current-SME04956-008615,current-SME04956,0.5018558245595791
current-current-SME04956-008616,current-SME04956,0.313648865463792
current-current-SME04957-008617,current-SME04957,0.6627963049788489
current-current-SME04957-008618,current-SME04957,0.6722541397643618
current-current-SME04958-008619,current-SME04958,0.7035648032746742
current-current-SME04958-008620,current-SME04958,0.7078503657691688
current-current-SME04959-008621,current-SME04959,0.6074182190923499
current-current-SME04960-008622,current-SME04960,0.43211948826629937
current-current-SME04960-008623,current-SME04960,0.5282884764755837
current-current-SME04961-008624,current-SME04961,0.5554594419514952
current-current-SME04961-008625,current-SME04961,0.519872849799823
current-current-SME04962-008626,current-SME04962,0.41044134998709764
current-current-SME04963-008627,current-SME04963,0.6548091635556531
current-current-SME04963-008628,current-SME04963,0.7308697361133242
current-current-SME04963-008629,current-SME04963,0.7119820207585518
current-current-SME04964-008630,current-SME04964,0.31304241810088906
current-current-SME04964-008631,current-SME04964,0.3833693390186275
current-current-SME04965-008632,current-SME04965,0.5366527209015379
current-current-SME04965-008633,current-SME04965,0.6729411870784875
current-current-SME04965-008634,current-SME04965,0.6729411870784875
current-current-SME04966-008635,current-SME04966,0.7467338763608646
current-current-SME04966-008636,current-SME04966,0.7467338763608646
current-current-SME04966-008637,current-SME04966,0.7466194646183059
current-current-SME04967-008638,current-SME04967,0.6592862572726635
current-current-SME04967-008639,current-SME04967,0.6307761144633686
current-current-SME04968-008640,current-SME04968,0.47101922246052685
current-current-SME04968-008641,current-SME04968,0.44958432803932463
current-current-SME04969-008642,current-SME04969,0.3556055090744305
current-current-SME04970-008643,current-SME04970,0.6619036240830112
current-current-SME04970-008644,current-SME04970,0.44488568243112997
current-current-SME04971-008645,current-SME04971,0.6004204471907674
current-current-SME04971-008646,current-SME04971,0.5356564303472594
current-current-SME04972-008647,current-SME04972,0.29615655209987646
current-current-SME04973-008648,current-SME04973,0.5786946039936942
current-current-SME04973-008649,current-SME04973,0.5337796276446011
current-current-SME04974-008650,current-SME04974,0.38022932474418525
current-current-SME04974-008651,current-SME04974,0.4048657969955059
current-current-SME04974-008652,current-SME04974,0.4146724284719779
current-current-SME04975-008653,current-SME04975,0.7106706065178046
current-current-SME04975-008654,current-SME04975,0.7511864089967092
current-current-SME04976-008655,current-SME04976,0.6293055424430517
current-current-SME04977-008656,current-SME04977,0.6494210619349271
current-current-SME04977-008657,current-SME04977,0.6782138655389085
current-current-SME04978-008658,current-SME04978,0.44417733688020555
current-current-SME04978-008659,current-SME04978,0.49684804245367725
current-current-SME04979-008660,current-SME04979,0.6920470442441427
current-current-SME04979-008661,current-SME04979,0.6891989371419553
current-current-SME04980-008662,current-SME04980,0.6815677098075504
current-current-SME04981-008663,current-SME04981,0.6303411988766826
current-current-SME04981-008664,current-SME04981,0.6409655291118619
current-current-SME04981-008665,current-SME04981,0.6560474321292852
current-current-SME04982-008666,current-SME04982,0.6284600660452507
current-current-SME04982-008667,current-SME04982,0.6413184347718008
current-current-SME04983-008668,current-SME04983,0.4585971960393441
current-current-SME04983-008669,current-SME04983,0.3731067993210164
current-current-SME04983-008670,current-SME04983,0.40027342777633707
current-current-SME04984-008671,current-SME04984,0.3640047781999326
current-current-SME04985-008672,current-SME04985,0.490416259707239
current-current-SME04986-008673,current-SME04986,0.7109128287222677
current-current-SME04986-008674,current-SME04986,0.5861324309797297
current-current-SME04987-008675,current-SME04987,0.615034409218696
current-current-SME04988-008676,current-SME04988,0.7706795026223687
current-current-SME04989-008677,current-SME04989,0.6561197431143901
current-current-SME04990-008678,current-SME04990,0.6380419227522756
current-current-SME04991-008679,current-SME04991,0.5182645453035813
current-current-SME04992-008680,current-SME04992,0.4882404933267208
current-current-SME04993-008681,current-SME04993,0.69120161296297
current-current-SME04993-008682,current-SME04993,0.69120161296297
current-current-SME04994-008683,current-SME04994,0.10837748420885354
current-current-SME04995-008684,current-SME04995,0.491739551672131
current-current-SME04995-008685,current-SME04995,0.5816170579616757
current-current-SME04996-008686,current-SME04996,0.27669500779256534
current-current-SME04997-008687,current-SME04997,0.5050026960769283
current-current-SME04997-008688,current-SME04997,0.534537182203359
current-current-SME04998-008689,current-SME04998,0.3183684986790783
current-current-SME04998-008690,current-SME04998,0.40501480037892756
current-current-SME04998-008691,current-SME04998,0.4821927304752786
current-current-SME04999-008692,current-SME04999,0.591805350558044
current-current-SME04999-008693,current-SME04999,0.6144302133811707
current-current-SME05000-008694,current-SME05000,0.768977095700706
current-current-SME05000-008695,current-SME05000,0.7709307597452861
