cohort,model,group,n,borrowers,small_sample,mean_prediction,mean_conditional,model_bias,model_bias_ci_low,model_bias_ci_high,conditional_rmse,conditional_outcome_sd,expected_rmse,mean_mc_se,ead_weighted_model_bias,mean_realized,bias,realization_bias,mae,rmse,identity_error,bias_ci_low,bias_ci_high
final,frozen_v5,all,1017,593,False,0.5215243982530264,0.5080562532664645,0.01346814498656179,0.007456778656368859,0.01947951131675472,0.07835376545124134,0.15984118445266027,0.17801268720969723,7.831559262592152e-05,0.009948980830381832,0.5050843042958334,0.016440093957193053,0.0029719489706312666,0.12810571923788144,0.18128810761782507,3.469446951953614e-18,0.0014635694764500422,0.03141661843793606
final,frozen_v5,realized_gt60,420,278,False,0.6641423153100176,0.6358716796413004,0.02827063566871714,0.01820615265731658,0.0383351186801177,0.09082597096602316,0.19500919432261268,0.21512308772485442,0.0001486792866914628,0.0245065061607727,0.7374939468027738,-0.07335163149275623,-0.10162226716147336,0.10337093551635827,0.13012513613019214,0.0,-0.08647356138720402,-0.06022970159830843
final,frozen_v5,realized_gt75,168,118,False,0.722343172922933,0.6806122467670764,0.04173092615585666,0.02661838274763257,0.056843469564080755,0.09453494862585961,0.20961814729598643,0.2299491774012157,0.00025269361203607754,0.030155131937026916,0.826520163810988,-0.10417699088805499,-0.14590791704391165,0.11381126193865948,0.14149413211298686,0.0,-0.12218988172663081,-0.08616410004947916
final,frozen_v5,realized_gt90,29,21,True,0.7688287577488073,0.7275723062232906,0.04125645152551656,0.011138614833950296,0.07137428821708283,0.08499951663028842,0.2046399872049356,0.2215907087190681,0.0005937608066963763,0.012223244679464059,0.9218784629636897,-0.15304970521488245,-0.19430615674039894,0.15304970521488245,0.18065789373925498,8.326672684688674e-17,-0.19913068541197881,-0.10696872501778608
final,frozen_v5,realized_le10,37,29,True,0.12347235427233866,0.12429874340464848,-0.0008263891323098058,-0.015960001673389457,0.014307223408769843,0.043299970928694184,0.07781918738328492,0.08905455298535034,0.0001998968062302793,-0.0015072495408977023,0.0636248528782027,0.05984750139413597,0.060673890526445784,0.08819209459161648,0.15011011823227818,6.938893903907228e-18,0.002137844717141804,0.11755715807113014
final,frozen_v5,predicted_0.0_0.2,86,48,False,0.11637019285290853,0.14388786955841876,-0.027517676705510204,-0.0413476593713401,-0.013687694039680306,0.058893788625496504,0.06842901275717389,0.09028293374490069,0.00011529515958093008,-0.028761971330098782,0.1509243515271535,-0.03455415867424494,-0.007036481968734742,0.06527418483642858,0.08567697338552221,6.938893903907228e-18,-0.05704489821395994,-0.012063419134529942
final,frozen_v5,predicted_0.2_0.4,177,150,False,0.32290981684231335,0.3492464350368383,-0.026336618194525013,-0.039437515658004504,-0.013235720731045519,0.08376097373557606,0.0854873341776525,0.11968285184575732,0.0001004003362174734,-0.031132223568302225,0.35166382772765536,-0.028754010885342088,-0.002417392690817077,0.09662724545525107,0.12290587348373264,2.6020852139652106e-18,-0.048408837255707,-0.009099184514977175
final,frozen_v5,predicted_0.4_0.6,340,260,False,0.49213206491419487,0.5048350098949299,-0.01270294498073506,-0.02126329654431562,-0.004142593417154497,0.07427318015418563,0.13769691232468897,0.15645109444797503,0.00011668224308910212,-0.014860439585589295,0.5106676295537398,-0.018535564639544845,-0.005832619658809789,0.12878074602573794,0.15984348183128036,3.469446951953614e-18,-0.039071495800535753,0.0020003665214460634
final,frozen_v5,predicted_0.6_0.8,346,254,False,0.690599506976039,0.636186010762624,0.05441349621341505,0.04724980290545786,0.061577189521372235,0.07873605264217866,0.20888536721519374,0.22323185843937748,0.00017546479550363108,0.056427319468353526,0.6285710416479185,0.06202846532812054,0.007614969114705503,0.14959258616028204,0.21381779843853282,8.673617379884035e-18,0.03545528214108415,0.08860164851515694
final,frozen_v5,predicted_0.8_1.0,68,51,False,0.8375751084169485,0.746146627945677,0.09142848047127143,0.08015428984698583,0.10270267109555703,0.10021923610656502,0.20086984789170034,0.2244829416187748,0.0003806101102294272,0.08706178920441848,0.6960907539894265,0.14148435442752194,0.05005587395625049,0.17680037740006854,0.28732134447847707,2.0816681711721685e-17,0.06410951263360057,0.21885919622144331
final,frozen_v5,conditional_0.0_0.2,70,46,False,0.11293573405482754,0.11680075864378081,-0.003865024588953292,-0.015077655801508317,0.007347606623601732,0.04490638000423589,0.0616976004879076,0.07630974296281105,0.00011522302692254813,-0.007625639694215046,0.1259397345223743,-0.01300400046754674,-0.009138975878593454,0.05614891769459505,0.06718951528038271,5.204170427930421e-18,-0.03232770016392212,0.006319699228828636
final,frozen_v5,conditional_0.2_0.4,181,154,False,0.32062317673433827,0.3143183154947067,0.006304861239631576,-0.0039418331804462565,0.016551555659709408,0.06298804751776507,0.08271350002201448,0.10396642350293685,9.606321934684096e-05,-0.0007603081051281013,0.31644973473292826,0.004173442001410076,-0.0021314192382215,0.08222098531665396,0.10275812872979073,4.336808689942018e-19,-0.01287913932952502,0.021226023332345172
final,frozen_v5,conditional_0.4_0.6,410,295,False,0.516359128994279,0.5093904558269036,0.006968673167375308,-0.0014269822525921714,0.015364328587342787,0.07330225053204549,0.1604247836978959,0.17637837497147843,0.00012379398976134404,0.007735545514268547,0.5131826439502617,0.0031764850440172557,-0.0037921881233580522,0.13522197718738455,0.17687953441673956,0.0,-0.018282782438532534,0.024635752526567044
final,frozen_v5,conditional_0.6_0.8,341,243,False,0.7069619586356332,0.6747403332170967,0.032221625418536466,0.021416227813118662,0.04302702302395427,0.09307448847379418,0.1995128016069145,0.2201549872469358,0.00016881599920789728,0.02346568530898915,0.6667050467292462,0.04025691190638687,0.008035286487850391,0.15524507891178455,0.22435569729308608,1.0408340855860843e-17,0.011144818553280398,0.06936900525949334
final,frozen_v5,conditional_0.8_1.0,15,10,True,0.7780497245446264,0.8459333897551633,-0.06788366521053717,-0.12952959196727015,-0.0062377384538041675,0.12311188901872859,0.15347763913086893,0.19675345722742707,0.0006191836878844657,0.004669194337661307,0.6550832740903999,0.12296645045422623,0.19085011566476337,0.20610075521621476,0.283437019720682,2.7755575615628914e-17,-0.06345473357228497,0.3093876344807374
final,frozen_v5,conditional_gt60,356,252,False,0.7099572296711245,0.6819535238015657,0.028003705869558648,0.01683432419484117,0.039173087544276126,0.09453290634873424,0.19778945412049173,0.21921938450789577,0.00016379406410573158,0.022517572314278166,0.6662153652978343,0.0437418643732902,0.015738158503731555,0.15738787426169035,0.2271553845617721,0.0,0.014813984915844288,0.07266974383073611
final,frozen_v5,conditional_gt75,54,38,False,0.7794960506947144,0.7921076099167506,-0.012611559222036446,-0.046348656975877554,0.021125538531804662,0.10102060874968473,0.18507797632046377,0.21085307849551316,0.0003935300387257326,-0.01231701132160948,0.7119869664420185,0.06750908425269578,0.08012064347473224,0.18541035629310085,0.2558825823249376,2.7755575615628914e-17,-0.020148449155277873,0.15516661766066941
final,frozen_v5,collateral_type:Cash,107,59,False,0.14921544258312802,0.17804834739725656,-0.028832904814128528,-0.043958022700357646,-0.013707786927899408,0.06879535872771565,0.07875860760934553,0.10457399129342793,0.00011896690594122465,-0.03128204351277001,0.19421502391827292,-0.044999581335144874,-0.016166676521016343,0.08027484888610532,0.10699519711741552,3.469446951953614e-18,-0.06947135248305633,-0.02052781018723342
final,frozen_v5,collateral_type:Mortgage,327,190,False,0.4378627741879769,0.46386520357748134,-0.02600242938950448,-0.03558368169107246,-0.0164211770879365,0.07446683474035797,0.09869370005755658,0.12363557702901995,8.527772006579546e-05,-0.031078616121725144,0.45660280284666976,-0.018740028658692863,0.007262400730811618,0.10400543561381964,0.13311507588569385,0.0,-0.038700022247219426,0.0012199649298336966
final,frozen_v5,collateral_type:Other,195,116,False,0.571048047395637,0.5469657098693036,0.02408233752633341,0.009941419269770683,0.038223255782896134,0.08347042335338585,0.15704546254013219,0.17784990547997914,0.0001757227994146738,0.02403508583040952,0.5302463701033051,0.04080167729233196,0.016719339765998542,0.13506442962780324,0.183755424141153,6.938893903907228e-18,0.008459084805866449,0.07314426977879747
final,frozen_v5,collateral_type:Unsecured,388,228,False,0.6698164027456583,0.6167520654797356,0.0530643372659228,0.04603184449316583,0.06009683003867977,0.08131219538913213,0.21131256108313798,0.2264170302572563,0.00016762140510963108,0.04674518956693479,0.6190272453829944,0.050789157362664115,-0.0022751799032586766,0.15811022270868946,0.22601693783603088,8.673617379884035e-18,0.021045279279839287,0.08053303544548894
final,frozen_v5,lien_rank:First,348,300,False,0.3507770459386931,0.36598172462435485,-0.015204678685661732,-0.023226739483605027,-0.007182617887718434,0.07202182317772807,0.10704723677954425,0.12902036240834133,8.966147216492095e-05,-0.02109381982643122,0.368085587571025,-0.0173085416323319,-0.0021038629466701687,0.09613804537382344,0.129224006087264,1.3010426069826053e-18,-0.0317851156632902,-0.0028319676013735962
final,frozen_v5,lien_rank:Second,281,219,False,0.528224686019029,0.5339208825501125,-0.0056961965310833515,-0.016120800210625917,0.004728407148459212,0.08164731756723488,0.12892115605591797,0.1526006190836697,0.00012016861543017894,-0.002246546057397061,0.5174177287741779,0.010806957244851114,0.016503153775934466,0.12626587282513654,0.16652651101874133,0.0,-0.011608834083613719,0.03322274857331595
final,frozen_v5,lien_rank:Unsecured,388,228,False,0.6698164027456583,0.6167520654797356,0.0530643372659228,0.04603184449316583,0.06009683003867977,0.08131219538913213,0.21131256108313798,0.2264170302572563,0.00016762140510963108,0.04674518956693479,0.6190272453829944,0.050789157362664115,-0.0022751799032586766,0.15811022270868946,0.22601693783603088,8.673617379884035e-18,0.021045279279839287,0.08053303544548894
final,frozen_v5,product_type:Financial Guarantee,39,39,False,0.5349122190957222,0.5348613713508988,5.0847744823562035e-05,-0.019193920033103218,0.019295615522750345,0.060526917263385674,0.17594406038568286,0.18606402150445306,0.0004402124619145338,0.015593630829547001,0.5532317206872822,-0.018319501591559772,-0.01837034933638334,0.1389387545322944,0.17676032909562842,3.469446951953614e-18,-0.07421849777425737,0.03757949459113784
final,frozen_v5,product_type:Import LC,88,88,False,0.49180831113146756,0.4946400827539508,-0.002831771622483418,-0.01823787904933685,0.012574335804370012,0.07337028149315354,0.14843420778266617,0.16557751129441553,0.00024723655805423397,-0.0035052726126042974,0.47988040962397044,0.011927901507497037,0.014759673129980454,0.12416577223000261,0.1780278184304404,0.0,-0.02539774514397257,0.04925354815896664
final,frozen_v5,product_type:OVD,362,362,False,0.5481084978647959,0.524507923071715,0.0236005747930808,0.015108891711922734,0.03209225787423887,0.08563370209905105,0.15961311474465384,0.1811338657835112,0.00013107936034482484,0.027278547853309947,0.5123412212158346,0.03576727664896128,0.012166701855880485,0.1358368686927855,0.18978879208143112,5.204170427930421e-18,0.016539882694429405,0.054994670603493154
final,frozen_v5,product_type:Performance Guarantee,65,65,False,0.5580878563378036,0.5390674271304474,0.01902042920735631,-0.00016221221004356773,0.03820307062475619,0.08057368024071311,0.17375520616890366,0.19152803872626822,0.00033674501376020565,0.012823465649688523,0.5382626850636739,0.019825171274129787,0.0008047420667734682,0.14146335478936478,0.1984662521548841,8.131516293641283e-18,-0.02855585646502801,0.06820619901328759
final,frozen_v5,product_type:Term Loan,463,463,False,0.50012660520521,0.4911318312991833,0.008994773906026677,0.0022767047399604784,0.015712843072092874,0.07422023100689498,0.1586424702302914,0.17514587078057464,0.00011519907560471725,0.0002633560111657279,0.49548731685934816,0.004639288345861791,-0.004355485560164887,0.12002214374477037,0.1727497324182633,8.673617379884035e-19,-0.011107638118727938,0.020386214810451518
final,frozen_v5,industry:Construction,152,91,False,0.5380043632271905,0.5109817486100214,0.02702261461716912,0.01580703521636648,0.038238194017971766,0.06453908084604297,0.16782844530020957,0.17981012209644237,0.00021269819455286282,0.02573861587244993,0.5297363943298731,0.008267968897317422,-0.0187546457198517,0.10593618184113919,0.15154821352886771,0.0,-0.023091589576745314,0.03962752737138016
final,frozen_v5,industry:Hospitality,88,56,False,0.512895019887306,0.6560502789851326,-0.14315525909782656,-0.15967809279181233,-0.1266324254038408,0.15698706591258088,0.14943957418969017,0.21674207066888726,0.0002489111271024948,-0.14091265705666145,0.6200403145615817,-0.10714529467427582,0.03600996442355075,0.20532403938722502,0.2357441650467336,6.938893903907228e-18,-0.16474198308719504,-0.049548606261356605
final,frozen_v5,industry:Manufacturing,174,104,False,0.5464490222162501,0.5130089555167704,0.03344006669947978,0.02301412566825224,0.04386600773070731,0.06585907896256575,0.16668280321239431,0.17922213916963284,0.00019744047970869294,0.029281793251220555,0.5034354601868966,0.04301356202935362,0.009573495329873848,0.11513201001552865,0.17381456197727357,3.469446951953614e-18,0.008488525599884375,0.07753859845882287
final,frozen_v5,industry:Retail,225,125,False,0.4993767065656454,0.4715362300971032,0.02784047646854227,0.017637358783990573,0.03804359415309397,0.06564639397474772,0.1538223119416588,0.16724458942807324,0.00016023157493922792,0.03197106855563389,0.4699984282099382,0.02937827835570723,0.0015378018871649586,0.12296709597495122,0.17441113151094342,6.505213034913027e-19,-0.001439242550593415,0.06019579926200787
final,frozen_v5,industry:Services,225,127,False,0.5308588518629686,0.5024212853780814,0.02843756648488723,0.018599114252090213,0.03827601871768424,0.06780830517929096,0.15980434257183612,0.1735954900223638,0.00016646285684566263,0.026685196394466516,0.4921567251117089,0.03870212675125967,0.010264560266372437,0.1283409301199967,0.18782832202183483,3.469446951953614e-18,0.005712331850688743,0.0716919216518306
final,frozen_v5,industry:Technology,73,43,False,0.5230518279401902,0.4996086716221782,0.02344315631801216,0.008291187082901703,0.03859512555312262,0.06223477169978751,0.16575898714797774,0.1770570773192874,0.0003031347189666871,0.011883320030684265,0.4897377511794658,0.03331407676072449,0.009870920442712329,0.1508720096650223,0.21239332571286446,1.734723475976807e-18,-0.03489631381323622,0.1015244673346852
final,frozen_v5,industry:Transport,80,47,False,0.4801371763876549,0.4552015870290754,0.024935589358579546,0.006241866752864509,0.04362931196429458,0.0707267033637608,0.15113249728720105,0.16686311247537977,0.0002640176074558469,0.024199396988230624,0.4844215305413875,-0.004284354153732617,-0.02921994351231217,0.10652211299230734,0.14621849916002175,6.938893903907228e-18,-0.04520147494198903,0.0366327666345238
final,frozen_v5,guarantee:zero,804,535,False,0.5576531132796269,0.5383764727643601,0.019276640515266775,0.012608649072378762,0.025944631958154787,0.07920130179568244,0.16998097149211436,0.18752700305698317,9.366822892292831e-05,0.015469895976496078,0.5331947190111507,0.024458394268476187,0.005181753753209416,0.13518603612564456,0.19199853716317422,3.469446951953614e-18,0.007494209709664221,0.041422578827288156
final,frozen_v5,guarantee:partial,170,161,False,0.40366530255456695,0.4188963342875969,-0.015231031733030002,-0.025880960723160137,-0.0045811027428998684,0.07121963633518325,0.12126928884505825,0.14063597340901768,0.00014532702932277915,-0.018969048572990317,0.4275145255391665,-0.02384922298459951,-0.008618191251569506,0.10283950495139552,0.13645946962139066,1.734723475976807e-18,-0.0456319181560253,-0.002066527813173718
final,frozen_v5,guarantee:full,43,43,False,0.3119560119123605,0.2936313637338964,0.018324648178464072,-0.00791130829278014,0.044560604649708284,0.0886635005570016,0.07671772336156454,0.11724685671182392,0.00018280223643454472,0.023223960063691353,0.28615614051718835,0.025799871395172095,0.0074752232167080235,0.09560994367837183,0.12010492053842386,8.673617379884035e-19,-0.009676049417766387,0.06127579220811058
final,frozen_v5,coverage:0-0.5,476,280,False,0.6671891417976028,0.6143971261248745,0.05279201567272833,0.04579550110733631,0.05978853023812035,0.0837010876164975,0.20442765462186865,0.22089938443187793,0.00014640509667411658,0.04842068983800782,0.6099130182121635,0.05727612358543932,0.004484107912710991,0.15637649961983802,0.22364854331497544,0.0,0.031180398766193974,0.08337184840468467
final,frozen_v5,coverage:0.5-1,347,197,False,0.41615423758372266,0.4288250817807917,-0.012670844197069061,-0.021149806323204436,-0.004191882070933689,0.06606847059637477,0.11497033577689435,0.13260173798105312,9.64364219165557e-05,-0.023283226748668628,0.42956291125830803,-0.01340867367458539,-0.0007378294775163297,0.10748217815797209,0.13910122113164744,5.421010862427522e-19,-0.03362381776471279,0.0068064704155420125
final,frozen_v5,coverage:1-inf,194,116,False,0.3525915519902946,0.38885502143618317,-0.036263469445888555,-0.05028165927088757,-0.022245279620889537,0.08477428841661101,0.08806265084749473,0.12223628941861132,9.878952913353768e-05,-0.03372627631877275,0.38295778656309176,-0.03036623457279714,0.0058972348730914085,0.09562879806735167,0.12228593909938869,7.806255641895632e-18,-0.0527445996101209,-0.007987869535473379
final,frozen_v5,ead:0-100000,206,161,False,0.5267058541414972,0.5118806054023003,0.014825248739196866,0.003945161623069373,0.02570533585532436,0.07452965892507404,0.1539859338302187,0.171074071317229,0.00016763606849380913,0.015508388725383234,0.49548061067595733,0.031225243465539877,0.01639999472634301,0.1342933220860738,0.19057754346914768,0.0,-0.00010899384900470849,0.06255948078008447
final,frozen_v5,ead:100000-500000,535,392,False,0.5283348833802138,0.5122907445593147,0.01604413882089916,0.008489610813946488,0.023598666827851833,0.07936028078575658,0.16138632436247324,0.17984326469908055,0.00010902092574169119,0.01722113026501189,0.5058677237855883,0.022467159594625596,0.006423020773726433,0.12890013121472935,0.18363678838584102,1.734723475976807e-18,0.0034098569762827935,0.0415244622129684
final,frozen_v5,ead:500000-inf,276,221,False,0.5044555958759603,0.4969936830430699,0.0074619128328903385,-0.0032510742934915493,0.018174899959272225,0.07917051545120415,0.16111668968917967,0.17951757076455988,0.00015153257917646133,0.006188179083346872,0.5107336936388609,-0.00627809776290061,-0.013740010595790952,0.12194754317142768,0.16919126790777556,3.469446951953614e-18,-0.029512606179104776,0.016956410653303555
final,s1_same_spec,all,1017,593,False,0.5571002877375947,0.5080562532664645,0.04904403447113015,0.040663950755412015,0.05742411818684828,0.11306813417767102,0.15984118445266027,0.19578970150048544,7.831559262592152e-05,0.05319919288786846,0.5050843042958334,0.052015983441761414,0.0029719489706312666,0.14757534104676062,0.19724099860707972,1.734723475976807e-18,0.03615480476801443,0.0678771621155084
final,s1_same_spec,realized_gt60,420,278,False,0.6532040163998125,0.6358716796413004,0.01733233675851202,0.005315803007739527,0.029348870509284516,0.09858888661032801,0.19500919432261268,0.21851396850869428,0.0001486792866914628,0.018420806742154155,0.7374939468027738,-0.08428993040296136,-0.10162226716147336,0.10918342074368147,0.1384650288594912,1.3877787807814457e-17,-0.097928049218871,-0.07065181158705172
final,s1_same_spec,realized_gt75,168,118,False,0.6817689172263396,0.6806122467670764,0.0011566704592631512,-0.01761419907143014,0.01992753998995644,0.09932836424591097,0.20961814729598643,0.23196097003498287,0.00025269361203607754,0.0009275702617771508,0.826520163810988,-0.1447512465846485,-0.14590791704391165,0.1502061397702895,0.17254154334279725,0.0,-0.16270514193920468,-0.1267973512300923
final,s1_same_spec,realized_gt90,29,21,True,0.725449012329858,0.7275723062232906,-0.002123293893432741,-0.04932356839271672,0.04507698060585123,0.10142874128095258,0.2046399872049356,0.22839727214017821,0.0005937608066963763,-0.03550398229104003,0.9218784629636897,-0.19642945063383174,-0.19430615674039894,0.19642945063383174,0.2138198880496962,5.551115123125783e-17,-0.2369809143278648,-0.15587798693979868
final,s1_same_spec,realized_le10,37,29,True,0.24640540395754532,0.12429874340464848,0.12210666055289679,0.08079531324361428,0.1634180078621793,0.15938502180529404,0.07781918738328492,0.17736801036508493,0.0001998968062302793,0.13258374637241352,0.0636248528782027,0.18278055107934255,0.060673890526445784,0.19360692227532458,0.23807568855547237,2.7755575615628914e-17,0.1202838743338362,0.2452772278248489
final,s1_same_spec,predicted_0.0_0.2,29,20,True,0.1377035631038555,0.11425285418904872,0.023450708914806807,-0.015359023490890598,0.06226044132050421,0.0852189298965155,0.05763317853606925,0.10287783668447571,0.00016722207153865295,0.044962303781499666,0.1107986211170207,0.02690494198683484,0.0034542330720280317,0.07389343797713205,0.08536951041195953,2.168404344971009e-18,-0.008585089179294122,0.0623949731529638
final,s1_same_spec,predicted_0.2_0.4,136,105,False,0.3175476264193393,0.2800921247049493,0.03745550171438993,0.009007263856628284,0.06590373957215158,0.13627052117508356,0.0807080500469073,0.15837753718158074,0.00010813528431762028,0.034693922812018024,0.28939866006842874,0.028148966350910576,-0.009306535363479354,0.12095751732989285,0.15453392471134006,1.734723475976807e-18,-0.003482454065164578,0.05978038676698573
final,s1_same_spec,predicted_0.4_0.6,395,287,False,0.5153306117092826,0.47415071642320855,0.04117989528607418,0.029159119819423374,0.053200670752724985,0.11285753331369752,0.1362226700865364,0.17689951574596716,0.0001070954122149264,0.0406483717046134,0.47325497460388305,0.04207563710539961,0.0008957418193254374,0.14504893542716335,0.1792810165090941,4.9873299934333204e-18,0.02071614969271859,0.06343512451808063
final,s1_same_spec,predicted_0.6_0.8,421,283,False,0.6784536975408411,0.6228743851251548,0.0555793124156864,0.044646491655230075,0.06651213317614273,0.1045988725978145,0.19598927007562494,0.22215471665825617,0.00014924894625818763,0.06554950524237327,0.6151252343955768,0.06332846314526439,0.007749150729577993,0.16063797245682454,0.22170917284887165,8.673617379884035e-18,0.036943449303489764,0.089713476987039
final,s1_same_spec,predicted_0.8_1.0,36,25,True,0.8390698282286432,0.7157694087717084,0.12330041945693496,0.10350250250891653,0.14309833640495337,0.13212840426709663,0.20413169275460866,0.243161804568545,0.0005315929498817934,0.12635302864062517,0.6998866955025279,0.13918313272611538,0.015882713269180414,0.18244649689723938,0.2746739229046253,6.938893903907228e-18,0.03168832418745758,0.24667794126477316
final,s1_same_spec,conditional_0.0_0.2,70,46,False,0.2416999758898269,0.11680075864378081,0.12489921724604595,0.09667613538379985,0.15312229910829206,0.15388533315065295,0.0616976004879076,0.16579291198616694,0.00011522302692254813,0.1305806162451522,0.1259397345223743,0.11576024136745254,-0.009138975878593454,0.12915465319904787,0.1591275907899461,3.9898639947466563e-17,0.08235618090960431,0.14916430182530077
final,s1_same_spec,conditional_0.2_0.4,181,154,False,0.42098599245608526,0.3143183154947067,0.10666767696137862,0.09009136446652546,0.12324398945623177,0.1451968874650573,0.08271350002201448,0.16710373788587826,9.606321934684096e-05,0.11533350628132248,0.31644973473292826,0.10453625772315712,-0.0021314192382215,0.13151223174298132,0.16394864823272606,6.5052130349130266e-18,0.08391325953413212,0.12515925591218213
final,s1_same_spec,conditional_0.4_0.6,410,295,False,0.5607153086257496,0.5093904558269036,0.051324852798845896,0.04144099826602969,0.0612087073316621,0.09878729780680813,0.1604247836978959,0.18840127768273676,0.00012379398976134404,0.050420027648503875,0.5131826439502617,0.047532664675487855,-0.0037921881233580522,0.14027374206883744,0.18738227883485256,1.1275702593849246e-17,0.025352782641186313,0.0697125467097894
final,s1_same_spec,conditional_0.6_0.8,341,243,False,0.6819617141143808,0.6747403332170967,0.0072213808972840755,-0.005371076614012355,0.019813838408580507,0.0966912285398692,0.1995128016069145,0.2217082580365225,0.00016881599920789728,0.006188784345242006,0.6667050467292462,0.015256667385134466,0.008035286487850391,0.16528402255400843,0.22659641768261993,0.0,-0.014822662292107295,0.045335997062376225
final,s1_same_spec,conditional_0.8_1.0,15,10,True,0.7340872421822248,0.8459333897551633,-0.11184614757293847,-0.1827325108705345,-0.04095978427534243,0.15032986957767425,0.15347763913086893,0.21483588015139785,0.0006191836878844657,-0.006194085096193526,0.6550832740903999,0.07900396809182487,0.19085011566476337,0.22436641573348962,0.2611267495467792,2.7755575615628914e-17,-0.10311614221549535,0.2611240783991451
final,s1_same_spec,conditional_gt60,356,252,False,0.684158014454318,0.6819535238015657,0.002204490652752225,-0.010721641330949414,0.015130622636453865,0.0995362997560916,0.19778945412049173,0.22142299593858045,0.00016379406410573158,0.005564180558974488,0.6662153652978343,0.017942649156483782,0.015738158503731555,0.16777344923291912,0.22815683078641535,3.469446951953614e-18,-0.011857696314682788,0.04774299462765035
final,s1_same_spec,conditional_gt75,54,38,False,0.7232967938642395,0.7921076099167506,-0.0688108160525114,-0.10610885830751551,-0.03151277379750727,0.12474072672600374,0.18507797632046377,0.22319073955478014,0.0003935300387257326,-0.06172931531764118,0.7119869664420185,0.011309827422220838,0.08012064347473224,0.2166606088410981,0.2681445048283984,1.3877787807814457e-17,-0.08461730411791081,0.10723695896235248
final,s1_same_spec,collateral_type:Cash,107,59,False,0.26756410700967703,0.17804834739725656,0.08951575961242049,0.05763073887365156,0.12140078035118942,0.14840260492115237,0.07875860760934553,0.16800670052098068,0.00011896690594122465,0.09611688062452416,0.19421502391827292,0.07334908309140414,-0.016166676521016343,0.12672758478558627,0.15782923163996176,3.469446951953614e-18,0.03795604878406706,0.10874211739874123
final,s1_same_spec,collateral_type:Mortgage,327,190,False,0.5188739729051964,0.46386520357748134,0.05500876932771509,0.0389722842940715,0.07104525436135868,0.12299500627353242,0.09869370005755658,0.157696601102488,8.527772006579546e-05,0.05694679128941402,0.45660280284666976,0.062271170058526705,0.007262400730811618,0.13614584616047093,0.1706476338058331,3.469446951953614e-18,0.0382722489683234,0.08627009114873001
final,s1_same_spec,collateral_type:Other,195,116,False,0.5769933012678131,0.5469657098693036,0.030027591398509457,0.011969958248304859,0.048085224548714056,0.10209974167259482,0.15704546254013219,0.18731693611111264,0.0001757227994146738,0.029313309556887934,0.5302463701033051,0.046746931164507996,0.016719339765998542,0.13701175492045503,0.18819907329239982,3.469446951953614e-18,0.013279738158253555,0.08021412417076243
final,s1_same_spec,collateral_type:Unsecured,388,228,False,0.6591653358038031,0.6167520654797356,0.04241327032406751,0.030990178502311908,0.053836362145823116,0.09719931435095618,0.21131256108313798,0.23259558289402427,0.00016762140510963108,0.048985597405697336,0.6190272453829944,0.04013809042080883,-0.0022751799032586766,0.16826620198076048,0.2296954380056187,8.673617379884035e-18,0.009469546139580603,0.07080663470203705
final,s1_same_spec,lien_rank:First,348,300,False,0.4328973618568787,0.36598172462435485,0.06691563723252389,0.0532739711234513,0.08055730334159648,0.13020279399289653,0.10704723677954425,0.1685582346421926,8.966147216492095e-05,0.06429227316114323,0.368085587571025,0.06481177428585373,-0.0021038629466701687,0.13166673644185767,0.16709410201469582,1.1709383462843448e-17,0.047121907391995205,0.08250164117971226
final,s1_same_spec,lien_rank:Second,281,219,False,0.5699877594699803,0.5339208825501125,0.036066876919867805,0.022067663382013773,0.05006609045772184,0.11058666753308274,0.12892115605591797,0.16985309980941452,0.00012016861543017894,0.03831953819466369,0.5174177287741779,0.052570030695802274,0.016503153775934466,0.13870751314681132,0.18268644953641155,3.469446951953614e-18,0.028773701620573994,0.07636635977103055
final,s1_same_spec,lien_rank:Unsecured,388,228,False,0.6591653358038031,0.6167520654797356,0.04241327032406751,0.030990178502311908,0.053836362145823116,0.09719931435095618,0.21131256108313798,0.23259558289402427,0.00016762140510963108,0.048985597405697336,0.6190272453829944,0.04013809042080883,-0.0022751799032586766,0.16826620198076048,0.2296954380056187,8.673617379884035e-18,0.009469546139580603,0.07080663470203705
final,s1_same_spec,product_type:Financial Guarantee,39,39,False,0.6039428135911178,0.5348613713508988,0.069081442240219,0.03862958680849718,0.09953329767194083,0.11808887888284636,0.17594406038568286,0.21189925837720242,0.0004402124619145338,0.07979409675719647,0.5532317206872822,0.05071109290383565,-0.01837034933638334,0.16406320516744158,0.20668454492492988,1.3877787807814457e-17,-0.012996354793553426,0.11441854060122472
final,s1_same_spec,product_type:Import LC,88,88,False,0.5351067304658238,0.4946400827539508,0.04046664771187302,0.019641469450647396,0.061291825973098644,0.10704766272945225,0.14843420778266617,0.18300796741100175,0.00024723655805423397,0.04766481452266895,0.47988040962397044,0.05522632084185348,0.014759673129980454,0.14046514794369916,0.1888558790387842,3.469446951953614e-18,0.017275972571498606,0.09317666911220834
final,s1_same_spec,product_type:OVD,362,362,False,0.5667828630291402,0.524507923071715,0.04227493995742507,0.031465389186029716,0.05308449072882042,0.11299280098551802,0.15961311474465384,0.19556001501596104,0.00013107936034482484,0.04994386520145688,0.5123412212158346,0.05444164181330555,0.012166701855880485,0.14937961181746504,0.20045845177999508,5.204170427930421e-18,0.034540000442489005,0.07434328318412209
final,s1_same_spec,product_type:Performance Guarantee,65,65,False,0.5953600838865789,0.5390674271304474,0.05629265675613152,0.035146665139592914,0.07743864837267013,0.10304517759951969,0.17375520616890366,0.202012822111159,0.00033674501376020565,0.05603230068685691,0.5382626850636739,0.05709739882290499,0.0008047420667734682,0.14867151286156358,0.20862387688824902,2.2768245622195593e-18,0.007936081320636265,0.10625871632517371
final,s1_same_spec,product_type:Term Loan,463,463,False,0.544393150645597,0.4911318312991833,0.05326131934641377,0.043953425319857464,0.06256921337297007,0.11513439015190967,0.1586424702302914,0.19601877756077615,0.00011519907560471725,0.05306444218835454,0.49548731685934816,0.048905833786248874,-0.004355485560164887,0.14597333911459137,0.19377564660382593,6.071532165918825e-18,0.03180795039502381,0.06600371717747394
final,s1_same_spec,industry:Construction,152,91,False,0.5484496831816277,0.5109817486100214,0.03746793457160641,0.029945266196939935,0.044990602946272884,0.05586116801532602,0.16782844530020957,0.1768809123221664,0.00021269819455286282,0.04345270741657091,0.5297363943298731,0.018713288851754713,-0.0187546457198517,0.10369878444659066,0.15373835541214861,3.469446951953614e-18,-0.01307423541559426,0.05050081311910369
final,s1_same_spec,industry:Hospitality,88,56,False,0.48914177794145525,0.6560502789851326,-0.16690850104367738,-0.17836332657725043,-0.15545367551010433,0.1727971770538578,0.14943957418969017,0.22845360739497678,0.0002489111271024948,-0.16310549007224306,0.6200403145615817,-0.13089853662012663,0.03600996442355075,0.22123590706396612,0.24094289259270787,6.938893903907228e-18,-0.18580719558726827,-0.07598987765298498
final,s1_same_spec,industry:Manufacturing,174,104,False,0.5361060373525256,0.5130089555167704,0.02309708183575525,0.014872147613433952,0.03132201605807655,0.0505099938497145,0.16668280321239431,0.17416778222576057,0.00019744047970869294,0.02378662074340683,0.5034354601868966,0.0326705771656291,0.009573495329873848,0.12586771748441736,0.1739912677886563,0.0,-0.0029989677848626523,0.06834012211612085
final,s1_same_spec,industry:Retail,225,125,False,0.6129254152264257,0.4715362300971032,0.14138918512932247,0.13089113762021365,0.1518872326384313,0.15479512903177675,0.1538223119416588,0.21822656947090888,0.00016023157493922792,0.14258327181888444,0.4699984282099382,0.14292698701648746,0.0015378018871649586,0.17483609089726662,0.22596306916367928,2.710505431213761e-17,0.11148007948013314,0.17437389455284177
final,s1_same_spec,industry:Services,225,127,False,0.510134751949444,0.5024212853780814,0.007713466571362708,-0.000619179737057913,0.01604611287978333,0.05133813112860919,0.15980434257183612,0.16784823982572777,0.00016646285684566263,0.014396441717303417,0.4921567251117089,0.017978026837735146,0.010264560266372437,0.1271175577879197,0.1739603086292238,0.0,-0.013670431157918717,0.04962648483338901
final,s1_same_spec,industry:Technology,73,43,False,0.6324293426123632,0.4996086716221782,0.13282067099018513,0.11906836184080273,0.14657298013956754,0.1433900893257166,0.16575898714797774,0.21917289872874438,0.0003031347189666871,0.13758018256850843,0.4897377511794658,0.14269159143289745,0.009870920442712329,0.18481233090698712,0.24499210029386628,1.214306433183765e-17,0.07853778649048558,0.2068453963753093
final,s1_same_spec,industry:Transport,80,47,False,0.6002979275258216,0.4552015870290754,0.14509634049674622,0.12857490570851118,0.16161777528498125,0.1569490054639515,0.15113249728720105,0.21788534152711903,0.0002640176074558469,0.15860625742711656,0.4844215305413875,0.11587639698443405,-0.02921994351231217,0.14401616042973914,0.1909746646268767,6.938893903907228e-18,0.07241801774545245,0.15933477622341566
final,s1_same_spec,guarantee:zero,804,535,False,0.5823521130259778,0.5383764727643601,0.04397564026161779,0.03514604783471076,0.05280523268852483,0.10821802799959757,0.16998097149211436,0.2015060104650099,9.366822892292831e-05,0.04988102407936359,0.5331947190111507,0.04915739401482721,0.005181753753209416,0.1523954450089572,0.20456361098276454,0.0,0.03137229019831332,0.0669424978313411
final,s1_same_spec,guarantee:partial,170,161,False,0.4845003577814371,0.4188963342875969,0.06560402349384016,0.04872559572209954,0.08248245126558078,0.1254736687248018,0.12126928884505825,0.17449894544164865,0.00014532702932277915,0.053892700202615614,0.4275145255391665,0.05698583224227066,-0.008618191251569506,0.12961401926970353,0.16912488476469692,6.938893903907228e-18,0.03129768607024085,0.08267397841430046
final,s1_same_spec,guarantee:full,43,43,False,0.37197285891635745,0.2936313637338964,0.07834149518246107,0.04128222710980248,0.11540076325511966,0.14543926414452168,0.07671772336156454,0.16443293049958546,0.00018280223643454472,0.12004507936709971,0.28615614051718835,0.08581671839916909,0.0074752232167080235,0.12846048329079907,0.1568905234676575,7.806255641895632e-18,0.04609504126564889,0.12553839553268928
final,s1_same_spec,coverage:0-0.5,476,280,False,0.6520821385749609,0.6143971261248745,0.03768501245008644,0.026929559050528372,0.0484404658496445,0.09712100001572976,0.20442765462186865,0.2263253291575059,0.00014640509667411658,0.04380585898341422,0.6099130182121635,0.04216912036279743,0.004484107912710991,0.16512336398769686,0.22528607415991697,0.0,0.015195087791231066,0.0691431529343638
final,s1_same_spec,coverage:0.5-1,347,197,False,0.48701530072372773,0.4288250817807917,0.05819021894293596,0.044510643445356816,0.07186979444051511,0.115606527421166,0.11497033577689435,0.1630430841557919,9.64364219165557e-05,0.05432937769327264,0.42956291125830803,0.05745238946541963,-0.0007378294775163297,0.12889967780967512,0.16510871568173574,2.2768245622195593e-18,0.0353994991637884,0.07950527976705087
final,s1_same_spec,coverage:1-inf,194,116,False,0.449410233589273,0.38885502143618317,0.06055521215308987,0.03587515147801945,0.08523527282816029,0.1413167754028883,0.08806265084749473,0.1665096438184832,9.878952913353768e-05,0.07582043029686891,0.38295778656309176,0.06645244702618129,0.0058972348730914085,0.13792377518791,0.175085186239578,1.1275702593849246e-17,0.0354069882091478,0.09749790584321479
final,s1_same_spec,ead:0-100000,206,161,False,0.5538170868490475,0.5118806054023003,0.04193648144674725,0.026977944847257792,0.0568950180462367,0.10641904695905227,0.1539859338302187,0.1871808787596571,0.00016763606849380913,0.04352917197881672,0.49548061067595733,0.058336476173090256,0.01639999472634301,0.15001830184800222,0.19968192534313955,3.469446951953614e-18,0.026981096104971874,0.08969185624120864
final,s1_same_spec,ead:100000-500000,535,392,False,0.5616299845723297,0.5122907445593147,0.04933924001301516,0.0389507823252221,0.05972769770080821,0.11262761836659366,0.16138632436247324,0.1968007269045531,0.00010902092574169119,0.04850662511008071,0.5058677237855883,0.055762260786741596,0.006423020773726433,0.1479030926105225,0.19861031956602176,5.204170427930421e-18,0.035847062994013856,0.07567745857946934
final,s1_same_spec,ead:500000-inf,276,221,False,0.5507704021450494,0.4969936830430699,0.053776719101979405,0.03932648940437494,0.06822694879958387,0.11860176484396083,0.16111668968917967,0.20006240606496165,0.00015153257917646133,0.05587027611372809,0.5107336936388609,0.040036708506188456,-0.013740010595790952,0.14511665622187508,0.19269190183039464,3.469446951953614e-18,0.014419572988163699,0.06565384402421322
final,s1_captured_features,all,1017,593,False,0.5198967114639651,0.5080562532664645,0.0118404581975006,0.008496667456476958,0.015184248938524244,0.04488714347137781,0.15984118445266027,0.16602427502100234,7.831559262592152e-05,0.015023035302835469,0.5050843042958334,0.014812407168131867,0.0029719489706312666,0.12391407241474119,0.17084594354151494,0.0,0.0005286979665306817,0.029096116369733055
final,s1_captured_features,realized_gt60,420,278,False,0.6359701441432578,0.6358716796413004,9.846450195731034e-05,-0.005079762841221439,0.005276691845136059,0.04257026923043342,0.19500919432261268,0.19960163750006188,0.0001486792866914628,0.0038702582891135635,0.7374939468027738,-0.10152380265951605,-0.10162226716147336,0.10923381886589979,0.13107779033116476,0.0,-0.11203055524098188,-0.09101705007805022
final,s1_captured_features,realized_gt75,168,118,False,0.673417653932723,0.6806122467670764,-0.007194592834353462,-0.01612667805424941,0.0017374923855424844,0.04671612718647266,0.20961814729598643,0.21476071385405793,0.00025269361203607754,-0.00406130870196385,0.826520163810988,-0.15310250987826513,-0.14590791704391165,0.1531541455147209,0.1681141454372334,0.0,-0.16689527806592067,-0.13930974169060958
final,s1_captured_features,realized_gt90,29,21,True,0.7221598728409504,0.7275723062232906,-0.005412433382340317,-0.023524498221987346,0.012699631457306713,0.03860593453879667,0.2046399872049356,0.20824971199223793,0.0005937608066963763,-0.007483954533108671,0.9218784629636897,-0.19971859012273932,-0.19430615674039894,0.19971859012273932,0.21028864280135928,5.551115123125783e-17,-0.23239899053685847,-0.16703818970862017
final,s1_captured_features,realized_le10,37,29,True,0.14316841053999402,0.12429874340464848,0.01886966713534555,0.0036238359159004776,0.03411549835479062,0.04758398302356275,0.07781918738328492,0.0912143703885606,0.0001998968062302793,0.022560000345573688,0.0636248528782027,0.07954355766179133,0.060673890526445784,0.10502645694265648,0.16040640686190863,0.0,0.02154371904808794,0.13754339627549472
final,s1_captured_features,predicted_0.0_0.2,52,37,False,0.12381651027819979,0.10314752326715045,0.020668987011049304,0.006596559765469936,0.034741414256628675,0.052424961411690355,0.05219688924948814,0.0739789958457166,0.00011310009651967822,0.026508920389765517,0.11180291130897116,0.01201359896922862,-0.008655388041820688,0.05405090866699939,0.06365865379740922,3.469446951953614e-18,-0.0063244258680755,0.030351623806532738
final,s1_captured_features,predicted_0.2_0.4,166,132,False,0.3178248245068164,0.2886313062717902,0.029193518235026267,0.021343532860064844,0.03704350360998769,0.05389899257568538,0.07973699275416701,0.09624494487583166,9.669985756935748e-05,0.02683368165916912,0.29634100724389584,0.021483817262920632,-0.0077097009721056355,0.07094188389184322,0.09077367684403438,0.0,0.005168274132845024,0.03779936039299624
final,s1_captured_features,predicted_0.4_0.6,432,302,False,0.509597808002244,0.5014051180814068,0.008192689920837281,0.0034135763670334086,0.012971803474641153,0.04291289746236516,0.1472527804555163,0.15337828438372866,0.00011069847973295989,0.013923529370091881,0.5054239799114063,0.004173828090837788,-0.004018861829999497,0.12613792467566934,0.15879985173884031,4.336808689942018e-18,-0.015072817478756736,0.02342047366043231
final,s1_captured_features,predicted_0.6_0.8,357,251,False,0.6751845707111849,0.6679312893909185,0.007253281320266351,0.0021185888905475595,0.012387973749985143,0.04123547871244759,0.20595142478284245,0.21003893466385593,0.00017031414502810302,0.009038589916320703,0.6567382875935877,0.018446283117597162,0.011193001797330812,0.1511502938931891,0.20950431459837812,1.734723475976807e-18,-0.009129092434300476,0.0460216586694948
final,s1_captured_features,predicted_0.8_1.0,10,6,True,0.8350431355392287,0.8358260197259891,-0.0007828841867606129,-0.04349963260873613,0.041933864235214904,0.046238876319181936,0.16634631561960053,0.17265320849459,0.0008219269339612206,0.010507629264487756,0.5865650885671,0.2484780469721286,0.24926093115888928,0.29813732893041667,0.3927616162796102,5.551115123125783e-17,-0.034966426893895675,0.5319225208381528
final,s1_captured_features,conditional_0.0_0.2,70,46,False,0.1543382112853509,0.11680075864378081,0.03753745264157006,0.025406291129252665,0.04966861415388746,0.057921160751851525,0.0616976004879076,0.08462537898767297,0.00011522302692254813,0.04248043978300799,0.1259397345223743,0.02839847676297661,-0.009138975878593454,0.057631829982195654,0.07174222966630268,5.204170427930421e-18,0.010011862818236909,0.04678509070771632
final,s1_captured_features,conditional_0.2_0.4,181,154,False,0.3467750794429223,0.3143183154947067,0.03245676394821557,0.02583146909376067,0.03908205880267047,0.05390400555723896,0.08271350002201448,0.0987277311650918,9.606321934684096e-05,0.03544408178684146,0.31644973473292826,0.030325344709994064,-0.0021314192382215,0.07958739898560939,0.09983480474993037,3.903127820947816e-18,0.014490144356068404,0.04616054506391973
final,s1_captured_features,conditional_0.4_0.6,410,295,False,0.5234867809296795,0.5093904558269036,0.014096325102775864,0.009951185861764274,0.018241464343787456,0.0382338230581501,0.1604247836978959,0.1649179688516646,0.00012379398976134404,0.015635350202208867,0.5131826439502617,0.010304136979417811,-0.0037921881233580522,0.12737049734836267,0.16598573176564876,8.673617379884035e-19,-0.010177313456432914,0.030785587415268538
final,s1_captured_features,conditional_0.6_0.8,341,243,False,0.6699635682949077,0.6747403332170967,-0.004776764922189106,-0.010258104417721412,0.0007045745733432005,0.043015320096885086,0.1995128016069145,0.20409722136295122,0.00016881599920789728,-0.002375321147939016,0.6667050467292462,0.003258521565661284,0.008035286487850391,0.15190796417675076,0.20775014319013546,1.734723475976807e-18,-0.024583675918223358,0.03110071904954593
final,s1_captured_features,conditional_0.8_1.0,15,10,True,0.8051889613318013,0.8459333897551633,-0.040744428423362025,-0.07348720106734387,-0.008001655779380182,0.062204001162683376,0.15347763913086893,0.16560411671764788,0.0006191836878844657,-0.015156709595391839,0.6550832740903999,0.15010568724140136,0.19085011566476337,0.23723630890280542,0.31692348754449984,2.7755575615628914e-17,-0.049402451382977,0.3496138258657797
final,s1_captured_features,conditional_gt60,356,252,False,0.6756612674397205,0.6819535238015657,-0.0062922563618452694,-0.011855513628089712,-0.0007289990956008269,0.04399305434216291,0.19778945412049173,0.20262294290537436,0.00016379406410573158,-0.003020026614292494,0.6662153652978343,0.009445902141886287,0.015738158503731555,0.15550325960060138,0.21347979047334534,0.0,-0.01870401152392331,0.03759581580769589
final,s1_captured_features,conditional_gt75,54,38,False,0.7615279405414178,0.7921076099167506,-0.030579669375332897,-0.04611251848037015,-0.015046820270295644,0.05574708526105125,0.18507797632046377,0.19329147636142952,0.0003935300387257326,-0.02591660652625059,0.7119869664420185,0.04954097409939933,0.08012064347473224,0.2007413536104981,0.26673311972945113,1.3877787807814457e-17,-0.04375688522222818,0.14283883342102685
final,s1_captured_features,collateral_type:Cash,107,59,False,0.211572162919565,0.17804834739725656,0.03352381552230841,0.023322631188890684,0.043724999855726136,0.05381971517183115,0.07875860760934553,0.09539119463420034,0.00011896690594122465,0.03611127736514678,0.19421502391827292,0.01735713900129207,-0.016166676521016343,0.06885194257879786,0.08686663426613488,3.469446951953614e-18,-0.005281413385674623,0.039995691388258765
final,s1_captured_features,collateral_type:Mortgage,327,190,False,0.4686117747109279,0.46386520357748134,0.004746571133446615,-0.0009342950502478024,0.010427437317141032,0.044204645964616235,0.09869370005755658,0.10814109836647678,8.527772006579546e-05,0.008750162423281783,0.45660280284666976,0.012008971864258231,0.007262400730811618,0.09476596703870362,0.12198240035416635,1.734723475976807e-18,-0.006236482999780905,0.030254426728297368
final,s1_captured_features,collateral_type:Other,195,116,False,0.555079835462542,0.5469657098693036,0.008114125593238333,0.00018586260354930793,0.016042388582927357,0.047763819643813446,0.15704546254013219,0.1641482859228533,0.0001757227994146738,0.011206196645159067,0.5302463701033051,0.02483346535923688,0.016719339765998542,0.12864035287518816,0.16976178180187115,3.469446951953614e-18,-0.0065058520078034275,0.05617278272627718
final,s1_captured_features,collateral_type:Unsecured,388,228,False,0.6304642161876032,0.6167520654797356,0.013712150707867507,0.008536745221549912,0.018887556194185102,0.04109744268828922,0.21131256108313798,0.2152719170422193,0.00016762140510963108,0.01586362319838015,0.6190272453829944,0.011436970804608825,-0.0022751799032586766,0.16128895298335735,0.21771869668494806,5.204170427930421e-18,-0.01828000735288013,0.04115394896209778
final,s1_captured_features,lien_rank:First,348,300,False,0.38592534991097005,0.36598172462435485,0.01994362528661519,0.014811143186177935,0.025076107387052446,0.048635856759227894,0.10704723677954425,0.1175778782970672,8.966147216492095e-05,0.020666201040501358,0.368085587571025,0.01783976233994502,-0.0021038629466701687,0.08974026259726335,0.1204084995586466,2.168404344971009e-18,0.0044171560782408185,0.031262368601649215
final,s1_captured_features,lien_rank:Second,281,219,False,0.5331417007439324,0.5339208825501125,-0.0007791818061799544,-0.00658873371969927,0.005030370107339361,0.045062268921196746,0.12892115605591797,0.13656966192797218,0.00012016861543017894,0.0010289685399191746,0.5174177287741779,0.01572397196975451,0.016503153775934466,0.11462948933950709,0.14910655634078798,3.469446951953614e-18,-0.0045267128289750574,0.035974656768484076
final,s1_captured_features,lien_rank:Unsecured,388,228,False,0.6304642161876032,0.6167520654797356,0.013712150707867507,0.008536745221549912,0.018887556194185102,0.04109744268828922,0.21131256108313798,0.2152719170422193,0.00016762140510963108,0.01586362319838015,0.6190272453829944,0.011436970804608825,-0.0022751799032586766,0.16128895298335735,0.21771869668494806,5.204170427930421e-18,-0.01828000735288013,0.04115394896209778
final,s1_captured_features,product_type:Financial Guarantee,39,39,False,0.5506207828271048,0.5348613713508988,0.01575941147620599,0.004115783786031066,0.027403039166380913,0.039867513524222284,0.17594406038568286,0.18040435421464993,0.0004402124619145338,0.02468497341076063,0.5532317206872822,-0.002610937860177347,-0.01837034933638334,0.1348553416176936,0.17602224164522823,3.469446951953614e-18,-0.058571753907077306,0.05334987818672261
final,s1_captured_features,product_type:Import LC,88,88,False,0.4997079446012935,0.4946400827539508,0.00506786184734257,-0.003875011653465454,0.014010735348150595,0.042858626351440825,0.14843420778266617,0.15449781840789897,0.00024723655805423397,0.012309217505353819,0.47988040962397044,0.019827534977323025,0.014759673129980454,0.12147054480958008,0.16442679031241877,0.0,-0.01447200686827645,0.054127076822922504
final,s1_captured_features,product_type:OVD,362,362,False,0.5331515991034057,0.524507923071715,0.008643676031690703,0.0039085003711106054,0.0133788516922708,0.04670895307074209,0.15961311474465384,0.16630716369253257,0.00013107936034482484,0.011656484257844412,0.5123412212158346,0.020810377887571188,0.012166701855880485,0.12666536033412923,0.1742448653365199,0.0,0.0029643002369081108,0.03865645553823427
final,s1_captured_features,product_type:Performance Guarantee,65,65,False,0.5509170545553935,0.5390674271304474,0.011849627424946288,0.00230583888793489,0.021393415961957686,0.0407166599865325,0.17375520616890366,0.17846209141231395,0.00033674501376020565,0.009003373205680154,0.5382626850636739,0.012654369491719764,0.0008047420667734682,0.13477980008114757,0.1858690522197936,8.131516293641283e-18,-0.032777887437016776,0.05808662642045631
final,s1_captured_features,product_type:Term Loan,463,463,False,0.5064275561169509,0.4911318312991833,0.015295724817767576,0.011459112273622871,0.01913233736191228,0.0447679905734374,0.1586424702302914,0.16483812162467842,0.00011519907560471725,0.016537038075997657,0.49548731685934816,0.010940239257602694,-0.004355485560164887,0.11978034110848663,0.16666355076671843,4.336808689942018e-18,-0.004224607060971048,0.026105085576176433
final,s1_captured_features,industry:Construction,152,91,False,0.5391219719626941,0.5109817486100214,0.028140223352672855,0.02129278818481625,0.03498765852052946,0.045159399280350364,0.16782844530020957,0.17379803910069744,0.00021269819455286282,0.030091194958179034,0.5297363943298731,0.009385577632821161,-0.0187546457198517,0.10242673472322325,0.14989735057962375,6.938893903907228e-18,-0.022002075501198086,0.04077323076684041
final,s1_captured_features,industry:Hospitality,88,56,False,0.6259556651996395,0.6560502789851326,-0.03009461378549302,-0.04654874714003602,-0.013640480430950022,0.06662461446104334,0.14943957418969017,0.163618536804601,0.0002489111271024948,-0.027450507811640195,0.6200403145615817,0.005915350638057728,0.03600996442355075,0.1525610860106008,0.20226264052816453,0.0,-0.048767128883864086,0.060597830159979535
final,s1_captured_features,industry:Manufacturing,174,104,False,0.5241042794919025,0.5130089555167704,0.01109532397513216,0.0034518616138661208,0.018738786336398198,0.040595349922728605,0.16668280321239431,0.17155506207072568,0.00019744047970869294,0.010785415407664036,0.5034354601868966,0.02066881930500602,0.009573495329873848,0.12405268585367217,0.17194473160694884,1.0408340855860843e-17,-0.015177166430021816,0.05651480504003385
final,s1_captured_features,industry:Retail,225,125,False,0.4885805981979055,0.4715362300971032,0.01704436810080233,0.010894815387890236,0.023193920813714422,0.04150743518834816,0.1538223119416588,0.15932410623314952,0.00016023157493922792,0.017031165880802255,0.4699984282099382,0.018582169987967294,0.0015378018871649586,0.12239334535230811,0.16549718593042387,6.288372600415926e-18,-0.010810967649222594,0.047975307625157185
final,s1_captured_features,industry:Services,225,127,False,0.5095203744304606,0.5024212853780814,0.007099089052379277,0.00018630627567258785,0.014011871829085967,0.04211571037284179,0.15980434257183612,0.16526088758392243,0.00016646285684566263,0.017711663593703745,0.4921567251117089,0.017363649318751718,0.010264560266372437,0.12729395207606867,0.1740014568912061,3.469446951953614e-18,-0.014645128336255007,0.049372426973758446
final,s1_captured_features,industry:Technology,73,43,False,0.5208047391145566,0.4996086716221782,0.021196067492378554,0.01151142077413833,0.030880714210618776,0.041558227275568974,0.16575898714797774,0.17088922749726296,0.0003031347189666871,0.027656053916467308,0.4897377511794658,0.031066987935090887,0.009870920442712329,0.144368471792231,0.19778190971469486,5.204170427930421e-18,-0.03236134216954048,0.09449531803972225
final,s1_captured_features,industry:Transport,80,47,False,0.4739838481827345,0.4552015870290754,0.018782261153659125,0.008821552069173726,0.028742970238144525,0.04314866788753112,0.15113249728720105,0.15717136913806626,0.0002640176074558469,0.022486551959887434,0.4844215305413875,-0.010437682358653042,-0.02921994351231217,0.1090333087271547,0.1455340095877132,3.469446951953614e-18,-0.050921692542402267,0.030046327825096183
final,s1_captured_features,guarantee:zero,804,535,False,0.5487509350095559,0.5383764727643601,0.010374462245195788,0.006778192318437544,0.013970732171954032,0.04351215440528592,0.16998097149211436,0.17546178572667168,9.366822892292831e-05,0.013636015297195301,0.5331947190111507,0.015556215998405202,0.005181753753209416,0.13325414337951136,0.18265844334751377,1.734723475976807e-18,-0.0008115590985412497,0.031923991095351656
final,s1_captured_features,guarantee:partial,170,161,False,0.43646214134170874,0.4188963342875969,0.017565807054111725,0.010892827131946397,0.02423878697627705,0.046967412180347154,0.12126928884505825,0.13004683088758753,0.00014532702932277915,0.018321266826035562,0.4275145255391665,0.008947615802542223,-0.008618191251569506,0.09029767410404901,0.11813410244154088,3.469446951953614e-18,-0.010398226565563471,0.028293458170647916
final,s1_captured_features,guarantee:full,43,43,False,0.3102474368157964,0.2936313637338964,0.016616073081900076,-0.0006412229511206444,0.033873369114920795,0.05943131129211629,0.07671772336156454,0.09704478265049582,0.00018280223643454472,0.029475547673904617,0.28615614051718835,0.024091296298608105,0.0074752232167080235,0.08217850630177458,0.1064580852174178,6.071532165918825e-18,-0.007270064808454404,0.05545265740567061
final,s1_captured_features,coverage:0-0.5,476,280,False,0.6246784921619352,0.6143971261248745,0.010281366037060712,0.005375932751572135,0.01518679932254929,0.042392023535054744,0.20442765462186865,0.20877679381002728,0.00014640509667411658,0.013530707786709662,0.6099130182121635,0.0147654739497717,0.004484107912710991,0.15815100653093458,0.21270643790546898,3.469446951953614e-18,-0.0112440391891859,0.0407749870887293
final,s1_captured_features,coverage:0.5-1,347,197,False,0.44266532152271737,0.4288250817807917,0.013840239741925645,0.00839871843897461,0.01928176104487668,0.044350144662367655,0.11497033577689435,0.12322789229807013,9.64364219165557e-05,0.016440816178895975,0.42956291125830803,0.013102410264409316,-0.0007378294775163297,0.0985407226207587,0.1283130198328663,5.421010862427522e-19,-0.005704035288938116,0.03190885581775675
final,s1_captured_features,coverage:1-inf,194,116,False,0.4009439521721059,0.38885502143618317,0.012088930735922742,0.0038547598134069418,0.020323101658438543,0.051331237506436644,0.08806265084749473,0.1019309885080586,9.878952913353768e-05,0.01649686514010235,0.38295778656309176,0.017986165609014153,0.0058972348730914085,0.08529433911166845,0.1120404081350182,2.6020852139652106e-18,-0.0024317747298440995,0.038404105947872406
final,s1_captured_features,ead:0-100000,206,161,False,0.5168282265408445,0.5118806054023003,0.004947621138544208,-0.0019303356164014048,0.01182557789348982,0.04523865811816951,0.1539859338302187,0.16049362606003115,0.00016763606849380913,0.007377370555453678,0.49548061067595733,0.02134761586488722,0.01639999472634301,0.13120538181868607,0.17756189918665707,3.469446951953614e-18,-0.008062603562484363,0.0507578352922588
final,s1_captured_features,ead:100000-500000,535,392,False,0.5258651487962018,0.5122907445593147,0.013574404236887157,0.009340687352950731,0.017808121120823583,0.04558541266383106,0.16138632436247324,0.16770085133642343,0.00010902092574169119,0.013792233446212478,0.5058677237855883,0.01999742501061359,0.006423020773726433,0.1273421790288005,0.1751288082542193,1.734723475976807e-18,0.0016078955225538594,0.03838695449867332
final,s1_captured_features,ead:500000-inf,276,221,False,0.5106177039328649,0.4969936830430699,0.013624020889794834,0.008187536085825751,0.019060505693763916,0.04322907350485702,0.16111668968917967,0.16681528854540806,0.00015153257917646133,0.015928848625137573,0.5107336936388609,-0.00011598970599611575,-0.013740010595790952,0.11182694641570361,0.1567470493551521,1.734723475976807e-18,-0.021674558071918013,0.02144257865992578
final,governed_v5_8000,all,1017,593,False,0.5053557038288807,0.5080562532664645,-0.0027005494375838685,-0.008795423599221266,0.0033943247240535287,0.07773161837239143,0.15984118445266027,0.17773972190261939,7.831559262592152e-05,-0.005557373431439849,0.5050843042958334,0.00027139953304740024,0.0029719489706312666,0.13049246264111167,0.18099936269355066,2.168404344971009e-18,-0.014761500409843623,0.015304299475938423
final,governed_v5_8000,realized_gt60,420,278,False,0.6482248844186814,0.6358716796413004,0.012353204777380973,0.002354204148871601,0.022352205405890346,0.08675815901172658,0.19500919432261268,0.21343749442274326,0.0001486792866914628,0.009444211594456563,0.7374939468027738,-0.08926906238409239,-0.10162226716147336,0.11226517146587367,0.14105612930669548,0.0,-0.10262139685041886,-0.07591672791776592
final,governed_v5_8000,realized_gt75,168,118,False,0.7054418705444438,0.6806122467670764,0.02482962377736749,0.009942534507007413,0.039716713047727566,0.08804127190646212,0.20961814729598643,0.2273566212686788,0.00025269361203607754,0.015103271488338857,0.826520163810988,-0.12107829326654418,-0.14590791704391165,0.12836212950264994,0.15540258946712748,2.7755575615628914e-17,-0.13952400915229052,-0.10263257738079785
final,governed_v5_8000,realized_gt90,29,21,True,0.7545017584175419,0.7275723062232906,0.02692945219425116,-0.00025146099607551223,0.054110365384577835,0.07209619146333286,0.2046399872049356,0.2169686271947024,0.0005937608066963763,0.0038900448839301383,0.9218784629636897,-0.16737670454614784,-0.19430615674039894,0.16737670454614784,0.19259799558762278,5.551115123125783e-17,-0.2143477778434991,-0.12040563124879658
final,governed_v5_8000,realized_le10,37,29,True,0.10548723621153719,0.12429874340464848,-0.018811507193111282,-0.03168874501540295,-0.005934269370819619,0.041919653696679396,0.07781918738328492,0.08839164717915565,0.0001998968062302793,-0.018004365122115704,0.0636248528782027,0.041862383333334495,0.060673890526445784,0.07584647978996381,0.14076189969379255,6.938893903907228e-18,-0.014460147868931454,0.09818491453560044
final,governed_v5_8000,predicted_0.0_0.2,88,49,False,0.09804845288900056,0.14553031380511625,-0.0474818609161157,-0.06083596063562694,-0.034127761196604454,0.0703410336251704,0.06968290764103446,0.0990129720226915,0.00011606598302195615,-0.050172231769213614,0.1591751145836273,-0.06112666169462671,-0.01364480077851102,0.07648721600646985,0.10231721278936234,8.673617379884035e-18,-0.08348912324305525,-0.03876420014619816
final,governed_v5_8000,predicted_0.2_0.4,199,162,False,0.3198847727012724,0.36394950870264886,-0.044064736001376455,-0.057152144781016906,-0.030977327221736004,0.09301814663830453,0.08754900120573508,0.12773880857494693,9.697162729999647e-05,-0.04753462290701592,0.36986103334156284,-0.04997626064029039,-0.005911524638913929,0.09962217975273452,0.12974078835183803,7.806255641895632e-18,-0.06881212619243579,-0.031140395088145
final,governed_v5_8000,predicted_0.4_0.6,353,266,False,0.4946657716161054,0.5140711473383407,-0.01940537572223524,-0.027987548745724164,-0.010823202698746313,0.07701041061912146,0.14756741670577492,0.16645343438013382,0.00012272220447690494,-0.023754937524288127,0.5103753672408251,-0.015709595624719762,0.0036957800975154762,0.13840385820708787,0.17208278527290558,1.3010426069826053e-18,-0.03806853896501338,0.006649347715573857
final,governed_v5_8000,predicted_0.6_0.8,320,236,False,0.686589908119356,0.6467829048794187,0.03980700323993742,0.03278038557053521,0.046833620909339624,0.06769336415183935,0.21000677735467121,0.22064731606137425,0.00018343337105496417,0.042860199407139817,0.6426863278210062,0.04390358029834976,0.004096577058412346,0.1485253172462452,0.21128404909503043,4.336808689942018e-18,0.01623610037440465,0.07157106022229487
final,governed_v5_8000,predicted_0.8_1.0,57,43,False,0.8304496349738123,0.7547885114643672,0.07566112350944504,0.06271433166230495,0.08860791535658513,0.08663486399586776,0.19784135812300455,0.21597870877366002,0.00040944887562439474,0.0700501866518697,0.7059447756455964,0.12450485932821573,0.048843735818770675,0.17141196948678172,0.2749301073917639,1.3877787807814457e-17,0.04173968853929831,0.20727003011713313
final,governed_v5_8000,conditional_0.0_0.2,70,46,False,0.09255946137452298,0.11680075864378081,-0.024241297269257854,-0.03520689481708265,-0.013275699721433063,0.04992387638895667,0.0616976004879076,0.07936615991507515,0.00011522302692254813,-0.027635773790884405,0.1259397345223743,-0.03338027314785131,-0.009138975878593454,0.05815344815497807,0.07216450741311377,1.734723475976807e-18,-0.05198417705395508,-0.014776369241747536
final,governed_v5_8000,conditional_0.2_0.4,181,154,False,0.30754867214601234,0.3143183154947067,-0.006769643348694379,-0.017712188803762838,0.0041729021063740815,0.06818150078112023,0.08271350002201448,0.10719253768177002,9.606321934684096e-05,-0.014318020360460777,0.31644973473292826,-0.008901062586915878,-0.0021314192382215,0.08325751368195855,0.10678643299807143,4.336808689942018e-19,-0.02634990441094514,0.008547779237113383
final,governed_v5_8000,conditional_0.4_0.6,410,295,False,0.4984454845429156,0.5093904558269036,-0.010944971283987989,-0.019255275462538822,-0.0026346671054371575,0.07276965091707213,0.1604247836978959,0.1761576944646734,0.00012379398976134404,-0.009352786499083648,0.5131826439502617,-0.014737159407346039,-0.0037921881233580522,0.1382950011044125,0.17635271270346503,2.6020852139652106e-18,-0.03609052773464682,0.006616208919954743
final,governed_v5_8000,conditional_0.6_0.8,341,243,False,0.6917674501882954,0.6747403332170967,0.0170271169711987,0.006120677669587028,0.02793355627281037,0.08950774256118585,0.1995128016069145,0.2186709719725953,0.00016881599920789728,0.009979278024161821,0.6667050467292462,0.025062403459049087,0.008035286487850391,0.15789648763454123,0.22322463188621425,3.469446951953614e-18,-0.004251971349477714,0.05437677826757589
final,governed_v5_8000,conditional_0.8_1.0,15,10,True,0.7697286441681805,0.8459333897551633,-0.0762047455869829,-0.13171503545082971,-0.020694455723136086,0.1227316089684472,0.15347763913086893,0.19651573360209368,0.0006191836878844657,-0.010620153483514631,0.6550832740903999,0.11464537007778049,0.19085011566476337,0.20178869483599385,0.27643844612141943,2.7755575615628914e-17,-0.06742674898457622,0.2967174891401372
final,governed_v5_8000,conditional_gt60,356,252,False,0.6950523319571108,0.6819535238015657,0.013098808155544981,0.001960703668751229,0.024236912642338734,0.09115232322188599,0.19778945412049173,0.21778295201881454,0.00016379406410573158,0.008940222983203442,0.6662153652978343,0.028836966659276535,0.015738158503731555,0.15974587838741142,0.22572008859750245,3.469446951953614e-18,-0.0002518062357460167,0.05792573955429908
final,governed_v5_8000,conditional_gt75,54,38,False,0.7659034947091713,0.7921076099167506,-0.02620411520757975,-0.05843960411419999,0.006031373699040488,0.10130469745675973,0.18507797632046377,0.2109893339618943,0.0003935300387257326,-0.024678390843098037,0.7119869664420185,0.053916528267152486,0.08012064347473224,0.18941349710725028,0.2533962174763443,1.3877787807814457e-17,-0.03336086184392087,0.14119391837822584
final,governed_v5_8000,collateral_type:Cash,107,59,False,0.1280281586314267,0.17804834739725656,-0.05002018876582986,-0.06548353880222973,-0.034556838729429974,0.08150370063565769,0.07875860760934553,0.11333918779429192,0.00011896690594122465,-0.051824716580988944,0.19421502391827292,-0.06618686528684621,-0.016166676521016343,0.08712885118079076,0.11728264458750609,1.0408340855860843e-17,-0.09032727655366457,-0.042046454020027844
final,governed_v5_8000,collateral_type:Mortgage,327,190,False,0.4196974940863064,0.46386520357748134,-0.04416770949117497,-0.05374810379223238,-0.034587315190117554,0.08313051182941084,0.09869370005755658,0.12903925150151313,8.527772006579546e-05,-0.05035654996271007,0.45660280284666976,-0.036905308760363346,0.007262400730811618,0.106267595655879,0.1354001569242053,3.469446951953614e-18,-0.056401578345405746,-0.017409039175320946
final,governed_v5_8000,collateral_type:Other,195,116,False,0.5545339148506121,0.5469657098693036,0.0075682049813084774,-0.005654186928381004,0.020790596890997957,0.07601416471495001,0.15704546254013219,0.17447472751592308,0.0001757227994146738,0.0088799690905373,0.5302463701033051,0.02428754474730702,0.016719339765998542,0.13727429090751872,0.1812845390038224,0.0,-0.008371109788795638,0.056946199283409674
final,governed_v5_8000,collateral_type:Unsecured,388,228,False,0.6568879996348389,0.6167520654797356,0.040135934155103255,0.03310401330204889,0.04716785500815762,0.07264522927712087,0.21131256108313798,0.22345095168345197,0.00016762140510963108,0.03535639663687981,0.6190272453829944,0.037860754251844576,-0.0022751799032586766,0.15945890959594677,0.223851250537338,1.734723475976807e-18,0.007978472514957462,0.06774303598873169
final,governed_v5_8000,lien_rank:First,348,300,False,0.33010063306233944,0.36598172462435485,-0.03588109156201539,-0.04395497102088562,-0.027807212103145157,0.07935323159629293,0.10704723677954425,0.13325181524808852,8.966147216492095e-05,-0.04233807124254519,0.368085587571025,-0.03798495450868556,-0.0021038629466701687,0.10046786302749125,0.13333141779286156,2.168404344971009e-18,-0.052395722931369286,-0.023574186086001835
final,governed_v5_8000,lien_rank:Second,281,219,False,0.5131643652311747,0.5339208825501125,-0.020756517318937726,-0.03080848088137187,-0.010704553756503579,0.0823581424974348,0.12892115605591797,0.15298211697588096,0.00012016861543017894,-0.014229008627139064,0.5174177287741779,-0.004253363543003256,0.016503153775934466,0.12767957739934607,0.16541518032964336,3.469446951953614e-18,-0.026432735978306594,0.01792600889230008
final,governed_v5_8000,lien_rank:Unsecured,388,228,False,0.6568879996348389,0.6167520654797356,0.040135934155103255,0.03310401330204889,0.04716785500815762,0.07264522927712087,0.21131256108313798,0.22345095168345197,0.00016762140510963108,0.03535639663687981,0.6190272453829944,0.037860754251844576,-0.0022751799032586766,0.15945890959594677,0.223851250537338,1.734723475976807e-18,0.007978472514957462,0.06774303598873169
final,governed_v5_8000,product_type:Financial Guarantee,39,39,False,0.5229488144643673,0.5348613713508988,-0.01191255688653134,-0.03144883245905543,0.007623718685992747,0.06258785591459366,0.17594406038568286,0.1867446173065954,0.0004402124619145338,0.004128551519655303,0.5532317206872822,-0.030282906222914675,-0.01837034933638334,0.13970612400466528,0.17754470732653677,3.469446951953614e-18,-0.0859067443257144,0.025340931879885047
final,governed_v5_8000,product_type:Import LC,88,88,False,0.468863030298851,0.4946400827539508,-0.02577705245509989,-0.04129271000799924,-0.010261394902200535,0.07820710588985642,0.14843420778266617,0.1677768322854348,0.00024723655805423397,-0.02535887685742481,0.47988040962397044,-0.011017379325119436,0.014759673129980454,0.12749073466664174,0.17621610596338672,0.0,-0.047973940538049153,0.02593918188781028
final,governed_v5_8000,product_type:OVD,362,362,False,0.5362922328944842,0.524507923071715,0.011784309822769193,0.0032895962290468896,0.020279023416491494,0.08318564279481172,0.15961311474465384,0.1799894373725193,0.00013107936034482484,0.016635252844446592,0.5123412212158346,0.023951011678649676,0.012166701855880485,0.1366241595968355,0.18843766098427317,1.734723475976807e-18,0.004669837730019912,0.04323218562727944
final,governed_v5_8000,product_type:Performance Guarantee,65,65,False,0.5360327131558764,0.5390674271304474,-0.0030347139745709882,-0.021061035734764776,0.0149916077856228,0.07363938108699428,0.17375520616890366,0.18871573892411247,0.00033674501376020565,-0.007906849005318782,0.5382626850636739,-0.0022299719077975132,0.0008047420667734682,0.14839692754999328,0.1981599859265068,6.830473686658678e-18,-0.050776094255954425,0.046316150440359395
final,governed_v5_8000,product_type:Term Loan,463,463,False,0.4823150879063223,0.4911318312991833,-0.008816743392860938,-0.01559788909736721,-0.0020355976883546668,0.07488573407549805,0.1586424702302914,0.17542892158590928,0.00011519907560471725,-0.01777451763788015,0.49548731685934816,-0.013172228953025828,-0.004355485560164887,0.12297918996622056,0.1735738271115141,2.6020852139652106e-18,-0.028954341945938288,0.0026098840398866303
final,governed_v5_8000,industry:Construction,152,91,False,0.5240469360836311,0.5109817486100214,0.013065187473609746,0.0011432330372225866,0.024987141909996905,0.062371337516394905,0.16782844530020957,0.17904348855925895,0.00021269819455286282,0.013579977782909031,0.5297363943298731,-0.00568945824624195,-0.0187546457198517,0.10911138739499714,0.15404345273522507,3.469446951953614e-18,-0.037613387432732404,0.0262344709402485
final,governed_v5_8000,industry:Hospitality,88,56,False,0.4953647857231692,0.6560502789851326,-0.16068549326196327,-0.1775929408966773,-0.14377804562724925,0.17369588171489841,0.14943957418969017,0.22913412155048382,0.0002489111271024948,-0.15680029750793115,0.6200403145615817,-0.12467552883841253,0.03600996442355075,0.2195391606104633,0.24626418018551102,6.938893903907228e-18,-0.18289929705683455,-0.06645176061999049
final,governed_v5_8000,industry:Manufacturing,174,104,False,0.5323625228252655,0.5130089555167704,0.019353567308495176,0.008641439742667003,0.030065694874323347,0.060461537931869556,0.16668280321239431,0.17730976976982588,0.00019744047970869294,0.012869773065234413,0.5034354601868966,0.02892706263836903,0.009573495329873848,0.11716610750943281,0.1721987513487284,6.938893903907228e-18,-0.0061482931893949815,0.06400241846613304
final,governed_v5_8000,industry:Retail,225,125,False,0.4818055179191467,0.4715362300971032,0.010269287822043482,-0.00012289579740551101,0.020661471441492475,0.06043662091559024,0.1538223119416588,0.16526914049141705,0.00016023157493922792,0.015598774153718199,0.4699984282099382,0.011807089709208442,0.0015378018871649586,0.12224550708952936,0.1732058685547994,1.0842021724855044e-18,-0.0190891111081884,0.042703290526605285
final,governed_v5_8000,industry:Services,225,127,False,0.5149576976906349,0.5024212853780814,0.012536412312553705,0.0027759591600310628,0.022296865465076348,0.06150784469762876,0.15980434257183612,0.1712327155194485,0.00016646285684566263,0.011154923474335731,0.4921567251117089,0.022800972578926146,0.010264560266372437,0.13004619363796366,0.18499335321242014,3.469446951953614e-18,-0.010378391417295234,0.055980336575147525
final,governed_v5_8000,industry:Technology,73,43,False,0.5025459220541763,0.4996086716221782,0.0029372504319982212,-0.012398389518677232,0.018272890382673674,0.05863449475242879,0.16575898714797774,0.1758239056419691,0.0003031347189666871,-0.0050572424995147325,0.4897377511794658,0.012808170874710546,0.009870920442712329,0.1506524089356865,0.20555223890283209,3.469446951953614e-18,-0.05325883451174314,0.07887517626116423
final,governed_v5_8000,industry:Transport,80,47,False,0.4638857571483615,0.4552015870290754,0.008684170119286183,-0.009343687624845515,0.02671202786341788,0.06505074272552655,0.15113249728720105,0.16453762750631987,0.0002640176074558469,0.00881086096500581,0.4844215305413875,-0.020535773393025984,-0.02921994351231217,0.1082037033202233,0.1449118499907493,3.469446951953614e-18,-0.06057136734162198,0.019499820555570018
final,governed_v5_8000,guarantee:zero,804,535,False,0.537156836461555,0.5383764727643601,-0.001219636302805,-0.007977801325594482,0.005538528719984481,0.07789300936803573,0.16998097149211436,0.1869782115055439,9.366822892292831e-05,-0.004329350308327052,0.5331947190111507,0.003962117450404417,0.005181753753209416,0.13804008378553384,0.19137513911109413,1.734723475976807e-18,-0.01306620303489964,0.020990437935708473
final,governed_v5_8000,guarantee:partial,170,161,False,0.4035270516710401,0.4188963342875969,-0.015369282616556798,-0.026272281671534146,-0.004466283561579451,0.07282541915884952,0.12126928884505825,0.14145593692966124,0.00014532702932277915,-0.01858637367726647,0.4275145255391665,-0.023987473868126302,-0.008618191251569506,0.10301181324444861,0.13679702257543858,1.734723475976807e-18,-0.045793491457657806,-0.0021814562785948018
final,governed_v5_8000,guarantee:full,43,43,False,0.31332687197220055,0.2936313637338964,0.019695508238304217,-0.007531948260079621,0.046922964736688055,0.09215682740158924,0.07671772336156454,0.11991034114915969,0.00018280223643454472,0.02697554197874131,0.28615614051718835,0.02717073145501225,0.0074752232167080235,0.09801392769500228,0.12670852714894787,9.540979117872439e-18,-0.010258893731919221,0.06460035664194372
final,governed_v5_8000,coverage:0-0.5,476,280,False,0.6532526234337662,0.6143971261248745,0.03885549730889176,0.03201738510155272,0.045693609516230804,0.07402974864561992,0.20442765462186865,0.2174191106106629,0.00014640509667411658,0.03560377461839859,0.6099130182121635,0.04333960522160275,0.004484107912710991,0.1566195552964394,0.22022881355811103,0.0,0.017186565536738987,0.06949264490646652
final,governed_v5_8000,coverage:0.5-1,347,197,False,0.39928629734562965,0.4288250817807917,-0.029538784435162172,-0.03800289151927651,-0.021074677351047837,0.0718406416272828,0.11497033577689435,0.13557011432491864,9.64364219165557e-05,-0.040488194985773496,0.42956291125830803,-0.030276613912678503,-0.0007378294775163297,0.11187762796986928,0.1422887532091552,1.1926223897340549e-18,-0.05048811116716452,-0.010065116658192486
final,governed_v5_8000,coverage:1-inf,194,116,False,0.33219668484827597,0.38885502143618317,-0.05665833658790721,-0.07048133483109989,-0.04283533834471454,0.0948508276579679,0.08806265084749473,0.12942839712246032,9.878952913353768e-05,-0.053355150739183475,0.38295778656309176,-0.050761101714815814,0.0058972348730914085,0.09968241896577708,0.12855184194390087,9.540979117872439e-18,-0.07274305631662979,-0.028779147113001835
final,governed_v5_8000,ead:0-100000,206,161,False,0.5076620239452937,0.5118806054023003,-0.004218581457006524,-0.01527046022860516,0.006833297314592113,0.07362639460349155,0.1539859338302187,0.17068249412248912,0.00016763606849380913,-0.0034684237270394282,0.49548061067595733,0.01218141326933649,0.01639999472634301,0.13597061124246468,0.18883831211384952,3.469446951953614e-18,-0.01936872773365077,0.04373155427232375
final,governed_v5_8000,ead:100000-500000,535,392,False,0.5123681111109131,0.5122907445593147,7.736655159837134e-05,-0.0075786188653910545,0.007733351968587798,0.07803370467947834,0.16138632436247324,0.1792618329629413,0.00010902092574169119,0.0013325867215602059,0.5058677237855883,0.006500387325324803,0.006423020773726433,0.13141850307727315,0.1829044841358993,1.734723475976807e-18,-0.012692932385901341,0.025693707036550946
final,governed_v5_8000,ead:500000-inf,276,221,False,0.4900414290467489,0.4969936830430699,-0.00695225399632094,-0.0178230130949748,0.00391850510233292,0.08009220453062262,0.16111668968917967,0.1799259540004568,0.00015153257917646133,-0.008992866672802764,0.5107336936388609,-0.020692264592111886,-0.013740010595790952,0.12460865740478871,0.17103525762416227,6.938893903907228e-18,-0.04406418348371989,0.0026796542994961224
selection,frozen_v5,all,1055,618,False,0.5267662409969471,0.5293493391613708,-0.002583098164423583,-0.009614699640752343,0.0044485033119051765,0.08774642608744372,0.1614090622553627,0.18371804666192915,7.764646895702394e-05,-0.003261445238623965,0.5274854086396781,-0.0007191676427308385,0.0018639305216927465,0.13446975215011572,0.18792615659337977,1.951563910473908e-18,-0.016342354477170338,0.01490401919170866
selection,frozen_v5,realized_gt60,470,317,False,0.6599683422093457,0.6543871091128725,0.005581233096473356,-0.005758382479806774,0.016920848672753487,0.09581098953435803,0.1911089300960942,0.21378112376453326,0.0001377374626145762,0.0030772055846963408,0.7519924428958851,-0.0920241006865394,-0.09760533378301275,0.11680228067546987,0.14489912667361168,1.3877787807814457e-17,-0.10525069088062143,-0.07879751049245738
selection,frozen_v5,realized_gt75,216,149,False,0.7103077673110992,0.7056387994220991,0.004668967888999883,-0.01166289967579805,0.021000835453797818,0.09645467659520579,0.19912295414434542,0.22125427793436409,0.00021169688963943543,0.0016544644759017894,0.8371509894047917,-0.1268432220936926,-0.13151218998269248,0.13524399138106638,0.16323131904102928,2.7755575615628914e-17,-0.1441731831694603,-0.10951326101792488
selection,frozen_v5,realized_gt90,34,27,True,0.7469342025057801,0.7716666103938199,-0.024732407888039855,-0.061548381578764966,0.012083565802685256,0.09109211542025297,0.19525693306145647,0.21546007379629012,0.000523223246239146,-0.020014089043842026,0.9410380141153236,-0.1941038116095434,-0.16937140372150353,0.19433345915338482,0.2192818485210283,2.7755575615628914e-17,-0.23599502388726906,-0.15221259933181774
selection,frozen_v5,realized_le10,25,20,True,0.1582010657967447,0.14860552589241102,0.009595539904333691,-0.009143963048088458,0.02833504285675584,0.04503907693821707,0.08211191234307527,0.09365300102016762,0.00025659972607211025,0.022120031480408205,0.066425059603732,0.09177600619301271,0.08218046628867903,0.10579345042389734,0.19703678933053997,1.3877787807814457e-17,0.009369339215749464,0.17418267317027597
selection,frozen_v5,predicted_0.0_0.2,61,38,False,0.12436802641297642,0.17872063495742957,-0.05435260854445316,-0.08651422498287126,-0.022190992106035062,0.10310005347796775,0.07902217493522937,0.12990044325811134,0.00015808988631591038,-0.05362569094829834,0.1651839016239115,-0.04081587521093507,0.013536733333518097,0.07041662905051821,0.10086836960603807,6.938893903907228e-18,-0.07441522862656211,-0.007216521795308024
selection,frozen_v5,predicted_0.2_0.4,212,172,False,0.32459589840562647,0.3624682113764075,-0.03787231297078106,-0.05214029438517923,-0.023604331556382883,0.09834339090691917,0.08970271836937459,0.1331089787276818,9.626262486677906e-05,-0.03101267185146228,0.3658938567942886,-0.0412979583886622,-0.0034256454178811513,0.1011392320844984,0.12839270603837646,6.938893903907228e-18,-0.06026707129835081,-0.0223288454789736
selection,frozen_v5,predicted_0.4_0.6,351,261,False,0.48778690170886246,0.5184854019578176,-0.03069850024895499,-0.04097438558469386,-0.02042261491321612,0.087052305566496,0.13967280224399256,0.1645800583033438,0.0001164872289589248,-0.03141552522969231,0.5250623752936915,-0.03727547358482896,-0.006576973335873977,0.13014885121358888,0.1647540355642646,6.071532165918825e-18,-0.05795273302452981,-0.01659821414512811
selection,frozen_v5,predicted_0.6_0.8,371,268,False,0.6940248818118044,0.6546192533049694,0.03940562850683504,0.030873313473646663,0.04793794354002341,0.07722640447330255,0.20989311350184658,0.2236493609277102,0.00017026730459668846,0.029744816866515412,0.645610059573552,0.048414822238252386,0.009009193731417347,0.16727665535156894,0.23545539889781777,1.734723475976807e-18,0.017641356709753867,0.07918828776675091
selection,frozen_v5,predicted_0.8_1.0,60,48,False,0.8440195087767453,0.7644369034617831,0.07958260531496243,0.0650641911373504,0.09410101949257446,0.09588429583950898,0.19179307802548975,0.21442570500555685,0.00038688093599509456,0.08464434846724472,0.7505527440923168,0.09346676468442873,0.013884159369466282,0.13977951721625112,0.22538018936424747,1.5612511283791264e-17,0.03161576892726953,0.15531776044158793
selection,frozen_v5,conditional_0.0_0.2,47,33,False,0.14061939048241923,0.12262205620963637,0.017997334272782797,0.003514495601103647,0.03248017294446195,0.051772578757824116,0.061083315961677154,0.08007228859043049,0.00013921745880333196,0.03749346740275121,0.12475495741129362,0.015864433071125564,-0.002132901201657233,0.05181144768628894,0.06761086621989498,8.673617379884035e-19,-0.004818808636666092,0.036547674778917225
selection,frozen_v5,conditional_0.2_0.4,179,158,False,0.31253402409885417,0.3165207430237956,-0.003986718924941404,-0.01515520834923163,0.007181770499348821,0.06720566795302053,0.0873781930986506,0.11023407111323032,0.00010204613728622886,0.0002266885824989378,0.31449916069782685,-0.0019651365989726112,0.0020215823259687937,0.08462349799789784,0.1069195556358962,8.673617379884035e-19,-0.018911767809099634,0.014981494611154413
selection,frozen_v5,conditional_0.4_0.6,420,303,False,0.4977258913762543,0.5059117561168875,-0.0081858647406332,-0.01783485690665392,0.0014631274253875202,0.08393553654769773,0.1580317064951146,0.17893908056460986,0.0001204868389818465,-0.015065899514001328,0.49273153797823976,0.004994353398014515,0.013180218138647714,0.1422165322350182,0.191438832680471,1.734723475976807e-18,-0.018671981982563667,0.0286606887785927
selection,frozen_v5,conditional_0.6_0.8,366,253,False,0.6823287329698575,0.6771179084173465,0.005210824552511038,-0.008304644918343866,0.018726294023365942,0.10376442941962533,0.19637048268785928,0.2221000299050931,0.0001603820243860671,0.005229307193183891,0.6898252032337399,-0.007496470263882309,-0.012707294816393346,0.1572255911028701,0.2183442086021407,0.0,-0.037346539368084054,0.022353598840319434
selection,frozen_v5,conditional_0.8_1.0,43,30,False,0.8001974869864182,0.8310467702858663,-0.030849283299447815,-0.05981233389751485,-0.0018862327013807849,0.08194406992138265,0.17661050119463856,0.1946948888068248,0.00042082576465479917,-0.024420358525092122,0.811976814353698,-0.011779327367279312,0.019069955932168512,0.16296126635196984,0.2239306956746282,1.0408340855860843e-17,-0.09780061827877211,0.07424196354421349
selection,frozen_v5,conditional_gt60,409,273,False,0.6947208024630411,0.6933011383937436,0.0014196640692977604,-0.01137955714113512,0.014218885279730639,0.10169084589847267,0.1943875385964859,0.21937990632951598,0.00015018508083019857,0.00248915656506028,0.7026675486571096,-0.0079467461940683,-0.00936641026336606,0.1578286083050982,0.21893824655137795,0.0,-0.03644220402897425,0.02054871164083765
selection,frozen_v5,conditional_gt75,84,55,False,0.7613755509934448,0.8027628022546813,-0.04138725126123631,-0.06597202349188944,-0.01680247903058319,0.09858889641183126,0.17948489561147235,0.20477938921767475,0.00030599074413720955,-0.03866427890964286,0.7786986588235714,-0.01732310783012654,0.024064143431109773,0.1629945484229649,0.2137620770211585,3.469446951953614e-18,-0.07686849651309999,0.0422222808528469
selection,frozen_v5,collateral_type:Cash,95,55,False,0.1792953210123551,0.23156767650792923,-0.05227235549557402,-0.07858887367381667,-0.02595583731733136,0.10805117171093027,0.09064985211191982,0.14104060194149015,0.00014531997794773504,-0.031219527904027117,0.21760612881519578,-0.03831080780284065,0.01396154769273337,0.07998542037675753,0.11033681093705304,1.734723475976807e-18,-0.06635632249551661,-0.010265293110164688
selection,frozen_v5,collateral_type:Mortgage,339,193,False,0.435651404953426,0.47495176304994535,-0.03930035809651939,-0.050796655929432624,-0.027804060263606156,0.08887367176868556,0.1009382527080436,0.13448814220369368,8.56595837194229e-05,-0.042791088877669976,0.491926812922056,-0.05627540796863001,-0.016975049872110615,0.10274539492147164,0.13030058851226597,3.469446951953614e-18,-0.07366026845185213,-0.03889054748540789
selection,frozen_v5,collateral_type:Other,199,112,False,0.5446437652702316,0.548602997521333,-0.003959232251101209,-0.020341908100184034,0.012423443597981615,0.08830192379987481,0.15611558287161648,0.17935803567753372,0.00017291781641657846,-0.005118074612253115,0.559370278786614,-0.014726513516382293,-0.01076728126528108,0.13747757732898017,0.17887569657409463,3.469446951953614e-18,-0.050135761729142074,0.020682734696377485
selection,frozen_v5,collateral_type:Unsecured,422,258,False,0.6697521165583364,0.6310046904415073,0.03874742611682906,0.03018908818598038,0.047305764047677744,0.08123052020730588,0.2088174022312963,0.22406049381311405,0.00015882925148562048,0.03513797997640919,0.6107740493324727,0.058978067225863684,0.020230641109034626,0.17080153273870666,0.23837499070269702,3.469446951953614e-18,0.0288248475252869,0.08913128692644047
selection,frozen_v5,lien_rank:First,334,294,False,0.3530725945517992,0.3857550746709484,-0.03268248011914927,-0.043479307340627465,-0.02188565289767107,0.0938361105255844,0.11072962013269451,0.14514222133239013,9.466961319098829e-05,-0.028136006804620445,0.38960364976889167,-0.03653105521709245,-0.003848575097943179,0.10248716640074522,0.13873982879226437,2.168404344971009e-18,-0.051844245528312904,-0.02121786490587199
selection,frozen_v5,lien_rank:Second,299,233,False,0.5189857675045497,0.5462788578890744,-0.027293090384524713,-0.03825237763219541,-0.016333803136854015,0.08954434077528825,0.129178226274721,0.15717888887622272,0.00011672765178060136,-0.02970895896531656,0.5639559808486522,-0.04497021334410245,-0.017677122959577733,0.1189184887116689,0.15136394252385613,3.469446951953614e-18,-0.0640554225122482,-0.025885004175956697
selection,frozen_v5,lien_rank:Unsecured,422,258,False,0.6697521165583364,0.6310046904415073,0.03874742611682906,0.03018908818598038,0.047305764047677744,0.08123052020730588,0.2088174022312963,0.22406049381311405,0.00015882925148562048,0.03513797997640919,0.6107740493324727,0.058978067225863684,0.020230641109034626,0.17080153273870666,0.23837499070269702,3.469446951953614e-18,0.0288248475252869,0.08913128692644047
selection,frozen_v5,product_type:Financial Guarantee,36,36,False,0.5229611423465127,0.5504997644537991,-0.0275386221072864,-0.055812905934421314,0.0007356617198485162,0.08967641271713404,0.16773105370207445,0.19019875229302097,0.0004367996190158189,-0.010250310601806978,0.5384092546842222,-0.015448112337709393,0.012090509769577016,0.15820517046896546,0.19965667820587282,8.673617379884035e-18,-0.08139616881187677,0.05049994413645798
selection,frozen_v5,product_type:Import LC,109,109,False,0.5331064584475946,0.5347692340652171,-0.0016627756176224569,-0.017424696744768212,0.014099145509523297,0.08358934043096135,0.16468343891462026,0.1846830064906585,0.00024646582270786735,-0.007760924034219946,0.528589810231977,0.004516648215617607,0.006179423833240063,0.12952094614073675,0.19303386714959392,8.673617379884035e-19,-0.03187978194861729,0.0409130783798525
selection,frozen_v5,product_type:OVD,365,365,False,0.5641507454123206,0.5584762376929839,0.005674507719336529,-0.0039391305375488855,0.015288145976221943,0.09375174914361326,0.1654240021517238,0.19014334317924597,0.00013529200015129252,0.004463015628178616,0.5582019188424547,0.005948826569865762,0.0002743188505292299,0.15069315342036424,0.20501104176937188,3.0357660829594124e-18,-0.015103481600654525,0.02700113474038605
selection,frozen_v5,product_type:Performance Guarantee,70,70,False,0.5437613249047202,0.5612793758067672,-0.01751805090204694,-0.03509333450186178,5.7232697767899826e-05,0.07651763370082484,0.15706687228776856,0.17471391082977855,0.0002933294052140819,-0.02528785658089453,0.5590587774127672,-0.015297452508046915,0.0022205983940000204,0.11865171557678617,0.16689440099209985,5.637851296924623e-18,-0.05451146047526614,0.02391655545917231
selection,frozen_v5,product_type:Term Loan,475,475,False,0.4943681354477675,0.49941543519450066,-0.005047299746733198,-0.012710459541089812,0.002615860047623416,0.08527134429514585,0.15762493510775624,0.17921166905540964,0.00011300512551264241,-0.00538289038422706,0.4981479343885329,-0.0037797989407653354,0.0012675008059678668,0.12367115402808643,0.17454583333054793,4.553649124439119e-18,-0.019489739193527048,0.011930141311996378
selection,frozen_v5,industry:Construction,147,84,False,0.5256048229313222,0.5025849558148455,0.023019867116476588,0.01131659223785841,0.03472314199509477,0.06342626202365755,0.16639331087353332,0.17807196471581363,0.00021443576523256147,0.019950993066406558,0.47110084332820346,0.05450397960311874,0.03148411248664215,0.1445295533465658,0.2083000602311383,0.0,0.00852801506228456,0.10047994414395292
selection,frozen_v5,industry:Hospitality,87,53,False,0.5420230485404156,0.5147480845750918,0.027274963965323654,0.011654858934666,0.042895068995981306,0.06683264675634881,0.16617948020876608,0.17911510911956752,0.0002783798496322615,0.02813506906255506,0.4781749299593978,0.06384811858101784,0.03657315461569417,0.13740055391802486,0.21436461230974052,1.3877787807814457e-17,0.002365971540839444,0.12533026562119623
selection,frozen_v5,industry:Manufacturing,185,110,False,0.5130782570418113,0.6532534957500057,-0.14017523870819418,-0.15248132719781504,-0.1278691502185733,0.1551824412458238,0.15628946273367397,0.22024528651617953,0.00017954109106403494,-0.13067698369970973,0.6477052554036363,-0.13462699836182482,0.005548240346369406,0.19206423062685513,0.21894801641922076,4.597017211338539e-17,-0.16724574577667792,-0.10200825094697172
selection,frozen_v5,industry:Retail,214,128,False,0.5338825669947271,0.5065453049879463,0.02733726200678088,0.01838627281057934,0.036288251202982416,0.06224472259370785,0.15930557843509435,0.1710341276216757,0.00017015476799180342,0.030650902674782102,0.5341790088148733,-0.0002964418201461917,-0.027633703826927078,0.1124386530764723,0.1618514393215911,6.938893903907228e-18,-0.02897842015085333,0.028385536510560947
selection,frozen_v5,industry:Services,218,129,False,0.5387608223188891,0.5069926924005943,0.03176812991829482,0.02177112674887731,0.04176513308771233,0.07002238780437217,0.16747157429357315,0.18152097121322838,0.00017722822262495268,0.028675076724945323,0.522132587853494,0.016628234465395037,-0.01513989545289979,0.11379084123726353,0.1626954227347326,5.204170427930421e-18,-0.01189785710831915,0.045154326039109224
selection,frozen_v5,industry:Technology,91,54,False,0.5606299259889438,0.5233364048560002,0.03729352113294351,0.02227918286125133,0.0523078594046357,0.07006200654756134,0.1631990794520719,0.17760243324761688,0.00026731112555716027,0.033946413725186066,0.5116047587388044,0.04902516725013938,0.011731646117195873,0.13880742332398652,0.196845325866518,3.469446951953614e-18,-0.005556997864122025,0.10360733236440078
selection,frozen_v5,industry:Transport,113,60,False,0.4750525720154012,0.46371565651357294,0.011336915501828236,-3.144805429419924e-05,0.022705279057950674,0.05510683333918712,0.14949997899671108,0.15933300599903963,0.0002197464844767431,0.020748378359765923,0.45241899031679916,0.022633581698602044,0.011296666196773806,0.10295807653999359,0.16594159742992626,1.734723475976807e-18,-0.02204809976132164,0.06731526315852573
selection,frozen_v5,guarantee:zero,838,555,False,0.5602650412703475,0.5573549991891132,0.0029100420812341503,-0.004958545082274225,0.010778629244742526,0.08805377137514903,0.1705567635636172,0.19194550333540672,9.205915051435422e-05,0.0012639944573703554,0.5603845267099837,-0.00011948543963627308,-0.003029527520870426,0.1387387067434074,0.19604865535198668,2.6020852139652106e-18,-0.0178463301657451,0.01760735928647255
selection,frozen_v5,guarantee:partial,173,164,False,0.4162962105962935,0.4495741003736657,-0.03327788977737221,-0.045532123058684065,-0.02102365649606036,0.08645194425615348,0.12771526242920653,0.15422427475280978,0.00015171893118154923,-0.029099598193917595,0.4281997578359989,-0.011903547239705324,0.021374342537666888,0.12331297609924466,0.15962450986953797,0.0,-0.036413749605182934,0.012606655125772288
selection,frozen_v5,guarantee:full,44,44,False,0.32311443713794064,0.3096305484119339,0.013483888726006704,-0.012185064177767076,0.039152841629780485,0.08693097933937367,0.08074449923522868,0.11864514033726983,0.00019019830102868756,0.003869719444495761,0.29127987786968634,0.03183455926825425,0.01835067054224754,0.09703198641425827,0.12079313832660611,3.469446951953614e-18,-0.0029937537211010695,0.06666287225760957
selection,frozen_v5,coverage:0-0.5,506,303,False,0.6595651869327647,0.6244994469559797,0.035065739976785075,0.026750018778824894,0.043381461174745256,0.08170521515870449,0.2020330937692266,0.21792914711459616,0.00014033541456053068,0.03235526205976778,0.6157184190739694,0.04384676785879536,0.00878102788201029,0.16281289789061396,0.22661293621242118,1.734723475976807e-18,0.017087807242645026,0.0706057284749457
selection,frozen_v5,coverage:0.5-1,335,194,False,0.4279546483519329,0.4607478698243594,-0.03279322147242651,-0.046030137245680905,-0.01955630569917212,0.09611517596991515,0.12381339037205001,0.15674145171954165,0.00010569762733225848,-0.03516154217008983,0.4653107662841907,-0.03735611793225788,-0.0045628964598313695,0.11631380173968123,0.1547749073917791,1.734723475976807e-18,-0.05957541509163808,-0.015136820772877691
selection,frozen_v5,coverage:1-inf,214,121,False,0.36744669376590094,0.4117583937586918,-0.044311699992790866,-0.057848526011903975,-0.030774873973677758,0.08781368670684099,0.08904310153524758,0.1250596557810057,9.510720485644287e-05,-0.03993552994488528,0.41618915587956956,-0.048742462113668686,-0.004430762120877809,0.09587447945293558,0.12321217695470076,1.0408340855860843e-17,-0.06959608035104539,-0.027888843876291987
selection,frozen_v5,ead:0-100000,212,175,False,0.5246265948650141,0.5261031443257389,-0.001476549460724878,-0.015419073602106086,0.012465974680656331,0.08960335140137543,0.16174966448617367,0.18491001742401117,0.00017357832134634414,-0.0007212426978108927,0.5100188891764689,0.01460770568854513,0.016084255149270008,0.13109073924985457,0.18823093952423553,0.0,-0.015863302939659367,0.045078714316749625
selection,frozen_v5,ead:100000-500000,557,422,False,0.5212360714108483,0.5235733801177568,-0.0023373087069083363,-0.011244332171003388,0.006569714757186716,0.08949579424643038,0.16013488460330616,0.1834466637873624,0.00010601770034029572,-0.005815282609454748,0.5268425619142387,-0.005606490503390378,-0.003269181796482042,0.13352376641663602,0.18677929969392326,0.0,-0.024338229845996644,0.013125248839215889
selection,frozen_v5,ead:500000-inf,286,214,False,0.5391225677082299,0.543004592631465,-0.0038820249232351845,-0.015606802062433088,0.00784275221596272,0.08277353583421693,0.1636130078059678,0.18335941360566702,0.0001511662494698864,-0.002147123586594141,0.541684596584678,-0.0025620288764481173,0.0013199960467870696,0.13881683182984852,0.1899162615240995,2.3852447794681098e-18,-0.030075838857562254,0.02495178110466602
selection,s1_same_spec,all,1055,618,False,0.5647354325408068,0.5293493391613708,0.03538609337943605,0.02599592058375913,0.044776266175112975,0.11880998258942033,0.1614090622553627,0.20042129961921193,7.764646895702394e-05,0.03363880526954749,0.5274854086396781,0.03725002390112879,0.0018639305216927465,0.15412860301809714,0.20240558818739265,9.107298248878237e-18,0.020655233478016507,0.05384481432424107
selection,s1_same_spec,realized_gt60,470,317,False,0.6570603013083794,0.6543871091128725,0.002673192195507134,-0.010198618915659045,0.015545003306673313,0.10613399630830184,0.1911089300960942,0.2186024893152968,0.0001377374626145762,-0.0004749149144225154,0.7519924428958851,-0.09493214158750564,-0.09760533378301275,0.12200306168785838,0.1507908380412749,1.3877787807814457e-17,-0.10883019477742538,-0.0810340883975859
selection,s1_same_spec,realized_gt75,216,149,False,0.6788977255841188,0.7056387994220991,-0.026741073837980387,-0.04451932137028023,-0.008962826305680544,0.10593300113835855,0.19912295414434542,0.22554767034343443,0.00021169688963943543,-0.02875684064707167,0.8371509894047917,-0.1582532638206729,-0.13151218998269248,0.16659397062222997,0.18934738344108848,2.7755575615628914e-17,-0.1762160493482088,-0.14029047829313698
selection,s1_same_spec,realized_gt90,34,27,True,0.7002982954485168,0.7716666103938199,-0.07136831494530303,-0.112688422917809,-0.030048206972797052,0.11926003744232452,0.19525693306145647,0.2287973479726344,0.000523223246239146,-0.06200208151346648,0.9410380141153236,-0.2407397186668066,-0.16937140372150353,0.2407397186668066,0.25865015551843684,2.7755575615628914e-17,-0.28265968115458273,-0.1988197561790305
selection,s1_same_spec,realized_le10,25,20,True,0.25060856376901786,0.14860552589241102,0.10200303787660682,0.06245527559289863,0.14155080016031502,0.13702883458225448,0.08211191234307527,0.1597475122047531,0.00025659972607211025,0.1499470742780172,0.066425059603732,0.18418350416528584,0.08218046628867903,0.19003009898385906,0.25843221414386297,1.3877787807814457e-17,0.09154975692560066,0.27681725140497104
selection,s1_same_spec,predicted_0.0_0.2,20,13,True,0.12065248176343349,0.11590615541482749,0.004746326348605977,-0.0384160857303673,0.047908738427579256,0.08120084851683515,0.065984630863145,0.1046305371772482,0.00023054081262534822,-0.014133832851083198,0.09079892483121499,0.02985355693221849,0.02510723058361251,0.05263566345659913,0.06799287901330767,3.469446951953614e-18,-0.0018161468536018917,0.061523260718038875
selection,s1_same_spec,predicted_0.2_0.4,137,105,False,0.31305286765835516,0.31975725970094665,-0.0067043920425914815,-0.031385164693775155,0.01797638060859219,0.11903911561321352,0.08775068892299052,0.14788676226233188,0.00011714136414262236,-0.023017940526327225,0.30864986469311245,0.004403002965242763,0.011107395007834241,0.10930644529776552,0.13533798034970607,3.469446951953614e-18,-0.023071655463081646,0.031877661393567173
selection,s1_same_spec,predicted_0.4_0.6,408,287,False,0.5127873451738371,0.4870986609479192,0.025688684225917868,0.011036812681087011,0.04034055577074872,0.12609019364134416,0.13882094942489154,0.18753664423717292,0.00010738532967714493,0.029500253217648414,0.4776059659222943,0.03518137925154267,0.009492695025624807,0.16288489805675407,0.19672383016084544,6.938893903907228e-18,0.01110590666075733,0.059256851842328005
selection,s1_same_spec,predicted_0.6_0.8,436,307,False,0.6790841415648526,0.6288214023603795,0.05026273920447333,0.038181195507312526,0.06234428290163413,0.11311651876885459,0.19374931243086196,0.22435271980926907,0.000144982956398285,0.042990696826768815,0.6412012410877489,0.03788290047710385,-0.012379838727369474,0.16256112164089237,0.22049168787054987,6.938893903907228e-18,0.011379833091650662,0.06438596786255703
selection,s1_same_spec,predicted_0.8_1.0,54,34,False,0.836975301349751,0.7303018524452496,0.10667344890450157,0.08739801345509537,0.12594888435390778,0.11812748686635766,0.19786836177680892,0.2304473730498997,0.00042072614808472613,0.11661776647866563,0.7031318693467594,0.13384343200299187,0.027169983098490273,0.17119060123299776,0.25937678516025026,2.0816681711721685e-17,0.04186141541707547,0.22582544858890827
selection,s1_same_spec,conditional_0.0_0.2,47,33,False,0.250977481751081,0.12262205620963637,0.12835542554144455,0.09599321059038626,0.16071764049250284,0.15827677423133368,0.061083315961677154,0.16965467500175366,0.00013921745880333196,0.18162805672980883,0.12475495741129362,0.1262225243397873,-0.002132901201657233,0.1347908487808325,0.16022897216295826,6.071532165918825e-18,0.09148099404331217,0.16096405463626245
selection,s1_same_spec,conditional_0.2_0.4,179,158,False,0.4128050602214739,0.3165207430237956,0.09628431719767833,0.07769340353363793,0.11487523086171872,0.1455830401803392,0.0873781930986506,0.1697921382671628,0.00010204613728622886,0.10980301934364176,0.31449916069782685,0.09830589952364711,0.0020215823259687937,0.13058939502010183,0.16334657883208759,6.071532165918825e-18,0.0767711795626091,0.11984061948468513
selection,s1_same_spec,conditional_0.4_0.6,420,303,False,0.5563502219722455,0.5059117561168875,0.05043846585535796,0.038891927580899044,0.061985004129816876,0.1116743014293117,0.1580317064951146,0.19350754470429005,0.0001204868389818465,0.039593518873215224,0.49273153797823976,0.06361868399400568,0.013180218138647714,0.15126043740589587,0.20190337742989872,5.204170427930421e-18,0.04008034155798432,0.08715702643002704
selection,s1_same_spec,conditional_0.6_0.8,366,253,False,0.6685980243154229,0.6771179084173465,-0.00851988410192356,-0.022308867505594153,0.005269099301747033,0.10396365989831839,0.19637048268785928,0.22219317957695295,0.0001603820243860671,-0.015476854054469504,0.6898252032337399,-0.02122717891831691,-0.012707294816393346,0.16540510869403624,0.22004957774248984,5.204170427930421e-18,-0.05142110128388226,0.008966743447248435
selection,s1_same_spec,conditional_0.8_1.0,43,30,False,0.7379968321120614,0.8310467702858663,-0.09304993817380484,-0.13050361463229582,-0.05559626171531387,0.1300433817905965,0.17661050119463856,0.2193229360549331,0.00042082576465479917,-0.07190551339462194,0.811976814353698,-0.07397998224163632,0.019069955932168512,0.20528723465817622,0.2359959832336367,1.0408340855860843e-17,-0.1594463917609838,0.011486427277711153
selection,s1_same_spec,conditional_gt60,409,273,False,0.6758942314920867,0.6933011383937436,-0.017406906901656798,-0.03105273239696086,-0.0037610814063527374,0.10700495925056396,0.1943875385964859,0.22189316453152663,0.00015018508083019857,-0.0206918547160042,0.7026675486571096,-0.02677331716502286,-0.00936641026336606,0.16959809504234438,0.22178003693203927,3.469446951953614e-18,-0.05568307708934347,0.002136442759297745
selection,s1_same_spec,conditional_gt75,84,55,False,0.7129518471084039,0.8027628022546813,-0.08981095514627746,-0.11767543384722402,-0.0619464764453309,0.131191181619587,0.17948489561147235,0.2223194860721943,0.00030599074413720955,-0.08198347026025603,0.7786986588235714,-0.06574681171516768,0.024064143431109773,0.19166164554289478,0.22562893040169157,1.0408340855860843e-17,-0.12598720425939908,-0.005506419170936291
selection,s1_same_spec,collateral_type:Cash,95,55,False,0.291228159704771,0.23156767650792923,0.059660483196841856,0.019714524467409837,0.09960644192627388,0.1533524136586327,0.09064985211191982,0.17814140019333327,0.00014531997794773504,0.110199936135884,0.21760612881519578,0.07362203088957521,0.01396154769273337,0.12503273381029553,0.1558835116341475,1.5612511283791264e-17,0.03650813145625649,0.11073593032289393
selection,s1_same_spec,collateral_type:Mortgage,339,193,False,0.5073852354293688,0.47495176304994535,0.03243347237942336,0.015514643100196561,0.049352301658650156,0.11936423650212914,0.1009382527080436,0.1563213095374047,8.56595837194229e-05,0.029959686101911083,0.491926812922056,0.015458422507312738,-0.016975049872110615,0.11792305229072339,0.14623764869385125,3.469446951953614e-18,-0.00625534347923541,0.037172188493860885
selection,s1_same_spec,collateral_type:Other,199,112,False,0.5763635633361793,0.548602997521333,0.02776056581484628,0.004807900828199891,0.050713230801492676,0.1215654431274349,0.15611558287161648,0.19786417608580428,0.00017291781641657846,0.014904077042928223,0.559370278786614,0.016993284549565193,-0.01076728126528108,0.15955451689006186,0.20105324974527342,8.673617379884035e-18,-0.02306959742326883,0.05705616652239921
selection,s1_same_spec,collateral_type:Unsecured,422,258,False,0.6668939863605267,0.6310046904415073,0.03588929591901926,0.022853894154723303,0.04892469768331521,0.10761531473728252,0.2088174022312963,0.23491650312532614,0.00015882925148562048,0.029792651977197916,0.6107740493324727,0.05611993702805388,0.020230641109034626,0.18720450920482665,0.24639133815584938,3.469446951953614e-18,0.024729066455955205,0.08751080760015256
selection,s1_same_spec,lien_rank:First,334,294,False,0.43090251105858957,0.3857550746709484,0.045147436387641154,0.029580954346139544,0.06071391842914277,0.13307039162961048,0.11072962013269451,0.1731149268641752,9.466961319098829e-05,0.04935131899220431,0.38960364976889167,0.04129886128969797,-0.003848575097943179,0.13108768118766745,0.1658604580575726,2.168404344971009e-18,0.02275420870240829,0.05984351387698766
selection,s1_same_spec,lien_rank:Second,299,233,False,0.5700507705446155,0.5462788578890744,0.023771912655541003,0.008604526025528867,0.03893929928555314,0.11696545632896965,0.129178226274721,0.17426397251792214,0.00011672765178060136,0.01733837316560761,0.5639559808486522,0.0060947896959632625,-0.017677122959577733,0.13318424007683843,0.16775079611125776,6.938893903907228e-18,-0.016603623893825716,0.02879320328575224
selection,s1_same_spec,lien_rank:Unsecured,422,258,False,0.6668939863605267,0.6310046904415073,0.03588929591901926,0.022853894154723303,0.04892469768331521,0.10761531473728252,0.2088174022312963,0.23491650312532614,0.00015882925148562048,0.029792651977197916,0.6107740493324727,0.05611993702805388,0.020230641109034626,0.18720450920482665,0.24639133815584938,3.469446951953614e-18,0.024729066455955205,0.08751080760015256
selection,s1_same_spec,product_type:Financial Guarantee,36,36,False,0.5921871969621305,0.5504997644537991,0.04168743250833133,0.008422206821621404,0.07495265819504127,0.10871804602034917,0.16773105370207445,0.19988326569898476,0.0004367996190158189,0.0591920823026753,0.5384092546842222,0.053777942277908344,0.012090509769577016,0.1541838351267923,0.1940211859199037,3.469446951953614e-18,-0.007982857338602004,0.11553874189441869
selection,s1_same_spec,product_type:Import LC,109,109,False,0.577335444115173,0.5347692340652171,0.04256621004995589,0.02419244734521191,0.06093997275469987,0.10631458720725358,0.16468343891462026,0.1960189442523201,0.00024646582270786735,0.0371545197634038,0.528589810231977,0.048745633883195943,0.006179423833240063,0.14008959419367722,0.20130128185595064,6.071532165918825e-18,0.011909920077912126,0.08558134768847976
selection,s1_same_spec,product_type:OVD,365,365,False,0.5878931214558109,0.5584762376929839,0.029416883762826765,0.01775607928602725,0.04107768823962628,0.11725707262024576,0.1654240021517238,0.20276666779173322,0.00013529200015129252,0.03220717800869253,0.5582019188424547,0.029691202613355998,0.0002743188505292299,0.16470411412350522,0.21412498557045304,3.0357660829594124e-18,0.007906236673168757,0.05147616855354324
selection,s1_same_spec,product_type:Performance Guarantee,70,70,False,0.5784689841685868,0.5612793758067672,0.017189608361819597,-0.00847029330782929,0.04284951003146849,0.11009872408292563,0.15706687228776856,0.19181170823218896,0.0002933294052140819,0.00784057209733115,0.5590587774127672,0.01941020675581961,0.0022205983940000204,0.1456182909766903,0.18299597526516062,6.5052130349130266e-18,-0.023525258340100063,0.06234567185173928
selection,s1_same_spec,product_type:Term Loan,475,475,False,0.539944759175134,0.49941543519450066,0.04052932398063319,0.02992755496897872,0.051131092992287665,0.124542823227012,0.15762493510775624,0.20088936005940963,0.00011300512551264241,0.03446004824404969,0.4981479343885329,0.04179682478660106,0.0012675008059678668,0.15047370595572507,0.19665600802089908,2.168404344971009e-19,0.02449720230938892,0.0590964472638132
selection,s1_same_spec,industry:Construction,147,84,False,0.5344612925025433,0.5025849558148455,0.031876336687697716,0.021561961340820536,0.0421907120345749,0.05936438788480651,0.16639331087353332,0.1766659685745788,0.00021443576523256147,0.025361926275482883,0.47110084332820346,0.06336044917433988,0.03148411248664215,0.1516715222592748,0.20612138644475708,6.938893903907228e-18,0.01735417325175915,0.10936672509692061
selection,s1_same_spec,industry:Hospitality,87,53,False,0.5180230159498708,0.5147480845750918,0.003274931374778892,-0.007748671023000557,0.01429853377255834,0.043695488507298784,0.16617948020876608,0.17182815647718264,0.0002783798496322615,0.004685806130086113,0.4781749299593978,0.03984808599047306,0.03657315461569417,0.12704972445274826,0.18488516488063508,0.0,-0.014130442374723974,0.09382661435567011
selection,s1_same_spec,industry:Manufacturing,185,110,False,0.5049835015946423,0.6532534957500057,-0.14826999415536318,-0.15556577442112707,-0.1409742138895993,0.15361559729867177,0.15628946273367397,0.21914412585102108,0.00017954109106403494,-0.1439793619517983,0.6477052554036363,-0.1427217538089938,0.005548240346369406,0.19830846644849418,0.2196058008307278,1.8214596497756474e-17,-0.17442048229641852,-0.11102302532156907
selection,s1_same_spec,industry:Retail,214,128,False,0.6455320660820607,0.5065453049879463,0.13898676109411426,0.1283200623217491,0.1496534598664794,0.15345140980598293,0.15930557843509435,0.22119132553512064,0.00017015476799180342,0.13879225793047426,0.5341790088148733,0.1113530572671872,-0.027633703826927078,0.15142170203582866,0.2032310123240922,1.3877787807814457e-17,0.08210843647120865,0.14059767806316575
selection,s1_same_spec,industry:Services,218,129,False,0.5177860743556383,0.5069926924005943,0.010793381955044031,0.0048434673123701226,0.01674329659771794,0.039964752167848026,0.16747157429357315,0.17217406776923552,0.00017722822262495268,0.010476338375899626,0.522132587853494,-0.004346513497855754,-0.01513989545289979,0.11765547408343872,0.1568409191349017,5.204170427930421e-18,-0.03182808554978355,0.023135058554072045
selection,s1_same_spec,industry:Technology,91,54,False,0.6499766419161852,0.5233364048560002,0.12664023706018498,0.11284917745065479,0.14043129666971518,0.13901451908222623,0.1631990794520719,0.21438044698541497,0.00026731112555716027,0.15075868136862663,0.5116047587388044,0.13837188317738086,0.011731646117195873,0.17318224262569137,0.23583050890379745,3.469446951953614e-18,0.08411498071236409,0.19262878564239763
selection,s1_same_spec,industry:Transport,113,60,False,0.6068231892439535,0.46371565651357294,0.14310753273038063,0.13113648299904013,0.15507858246172113,0.15447736707180515,0.14949997899671108,0.21497325567952466,0.0002197464844767431,0.16753136563019336,0.45241899031679916,0.1544041989271544,0.011296666196773806,0.16598980908693517,0.22689773047144932,3.122502256758253e-17,0.1093260129138757,0.1994823849404331
selection,s1_same_spec,guarantee:zero,838,555,False,0.5847925359270552,0.5573549991891132,0.027437536737941897,0.017756029535892875,0.03711904393999092,0.11103490177370137,0.1705567635636172,0.2035150092970814,9.205915051435422e-05,0.02479969129360532,0.5603845267099837,0.024408009217071466,-0.003029527520870426,0.15366573646851545,0.20534832722696764,4.7704895589362195e-18,0.0059572840767452805,0.04285873435739765
selection,s1_same_spec,guarantee:partial,173,164,False,0.5116447735907732,0.4495741003736657,0.0620706732171075,0.042599287398736224,0.08154205903547877,0.14059673421073965,0.12771526242920653,0.189943754643543,0.00015171893118154923,0.07223949891692161,0.4281997578359989,0.0834450157547744,0.021374342537666888,0.15577356916729343,0.19197447352381702,6.938893903907228e-18,0.056788693680320405,0.11010133782922837
selection,s1_same_spec,guarantee:full,44,44,False,0.3914815998289822,0.3096305484119339,0.08185105141704828,0.04040180596103796,0.1233002968730586,0.16102810346572827,0.08074449923522868,0.18013806999775794,0.00019019830102868756,0.06698995911158505,0.29127987786968634,0.10020172195929583,0.01835067054224754,0.15647639903488175,0.1851754121715101,1.0408340855860843e-17,0.05365665394591006,0.1467467899726816
selection,s1_same_spec,coverage:0-0.5,506,303,False,0.6551712010713192,0.6244994469559797,0.030671754115339556,0.018572162905796115,0.042771345324883,0.10609844454896805,0.2020330937692266,0.22819783284175937,0.00014033541456053068,0.025886749991740024,0.6157184190739694,0.03945278199734985,0.00878102788201029,0.1791985485020496,0.23610613581877699,1.734723475976807e-18,0.011368481576387163,0.06753708241831254
selection,s1_same_spec,coverage:0.5-1,335,194,False,0.5002067217858349,0.4607478698243594,0.039458851961475576,0.02111307498541009,0.05780462893754106,0.13078642879280758,0.12381339037205001,0.1800967672996875,0.00010569762733225848,0.03454709210581845,0.4653107662841907,0.034895955501644205,-0.0045628964598313695,0.13789049688056668,0.17495951489247882,1.734723475976807e-18,0.009705168574971727,0.060086742428316686
selection,s1_same_spec,coverage:1-inf,214,121,False,0.4519158962159296,0.4117583937586918,0.040157502457237836,0.017726544611248972,0.0625884603032267,0.1272644468416738,0.08904310153524758,0.15532196676881743,9.510720485644287e-05,0.05158860673024662,0.41618915587956956,0.03572674033636002,-0.004430762120877809,0.12027053358441846,0.1491268096539364,3.469446951953614e-18,0.008435043979864127,0.06301843669285592
selection,s1_same_spec,ead:0-100000,212,175,False,0.561129117067763,0.5261031443257389,0.0350259727420241,0.019135327822583193,0.050916617661465005,0.10682522065829593,0.16174966448617367,0.19384164085686895,0.00017357832134634414,0.03437018042109889,0.5100188891764689,0.0511102278912941,0.016084255149270008,0.14266411534131618,0.1931590526169487,3.469446951953614e-18,0.020724789458473294,0.08149566632411491
selection,s1_same_spec,ead:100000-500000,557,422,False,0.561677396577737,0.5235733801177568,0.03810401645998023,0.02649770885073339,0.049710324069227076,0.12207070780788287,0.16013488460330616,0.2013564972173277,0.00010601770034029572,0.03497870036573722,0.5268425619142387,0.03483483466349819,-0.003269181796482042,0.15697696269457534,0.20410888281613132,8.673617379884035e-19,0.014559752767688967,0.055109916559307415
selection,s1_same_spec,ead:500000-inf,286,214,False,0.5733643308335173,0.543004592631465,0.030359738202052216,0.013243685248869538,0.0474757911552349,0.12079161956827476,0.1636130078059678,0.20337116728101476,0.0001511662494698864,0.03296777246990953,0.541684596584678,0.031679734248839284,0.0013199960467870696,0.15707942486312929,0.20574435485783465,1.951563910473908e-18,0.0023804273887830935,0.060979041108895474
selection,s1_captured_features,all,1055,618,False,0.5351997391206258,0.5293493391613708,0.00585039995925503,0.002184125529916471,0.009516674388593589,0.04602915982778172,0.1614090622553627,0.1678438826189594,7.764646895702394e-05,0.004887256777370634,0.5274854086396781,0.007714330480947775,0.0018639305216927465,0.12508915489016983,0.1734951444695313,1.3010426069826053e-18,-0.006687274972440163,0.022115935934335713
selection,s1_captured_features,realized_gt60,470,317,False,0.6493604761192261,0.6543871091128725,-0.005026632993646222,-0.010585893057688582,0.0005326270703961376,0.045808779120377514,0.1911089300960942,0.1965224348693384,0.0001377374626145762,-0.0069766326351940145,0.7519924428958851,-0.10263196677665899,-0.09760533378301275,0.10858199506524266,0.129300272376393,1.3877787807814457e-17,-0.11189126175930574,-0.09337267179401225
selection,s1_captured_features,realized_gt75,216,149,False,0.6930448951291035,0.7056387994220991,-0.01259390429299563,-0.020196484291462546,-0.004991324294528715,0.04541031201053318,0.19912295414434542,0.2042352743873229,0.00021169688963943543,-0.01642917724272905,0.8371509894047917,-0.14410609427568813,-0.13151218998269248,0.14498025147896168,0.16052390269322986,0.0,-0.15645703038041336,-0.1317551581709629
selection,s1_captured_features,realized_gt90,34,27,True,0.7493916086538742,0.7716666103938199,-0.022275001739945777,-0.03596255825149729,-0.008587445228394271,0.041342613301216295,0.19525693306145647,0.19958577500197758,0.000523223246239146,-0.026419419601879435,0.9410380141153236,-0.19164640546144932,-0.16937140372150353,0.19164640546144932,0.2085320304581669,0.0,-0.2236981442628506,-0.15959466666004804
selection,s1_captured_features,realized_le10,25,20,True,0.18585407231898962,0.14860552589241102,0.03724854642657858,0.017148977011908918,0.05734811584124824,0.06327053287973186,0.08211191234307527,0.10366063129038965,0.00025659972607211025,0.0518278573758307,0.066425059603732,0.1194290127152576,0.08218046628867903,0.13771895492755298,0.20398065522058634,0.0,0.04031797732813175,0.19854004810238346
selection,s1_captured_features,predicted_0.0_0.2,31,22,True,0.1314274494861386,0.10875502746513839,0.022672422021000223,0.008283964724551398,0.03706087931744905,0.047551802147890634,0.054135452631851204,0.0720542928573138,0.0001519220987546844,0.040894181040575836,0.12060853452849998,0.010818914957638615,-0.011853507063361614,0.052810988128110484,0.06315261559172279,5.204170427930421e-18,-0.012336844562380123,0.033974674477657354
selection,s1_captured_features,predicted_0.2_0.4,174,140,False,0.32435201009080955,0.29980497872193285,0.024547031368876808,0.016867918036245485,0.03222614470150813,0.05076539603007363,0.08235191549607526,0.09674173566751289,9.754816566023411e-05,0.028483252120001176,0.2965496727802029,0.027802337310606707,0.003255305941729898,0.07852992205456875,0.0975201621570682,8.673617379884035e-19,0.01148440674477616,0.044120267876437254
selection,s1_captured_features,predicted_0.4_0.6,412,296,False,0.49806160512759445,0.49758255161255827,0.00047905351503618716,-0.005040702127321173,0.005998809157393548,0.045596751467849694,0.14361365166457066,0.15067828207427073,0.0001105521372884294,-0.004851961341367113,0.49707691832189976,0.000984686805694711,0.0005056332906585231,0.11418395725504452,0.15011359991961723,7.589415207398531e-19,-0.017394905480295906,0.019364279091685328
selection,s1_captured_features,predicted_0.6_0.8,412,288,False,0.6732749016112813,0.6703881851903292,0.0028867164209521604,-0.0027239621321283134,0.008497394974032634,0.04514364894323941,0.20278147987834352,0.20774570421927255,0.000156098850932512,0.0018242808296322177,0.6677083331771403,0.00556656843414106,0.0026798520131888965,0.16068635155794267,0.21842721020380176,3.0357660829594124e-18,-0.022471261488053663,0.03360439835633578
selection,s1_captured_features,predicted_0.8_1.0,26,19,True,0.8282147425373922,0.8354668116700351,-0.007252069132642916,-0.01835878001240139,0.003854641747115561,0.028069739220267214,0.17274679953447053,0.17501247672465056,0.0005293505419092345,0.004640420815257156,0.8179644178121923,0.01025032472520007,0.017502393857842982,0.1315824657196948,0.19970542180771794,3.469446951953614e-18,-0.0704627500944992,0.09096339954489935
selection,s1_captured_features,conditional_0.0_0.2,47,33,False,0.17014267136235886,0.12262205620963637,0.04752061515272247,0.032942705076642445,0.06209852522880249,0.06641410776474957,0.061083315961677154,0.09023306045492334,0.00013921745880333196,0.05894398605887561,0.12475495741129362,0.045387713951065244,-0.002132901201657233,0.07121309916146039,0.08748535031439005,7.806255641895632e-18,0.021434318242170722,0.06934110965995977
selection,s1_captured_features,conditional_0.2_0.4,179,158,False,0.3465488065251287,0.3165207430237956,0.030028063501333094,0.023652492987977215,0.036403634014688976,0.0488290124459669,0.0873781930986506,0.10009605929123014,0.00010204613728622886,0.03233683598425516,0.31449916069782685,0.03204964582730189,0.0020215823259687937,0.07960463639610904,0.10318954476953862,8.673617379884035e-19,0.01598234113582426,0.04811695051877952
selection,s1_captured_features,conditional_0.4_0.6,420,303,False,0.5144599993102337,0.5059117561168875,0.008548243193346187,0.003464953191852242,0.013631533194840131,0.0424770060840969,0.1580317064951146,0.1636408149076093,0.0001204868389818465,0.008478053760142778,0.49273153797823976,0.021728461331993906,0.013180218138647714,0.12887690158725784,0.176103189985552,5.204170427930421e-18,-0.0001461061800148572,0.04360302884400267
selection,s1_captured_features,conditional_0.6_0.8,366,253,False,0.6681782265005571,0.6771179084173465,-0.008939681916789394,-0.0147480121098265,-0.003131351723752289,0.04362441866754074,0.19637048268785928,0.2011577897451245,0.0001603820243860671,-0.014154314062281301,0.6898252032337399,-0.021646976733182742,-0.012707294816393346,0.1476617766473988,0.20079279071207934,1.734723475976807e-18,-0.04876173412493406,0.005467780658568573
selection,s1_captured_features,conditional_0.8_1.0,43,30,False,0.790240749784401,0.8310467702858663,-0.04080602050146523,-0.057202238132462786,-0.02440980287046767,0.058425454731467714,0.17661050119463856,0.1860236621852183,0.00042082576465479917,-0.035604950451153604,0.811976814353698,-0.02173606456929671,0.019069955932168512,0.14419311428001746,0.19935311603689826,6.938893903907228e-18,-0.09522973095830276,0.05175760181970934
selection,s1_captured_features,conditional_gt60,409,273,False,0.681011205721108,0.6933011383937436,-0.012289932672635508,-0.018119182290044444,-0.0064606830552265725,0.04540803480591492,0.1943875385964859,0.19962065220446373,0.00015018508083019857,-0.016136730165488458,0.7026675486571096,-0.021656342936001573,-0.00936641026336606,0.14729710065278412,0.200641917209515,5.204170427930421e-18,-0.04762495658968975,0.004312270717686601
selection,s1_captured_features,conditional_gt75,84,55,False,0.7578354262532658,0.8027628022546813,-0.04492737600141536,-0.05660012126316767,-0.033254630739663046,0.06308036009299577,0.17948489561147235,0.1902471013764024,0.00030599074413720955,-0.03981069030471287,0.7786986588235714,-0.02086323257030559,0.024064143431109773,0.14168931383248778,0.19644528067193198,3.469446951953614e-18,-0.07523706204643169,0.033510596905820506
selection,s1_captured_features,collateral_type:Cash,95,55,False,0.27290061322565895,0.23156767650792923,0.04133293671772977,0.03099697571043701,0.05166889772502253,0.05915176847555758,0.09064985211191982,0.10824198539244788,0.00014531997794773504,0.052224219803850294,0.21760612881519578,0.055294484410463134,0.01396154769273337,0.08235404395459738,0.10592602475634033,8.673617379884035e-18,0.03165817293466208,0.07893079588626419
selection,s1_captured_features,collateral_type:Mortgage,339,193,False,0.4673063859864509,0.47495176304994535,-0.007645377063494453,-0.013639959219603377,-0.0016507949073855275,0.0445175565767074,0.1009382527080436,0.11031928074146069,8.56595837194229e-05,-0.008683596077881882,0.491926812922056,-0.024620426935605077,-0.016975049872110615,0.08333204655903809,0.1048961357019821,1.0408340855860843e-17,-0.03978872348134603,-0.009452130389864125
selection,s1_captured_features,collateral_type:Other,199,112,False,0.5512821311168522,0.548602997521333,0.002679133595519145,-0.006784544549386642,0.012142811740424931,0.05009628439005925,0.15611558287161648,0.1639564360585892,0.00017291781641657846,4.8587253590822224e-05,0.559370278786614,-0.008088147669761934,-0.01076728126528108,0.12297705884943771,0.15940449276882324,1.734723475976807e-18,-0.03965703105604737,0.0234807357165235
selection,s1_captured_features,collateral_type:Unsecured,422,258,False,0.6412041648676828,0.6310046904415073,0.010199474426175444,0.004970444456822572,0.015428504395528316,0.04163598115094084,0.2088174022312963,0.21292783378654018,0.00015882925148562048,0.008204449922827407,0.6107740493324727,0.03043011553521007,0.020230641109034626,0.1692498240258066,0.22782472450900312,3.469446951953614e-18,0.0008642783646762298,0.05999595270574391
selection,s1_captured_features,lien_rank:First,334,294,False,0.4013333563641253,0.3857550746709484,0.015578281693176972,0.010129260180331175,0.02102730320602277,0.0493916851241542,0.11072962013269451,0.1212459786307753,9.466961319098829e-05,0.012560228275210108,0.38960364976889167,0.011729706595233792,-0.003848575097943179,0.08867641471322617,0.11866502804753888,4.336808689942018e-19,-0.0016792351873715326,0.025138648377839117
selection,s1_captured_features,lien_rank:Second,299,233,False,0.5351245022490976,0.5462788578890744,-0.011154355639976892,-0.01728209022301306,-0.005026621056940723,0.04799822642222492,0.129178226274721,0.1378072707920819,0.00011672765178060136,-0.011474852342509017,0.5639559808486522,-0.02883147859955463,-0.017677122959577733,0.10343715771244558,0.1312326433866486,3.469446951953614e-18,-0.045947316242630855,-0.011715640956478403
selection,s1_captured_features,lien_rank:Unsecured,422,258,False,0.6412041648676828,0.6310046904415073,0.010199474426175444,0.004970444456822572,0.015428504395528316,0.04163598115094084,0.2088174022312963,0.21292783378654018,0.00015882925148562048,0.008204449922827407,0.6107740493324727,0.03043011553521007,0.020230641109034626,0.1692498240258066,0.22782472450900312,3.469446951953614e-18,0.0008642783646762298,0.05999595270574391
selection,s1_captured_features,product_type:Financial Guarantee,36,36,False,0.5574038070542765,0.5504997644537991,0.006904042600477288,-0.011568834811607042,0.02537692001256162,0.05618448554003212,0.16773105370207445,0.17689093473495543,0.0004367996190158189,0.026597140099697533,0.5384092546842222,0.018994552370054305,0.012090509769577016,0.13028061653317302,0.1771005090730179,0.0,-0.039340486766039226,0.07732959150614784
selection,s1_captured_features,product_type:Import LC,109,109,False,0.5363317803088447,0.5347692340652171,0.0015625462436274367,-0.006495254918132507,0.009620347405387381,0.042752607855986675,0.16468343891462026,0.17014235372544145,0.00024646582270786735,-0.0015686417327770172,0.528589810231977,0.007741970076867501,0.006179423833240063,0.1250271895564238,0.17985803154568766,1.734723475976807e-18,-0.026148009903974236,0.041631950057709234
selection,s1_captured_features,product_type:OVD,365,365,False,0.5593269496627509,0.5584762376929839,0.0008507119697667712,-0.003808335428634167,0.005509759368167709,0.0453594879448785,0.1654240021517238,0.17153012456858732,0.00013529200015129252,-0.0003427562392744076,0.5582019188424547,0.0011250308202959995,0.0002743188505292299,0.13883690848914773,0.18558865929563925,1.6263032587282567e-18,-0.01794049705218272,0.02019055869277472
selection,s1_captured_features,product_type:Performance Guarantee,70,70,False,0.5642531285311634,0.5612793758067672,0.002973752724396208,-0.00851220474140952,0.014459710190201935,0.04876907929246083,0.15706687228776856,0.16446405523790458,0.0002933294052140819,-0.0025357870938021716,0.5590587774127672,0.005194351118396227,0.0022205983940000204,0.11346343957303108,0.16535664435335784,1.734723475976807e-18,-0.03380333096935638,0.04419203320614884
selection,s1_captured_features,product_type:Term Loan,475,475,False,0.5104357221906457,0.49941543519450066,0.011020286996145004,0.0070001846261073695,0.015040389366182638,0.045994747907663704,0.15762493510775624,0.16419846833272805,0.00011300512551264241,0.007322420523486435,0.4981479343885329,0.012287787802112867,0.0012675008059678668,0.11585911617607082,0.16296717348582596,3.686287386450715e-18,-0.002341695298906238,0.026917270903131972
selection,s1_captured_features,industry:Construction,147,84,False,0.5229747728215184,0.5025849558148455,0.020389817006672944,0.010601705283393775,0.030177928729952112,0.048569010076287784,0.16639331087353332,0.173336905023849,0.00021443576523256147,0.01607175298013239,0.47110084332820346,0.05187392949331508,0.03148411248664215,0.14540812183876706,0.20057479661301889,1.3877787807814457e-17,0.006702446848136645,0.09704541213849352
selection,s1_captured_features,industry:Hospitality,87,53,False,0.5198162898974161,0.5147480845750918,0.005068205322324226,-0.004438683719317559,0.01457509436396601,0.03851810435873186,0.16617948020876608,0.17058506384160907,0.0002783798496322615,0.011771420490990706,0.4781749299593978,0.0416413599380184,0.03657315461569417,0.12163054498693358,0.18315746214823822,0.0,-0.01113732421879491,0.0944200440948317
selection,s1_captured_features,industry:Manufacturing,185,110,False,0.6218715964396132,0.6532534957500057,-0.031381899310392446,-0.04227973436520467,-0.020484064255580223,0.0633761957563183,0.15628946273367397,0.1686503434628096,0.00017954109106403494,-0.03602638720071137,0.6477052554036363,-0.02583365896402304,0.005548240346369406,0.13825599911061462,0.1746517041613614,8.673617379884035e-19,-0.05898677538718297,0.007319457459136893
selection,s1_captured_features,industry:Retail,214,128,False,0.519658454110927,0.5065453049879463,0.013113149122980804,0.006318827160886524,0.019907471085075082,0.04218717750213393,0.15930557843509435,0.1647969212884044,0.00017015476799180342,0.011927816065912502,0.5341790088148733,-0.014520554703946269,-0.027633703826927078,0.11633441009739369,0.1634221201187861,6.938893903907228e-18,-0.043126085621380886,0.014084976213488346
selection,s1_captured_features,industry:Services,218,129,False,0.5181255919029037,0.5069926924005943,0.011132899502309536,0.005349675651225085,0.016916123353393986,0.03548894706052044,0.16747157429357315,0.17119051831171087,0.00017722822262495268,0.008878188577003107,0.522132587853494,-0.004006995950590254,-0.01513989545289979,0.11341414621853406,0.1551884253740118,1.734723475976807e-18,-0.031378735024648975,0.023364743123468465
selection,s1_captured_features,industry:Technology,91,54,False,0.5384187840271196,0.5233364048560002,0.015082379171119313,0.005553518454970645,0.02461123988726798,0.04022143575654931,0.1631990794520719,0.16808243045696925,0.00026731112555716027,0.02545288223249119,0.5116047587388044,0.026814025288315183,0.011731646117195873,0.1464463322045681,0.18994956981588462,3.469446951953614e-18,-0.027904812481843726,0.0815328630584741
selection,s1_captured_features,industry:Transport,113,60,False,0.4808298499473808,0.46371565651357294,0.01711419343380796,0.00803938340215084,0.026189003465465086,0.043483305384146735,0.14949997899671108,0.15569534857261477,0.0002197464844767431,0.021512841447863546,0.45241899031679916,0.028410859630581774,0.011296666196773806,0.1016671095788062,0.16379877775294288,6.938893903907228e-18,-0.015747011820065934,0.07256873108122948
selection,s1_captured_features,guarantee:zero,838,555,False,0.5618225843188761,0.5573549991891132,0.004467585129762924,0.0005219045709056683,0.00841326568862018,0.045048450838355784,0.1705567635636172,0.17640570433019273,9.205915051435422e-05,0.002275494194521466,0.5603845267099837,0.0014380576088925002,-0.003029527520870426,0.13153106638088566,0.18142935765703627,2.168404344971009e-18,-0.014906007676168743,0.017782122893953742
selection,s1_captured_features,guarantee:partial,173,164,False,0.4566246954254674,0.4495741003736657,0.0070505950518015975,-0.0003628293807190434,0.014464019484322238,0.04668809973906932,0.12771526242920653,0.13598149475059604,0.00015171893118154923,0.013221946545938643,0.4281997578359989,0.028424937589468482,0.021374342537666888,0.10247434741679592,0.14426942114427732,3.469446951953614e-18,0.006477526167065175,0.05037234901187179
selection,s1_captured_features,guarantee:full,44,44,False,0.33709833646445775,0.3096305484119339,0.027467788052523853,0.011580786586795695,0.043354789518252015,0.059829931856643426,0.08074449923522868,0.10049524815989282,0.00019019830102868756,0.026977406304903428,0.29127987786968634,0.0458184585947714,0.01835067054224754,0.0913173336100292,0.11393891267987251,3.469446951953614e-18,0.014637385048573807,0.076999532140969
selection,s1_captured_features,coverage:0-0.5,506,303,False,0.6315064716131762,0.6244994469559797,0.0070070246571965426,0.0017109150059810164,0.012303134308412069,0.044199818910725226,0.2020330937692266,0.20681149622229905,0.00014033541456053068,0.006586868156653114,0.6157184190739694,0.015788052539206832,0.00878102788201029,0.16162167934871052,0.21720477781371467,0.0,-0.010308524557373532,0.04188462963578719
selection,s1_captured_features,coverage:0.5-1,335,194,False,0.46865506011185915,0.4607478698243594,0.007907190287499751,0.0009980033338778203,0.014816377241121682,0.04944717763926653,0.12381339037205001,0.1333220874870733,0.00010569762733225848,0.003826749193885894,0.4653107662841907,0.0033442938276683834,-0.0045628964598313695,0.10009960765098953,0.1320490512300233,1.734723475976807e-18,-0.015841496469848136,0.022530084125184903
selection,s1_captured_features,coverage:1-inf,214,121,False,0.4116542289650479,0.4117583937586918,-0.00010416479364397794,-0.007335494421011214,0.007127164833723258,0.044700173482358656,0.08904310153524758,0.09963322458080623,9.510720485644287e-05,0.0023745277039315987,0.41618915587956956,-0.004534926914521787,-0.004430762120877809,0.0778276639981315,0.09770000085176327,0.0,-0.02272609737738648,0.013656243548342908
selection,s1_captured_features,ead:0-100000,212,175,False,0.5335105610992193,0.5261031443257389,0.00740741677348048,0.00010521801316961798,0.014709615533791343,0.04800021427526856,0.16174966448617367,0.168721588813825,0.00017357832134634414,0.009597420871703323,0.5100188891764689,0.023491671922750493,0.016084255149270008,0.12290201766955107,0.17134023159806813,3.469446951953614e-18,-0.004164583403295487,0.05114792724879647
selection,s1_captured_features,ead:100000-500000,557,422,False,0.5306595905454906,0.5235733801177568,0.0070862104277338725,0.0027574959208313396,0.011414924934636406,0.045095533962698144,0.16013488460330616,0.1663634228137154,0.00010601770034029572,0.006550439300500561,0.5268425619142387,0.0038170286312518313,-0.003269181796482042,0.1235958330427379,0.17164755212972718,8.673617379884035e-19,-0.01353349658885528,0.021167553851358944
selection,s1_captured_features,ead:500000-inf,286,214,False,0.5452940345642917,0.543004592631465,0.002289441932826667,-0.004490537393075617,0.009069421258728953,0.046335640342560575,0.1636130078059678,0.1700476635807467,0.0001511662494698864,0.003895172633805963,0.541684596584678,0.0036094379796137396,0.0013199960467870696,0.12961871209223536,0.17858697697687556,2.8189256484623115e-18,-0.022267602220614004,0.029486478179841485
selection,governed_v5_8000,all,1055,618,False,0.5091455832972065,0.5293493391613708,-0.020203755864164275,-0.0273285975571268,-0.013078914171201751,0.09044791268521915,0.1614090622553627,0.18502353981931213,7.764646895702394e-05,-0.018299913319230154,0.5274854086396781,-0.01833982534247153,0.0018639305216927465,0.13924233876537762,0.18784188416512917,2.168404344971009e-18,-0.03389025534882663,-0.0027893953361164334
selection,governed_v5_8000,realized_gt60,470,317,False,0.6434092849178034,0.6543871091128725,-0.010977824195069095,-0.022281230424424654,0.00032558203428646564,0.09542703602933106,0.1911089300960942,0.21360932181863476,0.0001377374626145762,-0.010625898459095121,0.7519924428958851,-0.10858315797808188,-0.09760533378301275,0.12785281826579525,0.15630972838784074,2.7755575615628914e-17,-0.12190463567171464,-0.09526168028444912
selection,governed_v5_8000,realized_gt75,216,149,False,0.6948882176297544,0.7056387994220991,-0.010750581792344725,-0.027371744357802694,0.005870580773113242,0.09837245126276527,0.19912295414434542,0.22209702842365142,0.00021169688963943543,-0.011857756894437023,0.8371509894047917,-0.1422627717750372,-0.13151218998269248,0.1494172485472469,0.17716154916826987,0.0,-0.16024669708943234,-0.12427884646064208
selection,governed_v5_8000,realized_gt90,34,27,True,0.7334142667862575,0.7716666103938199,-0.03825234360756242,-0.07965035058231142,0.0031456633671865797,0.10230647350185079,0.19525693306145647,0.2204356695930833,0.000523223246239146,-0.03302969417090621,0.9410380141153236,-0.20762374732906597,-0.16937140372150353,0.20762374732906597,0.23398957023951475,2.7755575615628914e-17,-0.253552590600875,-0.16169490405725698
selection,governed_v5_8000,realized_le10,25,20,True,0.13948080717327163,0.14860552589241102,-0.00912471871913942,-0.025544072841733066,0.007294635403454224,0.04032971760213759,0.08211191234307527,0.09148143128802175,0.00025659972607211025,0.0024543528693142273,0.066425059603732,0.07305574756953961,0.08218046628867903,0.09700413153101094,0.19034626132190594,0.0,-0.011859230768128837,0.15797072590720806
selection,governed_v5_8000,predicted_0.0_0.2,71,41,False,0.11426579940517183,0.19370486515354143,-0.07943906574836955,-0.10984412383536903,-0.049034007661370074,0.12233581591346447,0.08382267527154004,0.14829798631434993,0.0001554362711765675,-0.07554821043795105,0.18552729383638872,-0.07126149443121688,0.008177571317152675,0.08824332993400745,0.12182672163939345,1.734723475976807e-18,-0.10377495922630925,-0.0387480296361245
selection,governed_v5_8000,predicted_0.2_0.4,238,188,False,0.32569919831903427,0.3777114077956924,-0.05201220947665816,-0.06462192384288361,-0.03940249511043272,0.1009031719696056,0.091787987061951,0.13640558889727608,9.296455467330395e-05,-0.04657482201747926,0.3795465357967739,-0.053847337477739704,-0.0018351280010815406,0.10791117996634172,0.13592963870139446,2.3852447794681098e-18,-0.07245599564543911,-0.035238679310040294
selection,governed_v5_8000,predicted_0.4_0.6,357,265,False,0.4928068820437112,0.5350850948791035,-0.042278212835392195,-0.05302227115925169,-0.0315341545115327,0.09459763102947816,0.15023763834151943,0.1775388965010949,0.0001242409221114012,-0.04304057878808048,0.536117714142677,-0.0433108320989658,-0.001032619263573605,0.1454555107493269,0.17893158111360793,8.673617379884035e-19,-0.066117354744349,-0.020504309453582604
selection,governed_v5_8000,predicted_0.6_0.8,336,242,False,0.6879942455235742,0.6635003129060072,0.02449393261756709,0.015831097845701705,0.033156767389432476,0.0689716061878038,0.21137578276956862,0.2223438868095396,0.00018017959907404957,0.01931781968320608,0.6584531662136631,0.029541079309911174,0.005047146692344093,0.16714463435940607,0.23134208820197139,9.540979117872439e-18,-0.002896080232534303,0.06197823885235665
selection,governed_v5_8000,predicted_0.8_1.0,53,41,False,0.838135585572257,0.7708246853907845,0.06731090018147251,0.0544077523716311,0.08021404799131393,0.08148684955386544,0.18990638600407417,0.20665077327545306,0.00040758825435901645,0.07972102111555449,0.7614774516248681,0.07665813394738906,0.009347233765916532,0.12951538977168675,0.21109033104551192,1.734723475976807e-17,0.011525932083672141,0.14179033581110598
selection,governed_v5_8000,conditional_0.0_0.2,47,33,False,0.12015981431612785,0.12262205620963637,-0.0024622418935085297,-0.015908243966985973,0.010983760179968913,0.046603607674782506,0.061083315961677154,0.07683142415170456,0.00013921745880333196,0.011081148943147861,0.12475495741129362,-0.004595143095165763,-0.002132901201657233,0.051766195443897614,0.06636529827256177,0.0,-0.025256316728464106,0.01606603053813258
selection,governed_v5_8000,conditional_0.2_0.4,179,158,False,0.2963698848179509,0.3165207430237956,-0.020150858205844703,-0.03245862998322677,-0.007843086428462636,0.07680935616418982,0.0873781930986506,0.11633841078312199,0.00010204613728622886,-0.012927233937311773,0.31449916069782685,-0.0181292758798759,0.0020215823259687937,0.0901702640878139,0.1133551294878905,7.806255641895632e-18,-0.03595895134135309,-0.00029960041839871554
selection,governed_v5_8000,conditional_0.4_0.6,420,303,False,0.4784303277157164,0.5059117561168875,-0.027481428401171057,-0.036847885929552335,-0.01811497087278978,0.0859521813133858,0.1580317064951146,0.17989385128538216,0.0001204868389818465,-0.03093121759597212,0.49273153797823976,-0.01430121026252334,0.013180218138647714,0.14794656726398248,0.18974153029112883,3.469446951953614e-18,-0.0376268198425321,0.009024399317485417
selection,governed_v5_8000,conditional_0.6_0.8,366,253,False,0.665632266542833,0.6771179084173465,-0.011485641874513574,-0.02517597733705681,0.0022046935880296638,0.1051148779054475,0.19637048268785928,0.2227341555041345,0.0001603820243860671,-0.009014840119386995,0.6898252032337399,-0.024192936690906924,-0.012707294816393346,0.1613203665285215,0.218521385938772,3.469446951953614e-18,-0.05389961920083583,0.005513745819021979
selection,governed_v5_8000,conditional_0.8_1.0,43,30,False,0.7881098262326478,0.8310467702858663,-0.04293694405321852,-0.0724280363696472,-0.013445851736789829,0.08704423538631148,0.17661050119463856,0.19689583044394063,0.00042082576465479917,-0.036220990698238364,0.811976814353698,-0.023866988121050002,0.019069955932168512,0.16619457068790758,0.22205802459260118,3.469446951953614e-18,-0.10867704500720712,0.060943068765107127
selection,governed_v5_8000,conditional_gt60,409,273,False,0.6785088803977523,0.6933011383937436,-0.014792257995991109,-0.027722657966248565,-0.0018618580257336505,0.10336374870185858,0.1943875385964859,0.22016034998905062,0.00015018508083019857,-0.011529166968998432,0.7026675486571096,-0.024158668259357172,-0.00936641026336606,0.16183281342058406,0.21889589652319116,3.469446951953614e-18,-0.052499587556367966,0.004182251037653618
selection,governed_v5_8000,conditional_gt75,84,55,False,0.7474414143916219,0.8027628022546813,-0.05532138786305922,-0.08027547760695067,-0.030367298119167774,0.10615420865536246,0.17948489561147235,0.20852708161749006,0.00030599074413720955,-0.05112485139472145,0.7786986588235714,-0.03125724443194946,0.024064143431109773,0.16808630048472342,0.2159909921305844,1.0408340855860843e-17,-0.09095436455881148,0.02843987569491256
selection,governed_v5_8000,collateral_type:Cash,95,55,False,0.15574025531795502,0.23156767650792923,-0.07582742118997417,-0.1021240371061837,-0.04953080527376463,0.12209806508510394,0.09064985211191982,0.15207015876048532,0.00014531997794773504,-0.05928232776513927,0.21760612881519578,-0.0618658734972408,0.01396154769273337,0.0899909856188757,0.12254904363689521,1.734723475976807e-18,-0.0903990745459673,-0.0333326724485143
selection,governed_v5_8000,collateral_type:Mortgage,339,193,False,0.4150620399043274,0.47495176304994535,-0.05988972314561804,-0.07131910682087042,-0.048460339470365654,0.09933656397713836,0.1009382527080436,0.1416202097249435,8.56595837194229e-05,-0.060938516075269664,0.491926812922056,-0.07686477301772865,-0.016975049872110615,0.11324088955109782,0.14039826066427188,3.469446951953614e-18,-0.09423722882760045,-0.059492317207856846
selection,governed_v5_8000,collateral_type:Other,199,112,False,0.5279968133405787,0.548602997521333,-0.020606184180754314,-0.036870821017364684,-0.004341547344143944,0.08873603552115229,0.15611558287161648,0.17957215601355284,0.00017291781641657846,-0.020106652808428792,0.559370278786614,-0.0313734654460354,-0.01076728126528108,0.14030872353952503,0.17801724736211397,5.204170427930421e-18,-0.06620821459397938,0.0034612837019085824
selection,governed_v5_8000,collateral_type:Unsecured,422,258,False,0.6553930538886372,0.6310046904415073,0.02438836344712999,0.01588706838773556,0.03288965850652442,0.07386431221543822,0.2088174022312963,0.22149637489965096,0.00015882925148562048,0.025293866080724287,0.6107740493324727,0.04461900455616461,0.020230641109034626,0.17071428014571696,0.2324906098813945,3.469446951953614e-18,0.014815727241975073,0.07442228187035416
selection,governed_v5_8000,lien_rank:First,334,294,False,0.33062110909808745,0.3857550746709484,-0.055133965572860974,-0.0659757507246772,-0.044292180421044734,0.1043804037726102,0.11072962013269451,0.1521719996138053,9.466961319098829e-05,-0.050585877445266755,0.38960364976889167,-0.058982540670804155,-0.003848575097943179,0.11144777048688297,0.14631112115615624,2.168404344971009e-18,-0.07432629379448075,-0.043638787547127564
selection,governed_v5_8000,lien_rank:Second,299,233,False,0.5021580976548048,0.5462788578890744,-0.04412076023426957,-0.054927949113368596,-0.033313571355170546,0.09483915767693285,0.129178226274721,0.1602544226296209,0.00011672765178060136,-0.04252514000739781,0.5639559808486522,-0.061797883193847304,-0.017677122959577733,0.12587185897445463,0.1558814693972529,0.0,-0.0806980527354761,-0.042897713652218505
selection,governed_v5_8000,lien_rank:Unsecured,422,258,False,0.6553930538886372,0.6310046904415073,0.02438836344712999,0.01588706838773556,0.03288965850652442,0.07386431221543822,0.2088174022312963,0.22149637489965096,0.00015882925148562048,0.025293866080724287,0.6107740493324727,0.04461900455616461,0.020230641109034626,0.17071428014571696,0.2324906098813945,3.469446951953614e-18,0.014815727241975073,0.07442228187035416
selection,governed_v5_8000,product_type:Financial Guarantee,36,36,False,0.5058375708915398,0.5504997644537991,-0.044662193562259436,-0.07268985416856348,-0.016634532955955388,0.09566445631284995,0.16773105370207445,0.1930942634508891,0.0004367996190158189,-0.02131581862471796,0.5384092546842222,-0.03257168379268241,0.012090509769577016,0.1575795184225372,0.19308217655348725,1.0408340855860843e-17,-0.0956231437279873,0.030479776142622483
selection,governed_v5_8000,product_type:Import LC,109,109,False,0.5075682261104579,0.5347692340652171,-0.027201007954759163,-0.04309656607556124,-0.011305449833957086,0.08856209236494679,0.16468343891462026,0.18698630767198657,0.00024646582270786735,-0.024149067077440557,0.528589810231977,-0.0210215841215191,0.006179423833240063,0.1370627189790937,0.1933751966309238,8.673617379884035e-19,-0.05727621759807129,0.015233049355033095
selection,governed_v5_8000,product_type:OVD,365,365,False,0.5502436728352261,0.5584762376929839,-0.008232564857757895,-0.01768791398710191,0.0012227842715861192,0.09240651647107004,0.1654240021517238,0.18948367944024005,0.00013529200015129252,-0.007281217885808284,0.5582019188424547,-0.007958246007228663,0.0002743188505292299,0.15332777398961558,0.20359100203903788,3.0357660829594124e-18,-0.02885755414011968,0.012941062125662353
selection,governed_v5_8000,product_type:Performance Guarantee,70,70,False,0.5237687222857814,0.5612793758067672,-0.037510653520985655,-0.05525979596853473,-0.01976151107343658,0.08405607507429873,0.15706687228776856,0.17814439684468983,0.0002933294052140819,-0.04477959096497019,0.5590587774127672,-0.035290055126985645,0.0022205983940000204,0.12959506088983067,0.17321293624482947,9.974659986866641e-18,-0.07530348975010293,0.004723379496131629
selection,governed_v5_8000,product_type:Term Loan,475,475,False,0.47602263165380054,0.49941543519450066,-0.0233928035407002,-0.031203109228109906,-0.015582497853290493,0.08985478645393818,0.15762493510775624,0.18143732476094107,0.00011300512551264241,-0.02232831719020169,0.4981479343885329,-0.02212530273473233,0.0012675008059678668,0.12895089809903792,0.1751870752270449,3.2526065174565133e-18,-0.037770370008802054,-0.006480235460662606
selection,governed_v5_8000,industry:Construction,147,84,False,0.50763523097814,0.5025849558148455,0.005050275163294536,-0.006069838777108176,0.016170389103697246,0.058144586714327214,0.16639331087353332,0.17625982771929688,0.00021443576523256147,0.012906749944006556,0.47110084332820346,0.03653438764993668,0.03148411248664215,0.1440515971389376,0.2019924417427622,6.938893903907228e-18,-0.00913171594767409,0.08220049124754746
selection,governed_v5_8000,industry:Hospitality,87,53,False,0.5213268159862051,0.5147480845750918,0.006578731411113137,-0.009429083477468934,0.02258654629969521,0.06081067317799026,0.16617948020876608,0.17695637206615653,0.0002783798496322615,0.010722857609596398,0.4781749299593978,0.043151886026807314,0.03657315461569417,0.13654765109917907,0.2078226645724051,6.938893903907228e-18,-0.017687929171874534,0.10399170122548916
selection,governed_v5_8000,industry:Manufacturing,185,110,False,0.49532880912217003,0.6532534957500057,-0.15792468662783557,-0.1706944618192311,-0.14515491143644005,0.1721619775949057,0.15628946273367397,0.2325212736309718,0.00017954109106403494,-0.15033960532471236,0.6477052554036363,-0.15237644628146618,0.005548240346369406,0.20455291877359966,0.22934995495817573,1.8214596497756474e-17,-0.18469216277689723,-0.12006072978603513
selection,governed_v5_8000,industry:Retail,214,128,False,0.5188742265454065,0.5065453049879463,0.012328921557460312,0.0027440427362115955,0.021913800378709027,0.05960071302346995,0.15930557843509435,0.17008971842367787,0.00017015476799180342,0.016749590720635883,0.5341790088148733,-0.015304782269466768,-0.027633703826927078,0.11841333811730201,0.16269041777072463,0.0,-0.0439241353447951,0.013314570805861563
selection,governed_v5_8000,industry:Services,218,129,False,0.5204287547639663,0.5069926924005943,0.013436062363372048,0.0032141499905867787,0.023657974736157317,0.06325399419724403,0.16747157429357315,0.17901898217304435,0.00017722822262495268,0.011985005833693755,0.522132587853494,-0.0017038330895277412,-0.01513989545289979,0.11852729889954332,0.16189029083328677,0.0,-0.03013961936949079,0.02673195319043531
selection,governed_v5_8000,industry:Technology,91,54,False,0.5402761278169589,0.5233364048560002,0.016939722960958685,0.0008571451660425999,0.03302230075587477,0.06380953018732072,0.1631990794520719,0.1752301220587667,0.00026731112555716027,0.01937505064743948,0.5116047587388044,0.028671369078154544,0.011731646117195873,0.13872867040808257,0.18898579441779462,1.3877787807814457e-17,-0.024995104224693376,0.08233784238100246
selection,governed_v5_8000,industry:Transport,113,60,False,0.459090868104071,0.46371565651357294,-0.004624788409501957,-0.01637498361218462,0.007125406793180707,0.05369415913277189,0.14949997899671108,0.1588499494648723,0.0002197464844767431,0.005765845276217318,0.45241899031679916,0.00667187778727185,0.011296666196773806,0.10795957942448207,0.1659223898726323,0.0,-0.038784239857375405,0.05212799543191911
selection,governed_v5_8000,guarantee:zero,838,555,False,0.538360339434687,0.5573549991891132,-0.018994659754426144,-0.026953499855430406,-0.011035819653421883,0.09092293902817909,0.1705567635636172,0.19327853072397255,9.205915051435422e-05,-0.0179990838737996,0.5603845267099837,-0.022024187275296564,-0.003029527520870426,0.14475625324307048,0.1958386587897308,5.637851296924623e-18,-0.03961914145949233,-0.004429233091100798
selection,governed_v5_8000,guarantee:partial,173,164,False,0.41512575719584505,0.4495741003736657,-0.034448343177820674,-0.046894458149859666,-0.022002228205781682,0.08854752318625334,0.12771526242920653,0.15540866166266656,0.00015171893118154923,-0.02648043748298873,0.4281997578359989,-0.013074000640153781,0.021374342537666888,0.12239223326409614,0.15947466853460343,6.938893903907228e-18,-0.0375303280160514,0.011382326735743834
selection,governed_v5_8000,guarantee:full,44,44,False,0.32240613494099696,0.3096305484119339,0.012775586529063016,-0.013476678387840316,0.03902785144596635,0.08875470355271833,0.08074449923522868,0.11998779754407846,0.00019019830102868756,0.007924359021165804,0.29127987786968634,0.03112625707131056,0.01835067054224754,0.10047888238844793,0.12484806412436773,3.469446951953614e-18,-0.005012126446127085,0.0672646405887482
selection,governed_v5_8000,coverage:0-0.5,506,303,False,0.644291692298604,0.6244994469559797,0.01979224534262429,0.011374750158808993,0.028209740526439587,0.07550786612479263,0.2020330937692266,0.21568219403716365,0.00014033541456053068,0.021609242303636592,0.6157184190739694,0.02857327322463458,0.00878102788201029,0.1638734825816554,0.2219187100327952,1.734723475976807e-18,0.002050638509830102,0.05509590793943906
selection,governed_v5_8000,coverage:0.5-1,335,194,False,0.40914606757335226,0.4607478698243594,-0.051601802251007106,-0.06474485251858152,-0.038458751983432696,0.10330611475516993,0.12381339037205001,0.161251074356824,0.00010569762733225848,-0.05495846663205633,0.4653107662841907,-0.05616469871083849,-0.0045628964598313695,0.12526237112773697,0.1597763302318038,1.5612511283791264e-17,-0.07827923373127105,-0.034050163690405935
selection,governed_v5_8000,coverage:1-inf,214,121,False,0.3461358011139543,0.4117583937586918,-0.06562259264473748,-0.07930786324280523,-0.051937322046669725,0.10071407102287916,0.08904310153524758,0.1344321316985562,9.510720485644287e-05,-0.057884368936780325,0.41618915587956956,-0.07005335476561528,-0.004430762120877809,0.1028868732867471,0.1324418618969481,1.0408340855860843e-17,-0.09084821201993463,-0.04925849751129592
selection,governed_v5_8000,ead:0-100000,212,175,False,0.5028547312498193,0.5261031443257389,-0.023248413075919582,-0.036758243543944684,-0.009738582607894479,0.09019340137711986,0.16174966448617367,0.18519666199303916,0.00017357832134634414,-0.021935563288776914,0.5100188891764689,-0.0071641579266495704,0.016084255149270008,0.13463046495747694,0.18437343177713,3.469446951953614e-18,-0.03724415659633827,0.022915840743039134
selection,governed_v5_8000,ead:100000-500000,557,422,False,0.5037515043620406,0.5235733801177568,-0.01982187575571603,-0.028767024808909223,-0.010876726702522838,0.09170029273843769,0.16013488460330616,0.18453217864434743,0.00010601770034029572,-0.0226654376774055,0.5268425619142387,-0.02309105755219807,-0.003269181796482042,0.13874748683410634,0.18786991130888528,2.6020852139652106e-18,-0.04178775351837649,-0.004394361586019652
selection,governed_v5_8000,ead:500000-inf,286,214,False,0.5243139839997709,0.543004592631465,-0.018690608631694167,-0.031020686965930383,-0.006360530297457952,0.0881511836765733,0.1636130078059678,0.18584899113768857,0.0001511662494698864,-0.016061181584768495,0.541684596584678,-0.017370612584907096,0.0013199960467870696,0.1436246806289897,0.1903182564368548,1.5178830414797062e-18,-0.04498973154969681,0.010248506379882612
development,frozen_v5,all,1933,1115,False,0.526578857204344,0.5554914959113169,-0.028912638706972926,-0.034914522637217386,-0.022910754776728465,0.10354743298945436,0.15972573647842714,0.19035330775240417,5.676478513323119e-05,-0.03562442569311899,0.5582367860614732,-0.03165792885712913,-0.0027452901501562126,0.13676274713440717,0.18381392761665963,4.7704895589362195e-18,-0.04279807286520609,-0.02051778484905218
development,frozen_v5,realized_gt60,970,609,False,0.6423977569648521,0.6726197902631067,-0.030222033298254736,-0.03924626216426806,-0.02119780443224141,0.11272160009252455,0.1845937428007533,0.21628917912972365,9.260856068495634e-05,-0.035685665063909904,0.7545466509929134,-0.11214889402806133,-0.08192686072980661,0.12930696578504997,0.15899012415452196,1.3877787807814457e-17,-0.1215435687877378,-0.10275421926838486
development,frozen_v5,realized_gt75,454,285,False,0.7074921997288127,0.7360608187854769,-0.02856861905666423,-0.04055954161693044,-0.01657769649639802,0.10243020694787629,0.19379579384735532,0.21920026689835806,0.00014211386354665947,-0.026322347957125444,0.8441167751693325,-0.13662457544051987,-0.10805595638385562,0.14142288732951877,0.1682710166374382,1.3877787807814457e-17,-0.14853064358590753,-0.12471850729513219
development,frozen_v5,realized_gt90,90,57,False,0.7687642535891404,0.8150875854765544,-0.04632333188741386,-0.06556895279953043,-0.027077710975297296,0.08705149988119304,0.18369079506147265,0.2032738837673972,0.000302542342500762,-0.05800427433779807,0.9416555126890555,-0.172891259099915,-0.12656792721250115,0.17292789732278638,0.1936070678109848,0.0,-0.19619395756487387,-0.14958856063495615
development,frozen_v5,realized_le10,46,34,False,0.09421453896573871,0.10537180583518334,-0.01115726686944462,-0.024559039972767566,0.0022445062338783267,0.04663966349445234,0.054555325114026415,0.07177424126504486,0.00012568349771060065,-0.006715246205773232,0.06467676382414347,0.029537775141595227,0.04069504201103984,0.058810360553078804,0.08034765288974546,6.938893903907228e-18,0.007984910433993572,0.05109063984919689
development,frozen_v5,predicted_0.0_0.2,124,78,False,0.10703110933241451,0.18574762778701998,-0.07871651845460548,-0.10020303591613981,-0.05723000099307114,0.12231412120342207,0.0806661759641998,0.1465188595043405,0.000113188069510899,-0.08491258648905162,0.20355158837005322,-0.09652047903763869,-0.01780396058303325,0.12164788644696661,0.17334478712277973,3.8163916471489756e-17,-0.1313209363186813,-0.061720021756596063
development,frozen_v5,predicted_0.2_0.4,374,309,False,0.32312770482525566,0.3952646587041664,-0.07213695387891066,-0.08352886873589396,-0.06074503902192735,0.123905462618725,0.09229335032255247,0.15450121740789505,7.456836768779641e-05,-0.08417446593860119,0.3902684770790481,-0.06714077225379247,0.004996181625118186,0.11285637659152774,0.14764956397199627,4.336808689942018e-18,-0.08237839270250719,-0.051903151805077756
development,frozen_v5,predicted_0.4_0.6,644,489,False,0.49581943723076566,0.5452521904562012,-0.04943275322543556,-0.0584933885068454,-0.040372117944025725,0.10873831300976551,0.14263734859628133,0.1793583952057634,8.782342089615897e-05,-0.05436647358444569,0.5500798573627749,-0.054260420132009185,-0.004827666906573631,0.14419490263142248,0.17713948168188337,7.806255641895632e-18,-0.07072429540658219,-0.03779654485743618
development,frozen_v5,predicted_0.6_0.8,684,459,False,0.6931433388557771,0.6808369192454627,0.012306419610314213,0.004105317276401999,0.020507521944226427,0.08403013987527196,0.20428498184391763,0.22089232266972866,0.00012204736726160613,0.010461858845655307,0.6829482787689313,0.010195060086845734,-0.00211135952346848,0.14895124177625566,0.2069015186302952,1.3010426069826053e-18,-0.010019657687571841,0.03040977786126331
development,frozen_v5,predicted_0.8_1.0,107,76,False,0.8442761725249289,0.8043785979246433,0.03989757460028579,0.023928442432002407,0.055866706768569176,0.07997280581923888,0.1853335841135331,0.20185189389988328,0.00027995115376275965,0.03816379742061822,0.8082509275869252,0.03602524493800375,-0.0038723296622820507,0.11519253062204572,0.19197645463556992,8.239936510889834e-18,-0.00998755584318585,0.08203804571919335
development,frozen_v5,conditional_0.0_0.2,83,60,False,0.10021746969177125,0.11753013223309923,-0.01731266254132801,-0.02852985212287678,-0.00609547295977924,0.05246585420886229,0.06080955234570017,0.08031480258551371,0.0001042924298989081,-0.01753790479194844,0.1180898787609675,-0.017872409069196217,-0.0005597465278682105,0.06016258435124647,0.07406657530918861,3.144186300207963e-18,-0.03557697352997381,-0.00016784460841862484
development,frozen_v5,conditional_0.2_0.4,297,240,False,0.3012452561449004,0.3207539600107726,-0.01950870386587218,-0.030430412892988475,-0.008586994838755881,0.08355230239450398,0.08756625759083336,0.12103237874175164,7.939233782408908e-05,-0.031975953752482765,0.3196704761170684,-0.018425219972167964,0.0010834838937042147,0.09346316952080426,0.13054069699454815,2.168404344971009e-19,-0.03607098451957638,-0.0007794554247595488
development,frozen_v5,conditional_0.4_0.6,690,509,False,0.4925702617859177,0.512919506230499,-0.020349244444581322,-0.029013019675897245,-0.011685469213265399,0.09857235796686138,0.15439405685546356,0.1831776038369188,9.183877020052717e-05,-0.032787539852219716,0.5291685603221565,-0.03659829853623883,-0.01624905409165751,0.13054355529144168,0.1716532349781381,0.0,-0.052581998473992225,-0.02061459859848544
development,frozen_v5,conditional_0.6_0.8,720,480,False,0.6508850545905975,0.6860853258821561,-0.035200271291558664,-0.04619769861032123,-0.0242028439727961,0.12130189894559912,0.18957656032807088,0.2250631531673522,0.00011039220724847821,-0.03560887365769089,0.6835894639569293,-0.032704409366331726,0.0024958619252269288,0.1666777393067813,0.21722908002805005,9.974659986866641e-18,-0.053209444652062565,-0.012199374080600883
development,frozen_v5,conditional_0.8_1.0,143,87,False,0.780267971881337,0.8451065773694563,-0.06483860548811925,-0.07782150789435766,-0.05185570308188084,0.08871098303747581,0.17554829228960875,0.19668970851895945,0.0002293763387462105,-0.07044937185306463,0.8183034646267204,-0.03803549274538326,0.026803112742735977,0.15054062174824795,0.19591014580236388,1.0408340855860843e-17,-0.08150409928608787,0.005433113795321354
development,frozen_v5,conditional_gt60,863,548,False,0.6723239389157143,0.712435313092682,-0.04011137417696789,-0.04970803404625508,-0.030514714307680695,0.11653329087530416,0.18732469138140131,0.22061402467514502,9.96344789443569e-05,-0.040957840631945415,0.7059117143576014,-0.033587775441887194,0.006523598735080688,0.1640038020983569,0.21384347108571589,7.806255641895632e-18,-0.05236580005375757,-0.014809750830016816
development,frozen_v5,conditional_gt75,260,169,False,0.7422668204147943,0.8123071516291444,-0.0700403312143501,-0.08204457153703168,-0.05803609089166853,0.10593451189877652,0.17924742015629758,0.20821085092741995,0.00017369457956942737,-0.0720338318147203,0.8031100401038577,-0.06084321968906352,0.009197111525286565,0.16302927790205632,0.208145756562099,2.0816681711721685e-17,-0.09330439746792507,-0.028382041910201973
development,frozen_v5,collateral_type:Cash,185,108,False,0.16099213705058893,0.2410218495088269,-0.08002971245823802,-0.09793382351384133,-0.062125601402634706,0.12278151951207583,0.09167579631130059,0.15323104503658955,0.00010531466553150274,-0.0839099842277453,0.2571506348151011,-0.09615849776451217,-0.016128785306274148,0.1273552188735022,0.1717988022431036,3.469446951953614e-18,-0.12436970900279971,-0.06794728652622463
development,frozen_v5,collateral_type:Mortgage,611,365,False,0.43966210161820996,0.5014729640607578,-0.06181086244254777,-0.0721205882602473,-0.051501136624848246,0.11443219709464142,0.10156432868150668,0.15300340059107176,6.420082710562268e-05,-0.0801196537238659,0.4978123315258789,-0.0581502299076689,0.003660632534878881,0.11497970650187743,0.14666902706497356,1.3444106938820255e-17,-0.07287174019940293,-0.043428719615934884
development,frozen_v5,collateral_type:Other,403,226,False,0.5527466375088657,0.5748175510480907,-0.022070913539225145,-0.035143485652698356,-0.008998341425751932,0.10016028178864324,0.15549805403749145,0.1849641231629178,0.00012102984062916198,-0.027495066342898923,0.5767217382169695,-0.023975100708103877,-0.0019041871688787295,0.13601702685840197,0.17918236779430052,2.6020852139652106e-18,-0.04855829313800135,0.0006080917217935917
development,frozen_v5,collateral_type:Unsecured,734,416,False,0.6767070117395626,0.6691070372260751,0.007599974513487464,-0.0011152907608603388,0.016315239787835268,0.0896026994781863,0.2078612393138505,0.2263513608593242,0.0001198796616106422,0.008857418151268157,0.6742733582456174,0.0024336534939450824,-0.005166321019542385,0.15767603845044698,0.2144905596020763,3.469446951953614e-18,-0.018841092138682864,0.02370839912657303
development,frozen_v5,lien_rank:First,654,577,False,0.3555222646921751,0.41816726708553764,-0.0626450023933625,-0.07101166567968967,-0.054278339107035334,0.11729240747467759,0.11298076950664336,0.16285626524490568,6.902965140291409e-05,-0.06870224156623002,0.4231324496623477,-0.06761018497017258,-0.00496518257681007,0.12273441720424785,0.16165168034741464,1.474514954580286e-17,-0.08021717385020988,-0.05500319609013529
development,frozen_v5,lien_rank:Second,545,427,False,0.5296558224779367,0.5672644102728348,-0.037608587794897945,-0.04712961980384581,-0.02808755578595008,0.10347474721471277,0.13030516524923436,0.16639248601357867,8.721343785140343e-05,-0.052321589734920494,0.564085211789668,-0.0344293893117311,0.0031791984831668566,0.1254309525442255,0.1628471153894859,8.673617379884035e-18,-0.05058378646936032,-0.018274992154101877
development,frozen_v5,lien_rank:Unsecured,734,416,False,0.6767070117395626,0.6691070372260751,0.007599974513487464,-0.0011152907608603388,0.016315239787835268,0.0896026994781863,0.2078612393138505,0.2263513608593242,0.0001198796616106422,0.008857418151268157,0.6742733582456174,0.0024336534939450824,-0.005166321019542385,0.15767603845044698,0.2144905596020763,3.469446951953614e-18,-0.018841092138682864,0.02370839912657303
development,frozen_v5,product_type:Financial Guarantee,81,81,False,0.5056597885638068,0.5642651982133802,-0.05860540964957329,-0.07909353861106774,-0.03811728068807883,0.11034501892633178,0.15735124874480966,0.19218594819445955,0.0002731792512930723,-0.06691913986246714,0.5450239535189816,-0.03936416495517473,0.01924124469439856,0.1377637695035536,0.17902898883231155,3.469446951953614e-18,-0.0776355435832419,-0.0010927863271075616
development,frozen_v5,product_type:Import LC,181,181,False,0.5523253036474719,0.5821652154740141,-0.02983991182654226,-0.04387976053416101,-0.015800063118923506,0.10063025318209683,0.16661314983187517,0.1946442641137719,0.00019350402962161698,-0.024123199018135737,0.5708766226702469,-0.018551319022775126,0.011288592803767141,0.1440919421380602,0.19501777917502555,8.673617379884035e-18,-0.04691222582527432,0.009809587779724072
development,frozen_v5,product_type:OVD,637,637,False,0.5646711100145549,0.5802349686969371,-0.01556385868238213,-0.023211975787733492,-0.007915741577030767,0.09963040189128344,0.16244541619141742,0.19056424172079472,0.00010056752705052261,-0.022807112764925763,0.5856053066340278,-0.02093419661947281,-0.005370337937090677,0.1360699190999898,0.18262469692645472,1.734723475976807e-18,-0.035034056822521566,-0.006834336416424051
development,frozen_v5,product_type:Performance Guarantee,150,150,False,0.5311044066406514,0.5638605192143009,-0.0327561125736496,-0.048320817171788974,-0.01719140797551022,0.10231931214202286,0.15367943871163608,0.18462559822500296,0.00019606052541709827,-0.03737963818098228,0.5819396830161014,-0.05083527637545,-0.018079163801800403,0.1283880882270482,0.17014783428999616,3.469446951953614e-18,-0.07690794931061495,-0.02476260344028506
development,frozen_v5,product_type:Term Loan,884,884,False,0.49500729645561875,0.5299761579167435,-0.034968861461124684,-0.041599116079746264,-0.028338606842503104,0.10642924914403072,0.1575158773826753,0.1901011223033577,8.277862917014436e-05,-0.03969026946986762,0.5331160245929688,-0.0381087281373501,-0.00313986667622542,0.13709064666660814,0.18496601447777528,6.071532165918825e-18,-0.05004719805227272,-0.026170258222427474
development,frozen_v5,industry:Construction,319,183,False,0.5145153908862093,0.49218185935571496,0.022333531530494305,0.01455567623285798,0.03011138682813063,0.06088927992322609,0.16113839436692873,0.17225877785680715,0.00014096903161483503,0.0239735760512594,0.5213830564198744,-0.006867665533664951,-0.029201197064159256,0.09422427971379287,0.13804488573328969,0.0,-0.0275786090376807,0.013843277970350797
development,frozen_v5,industry:Hospitality,183,110,False,0.5248054852924057,0.4968654694472652,0.02794001584514042,0.017735368443334273,0.03814466324694657,0.06418752448756519,0.15871356623167035,0.17120173598949454,0.00018331944398048146,0.036266721587778106,0.4943418255695246,0.03046365972288095,0.002523643877740537,0.09572915117442121,0.14391164202965592,8.239936510889834e-18,0.003177218107205136,0.057750101338556764
development,frozen_v5,industry:Manufacturing,343,190,False,0.5443944156812941,0.5139236256972005,0.030470789984093753,0.022525413097889028,0.038416166870298474,0.06649673893270709,0.16556939130179163,0.17842376418159772,0.00013968604403982187,0.02488293012906254,0.5190671900881502,0.025327225593144057,-0.0051435643909497,0.11671116786482504,0.1695934048225209,4.336808689942018e-18,0.0009403023663430606,0.049714148819945056
development,frozen_v5,industry:Retail,367,214,False,0.5151466903467004,0.6550897123410523,-0.13994302199435196,-0.14916147996075352,-0.1307245640279504,0.15707888473371842,0.1548214335667317,0.22055260669701165,0.00012627520387688943,-0.15153551041824384,0.6430612820129443,-0.12791459166624403,0.012028430328107912,0.19536736356090695,0.22514538023133523,2.42861286636753e-17,-0.15425769967749375,-0.10157148365499431
development,frozen_v5,industry:Services,435,252,False,0.524827298850545,0.4997046894731307,0.025122609377414444,0.018083002244682088,0.0321622165101468,0.06248742993549301,0.1591239116337952,0.17095349704987903,0.00011920949377688742,0.019244385862913483,0.5026171729227324,0.022210125927812664,-0.002912483449601772,0.11618984742914246,0.17487925753929331,7.806255641895632e-18,-0.0005610276456628309,0.04498127950128816
development,frozen_v5,industry:Technology,139,76,False,0.5534775054394704,0.6838640887675536,-0.13038658332808317,-0.14503584237350867,-0.11573732428265766,0.14735650696975247,0.16257593460016728,0.21941940355730755,0.00021546110618787004,-0.12768037852531208,0.6703972566304748,-0.11691975119100444,0.013466832137078708,0.18746878455850727,0.21603180466417396,2.7755575615628914e-17,-0.15613852513499904,-0.07770097724700983
development,frozen_v5,industry:Transport,147,90,False,0.5216853692706772,0.6578931377581313,-0.1362077684874541,-0.15081536616118207,-0.12160017081372614,0.15431151242578262,0.15506456614015776,0.21876257115733447,0.00019983609152409066,-0.14380479198054685,0.6559097468547892,-0.13422437758411188,0.001983390903342205,0.19356403147886245,0.22105203244566216,3.0791341698588326e-17,-0.172788929553136,-0.09565982561508776
development,frozen_v5,guarantee:zero,1565,1014,False,0.5614796635970845,0.5825838469233215,-0.02110418332623696,-0.027474954491230386,-0.014733412161243534,0.09982405096038932,0.16800799289036816,0.1954265253879125,6.635792520826619e-05,-0.027594049628577044,0.5845279589898297,-0.023048295392745118,-0.0019441120665081532,0.13893561564578194,0.1879827849855777,4.7704895589362195e-18,-0.03543598581215221,-0.010660604973338027
development,frozen_v5,guarantee:partial,296,276,False,0.3922221414310366,0.458958030954723,-0.0667358895236863,-0.07816457449985892,-0.05530720454751367,0.11695521823636786,0.12484282542359647,0.1710679810264417,0.00011338034116874952,-0.07530928348353101,0.4694415867630787,-0.07721944533204209,-0.01048355580835579,0.13107061124052297,0.16906852466367553,0.0,-0.09540939366906344,-0.05902949699502073
development,frozen_v5,guarantee:full,72,68,False,0.3203264386524006,0.3634689444302711,-0.043142505777870425,-0.07138372197305512,-0.014901289582685731,0.12258465210263261,0.08556653374097561,0.14949457725138057,0.00015756426106997755,-0.06814894503018777,0.3518158604982347,-0.03148942184583407,0.011653083932036347,0.11293403886063273,0.1465913559725639,5.204170427930421e-18,-0.0665027589844166,0.00352391529274846
development,frozen_v5,coverage:0-0.5,868,490,False,0.6693607723747375,0.6611334473255505,0.008227325049186964,0.00011952854434217272,0.016335121554031756,0.09102698193957533,0.20233427869605447,0.2218672390788699,0.00010730738929075212,0.004995868793836014,0.6641555013308689,0.005205271043868513,-0.0030220540053184503,0.15506918912409778,0.21214119486912442,8.673617379884035e-19,-0.014239794557767242,0.02465033664550427
development,frozen_v5,coverage:0.5-1,693,402,False,0.4388621816979438,0.4898572090930678,-0.05099502739512409,-0.06051896096978181,-0.041471093820466376,0.10775183375377315,0.12461137603427792,0.1647375267340656,7.396241794945325e-05,-0.05864800321760467,0.49619902284110573,-0.05733684114316194,-0.006341813748037855,0.12892055121542334,0.1647713165989841,6.071532165918825e-18,-0.07333748841351141,-0.04133619387281247
development,frozen_v5,coverage:1-inf,372,223,False,0.3568287328979837,0.43126393391532764,-0.07443520101734395,-0.08774219086777306,-0.061128211166914845,0.12145560615750414,0.09008963913195099,0.15122039328745285,7.298328435588205e-05,-0.08804537908959197,0.4266634663245892,-0.06983473342660555,0.004600467590738416,0.10865696790001032,0.14135781910225814,1.6479873021779667e-17,-0.08695933344882932,-0.052710133404381784
development,frozen_v5,ead:0-100000,412,325,False,0.5299480085264461,0.5593838247746195,-0.029435816248173374,-0.041134908347387304,-0.017736724148959444,0.10408659572685336,0.15600064002167197,0.1875372472261889,0.00012008749845759515,-0.03001122765361462,0.5545508637389371,-0.024602855212491056,0.004832961035682323,0.13924345499452448,0.18579916925900503,4.336808689942018e-18,-0.045781336237270466,-0.0034243741877116457
development,frozen_v5,ead:100000-500000,1023,764,False,0.5264371454364075,0.5509351791299065,-0.024498033693499132,-0.03164432587241946,-0.017351741514578804,0.10073976578776646,0.15932249836531964,0.18849975834557806,7.783220194265074e-05,-0.026932075567251315,0.5580173742183476,-0.03158022878194012,-0.007082195088440986,0.13338435275092303,0.18142484135889947,8.673617379884035e-19,-0.04486971386875253,-0.01829074369512771
development,frozen_v5,ead:500000-inf,498,387,False,0.5240826338989083,0.5616309990753774,-0.03754836517646911,-0.04828918558122883,-0.026807544771709393,0.10866320883443054,0.16355304492822875,0.19636010658861,0.00011451542483554231,-0.04016268297500888,0.5617369031546504,-0.03765426925574209,-0.0001059040792729838,0.1416503893350818,0.18701066006833925,2.846030702774449e-18,-0.05685798570491029,-0.018450552806573893
development,s1_same_spec,all,1933,1115,False,0.5582367860614732,0.5554914959113169,0.0027452901501561406,-9.3613328322497e-05,0.005584193628634778,0.05103425351451973,0.15972573647842714,0.16768066652229235,5.676478513323119e-05,0.0024407199562965897,0.5582367860614732,-7.07602051908015e-17,-0.0027452901501562126,0.10600609534945454,0.14571624316685075,1.3010426069826053e-18,-0.008806986456753487,0.008806986456753345
development,s1_same_spec,realized_gt60,970,609,False,0.66849912141348,0.6726197902631067,-0.00412066884962681,-0.007795946475222861,-0.0004453912240307595,0.045981426294501956,0.1845937428007533,0.19023443811588733,9.260856068495634e-05,-0.004432430903397619,0.7545466509929134,-0.08604752957943342,-0.08192686072980661,0.09336977268845809,0.11223561307117665,0.0,-0.09208087933603631,-0.08001417982283052
development,s1_same_spec,realized_gt75,454,285,False,0.7281826811504909,0.7360608187854769,-0.007878137634986022,-0.013211543861596179,-0.002544731408375866,0.045179516869880136,0.19379579384735532,0.1989924582930781,0.00014211386354665947,-0.004313233509739062,0.8441167751693325,-0.11593409401884164,-0.10805595638385562,0.11787390484108735,0.13475304798239665,0.0,-0.12425027621966665,-0.10761791181801662
development,s1_same_spec,realized_gt90,90,57,False,0.7979623821700504,0.8150875854765544,-0.017125203306503866,-0.026364743828019184,-0.00788566278498855,0.037974639552959946,0.18369079506147265,0.18757500217111336,0.000302542342500762,-0.0216907492310149,0.9416555126890555,-0.14369313051900504,-0.12656792721250115,0.14369313051900504,0.1618267709339771,2.7755575615628914e-17,-0.16429295586529913,-0.12309330517271094
development,s1_same_spec,realized_le10,46,34,False,0.14044693524918314,0.10537180583518334,0.03507512941399986,0.019510210321052573,0.050640048506947144,0.06244499854272435,0.054555325114026415,0.08291960770106167,0.00012568349771060065,0.0575314345951404,0.06467676382414347,0.07577017142503968,0.04069504201103984,0.0879475108475733,0.11082488840673928,2.0816681711721685e-17,0.05103183583599111,0.10050850701408826
development,s1_same_spec,predicted_0.0_0.2,59,42,False,0.1259852353610775,0.10742463652415037,0.01856059883692712,0.008448228329588223,0.028672969344266015,0.046267232271029086,0.054033344214536955,0.07113549795304723,0.00010991472249910258,0.02861360392589596,0.10408743532897799,0.02189780003209952,0.00333720119517241,0.048970211563210755,0.06093306003457447,9.540979117872439e-18,0.006407637704184918,0.03738796236001412
development,s1_same_spec,predicted_0.2_0.4,249,188,False,0.31772472808820057,0.2961613753361642,0.02156335275203641,0.014497885938167861,0.028628819565904958,0.056706891097220914,0.08245205802116214,0.10007004231955316,8.164354480259647e-05,0.023232774490390056,0.2815961447728791,0.03612858331532145,0.014565230563285035,0.07484192849801682,0.09274762570064914,3.469446951953614e-18,0.023944918871805942,0.048312247758836954
development,s1_same_spec,predicted_0.4_0.6,756,547,False,0.5102629281635586,0.5050757226748712,0.005187205488687256,0.0007743288726056174,0.009600082104768894,0.05315839752433141,0.14439879782893758,0.15387276575728806,8.205833597615718e-05,0.002069512609037756,0.5028710648344153,0.0073918633291432286,0.002204657840455975,0.10566624646784542,0.13857857374769397,2.168404344971009e-18,-0.005330798323952038,0.020114524982238494
development,s1_same_spec,predicted_0.6_0.8,754,498,False,0.6776566065708355,0.6830647753137997,-0.005408168742964358,-0.009923294672882126,-0.0008930428130465903,0.04931388439180997,0.19342309628857302,0.19961050416164827,0.00011006333907924212,-0.004765598296512045,0.6940600780665465,-0.016403471495711003,-0.010995302752746645,0.12387164198010817,0.17121547626948558,0.0,-0.03213025129950514,-0.0006766916919168642
development,s1_same_spec,predicted_0.8_1.0,115,66,False,0.8331588367869719,0.8418672926446796,-0.0087084558577077,-0.016906415050944344,-0.0005104966644710572,0.03458446488482688,0.17390319642075105,0.17730878978980183,0.0002533836981729845,-0.007325537303821811,0.8636633464954521,-0.03050450970848032,-0.021796053850772615,0.08784347173536801,0.13388125324580394,3.469446951953614e-18,-0.06830188134511196,0.007292861928151328
development,s1_same_spec,conditional_0.0_0.2,83,60,False,0.1647921722154372,0.11753013223309923,0.047262039982337946,0.03621394585016474,0.05831013411451115,0.0678932443788854,0.06080955234570017,0.09114435961032094,0.0001042924298989081,0.05833912838432527,0.1180898787609675,0.046702293454469725,-0.0005597465278682105,0.06577874635218389,0.08347140617833397,1.0733601507606494e-17,0.03039486629285729,0.06300972061608216
development,s1_same_spec,conditional_0.2_0.4,297,240,False,0.3531065178745494,0.3207539600107726,0.03235255786377678,0.025965468121873087,0.03873964760568048,0.06036640977679161,0.08756625759083336,0.10635766496968474,7.939233782408908e-05,0.029584359636873565,0.3196704761170684,0.033436041757480994,0.0010834838937042147,0.07488169621756731,0.09365304699946808,3.686287386450715e-18,0.022375175878770793,0.0444969076361912
development,s1_same_spec,conditional_0.4_0.6,690,509,False,0.5249819602345408,0.512919506230499,0.012062454004041791,0.008241646236576573,0.01588326177150701,0.04508847536702175,0.15439405685546356,0.1608430769514518,9.183877020052717e-05,0.007667131984790607,0.5291685603221565,-0.004186600087615716,-0.01624905409165751,0.10026971116724492,0.13466286935379387,3.469446951953614e-18,-0.017051169317543035,0.0086779691423116
development,s1_same_spec,conditional_0.6_0.8,720,480,False,0.6705514449889415,0.6860853258821561,-0.015533880893214598,-0.01990478270165142,-0.011162979084777775,0.049253560728873644,0.18957656032807088,0.1958703282028586,0.00011039220724847821,-0.013796846623802523,0.6835894639569293,-0.013038018967987668,0.0024958619252269288,0.12651991096289864,0.17092863036259875,1.3010426069826053e-18,-0.029217563092212444,0.0031415251562371092
development,s1_same_spec,conditional_0.8_1.0,143,87,False,0.8075994993030349,0.8451065773694563,-0.03750707806642138,-0.04635525780355868,-0.02865889832928408,0.05420725778361804,0.17554829228960875,0.18372705223297284,0.0002293763387462105,-0.03330985729885112,0.8183034646267204,-0.010703965323685404,0.026803112742735977,0.11839053138434187,0.1736505355384128,0.0,-0.049914623370748354,0.02850669272337755
development,s1_same_spec,conditional_gt60,863,548,False,0.6932604505125977,0.712435313092682,-0.019174862580084318,-0.023215661113744405,-0.015134064046424232,0.050108255552526744,0.18732469138140131,0.19391074564256253,9.96344789443569e-05,-0.01679262610674259,0.7059117143576014,-0.01265126384500363,0.006523598735080688,0.12517286428881563,0.17138264102156547,8.673617379884035e-19,-0.02773982253908138,0.0024372948490741213
development,s1_same_spec,conditional_gt75,260,169,False,0.7789017739588151,0.8123071516291444,-0.03340537767032914,-0.04039634569838483,-0.02641440964227345,0.055001312266250775,0.17924742015629758,0.1874960852489937,0.00017369457956942737,-0.029190338638756697,0.8031100401038577,-0.024208266145042564,0.009197111525286565,0.11959483313550737,0.1686867477111888,1.0408340855860843e-17,-0.05139868102044951,0.002982148730364384
development,s1_same_spec,collateral_type:Cash,185,108,False,0.2740922035591741,0.2410218495088269,0.033070354050347146,0.025275914271460337,0.040864793829233956,0.0615631779364389,0.09167579631130059,0.11042860366293107,0.00010531466553150274,0.03727958187967091,0.2571506348151011,0.016941568744073,-0.016128785306274148,0.0750029682961771,0.09320212783215764,3.469446951953614e-18,0.00062121819997938,0.03326191928816662
development,s1_same_spec,collateral_type:Mortgage,611,365,False,0.5014979656264094,0.5014729640607578,2.5001565651689645e-05,-0.004328660396950669,0.004378663528254049,0.04696455694420144,0.10156432868150668,0.11189719598582558,6.420082710562268e-05,-0.0045907045888924514,0.4978123315258789,0.003685634100530571,0.003660632534878881,0.07527863600046196,0.09606391108205341,4.336808689942018e-19,-0.0063207449086912304,0.013692013109752373
development,s1_same_spec,collateral_type:Other,403,226,False,0.5736589531183826,0.5748175510480907,-0.0011585979297082192,-0.007455952164275627,0.005138756304859189,0.05091941736972566,0.15549805403749145,0.1636228342094065,0.00012102984062916198,0.0024124192393651087,0.5767217382169695,-0.0030627850985869474,-0.0019041871688787295,0.1079458756702468,0.14301560424166823,1.3010426069826053e-18,-0.02237822881143617,0.016252658614262276
development,s1_same_spec,collateral_type:Unsecured,734,416,False,0.6686169409999128,0.6691070372260751,-0.00049009622616236,-0.005433750830419883,0.004453558378095163,0.0514209132659994,0.2078612393138505,0.2141270770598601,0.0001198796616106422,-0.0012506135423899448,0.6742733582456174,-0.005656417245704742,-0.005166321019542385,0.1383335131938844,0.18659275201937126,3.469446951953614e-18,-0.024064371939536252,0.012751537448126769
development,s1_same_spec,lien_rank:First,654,577,False,0.43050603807116117,0.41816726708553764,0.012338770985623554,0.008226662845493376,0.016450879125753732,0.0535107438670324,0.11298076950664336,0.12501221535320625,6.902965140291409e-05,0.010529123776958102,0.4231324496623477,0.0073735884088134826,-0.00496518257681007,0.08129176359897355,0.10532167905114666,1.734723475976807e-18,-0.001120544334027273,0.01586772115165424
development,s1_same_spec,lien_rank:Second,545,427,False,0.5628549061731232,0.5672644102728348,-0.00440950409971158,-0.008922652739578707,0.00010364454015554785,0.04733345522302499,0.13030516524923436,0.13863582536263988,8.721343785140343e-05,-0.006229695454423075,0.564085211789668,-0.001230305616544724,0.0031791984831668566,0.09212508299533169,0.12291305457101809,8.673617379884035e-19,-0.01345699380218947,0.010996382569100021
development,s1_same_spec,lien_rank:Unsecured,734,416,False,0.6686169409999128,0.6691070372260751,-0.00049009622616236,-0.005433750830419883,0.004453558378095163,0.0514209132659994,0.2078612393138505,0.2141270770598601,0.0001198796616106422,-0.0012506135423899448,0.6742733582456174,-0.005656417245704742,-0.005166321019542385,0.1383335131938844,0.18659275201937126,3.469446951953614e-18,-0.024064371939536252,0.012751537448126769
development,s1_same_spec,product_type:Financial Guarantee,81,81,False,0.5586795511710871,0.5642651982133802,-0.005585647042292802,-0.01694420387537797,0.0057729097907923636,0.05213377273350627,0.15735124874480966,0.1657629202836987,0.0002731792512930723,-0.003167016973200348,0.5450239535189816,0.013655597652105759,0.01924124469439856,0.1131299326899161,0.14839080058434276,0.0,-0.018723989681995082,0.046035184986206595
development,s1_same_spec,product_type:Import LC,181,181,False,0.5762289339784099,0.5821652154740141,-0.00593628149560432,-0.01367198167051137,0.001799418679302731,0.053283399949672954,0.16661314983187517,0.17492587689388808,0.00019350402962161698,0.005977114730284158,0.5708766226702469,0.005352311308162824,0.011288592803767141,0.1145993916839406,0.15942291032486205,1.734723475976807e-18,-0.017924616335104296,0.028629238951429943
development,s1_same_spec,product_type:OVD,637,637,False,0.5799129624977277,0.5802349686969371,-0.0003220061992093557,-0.004106221316903736,0.003462208918485024,0.0486920208839191,0.16244541619141742,0.16958604346868536,0.00010056752705052261,-0.0006156670449207827,0.5856053066340278,-0.005692344136300033,-0.005370337937090677,0.10580527398286908,0.144029818052785,0.0,-0.01687745979418807,0.005492771521588003
development,s1_same_spec,product_type:Performance Guarantee,150,150,False,0.5680110300346299,0.5638605192143009,0.004150510820328948,-0.003917464767482921,0.012218486408140817,0.050417149201637694,0.15367943871163608,0.16173824166332373,0.00019606052541709827,-0.0043063629577635345,0.5819396830161014,-0.013928652981471456,-0.018079163801800403,0.09670961247298383,0.13355862539385416,0.0,-0.035257148362005955,0.007399842399063047
development,s1_same_spec,product_type:Term Loan,884,884,False,0.5372341800289934,0.5299761579167435,0.007258022112249929,0.0038482911088829025,0.010667753115616956,0.05220154165650805,0.1575158773826753,0.16594050915599287,8.277862917014436e-05,0.004771921518733569,0.5331160245929688,0.004118155436024509,-0.00313986667622542,0.10531602541830769,0.14571554911812312,0.0,-0.0054892940125961355,0.013725604884645155
development,s1_same_spec,industry:Construction,319,183,False,0.5162995466921884,0.49218185935571496,0.024117687336473275,0.018782158095305857,0.029453216577640693,0.0468596581643806,0.16113839436692873,0.16781361596257452,0.00014096903161483503,0.022679283066621248,0.5213830564198744,-0.005083509727685984,-0.029201197064159256,0.0961687537382251,0.13134949279136268,3.469446951953614e-18,-0.024690778982689624,0.014523759527317655
development,s1_same_spec,industry:Hospitality,183,110,False,0.5110616361816358,0.4968654694472652,0.014196166734370597,0.005296054803517572,0.023096278665223624,0.050025296025240445,0.15871356623167035,0.16641071584602882,0.00018331944398048146,0.020019654048691195,0.4943418255695246,0.016719810612111127,0.002523643877740537,0.09083777983213448,0.12384407635098707,6.5052130349130266e-18,-0.006635343679688977,0.04007496490391123
development,s1_same_spec,industry:Manufacturing,343,190,False,0.5295919702337722,0.5139236256972005,0.015668344536571722,0.010270611690204063,0.02106607738293938,0.04588971723729394,0.16556939130179163,0.17181120302286632,0.00013968604403982187,0.014508440752930554,0.5190671900881502,0.010524780145622022,-0.0051435643909497,0.11065532411298937,0.1503901988940035,8.673617379884035e-19,-0.011206355311420044,0.03225591560266409
development,s1_same_spec,industry:Retail,367,214,False,0.632844348689028,0.6550897123410523,-0.022245363652024328,-0.029939321222333927,-0.014551406081714728,0.06335226728615831,0.1548214335667317,0.16728175651264177,0.00012627520387688943,-0.02492286968918441,0.6430612820129443,-0.010216933323916419,0.012028430328107912,0.10937575105352997,0.1492104948589135,3.469446951953614e-18,-0.03127370937990651,0.010839842732073675
development,s1_same_spec,industry:Services,435,252,False,0.5123935310375473,0.4997046894731307,0.01268884156441654,0.0084047263311522,0.01697295679768088,0.04117671469966522,0.1591239116337952,0.16436526727717593,0.00011920949377688742,0.010820739345756869,0.5026171729227324,0.009776358114814766,-0.002912483449601772,0.10989190959921388,0.15543886757568753,2.6020852139652106e-18,-0.01030269863865948,0.029855414868289014
development,s1_same_spec,industry:Technology,139,76,False,0.6507396798634254,0.6838640887675536,-0.03312440890412808,-0.04243569291219366,-0.0238131248960625,0.05557477424966213,0.16257593460016728,0.1718123687166287,0.00021546110618787004,-0.03331961558677104,0.6703972566304748,-0.01965757676704937,0.013466832137078708,0.12133704885843881,0.16083018650790137,0.0,-0.05456817402133699,0.015253020487238249
development,s1_same_spec,industry:Transport,147,90,False,0.6367343495195494,0.6578931377581313,-0.021158788238581888,-0.032022565094742717,-0.010295011382421062,0.05912775734660271,0.15506456614015776,0.16595514864286104,0.00019983609152409066,-0.003885654798897602,0.6559097468547892,-0.019175397335239684,0.001983390903342205,0.10098046860094789,0.13551129387973398,4.336808689942018e-19,-0.046781543510093365,0.008430748839613998
development,s1_same_spec,guarantee:zero,1565,1014,False,0.5820066025541829,0.5825838469233215,-0.0005772443691385778,-0.003662814899896013,0.002508326161618857,0.049750165747444695,0.16800799289036816,0.17521919035011038,6.635792520826619e-05,-0.0006456093686215761,0.5845279589898297,-0.0025213564356467307,-0.0019441120665081532,0.11241042096276672,0.15343057772932758,2.168404344971009e-19,-0.01258040181444357,0.007537688943150107
development,s1_same_spec,guarantee:partial,296,276,False,0.4767264887794826,0.458958030954723,0.017768457824759627,0.012042269072775632,0.02349464657674362,0.05289122995037015,0.12484282542359647,0.13558470881854456,0.00011338034116874952,0.01942767310613021,0.4694415867630787,0.007284902016403835,-0.01048355580835579,0.07952155097301808,0.10829599742034034,0.0,-0.005658478586436981,0.020228282619244652
development,s1_same_spec,guarantee:full,72,68,False,0.37667130251117165,0.3634689444302711,0.013202358080900619,-0.0027676933889336456,0.029172409550734885,0.0680007701388221,0.08556653374097561,0.10929655271745049,0.00015756426106997755,0.007210884149401845,0.3518158604982347,0.02485544201293697,0.011653083932036347,0.07568186688544982,0.10074388104981356,3.469446951953614e-18,0.0012218922886487286,0.04848899173722521
development,s1_same_spec,coverage:0-0.5,868,490,False,0.6609908950482629,0.6611334473255505,-0.00014255227728753403,-0.004637030778449188,0.0043519262238741205,0.05119751755693782,0.20233427869605447,0.208711154803584,0.00010730738929075212,-0.0003727584098823682,0.6641555013308689,-0.003164606282605986,-0.0030220540053184503,0.1344575023543703,0.18219370263328277,1.734723475976807e-18,-0.01976714862251789,0.013437936057305916
development,s1_same_spec,coverage:0.5-1,693,402,False,0.49618397433520695,0.4898572090930678,0.006326765242139133,0.0019067557339605048,0.010746774750317762,0.049248457397018316,0.12461137603427792,0.13399031902768999,7.396241794945325e-05,0.0073375733412283095,0.49619902284110573,-1.5048505898717128e-05,-0.006341813748037855,0.09094320143822135,0.11764606942449744,4.336808689942018e-18,-0.01179638691683417,0.011766289905036736
development,s1_same_spec,coverage:1-inf,372,223,False,0.4340755815608518,0.43126393391532764,0.0028116476455241385,-0.003433273080297928,0.009056568371346205,0.053843912787679665,0.09008963913195099,0.1049538471101103,7.298328435588205e-05,-2.9081680717941397e-05,0.4266634663245892,0.007412115236262557,0.004600467590738416,0.06768019266186784,0.08423312496149268,2.6020852139652106e-18,-0.003215623228036684,0.018039853700561798
development,s1_same_spec,ead:0-100000,412,325,False,0.5560190897726277,0.5593838247746195,-0.003364735001991788,-0.009477180667577318,0.0027477106635937416,0.05597258678191253,0.15600064002167197,0.16573813730771203,0.00012008749845759515,-0.0014065575012385608,0.5545508637389371,0.0014682260336905371,0.004832961035682323,0.10949775091084105,0.14856721613637086,2.6020852139652106e-18,-0.01476689387489963,0.017703345942280704
development,s1_same_spec,ead:100000-500000,1023,764,False,0.5571384622798776,0.5509351791299065,0.0062032831499710716,0.00278350531499607,0.009623060984946074,0.04947842745188433,0.15932249836531964,0.16682857449633337,7.783220194265074e-05,0.005373398096720883,0.5580173742183476,-0.000878911938469916,-0.007082195088440986,0.10459204965104588,0.14456742566929903,1.734723475976807e-18,-0.011567402043025903,0.009809578166086071
development,s1_same_spec,ead:500000-inf,498,387,False,0.5623277019240764,0.5616309990753774,0.000696702848698858,-0.004312262142544603,0.005705667839942319,0.04988541326184365,0.16355304492822875,0.1709916751236742,0.00011451542483554231,0.001170160526573816,0.5617369031546504,0.0005907987694258725,-0.0001059040792729838,0.10602217297632371,0.1456851474882379,1.7076184216646695e-18,-0.014530783468616233,0.01571238100746798
development,s1_captured_features,all,1933,1115,False,0.5582811250785106,0.5554914959113169,0.002789629167193699,0.00017494290300773194,0.005404315431379666,0.044915349154518086,0.15972573647842714,0.1659207626647377,5.676478513323119e-05,0.004323948534905651,0.5582367860614732,4.4339017037487344e-05,-0.0027452901501562126,0.10164390982032416,0.1428772610550255,8.673617379884035e-19,-0.008625672208977413,0.008714350243052386
development,s1_captured_features,realized_gt60,970,609,False,0.6735811740525629,0.6726197902631067,0.0009613837894560003,-0.002610783004575063,0.004533550583487063,0.04296820402650707,0.1845937428007533,0.18952866917290956,9.260856068495634e-05,0.0013203631015293064,0.7545466509929134,-0.08096547694035063,-0.08192686072980661,0.08967268364390929,0.10821965715603113,1.3877787807814457e-17,-0.08701822228826339,-0.07491273159243786
development,s1_captured_features,realized_gt75,454,285,False,0.7338469265875185,0.7360608187854769,-0.002213892197958583,-0.0075949627847857765,0.0031671783888686106,0.04372796763666379,0.19379579384735532,0.19866792611430703,0.00014211386354665947,-0.0001420559054388421,0.8441167751693325,-0.11026984858181421,-0.10805595638385562,0.11232864751943596,0.12954742111242568,0.0,-0.11855077271589633,-0.1019889244477321
development,s1_captured_features,realized_gt90,90,57,False,0.8050876088363421,0.8150875854765544,-0.009999976640212214,-0.018394564118816577,-0.0016053891616078508,0.034644482419301965,0.18369079506147265,0.18692926028960066,0.000302542342500762,-0.012560031985309842,0.9416555126890555,-0.1365679038527134,-0.12656792721250115,0.1365679038527134,0.15497126426480182,2.7755575615628914e-17,-0.15680717028372268,-0.1163286374217041
development,s1_captured_features,realized_le10,46,34,False,0.11977143160510184,0.10537180583518334,0.014399625769918515,0.003995680842812117,0.024803570697024914,0.037926602750424226,0.054555325114026415,0.06644328931115323,0.00012568349771060065,0.026545496110982954,0.06467676382414347,0.055094667780958353,0.04069504201103984,0.06731826979870033,0.0872487472855269,6.938893903907228e-18,0.03468084327017206,0.07550849229174464
development,s1_captured_features,predicted_0.0_0.2,64,48,False,0.12020262089882744,0.10640363741920034,0.0137989834796271,0.005342613267389478,0.02225535369186472,0.03627562930187729,0.05348263654135226,0.06462440477607206,0.00010445827449482864,0.023003304372571774,0.10415560998906562,0.016047010909761822,0.0022480274301347218,0.03684531045449681,0.044275057417384404,8.673617379884035e-19,0.005384498054477832,0.02670952376504581
development,s1_captured_features,predicted_0.2_0.4,278,217,False,0.3212109484834347,0.3081669912135064,0.013043957269928295,0.006911998249219484,0.019175916290637106,0.04723650647973291,0.08286767071458734,0.09538521056259784,7.765738455121211e-05,0.017549905196899952,0.29103661901491146,0.030174329468523168,0.017130372198594868,0.06631451247679199,0.08234808747270785,6.938893903907228e-18,0.01996675321821878,0.040381905718827556
development,s1_captured_features,predicted_0.4_0.6,705,509,False,0.5115584120583583,0.5085532783625951,0.00300513369576325,-0.0011902313516467377,0.007200498743173238,0.045273990721386784,0.14554782834156685,0.15242671869061022,8.565075536492299e-05,0.0034995605066734264,0.5039853700743632,0.0075730419839952195,0.004567908288231967,0.10377148118640728,0.13838623900963776,2.6020852139652106e-18,-0.005675566236760852,0.02082165020475129
development,s1_captured_features,predicted_0.6_0.8,769,506,False,0.680442485971554,0.6813857049445914,-0.0009432189730374016,-0.005277962485901411,0.003391524539826608,0.046617173028676184,0.19334537566891577,0.1988858846518267,0.00010894082138774556,7.400347696373678e-05,0.6962992070448402,-0.0158567210732861,-0.0149135021002487,0.11985513489337392,0.16774200994078886,1.734723475976807e-18,-0.030917078162696822,-0.0007963639838753783
development,s1_captured_features,predicted_0.8_1.0,117,68,False,0.8398192405775526,0.8441806572339466,-0.0043614166563941,-0.010627572862807917,0.0019047395500197172,0.025963803984875036,0.1739746432460904,0.17590138035265507,0.0002513118977781786,-0.0034804581268505375,0.8609725830040512,-0.0211533424264987,-0.0167919257701046,0.08851837927887997,0.14052804796806098,0.0,-0.05951905212127234,0.01721236726827494
development,s1_captured_features,conditional_0.0_0.2,83,60,False,0.14752418976414783,0.11753013223309923,0.029994057531048546,0.021207356899016094,0.038780758163081,0.04916322448674821,0.06080955234570017,0.07819734201632972,0.0001042924298989081,0.037291314416871925,0.1180898787609675,0.02943431100318034,-0.0005597465278682105,0.04931112513758468,0.06317234392543265,3.144186300207963e-18,0.01630623650764893,0.04256238549871175
development,s1_captured_features,conditional_0.2_0.4,297,240,False,0.3434771220713817,0.3207539600107726,0.022723162060609106,0.016934165090296778,0.028512159030921434,0.0496619929382058,0.08756625759083336,0.10066858005881768,7.939233782408908e-05,0.028062997781333497,0.3196704761170684,0.02380664595431332,0.0010834838937042147,0.0672263995505349,0.08484228479761614,2.168404344971009e-19,0.013396365343969199,0.03421692656465744
development,s1_captured_features,conditional_0.4_0.6,690,509,False,0.5234601164962188,0.512919506230499,0.010540610265719785,0.007017382010754329,0.014063838520685242,0.04085227745498246,0.15439405685546356,0.15970733660526362,9.183877020052717e-05,0.0075436111001343864,0.5291685603221565,-0.005708443825937723,-0.01624905409165751,0.09705781595839717,0.1309698696906802,3.469446951953614e-18,-0.018227767756089263,0.0068108801042138165
development,s1_captured_features,conditional_0.6_0.8,720,480,False,0.6765396958120444,0.6860853258821561,-0.009545630070111702,-0.013807306526157526,-0.00528395361406588,0.04479609710379495,0.18957656032807088,0.19479723442994598,0.00011039220724847821,-0.006571622217569883,0.6835894639569293,-0.007049768144884773,0.0024958619252269288,0.12350351168452857,0.1701199795858947,4.336808689942018e-19,-0.02322241403338008,0.009122877743610536
development,s1_captured_features,conditional_0.8_1.0,143,87,False,0.8154135692592551,0.8451065773694563,-0.029693008110200984,-0.039007154781614845,-0.02037886143878712,0.050876251863726615,0.17554829228960875,0.18277197796571346,0.0002293763387462105,-0.028042635489069555,0.8183034646267204,-0.0028898953674650033,0.026803112742735977,0.11556777766156336,0.17376869816770277,3.469446951953614e-18,-0.04221192474117661,0.0364321340062466
development,s1_captured_features,conditional_gt60,863,548,False,0.699551241470157,0.712435313092682,-0.012884071622525105,-0.01685983904519743,-0.008908304199852777,0.04585933991861937,0.18732469138140131,0.19285647269124448,9.96344789443569e-05,-0.009868008516324998,0.7059117143576014,-0.006360472887444418,0.006523598735080688,0.12218855228095497,0.17072996613476496,1.734723475976807e-18,-0.021442331328021983,0.008721385553133145
development,s1_captured_features,conditional_gt75,260,169,False,0.7839717438084908,0.8123071516291444,-0.028335407820653535,-0.035454893271354246,-0.02121592236995282,0.052311706141642794,0.17924742015629758,0.18672480347328757,0.00017369457956942737,-0.02757949295934294,0.8031100401038577,-0.019138296295366966,0.009197111525286565,0.11816538387555915,0.16946767869679064,3.469446951953614e-18,-0.04654184190686935,0.008265249316135419
development,s1_captured_features,collateral_type:Cash,185,108,False,0.2719024321404789,0.2410218495088269,0.03088058263165198,0.02369575700855865,0.03806540825474531,0.05079812590380613,0.09167579631130059,0.10480887951242497,0.00010531466553150274,0.038924778352670636,0.2571506348151011,0.014751797325377835,-0.016128785306274148,0.06420821486159939,0.08034171965158685,3.469446951953614e-18,6.145968095230131e-05,0.029442134969803368
development,s1_captured_features,collateral_type:Mortgage,611,365,False,0.4965123161511962,0.5014729640607578,-0.004960647909561566,-0.008786650308127105,-0.0011346455109960273,0.039675168335342015,0.10156432868150668,0.1090386713187704,6.420082710562268e-05,-0.005877746455595793,0.4978123315258789,-0.001300015374682685,0.003660632534878881,0.07129579902801066,0.09216638494770649,4.336808689942018e-19,-0.010974127673141858,0.008374096923776487
development,s1_captured_features,collateral_type:Other,403,226,False,0.5745272169254484,0.5748175510480907,-0.00029033412264234447,-0.00582707331749977,0.00524640507221508,0.044756696572034675,0.15549805403749145,0.16181102155751872,0.00012102984062916198,0.003686842855684726,0.5767217382169695,-0.002194521291521072,-0.0019041871688787295,0.10681349899453725,0.14176126293481475,1.734723475976807e-18,-0.02152860709488243,0.017139564511840285
development,s1_captured_features,collateral_type:Unsecured,734,416,False,0.67295908888479,0.6691070372260751,0.0038520516587149663,-0.0008505575653348194,0.008554660882764752,0.0474581133192332,0.2078612393138505,0.2132101482784321,0.0001198796616106422,0.003589344444121207,0.6742733582456174,-0.0013142693608274175,-0.005166321019542385,0.13350352129751727,0.18446822183411268,8.673617379884035e-19,-0.019494095115325853,0.01686555639367102
development,s1_captured_features,lien_rank:First,654,577,False,0.42949365005219664,0.41816726708553764,0.011326382966659027,0.007788146350367125,0.014864619582950928,0.04370030510177793,0.11298076950664336,0.12113781797730118,6.902965140291409e-05,0.012103047088196636,0.4231324496623477,0.006361200389848958,-0.00496518257681007,0.07509985387748856,0.09920765831900097,8.673617379884035e-19,-0.0016688465144883806,0.014391247294186296
development,s1_captured_features,lien_rank:Second,545,427,False,0.5583790759654836,0.5672644102728348,-0.008885334307351132,-0.012912382771592115,-0.00485828584311015,0.042781489067660966,0.13030516524923436,0.1371484301677444,8.721343785140343e-05,-0.009012062119238625,0.564085211789668,-0.005706135824184277,0.0031791984831668566,0.09058860296225943,0.12150721519377605,8.673617379884035e-19,-0.01782931959633868,0.0064170479479701255
development,s1_captured_features,lien_rank:Unsecured,734,416,False,0.67295908888479,0.6691070372260751,0.0038520516587149663,-0.0008505575653348194,0.008554660882764752,0.0474581133192332,0.2078612393138505,0.2132101482784321,0.0001198796616106422,0.003589344444121207,0.6742733582456174,-0.0013142693608274175,-0.005166321019542385,0.13350352129751727,0.18446822183411268,8.673617379884035e-19,-0.019494095115325853,0.01686555639367102
development,s1_captured_features,product_type:Financial Guarantee,81,81,False,0.5559897107495959,0.5642651982133802,-0.00827548746378413,-0.018880868431552105,0.002329893503983844,0.04909906610452222,0.15735124874480966,0.1648336548581242,0.0002731792512930723,-0.0022450181992579384,0.5450239535189816,0.010965757230614433,0.01924124469439856,0.11437284747845554,0.1518254319570449,3.469446951953614e-18,-0.022217565150209128,0.04414907961143799
development,s1_captured_features,product_type:Import LC,181,181,False,0.5752391330131991,0.5821652154740141,-0.006926082460815073,-0.014020015339582997,0.00016785041795285265,0.04905018029695448,0.16661314983187517,0.17368322280537812,0.00019350402962161698,0.004558722245913952,0.5708766226702469,0.004362510342952069,0.011288592803767141,0.11206905164401015,0.15708930979138566,0.0,-0.018577780351696264,0.027302801037600403
development,s1_captured_features,product_type:OVD,637,637,False,0.5808308068743087,0.5802349686969371,0.0005958381773714958,-0.0028466762644803337,0.004038352619223325,0.04429834964711729,0.16244541619141742,0.1683771273750122,0.00010056752705052261,0.0006644024217187281,0.5856053066340278,-0.004774499759719179,-0.005370337937090677,0.10141224465644695,0.14111314869670083,2.6020852139652106e-18,-0.015735401096896633,0.006186401577458276
development,s1_captured_features,product_type:Performance Guarantee,150,150,False,0.5662320111589844,0.5638605192143009,0.0023714919446835474,-0.00460542289084118,0.009348406780208275,0.043515738951468035,0.15367943871163608,0.15972159972657368,0.00019606052541709827,-0.0002504435617102521,0.5819396830161014,-0.015707671857116856,-0.018079163801800403,0.08984695583134374,0.12492077202110002,0.0,-0.03560693020316333,0.004191586488929613
development,s1_captured_features,product_type:Term Loan,884,884,False,0.5374207460156929,0.5299761579167435,0.00744458809894942,0.004564169254533081,0.010325006943365758,0.044299685006207096,0.1575158773826753,0.1636267512336634,8.277862917014436e-05,0.007006986708973981,0.5331160245929688,0.004304721422724,-0.00313986667622542,0.10051169170645653,0.1430956503254901,0.0,-0.005129488817045042,0.013738931662493042
development,s1_captured_features,industry:Construction,319,183,False,0.512847710282041,0.49218185935571496,0.020665850926325977,0.015380149851788434,0.02595155200086352,0.042153205615516366,0.16113839436692873,0.16656072431043234,0.00014096903161483503,0.021389159317579263,0.5213830564198744,-0.008535346137833282,-0.029201197064159256,0.09006625254405078,0.12635103736766307,3.469446951953614e-18,-0.027358232244068893,0.010287539968402329
development,s1_captured_features,industry:Hospitality,183,110,False,0.5075667848459413,0.4968654694472652,0.010701315398676163,0.003292410455957067,0.01811022034139526,0.04126136070678287,0.15871356623167035,0.1639893167049307,0.00018331944398048146,0.0168470382304065,0.4943418255695246,0.013224959276416702,0.002523643877740537,0.08807140358141159,0.12443518127045301,2.168404344971009e-18,-0.010681740384512308,0.03713165893734571
development,s1_captured_features,industry:Manufacturing,343,190,False,0.5225518705810203,0.5139236256972005,0.008628244883819849,0.0033020539100207056,0.013954435857618993,0.03952474315499329,0.16556939130179163,0.17022170442547563,0.00013968604403982187,0.008187290656934626,0.5190671900881502,0.0034846804928701496,-0.0051435643909497,0.10679900933126289,0.14629562575594288,8.673617379884035e-19,-0.017776218627500825,0.024745579613241128
development,s1_captured_features,industry:Retail,367,214,False,0.6397781255761381,0.6550897123410523,-0.015311586764914184,-0.022755667543638475,-0.007867505986189894,0.055338688027272,0.1548214335667317,0.16441425328796058,0.00012627520387688943,-0.014311516913827104,0.6430612820129443,-0.00328315643680628,0.012028430328107912,0.10370489570842985,0.14579043737160044,6.938893903907228e-18,-0.023981252011142058,0.017414939137529496
development,s1_captured_features,industry:Services,435,252,False,0.5105231810413073,0.4997046894731307,0.01081849156817667,0.006769613623923719,0.014867369512429621,0.0369255598294068,0.1591239116337952,0.163352123409385,0.00011920949377688742,0.011205733465837598,0.5026171729227324,0.007906008118574896,-0.002912483449601772,0.10478709762942366,0.1516622565910842,2.6020852139652106e-18,-0.01172652093197074,0.027538537169120532
development,s1_captured_features,industry:Technology,139,76,False,0.6611014980014406,0.6838640887675536,-0.022762590766112926,-0.03260989574691772,-0.012915285785308131,0.05288557951449597,0.16257593460016728,0.17096145481277922,0.00021546110618787004,-0.01762007800268005,0.6703972566304748,-0.009295758629034211,0.013466832137078708,0.11917855174784574,0.16044219511757082,6.938893903907228e-18,-0.04485247825264585,0.02626096099457743
development,s1_captured_features,industry:Transport,147,90,False,0.6440116863883072,0.6578931377581313,-0.013881451369824212,-0.02441594300990642,-0.0033469597297420065,0.05081722551474389,0.15506456614015776,0.1631790736621939,0.00019983609152409066,-0.0030125736362719897,0.6559097468547892,-0.011898060466482006,0.001983390903342205,0.1006089331861856,0.1382228377850259,1.3010426069826053e-18,-0.04081153035013786,0.017015409417173853
development,s1_captured_features,guarantee:zero,1565,1014,False,0.5829830164180959,0.5825838469233215,0.00039916949477439105,-0.0024991655998397983,0.0032975045893885806,0.044942113497788774,0.16800799289036816,0.17391514954338544,6.635792520826619e-05,0.0019014077864757957,0.5845279589898297,-0.0015449425717337616,-0.0019441120665081532,0.10929591690346163,0.15201290219872643,4.336808689942018e-19,-0.011534087641732577,0.008444202498265054
development,s1_captured_features,guarantee:partial,296,276,False,0.47172706781654905,0.458958030954723,0.01276903686182615,0.007846065350808566,0.017692008372843734,0.044333809563625266,0.12484282542359647,0.13248100894154743,0.00011338034116874952,0.016047559501511866,0.4694415867630787,0.0022854810534703603,-0.01048355580835579,0.07005829064054302,0.09697170223782565,1.734723475976807e-18,-0.009313862965576935,0.013884825072517657
development,s1_captured_features,guarantee:full,72,68,False,0.3771914167880899,0.3634689444302711,0.013722472357818859,0.0032872178950252087,0.02415772682061251,0.04667427901480473,0.08556653374097561,0.09746855912548087,0.00015756426106997755,0.015241660922937106,0.3518158604982347,0.02537555628985521,0.011653083932036347,0.06517102359956077,0.08438943214621535,3.469446951953614e-18,0.00574699535681527,0.04500411722289515
development,s1_captured_features,coverage:0-0.5,868,490,False,0.663979337350426,0.6611334473255505,0.0028458900248756486,-0.0014293802122610179,0.007121160262012315,0.047292956120233924,0.20233427869605447,0.20778783418199204,0.00010730738929075212,0.003464369074751576,0.6641555013308689,-0.0001761639804428056,-0.0030220540053184503,0.13066417713162515,0.18037962984135736,3.903127820947816e-18,-0.016611364433438885,0.016259036472553272
development,s1_captured_features,coverage:0.5-1,693,402,False,0.49385338127929074,0.4898572090930678,0.003996172186222939,-0.00016549673248696974,0.008157841104932848,0.04249199020512305,0.12461137603427792,0.13165699475815362,7.396241794945325e-05,0.006667849160672147,0.49619902284110573,-0.002345641561814913,-0.006341813748037855,0.08713468945388021,0.1139775928461668,2.6020852139652106e-18,-0.013902705156933938,0.009211422033304112
development,s1_captured_features,coverage:1-inf,372,223,False,0.4316746148657064,0.43126393391532764,0.0004106809503786571,-0.004573360391742457,0.005394722292499771,0.0435940244489101,0.09008963913195099,0.10008287589082024,7.298328435588205e-05,0.002003087151737487,0.4266634663245892,0.005011148541117074,0.004600467590738416,0.060959226185206945,0.07717198380720268,8.673617379884035e-19,-0.00485812155190458,0.014880418634138727
development,s1_captured_features,ead:0-100000,412,325,False,0.5558974846884361,0.5593838247746195,-0.0034863400861833197,-0.008883094783274858,0.0019104146109082177,0.04858608121495667,0.15600064002167197,0.16339157559371795,0.00012008749845759515,-0.0005319248804721506,0.5545508637389371,0.0013466209494990059,0.004832961035682323,0.10420755055288589,0.1438922226894613,2.6020852139652106e-18,-0.0143701151611674,0.017063357060165412
development,s1_captured_features,ead:100000-500000,1023,764,False,0.5569019772973899,0.5509351791299065,0.005966798167483247,0.0028836711264202362,0.009049925208546257,0.043575923569960366,0.15932249836531964,0.16517420985233228,7.783220194265074e-05,0.005612087805635185,0.5580173742183476,-0.0011153969209577398,-0.007082195088440986,0.1008018121023221,0.14272283680765868,8.673617379884035e-19,-0.011661892986215705,0.009431099144300225
development,s1_captured_features,ead:500000-inf,498,387,False,0.563086201425493,0.5616309990753774,0.0014552023501156353,-0.0032000602176347993,0.00611046491786607,0.044462587960867404,0.16355304492822875,0.16948899738175657,0.00011451542483554231,0.003909576124387529,0.5617369031546504,0.001349298270842652,-0.0001059040792729838,0.10125283749843794,0.142350670523765,4.607859233063394e-19,-0.013427944327779811,0.016126540869465116
development,governed_v5_8000,all,1933,1115,False,0.5096985238636269,0.5554914959113169,-0.04579297204769005,-0.05180098308966098,-0.03978496100571911,0.10952851682884628,0.15972573647842714,0.19367190527359102,5.676478513323119e-05,-0.05065988266283966,0.5582367860614732,-0.04853826219784625,-0.0027452901501562126,0.1424430724907204,0.18739207694880308,8.239936510889834e-18,-0.059676006564666,-0.037400517831026506
development,governed_v5_8000,realized_gt60,970,609,False,0.6255853289443408,0.6726197902631067,-0.04703446131876604,-0.056032508068931244,-0.03803641456860084,0.11767748356401095,0.1845937428007533,0.21891285941933317,9.260856068495634e-05,-0.0498476238135024,0.7545466509929134,-0.12896132204857266,-0.08192686072980661,0.1417716591056122,0.1714256348246855,1.3877787807814457e-17,-0.13840945207351646,-0.11951319202362885
development,governed_v5_8000,realized_gt75,454,285,False,0.6923863808593892,0.7360608187854769,-0.043674437926087724,-0.05594502215436783,-0.03140385369780762,0.10868836535344381,0.19379579384735532,0.22219354283176262,0.00014211386354665947,-0.039783255027053516,0.8441167751693325,-0.15173039430994334,-0.10805595638385562,0.15542422659237654,0.18215329854013895,0.0,-0.1640962092185771,-0.13936457940130959
development,governed_v5_8000,realized_gt90,90,57,False,0.7513197124549384,0.8150875854765544,-0.06376787302161611,-0.08293897250839137,-0.04459677353484086,0.0963220654073804,0.18369079506147265,0.20741323119478086,0.000302542342500762,-0.07256296040320856,0.9416555126890555,-0.1903358002341173,-0.12656792721250115,0.1903494319717386,0.20959533760802412,5.551115123125783e-17,-0.21431569531489514,-0.16635590515333948
development,governed_v5_8000,realized_le10,46,34,False,0.08000600141765651,0.10537180583518334,-0.025365804417526807,-0.03741337962171687,-0.013318229213336742,0.04831858308379121,0.054555325114026415,0.0728763951463185,0.00012568349771060065,-0.02311698801619598,0.06467676382414347,0.015329237593513038,0.04069504201103984,0.045427652570858075,0.0718781412704193,0.0,-0.005327980381422239,0.03598645556844832
development,governed_v5_8000,predicted_0.0_0.2,137,81,False,0.09694179581248895,0.19459190646026822,-0.09765011064777926,-0.11808915770300353,-0.07721106359255499,0.133997849500285,0.08229483235858771,0.15725095581149606,0.00010985815658761954,-0.10788668036786422,0.2110413030873263,-0.11409950727483732,-0.016449396627058074,0.1297867423141855,0.18318321128352003,1.0408340855860843e-17,-0.14759029263758422,-0.08060872191209043
development,governed_v5_8000,predicted_0.2_0.4,409,334,False,0.3209941695100961,0.41102514818533414,-0.09003097867523806,-0.10120676353436588,-0.07885519381611024,0.13640173717277568,0.09412216842352983,0.16572391647706824,7.271940153501657e-05,-0.10117150890044724,0.4020549172283714,-0.08106074771827532,0.008970230956962743,0.11972291437462379,0.15702704037405277,1.734723475976807e-18,-0.09634233353697326,-0.06577916189957737
development,governed_v5_8000,predicted_0.4_0.6,673,499,False,0.49852597478139404,0.5576467014818091,-0.059120726700414905,-0.06792584963872894,-0.05031560376210087,0.11235931472079674,0.15173465468436328,0.1888068352489126,9.13897048106689e-05,-0.06444203507246919,0.5659428774132215,-0.06741690263182736,-0.008296175931412448,0.15216375385452433,0.18448859207087615,1.734723475976807e-18,-0.08377320200782193,-0.051060603255832775
development,governed_v5_8000,predicted_0.6_0.8,625,420,False,0.6885670055513013,0.6901828898594567,-0.0016158843081553861,-0.010116208476176473,0.0068844398598657,0.08150086084229799,0.20503303872618545,0.2206375699814723,0.0001281456492038659,0.0017181969468273532,0.6938047760230079,-0.005237770471706696,-0.003621886163551309,0.15212417863589103,0.2068204658987554,8.673617379884035e-19,-0.026444836570927974,0.01596929562751458
development,governed_v5_8000,predicted_0.8_1.0,89,65,False,0.8406432109551575,0.8127657139808919,0.027877496974265416,0.010806996128536622,0.044947997819994215,0.07281275087432208,0.1834533025266435,0.19737479803110192,0.00030384392462251173,0.02203902672562905,0.8001241154379999,0.04051909551715738,0.01264159854289195,0.12484478041316024,0.1998954461109412,1.0408340855860843e-17,-0.009907406859829028,0.09094559789414378
development,governed_v5_8000,conditional_0.0_0.2,83,60,False,0.08149838550147509,0.11753013223309923,-0.036031746731624174,-0.04632215424480857,-0.025741339218439782,0.05792222706329645,0.06080955234570017,0.0839808671332734,0.0001042924298989081,-0.03608723983824529,0.1180898787609675,-0.03659149325949238,-0.0005597465278682105,0.0599409128067298,0.07741606991974562,3.144186300207963e-18,-0.05300633918716427,-0.02017664733182049
development,governed_v5_8000,conditional_0.2_0.4,297,240,False,0.2861174842329619,0.3207539600107726,-0.03463647577781067,-0.04578460321843185,-0.02348834833718949,0.08966551067685478,0.08756625759083336,0.125330575971729,7.939233782408908e-05,-0.04627800837678227,0.3196704761170684,-0.033552991884106466,0.0010834838937042147,0.0954267635863258,0.13553526838035926,1.0625181290357943e-17,-0.05157230082564014,-0.015533682942572794
development,governed_v5_8000,conditional_0.4_0.6,690,509,False,0.47441319218565964,0.512919506230499,-0.03850631404483936,-0.04693577879706371,-0.03007684929261501,0.10249926903277556,0.15439405685546356,0.18532033062926856,9.183877020052717e-05,-0.048887223388918113,0.5291685603221565,-0.05475536813649688,-0.01624905409165751,0.1375312374886637,0.17603420060465758,1.0408340855860843e-17,-0.07065270646118821,-0.03885802981180555
development,governed_v5_8000,conditional_0.6_0.8,720,480,False,0.6341714137938429,0.6860853258821561,-0.051913912088313176,-0.06307578809811969,-0.040752036078506665,0.12828746428847235,0.18957656032807088,0.2289037914045741,0.00011039220724847821,-0.05038782739896506,0.6835894639569293,-0.04941805016308625,0.0024958619252269288,0.17297435027219224,0.2201653046019091,3.903127820947816e-18,-0.0699006797020025,-0.02893542062417
development,governed_v5_8000,conditional_0.8_1.0,143,87,False,0.7661361347895569,0.8451065773694563,-0.07897044257989946,-0.09221511474261862,-0.06572577041718031,0.09979621231259397,0.17554829228960875,0.20193188682755936,0.0002293763387462105,-0.0807688717219273,0.8183034646267204,-0.05216732983716348,0.026803112742735977,0.15795474484831382,0.19865658213838558,3.469446951953614e-18,-0.09566617717275071,-0.008668482501576258
development,governed_v5_8000,conditional_gt60,863,548,False,0.656038105685369,0.712435313092682,-0.056397207407313,-0.06612446843044198,-0.04666994638418403,0.12401969027596868,0.18732469138140131,0.22465845983911767,9.96344789443569e-05,-0.05505214654318632,0.7059117143576014,-0.0498736086722323,0.006523598735080688,0.17048558598990415,0.21674887015833771,1.474514954580286e-17,-0.06863119845760098,-0.031116018886863623
development,governed_v5_8000,conditional_gt75,260,169,False,0.7265059953602576,0.8123071516291444,-0.08580115626888667,-0.09814828990484091,-0.07345402263293242,0.11803535653880735,0.17924742015629758,0.214620555925875,0.00017369457956942737,-0.0858402995555617,0.8031100401038577,-0.07660404474360008,0.009197111525286565,0.17328259507576937,0.21345408928099535,2.0816681711721685e-17,-0.10916798266814097,-0.04404010681905919
development,governed_v5_8000,collateral_type:Cash,185,108,False,0.1398733732184779,0.2410218495088269,-0.10114847629034904,-0.11929218724651203,-0.08300476533418605,0.1382521361397545,0.09167579631130059,0.16588581849126313,0.00010531466553150274,-0.10270761207704732,0.2571506348151011,-0.11727726159662319,-0.016128785306274148,0.1373077877773515,0.18644049904215257,3.469446951953614e-18,-0.14612229225078902,-0.08843223094245736
development,governed_v5_8000,collateral_type:Mortgage,611,365,False,0.42010020053674463,0.5014729640607578,-0.0813727635240131,-0.09153289446073513,-0.07121263258729106,0.12585561856529184,0.10156432868150668,0.1617249194928764,6.420082710562268e-05,-0.09888802205508981,0.4978123315258789,-0.07771213098913422,0.003660632534878881,0.12182346789026091,0.1553127936203998,6.5052130349130266e-18,-0.0923611160508648,-0.06306314592740364
development,governed_v5_8000,collateral_type:Other,403,226,False,0.5364066853614606,0.5748175510480907,-0.038410865686630116,-0.05154474396954509,-0.02527698740371515,0.10461387728779035,0.15549805403749145,0.1874132015911138,0.00012102984062916198,-0.04087724287957245,0.5767217382169695,-0.04031505285550884,-0.0019041871688787295,0.1406202289600547,0.18045929888623014,4.336808689942018e-18,-0.0646537747226462,-0.01597633098837148
development,governed_v5_8000,collateral_type:Unsecured,734,416,False,0.6628304575672381,0.6691070372260751,-0.006276579658836972,-0.014834704819712437,0.0022815455020384935,0.08707106133717335,0.2078612393138505,0.2253611868345382,0.0001198796616106422,-0.0030553793025702727,0.6742733582456174,-0.011442900678379355,-0.005166321019542385,0.1619024894194838,0.21390909119774973,1.734723475976807e-18,-0.03267920444999536,0.009793403093236647
development,governed_v5_8000,lien_rank:First,654,577,False,0.33477169553483627,0.41816726708553764,-0.08339557155070138,-0.09179638950981847,-0.07499475359158428,0.12975401549713492,0.11298076950664336,0.17204871059076263,6.902965140291409e-05,-0.08755173630656825,0.4231324496623477,-0.08836075412751145,-0.00496518257681007,0.1311876357832302,0.171480074664581,8.673617379884035e-19,-0.1010385202103439,-0.07568298804467899
development,governed_v5_8000,lien_rank:Second,545,427,False,0.5133743154023029,0.5672644102728348,-0.05389009487053177,-0.06330733357469483,-0.044472856166368716,0.1101599256269219,0.13030516524923436,0.17063014184123282,8.721343785140343e-05,-0.06572143843860544,0.564085211789668,-0.05071089638736492,0.0031791984831668566,0.12974186805216315,0.16624272124546227,8.673617379884035e-18,-0.06673535138896365,-0.034686441385766195
development,governed_v5_8000,lien_rank:Unsecured,734,416,False,0.6628304575672381,0.6691070372260751,-0.006276579658836972,-0.014834704819712437,0.0022815455020384935,0.08707106133717335,0.2078612393138505,0.2253611868345382,0.0001198796616106422,-0.0030553793025702727,0.6742733582456174,-0.011442900678379355,-0.005166321019542385,0.1619024894194838,0.21390909119774973,1.734723475976807e-18,-0.03267920444999536,0.009793403093236647
development,governed_v5_8000,product_type:Financial Guarantee,81,81,False,0.49558028180564345,0.5642651982133802,-0.06868491640773669,-0.08933248459883247,-0.04803734821664091,0.1166002933463321,0.15735124874480966,0.19584443798587098,0.0002731792512930723,-0.07732533327621775,0.5450239535189816,-0.04944367171333811,0.01924124469439856,0.14269547181329503,0.18439421934005534,1.734723475976807e-17,-0.08837111191685793,-0.010516231509818307
development,governed_v5_8000,product_type:Import LC,181,181,False,0.5251138020588267,0.5821652154740141,-0.057051413415187276,-0.07094045992618792,-0.043162366904186636,0.11087627457122062,0.16661314983187517,0.20013368022322378,0.00019350402962161698,-0.04768187427702139,0.5708766226702469,-0.045762820611420146,0.011288592803767141,0.15234515447120656,0.19868204663176645,1.214306433183765e-17,-0.07400780413270597,-0.01751783709013433
development,governed_v5_8000,product_type:OVD,637,637,False,0.5521024115137299,0.5802349686969371,-0.028132557183207237,-0.03574875535193418,-0.02051635901448029,0.10195470433727169,0.16244541619141742,0.19178966337658376,0.00010056752705052261,-0.03492886060006773,0.5856053066340278,-0.033502895120297915,-0.005370337937090677,0.1391333501551095,0.1839594419780245,1.734723475976807e-18,-0.04756094513669322,-0.01944484510390261
development,governed_v5_8000,product_type:Performance Guarantee,150,150,False,0.5107380378931407,0.5638605192143009,-0.05312248132116015,-0.06878951615139721,-0.0374554464909231,0.11109561045110834,0.15367943871163608,0.18963017835837187,0.00019606052541709827,-0.05504888990867723,0.5819396830161014,-0.07120164512296055,-0.018079163801800403,0.13708716537881613,0.17685790384385378,3.469446951953614e-18,-0.09719656757296825,-0.04520672267295285
development,governed_v5_8000,product_type:Term Loan,884,884,False,0.4771037373430645,0.5299761579167435,-0.05287242057367901,-0.05949769146241898,-0.04624714968493904,0.11351066987697318,0.1575158773826753,0.19415438136584298,8.277862917014436e-05,-0.055986427725627425,0.5331160245929688,-0.05601228724990444,-0.00313986667622542,0.14368623766150465,0.1894599841635907,7.806255641895632e-18,-0.06795031218542413,-0.044074262314384736
development,governed_v5_8000,industry:Construction,319,183,False,0.49754853356349177,0.49218185935571496,0.005366674207776726,-0.002448254366974563,0.013181602782528015,0.05610500498789026,0.16113839436692873,0.17062635706081003,0.00014096903161483503,0.01572356161595822,0.5213830564198744,-0.02383452285638253,-0.029201197064159256,0.09920228684179791,0.14070320214763443,0.0,-0.044729059537456144,-0.0029399861753089188
development,governed_v5_8000,industry:Hospitality,183,110,False,0.5096144721244843,0.4968654694472652,0.012749002677219168,0.0028009337872558424,0.022697071567182495,0.058056737208291555,0.15871356623167035,0.16899875988079746,0.00018331944398048146,0.022322588174546087,0.4943418255695246,0.015272646554959704,0.002523643877740537,0.0965028311858479,0.13964592941975537,1.3010426069826053e-18,-0.011732792558369492,0.0422780856682889
development,governed_v5_8000,industry:Manufacturing,343,190,False,0.5283755762703733,0.5139236256972005,0.014451950573172894,0.006841254784353194,0.022062646361992594,0.058501296651873126,0.16556939130179163,0.17560075468515576,0.00013968604403982187,0.009319739421162876,0.5190671900881502,0.009308386182223198,-0.0051435643909497,0.11685007054956031,0.16623962214797883,4.336808689942018e-18,-0.014770512735893066,0.03338728510033946
development,governed_v5_8000,industry:Retail,367,214,False,0.49808168898590804,0.6550897123410523,-0.15700802335514424,-0.16637499145351586,-0.14764105525677262,0.1728552432416206,0.1548214335667317,0.2320530357650547,0.00012627520387688943,-0.1683994406386054,0.6430612820129443,-0.1449795930270363,0.012028430328107912,0.2076777892193289,0.23508245241359724,2.42861286636753e-17,-0.17132806792919658,-0.11863111812487603
development,governed_v5_8000,industry:Services,435,252,False,0.5076378501235933,0.4997046894731307,0.007933160650462663,0.0009018647997246793,0.014964456501200646,0.05791582797977078,0.1591239116337952,0.16933594534009092,0.00011920949377688742,0.0021347939160318635,0.5026171729227324,0.005020677200860889,-0.002912483449601772,0.1193402990991445,0.17493662033751728,1.734723475976807e-18,-0.017905659163494195,0.02794701356521597
development,governed_v5_8000,industry:Technology,139,76,False,0.533725292179312,0.6838640887675536,-0.15013879658824156,-0.16508996954790048,-0.13518762362858264,0.16544468662345033,0.16257593460016728,0.23195447579869966,0.00021546110618787004,-0.14583195547386332,0.6703972566304748,-0.13667196445116284,0.013466832137078708,0.2008547890504618,0.22746761734161108,1.3877787807814457e-17,-0.1761055797453143,-0.09723834915701138
development,governed_v5_8000,industry:Transport,147,90,False,0.504970973385051,0.6578931377581313,-0.15292216437308023,-0.16733989534725552,-0.13850443339890495,0.16832551929186565,0.15506456614015776,0.22886349668986444,0.00019983609152409066,-0.15833217770398533,0.6559097468547892,-0.15093877346973805,0.001983390903342205,0.20345403324410838,0.22930925930939539,2.47198095326695e-17,-0.18888563022986257,-0.11299191670961353
development,governed_v5_8000,guarantee:zero,1565,1014,False,0.5402042395513349,0.5825838469233215,-0.042379607371986525,-0.04880281354755709,-0.03595640119641596,0.10744701982778324,0.16800799289036816,0.1994280515497307,6.635792520826619e-05,-0.04657117872280919,0.5845279589898297,-0.04432371943849468,-0.0019441120665081532,0.14638517197422357,0.19248401583315114,4.7704895589362195e-18,-0.056742760137622215,-0.03190467873936715
development,governed_v5_8000,guarantee:partial,296,276,False,0.3936984185249979,0.458958030954723,-0.06525961242972507,-0.07687192198147559,-0.05364730287797455,0.11729926489481349,0.12484282542359647,0.17130338176641524,0.00011338034116874952,-0.07169784548239408,0.4694415867630787,-0.07574316823808087,-0.01048355580835579,0.12952930476902536,0.16839327854345898,1.3877787807814457e-17,-0.0939741489097483,-0.05751218756641345
development,governed_v5_8000,guarantee:full,72,68,False,0.3235122200993361,0.3634689444302711,-0.03995672433093497,-0.06812534224894345,-0.011788106412926484,0.12069353021125882,0.08556653374097561,0.1479478284102256,0.00015756426106997755,-0.06351158285048232,0.3518158604982347,-0.02830364039889863,0.011653083932036347,0.1098470940732113,0.14443176783865352,5.204170427930421e-18,-0.06295176941159093,0.0063444886137936675
development,governed_v5_8000,coverage:0-0.5,868,490,False,0.6548296716027573,0.6611334473255505,-0.006303775722793125,-0.014294623409608173,0.0016870719640219231,0.08869851753451945,0.20233427869605447,0.22092212960288543,0.00010730738929075212,-0.007251984925408281,0.6641555013308689,-0.009325829728111575,-0.0030220540053184503,0.15892362091384893,0.2111836453686268,0.0,-0.028701293652826757,0.010049634196603607
development,governed_v5_8000,coverage:0.5-1,693,402,False,0.42132020483883065,0.4898572090930678,-0.0685370042542371,-0.07808671229454375,-0.05898729621393046,0.11750741978768713,0.12461137603427792,0.17127751966418694,7.396241794945325e-05,-0.07421096244052588,0.49619902284110573,-0.07487881800227496,-0.006341813748037855,0.13612479011112505,0.17207426043989885,8.673617379884035e-19,-0.09091317965583973,-0.05884445634871019
development,governed_v5_8000,coverage:1-inf,372,223,False,0.33569943474163383,0.43126393391532764,-0.09556449917369383,-0.10866833501008806,-0.08246066333729961,0.13511604411881678,0.09008963913195099,0.1623960851044236,7.298328435588205e-05,-0.10862273933633512,0.4266634663245892,-0.09096403158295542,0.004600467590738416,0.11575880812992488,0.15246961876515536,2.6020852139652106e-18,-0.10794404504082644,-0.0739840181250844
development,governed_v5_8000,ead:0-100000,412,325,False,0.5091348914913927,0.5593838247746195,-0.05024893328322677,-0.061692499438533985,-0.03880536712791956,0.1106474936656082,0.15600064002167197,0.19125654901637246,0.00012008749845759515,-0.05048122947628202,0.5545508637389371,-0.04541597224754444,0.004832961035682323,0.14710645050332372,0.18917700052133757,6.071532165918825e-18,-0.06646843866754912,-0.024363505827539773
development,governed_v5_8000,ead:100000-500000,1023,764,False,0.5095949693598005,0.5509351791299065,-0.0413402097701061,-0.04847257161666641,-0.03420784792354579,0.1058476457598157,0.15932249836531964,0.1912782857468738,7.783220194265074e-05,-0.0431510479671144,0.5580173742183476,-0.04842240485854709,-0.007082195088440986,0.13888483550218403,0.18494506273091285,4.336808689942018e-18,-0.06168728992419888,-0.035157519792895296
development,governed_v5_8000,ead:500000-inf,498,387,False,0.5103775455398817,0.5616309990753774,-0.05125345353549574,-0.06226560910337889,-0.040241297967612596,0.11584988418927522,0.16355304492822875,0.2004265306090082,0.00011451542483554231,-0.054368247509378964,0.5617369031546504,-0.05135935761476872,-0.0001059040792729838,0.14589440722582112,0.19086996456641975,2.846030702774449e-18,-0.07064026373398113,-0.03207845149555631
current,frozen_v5,all,8695,5000,False,0.47446113304703547,0.5826440454679118,-0.10818291242087645,-0.11070658133239776,-0.10565924350935514,0.13997451355514912,0.16350099489021802,0.2152334541261923,2.7397165455200764e-05,-0.11281014589596502,,,,,,,,
current,frozen_v5,predicted_0.0_0.2,708,441,False,0.10893458841016285,0.2587518725253611,-0.14981728411519826,-0.15789357228421197,-0.14174099594618456,0.1726072590685501,0.09903451963065744,0.19900025618484174,5.8155393215274884e-05,-0.15218786741516477,,,,,,,,
current,frozen_v5,predicted_0.2_0.4,2216,1693,False,0.31983790542234963,0.46642223455464543,-0.14658432913229588,-0.1508169312090641,-0.14235172705552768,0.16999565067480005,0.10619594443664576,0.2004397661721341,3.5248697978243655e-05,-0.14952656419764,,,,,,,,
current,frozen_v5,predicted_0.4_0.6,3150,2273,False,0.4951235911838542,0.6128270244583276,-0.11770343327447343,-0.1212799350417323,-0.11412693150721455,0.14364340987064125,0.16625874214692735,0.21971663236892996,4.628595615102639e-05,-0.117419098881894,,,,,,,,
current,frozen_v5,predicted_0.6_0.8,2549,1689,False,0.674728709592813,0.7286418981392866,-0.05391318854647353,-0.05749378038527972,-0.050332596707667335,0.08868911584594168,0.20888634804384287,0.22693449642711513,6.464652211817544e-05,-0.059824922118600986,,,,,,,,
current,frozen_v5,predicted_0.8_1.0,72,50,False,0.8337537757282026,0.8553979503009852,-0.021644174572782546,-0.035911785950457825,-0.007376563195107263,0.05028787433023437,0.17522482019291977,0.18229812921775834,0.0003226631734130392,-0.025638576334815304,,,,,,,,
current,frozen_v5,conditional_0.0_0.2,231,172,False,0.08630743444552924,0.13260712461596658,-0.0462996901704373,-0.05486398997889848,-0.03773539036197612,0.07421487167316046,0.06741524465193705,0.10026296618863917,6.930621013260854e-05,-0.04651984784319984,,,,,,,,
current,frozen_v5,conditional_0.2_0.4,1075,855,False,0.22703911141460786,0.32156459319010533,-0.09452548177549745,-0.10205406089106174,-0.08699690265993316,0.14060566072500383,0.09757346618209158,0.17114477243171247,4.649941904739286e-05,-0.09876064130204672,,,,,,,,
current,frozen_v5,conditional_0.4_0.6,2846,2152,False,0.40647957978954474,0.5173867260189282,-0.11090714622938341,-0.1158706813965134,-0.10594361106225343,0.15330110253237755,0.1459926572895349,0.2116957345345015,4.275959583639612e-05,-0.11985446159970531,,,,,,,,
current,frozen_v5,conditional_0.6_0.8,4035,2656,False,0.5767577482876827,0.6928148051621796,-0.11605705687449698,-0.11889586083555392,-0.11321825291344004,0.1375082832621433,0.18831932343423158,0.23317953500345728,4.632262284569876e-05,-0.11758202891177386,,,,,,,,
current,frozen_v5,conditional_0.8_1.0,508,328,False,0.7428682899498211,0.8302862810995638,-0.08741799114974289,-0.09158889667570626,-0.08324708562377951,0.09572084679371598,0.18506284830813338,0.2083524377942942,0.00012829431491977265,-0.09306292870352212,,,,,,,,
current,frozen_v5,conditional_gt60,4543,2903,False,0.595332292677814,0.7081869182540113,-0.11285462557619738,-0.11543499066151547,-0.1102742604908793,0.13348678289068133,0.18795798489088572,0.23053616915951888,4.357219493080853e-05,-0.11508903822102144,,,,,,,,
current,frozen_v5,conditional_gt75,1284,840,False,0.7028755478983649,0.7951107073430825,-0.09223515944471758,-0.09510862385885617,-0.08936169503057899,0.10194583515426583,0.1939807001376119,0.21913800521858104,8.45855225557329e-05,-0.0948392973907796,,,,,,,,
current,frozen_v5,collateral_type:Cash,842,488,False,0.13322453262943243,0.2817583722910834,-0.14853383966165098,-0.15622683180636626,-0.1408408475169357,0.17241439583734705,0.10621043113416462,0.20250278905156474,5.7191455856365936e-05,-0.14990989685158707,,,,,,,,
current,frozen_v5,collateral_type:Mortgage,3049,1740,False,0.3985249422985525,0.54226046061067,-0.1437355183121175,-0.14750631183539437,-0.13996472478884064,0.16418347676596012,0.11044738473609164,0.19787581670836085,3.125336259561518e-05,-0.146177041878807,,,,,,,,
current,frozen_v5,collateral_type:Other,1674,976,False,0.5110783276991874,0.6101390138844218,-0.0990606861852344,-0.10489605409108518,-0.09322531827938363,0.13379662530238606,0.16556037514433974,0.2128656260654632,6.322643587700622e-05,-0.09848181496262892,,,,,,,,
current,frozen_v5,collateral_type:Unsecured,3130,1796,False,0.6206443532694138,0.6882187131725068,-0.06757435990309325,-0.07118336471862098,-0.06396535508756553,0.10294914122296593,0.21138753934507185,0.2351238343275953,5.903740240144813e-05,-0.07689414361555826,,,,,,,,
current,frozen_v5,lien_rank:First,3026,2672,False,0.32104580908786945,0.4544248931200376,-0.13337908403216805,-0.13676626892386629,-0.12999189914046982,0.15907093447275317,0.12218662701821752,0.2005819882644599,3.470637383166133e-05,-0.13627388501823556,,,,,,,,
current,frozen_v5,lien_rank:Second,2539,1956,False,0.47709259858637876,0.6053074740182409,-0.1282148754318623,-0.132126637520498,-0.12430311334322659,0.15451456436574118,0.13663336989862504,0.2062605836581223,4.236873089302508e-05,-0.12635342623246212,,,,,,,,
current,frozen_v5,lien_rank:Unsecured,3130,1796,False,0.6206443532694138,0.6882187131725068,-0.06757435990309325,-0.07118336471862098,-0.06396535508756553,0.10294914122296593,0.21138753934507185,0.2351238343275953,5.903740240144813e-05,-0.07689414361555826,,,,,,,,
current,frozen_v5,product_type:Financial Guarantee,367,367,False,0.4624201337645188,0.6006499064676384,-0.13822977270311945,-0.14671250907810107,-0.12974703632813783,0.1611303747142636,0.1624452488600681,0.2288044067162354,0.00013249332761019572,-0.13972518323814334,,,,,,,,
current,frozen_v5,product_type:Import LC,831,831,False,0.49154704145770484,0.605720665600747,-0.11417362414304223,-0.12035521524360862,-0.10799203304247584,0.1459162632196952,0.16441161993700612,0.21982433132460547,8.911524851759832e-05,-0.12091319700360423,,,,,,,,
current,frozen_v5,product_type:OVD,2848,2848,False,0.5062532849942603,0.6049257910009167,-0.09867250600665656,-0.10196618106764715,-0.09537883094566596,0.13332632000765818,0.1658683872203606,0.2128103133916868,4.8563911103240795e-05,-0.10026153538714119,,,,,,,,
current,frozen_v5,product_type:Performance Guarantee,658,658,False,0.4886810589382184,0.6002245132394887,-0.11154345430127036,-0.1182469764715619,-0.10483993213097881,0.14187041864300018,0.1640450412036115,0.21688243642451716,9.992408638640271e-05,-0.11396806979120869,,,,,,,,
current,frozen_v5,product_type:Term Loan,3991,3991,False,0.44697927307843677,0.5573844159542608,-0.11040514287582409,-0.11312308649276719,-0.107687199258881,0.14093217997387764,0.1616051746852452,0.21442507278123527,3.9970025481534355e-05,-0.11636070797726317,,,,,,,,
current,frozen_v5,industry:Construction,1077,614,False,0.47335885662000543,0.6135455143913913,-0.14018665777138573,-0.14502998834454606,-0.1353433271982254,0.15403932172471949,0.16436154816407217,0.22526169481805436,7.825505440452769e-05,-0.14066675870718695,,,,,,,,
current,frozen_v5,industry:Hospitality,668,377,False,0.47756308291635774,0.613619668073502,-0.1360565851571443,-0.14167229741644902,-0.1304408728978396,0.14886134971517562,0.16362931535577394,0.22121088192677849,9.892200448902552e-05,-0.14123655540835534,,,,,,,,
current,frozen_v5,industry:Manufacturing,1661,949,False,0.476294654038146,0.6139082520855204,-0.13761359804737425,-0.1414133126906262,-0.13381388340412229,0.15083585492876278,0.1654836550697571,0.22391135573556137,6.344396464943369e-05,-0.14039133869997028,,,,,,,,
current,frozen_v5,industry:Retail,1629,942,False,0.4740615456940514,0.6104314985247259,-0.13636995283067443,-0.14018981245914153,-0.13255009320220734,0.14977793657805233,0.1629418819592088,0.22132213441494686,6.308007658269618e-05,-0.14084038895692558,,,,,,,,
current,frozen_v5,industry:Services,2128,1241,False,0.4745352307253347,0.6126406326142076,-0.13810540188887294,-0.1414558728290611,-0.13475493094868476,0.1515162155965961,0.1626854082658914,0.22231442969666623,5.5103960704475036e-05,-0.13861030326209745,,,,,,,,
current,frozen_v5,industry:Technology,644,382,False,0.46186158708058545,0.4311773476318718,0.030684239448713495,0.02488297632348263,0.03648550257394436,0.0673780056469724,0.1606325385678319,0.1741912974052075,9.890326189524376e-05,0.02767672328517585,,,,,,,,
current,frozen_v5,industry:Transport,888,495,False,0.47972794202671304,0.4503733357906302,0.029354606236082825,0.02430757687084368,0.03440163560132197,0.06619825070299168,0.1636623864627124,0.1765434369746051,8.581484506658373e-05,0.03019491438687209,,,,,,,,
current,frozen_v5,guarantee:zero,6915,4452,False,0.5046587492950748,0.6073412482978531,-0.10268249900277819,-0.10542938015580645,-0.09993561784974993,0.1352639985606498,0.17174947593911383,0.21861891910805822,3.22715150251379e-05,-0.1067274105491093,,,,,,,,
current,frozen_v5,guarantee:partial,1451,1341,False,0.3690226431011911,0.5059417863297146,-0.13691914322852347,-0.14164416926000548,-0.13219411719704147,0.1622023290018622,0.13263915164235765,0.20952980714455094,5.440741036913685e-05,-0.14282825607105326,,,,,,,,
current,frozen_v5,guarantee:full,329,326,False,0.3047794690842026,0.40183498905600173,-0.09705551997179908,-0.10671864565108378,-0.08739239429251437,0.1312261299728781,0.09443854837873451,0.16167540507925526,8.135258923623778e-05,-0.10457251495898578,,,,,,,,
current,frozen_v5,coverage:0-0.5,3620,2082,False,0.6166007124619549,0.6825421699992136,-0.06594145753725866,-0.06940258327567476,-0.062480331798842555,0.1034836460040184,0.2074246097221978,0.2318055946449332,5.386740102545111e-05,-0.07600587062513338,,,,,,,,
current,frozen_v5,coverage:0.5-1,3044,1749,False,0.40343132255144937,0.5346781315722452,-0.1312468090207959,-0.1351314234082869,-0.12736219463330492,0.15502247379834988,0.1359842915289709,0.20621274190795344,3.851114622509435e-05,-0.12989833411155075,,,,,,,,
current,frozen_v5,coverage:1-inf,2031,1169,False,0.3275726375603569,0.47647813266392247,-0.14890549510356557,-0.1535764786734438,-0.14423451153368735,0.16962982312703528,0.10022264013009644,0.19702500980524296,3.474808725111446e-05,-0.15169820359714883,,,,,,,,
current,frozen_v5,ead:0-100000,1892,1466,False,0.4887139115804639,0.5917979565581102,-0.10308404497764635,-0.10806523507912874,-0.09810285487616396,0.13776234858708836,0.16417898986579063,0.21432033361671923,5.8976234349165534e-05,-0.10179769093598297,,,,,,,,
current,frozen_v5,ead:100000-500000,4580,3340,False,0.4743544875843022,0.581821874111256,-0.10746738652695381,-0.11059376036732568,-0.10434101268658194,0.13921185586008156,0.16425378742675628,0.21531197713095798,3.7922999427381254e-05,-0.10824661416417379,,,,,,,,
current,frozen_v5,ead:500000-inf,2223,1720,False,0.46255028250005925,0.5765470346855587,-0.11399675218549947,-0.11818438494650474,-0.1098091194244942,0.14336827907826055,0.1613541276187181,0.21584628314024673,5.3472485857833036e-05,-0.11556713354160135,,,,,,,,
current,s1_same_spec,all,8695,5000,False,0.5137614022575417,0.5826440454679118,-0.06888264321037024,-0.07226962001918752,-0.06549566640155297,0.1347866992090615,0.16350099489021802,0.21189627088215857,2.7397165455200764e-05,-0.06985973258177437,,,,,,,,
current,s1_same_spec,predicted_0.0_0.2,314,212,False,0.13312668256643784,0.24556893828286885,-0.11244225571643103,-0.12226187792163266,-0.1026226335112294,0.13805623068289447,0.09637475921818803,0.16836750590518434,8.498034854427149e-05,-0.10383613963116135,,,,,,,,
current,s1_same_spec,predicted_0.2_0.4,1595,1192,False,0.32551712816840866,0.41806173204177305,-0.09254460387336438,-0.0996253232856585,-0.08546388446107027,0.14602747189753068,0.10475334868336891,0.17971445854233203,4.098336344166097e-05,-0.0937284266965052,,,,,,,,
current,s1_same_spec,predicted_0.4_0.6,3996,2758,False,0.5066045990249941,0.5908839943267888,-0.0842793953017948,-0.088546519488994,-0.0800122711145956,0.13897653302405671,0.16057764889207127,0.21236680073658418,3.9691031089855953e-05,-0.08441371415676228,,,,,,,,
current,s1_same_spec,predicted_0.6_0.8,2672,1743,False,0.6680759329494346,0.7009643986319496,-0.03288846568251499,-0.03876254458292891,-0.027014386782101066,0.12081177880535526,0.19748111290474152,0.23150437544938401,5.969354420015075e-05,-0.03224311555572035,,,,,,,,
current,s1_same_spec,predicted_0.8_1.0,118,80,False,0.8191773248312368,0.7459623020476918,0.07321502278354497,0.049522500014193574,0.09690754555289637,0.12315490879503659,0.20123713578545335,0.2359311687324224,0.0002894590615353855,0.09620791176689071,,,,,,,,
current,s1_same_spec,conditional_0.0_0.2,231,172,False,0.218361085498581,0.13260712461596658,0.08575396088261444,0.06811150146894843,0.10339642029628046,0.1434944775523284,0.06741524465193705,0.15854173046707984,6.930621013260854e-05,0.09047563110099678,,,,,,,,
current,s1_same_spec,conditional_0.2_0.4,1075,855,False,0.33451686324207763,0.32156459319010533,0.012952270051972338,0.003168747818875316,0.02273579228506936,0.13610854107176415,0.09757346618209158,0.16746974728431363,4.649941904739286e-05,0.009999269936002047,,,,,,,,
current,s1_same_spec,conditional_0.4_0.6,2846,2152,False,0.47089074733646524,0.5173867260189282,-0.04649597868246295,-0.05233694781398557,-0.04065500955094033,0.13386176054422239,0.1459926572895349,0.19807278187186225,4.275959583639612e-05,-0.0485376321671222,,,,,,,,
current,s1_same_spec,conditional_0.6_0.8,4035,2656,False,0.5848186024362263,0.6928148051621796,-0.10799620272595337,-0.11119141699670565,-0.10480098845520108,0.13447316664444603,0.18831932343423158,0.2314026796001111,4.632262284569876e-05,-0.1118275711060118,,,,,,,,
current,s1_same_spec,conditional_0.8_1.0,508,328,False,0.7031697365042644,0.8302862810995638,-0.1271165445952995,-0.13256550326112054,-0.12166758592947845,0.13553767000073513,0.18506284830813338,0.22938770196579275,0.00012829431491977265,-0.12840937209101122,,,,,,,,
current,s1_same_spec,conditional_gt60,4543,2903,False,0.5980526715770061,0.7081869182540113,-0.11013424667700505,-0.11306561911985848,-0.10720287423415163,0.13459261790313215,0.18795798489088572,0.23117823616911032,4.357219493080853e-05,-0.11351353328000709,,,,,,,,
current,s1_same_spec,conditional_gt75,1284,840,False,0.6731588689257104,0.7951107073430825,-0.12195183841737207,-0.1258109372307245,-0.11809273960401966,0.13270051538695293,0.1939807001376119,0.2350275277703466,8.45855225557329e-05,-0.12576495291306572,,,,,,,,
current,s1_same_spec,collateral_type:Cash,842,488,False,0.24962709491481067,0.2817583722910834,-0.03213127737627274,-0.04411219753250387,-0.02015035722004161,0.13262060059036712,0.10621043113416462,0.16990844411816267,5.7191455856365936e-05,-0.03323861946919381,,,,,,,,
current,s1_same_spec,collateral_type:Mortgage,3049,1740,False,0.46363507710978874,0.54226046061067,-0.07862538350088126,-0.0843064910258664,-0.07294427597589612,0.14055407194553915,0.11044738473609164,0.17875701926222098,3.125336259561518e-05,-0.07633274410491958,,,,,,,,
current,s1_same_spec,collateral_type:Other,1674,976,False,0.5380252437281798,0.6101390138844218,-0.07211377015624199,-0.07955433677692311,-0.06467320353556086,0.133049785223706,0.16556037514433974,0.2123969942489978,6.322643587700622e-05,-0.06953093100423946,,,,,,,,
current,s1_same_spec,collateral_type:Unsecured,3130,1796,False,0.62066829731704,0.6882187131725068,-0.06755041585546698,-0.07306493527199343,-0.06203589643894052,0.13048057350708717,0.21138753934507185,0.24841471746477234,5.903740240144813e-05,-0.07333915259406933,,,,,,,,
current,s1_same_spec,lien_rank:First,3026,2672,False,0.3964794775559178,0.4544248931200376,-0.057945415564119716,-0.062915705456466,-0.05297512567177342,0.13590894844650528,0.12218662701821752,0.18275889606233625,3.470637383166133e-05,-0.061151508805099244,,,,,,,,
current,s1_same_spec,lien_rank:Second,2539,1956,False,0.5217474292803397,0.6053074740182409,-0.0835600447379013,-0.08863991062728538,-0.07848017884851721,0.13861297710993503,0.13663336989862504,0.19463359214979792,4.236873089302508e-05,-0.08071084738022741,,,,,,,,
current,s1_same_spec,lien_rank:Unsecured,3130,1796,False,0.62066829731704,0.6882187131725068,-0.06755041585546698,-0.07306493527199343,-0.06203589643894052,0.13048057350708717,0.21138753934507185,0.24841471746477234,5.903740240144813e-05,-0.07333915259406933,,,,,,,,
current,s1_same_spec,product_type:Financial Guarantee,367,367,False,0.5352042305956446,0.6006499064676384,-0.06544567587199371,-0.07765129240993005,-0.05324005933405738,0.1359286578133004,0.1624452488600681,0.21181373631597825,0.00013249332761019572,-0.06804966677131336,,,,,,,,
current,s1_same_spec,product_type:Import LC,831,831,False,0.5273703260816661,0.605720665600747,-0.07835033951908091,-0.085659435890617,-0.07104124314754481,0.13297030280643737,0.16441161993700612,0.21145278952699156,8.911524851759832e-05,-0.0790718265485558,,,,,,,,
current,s1_same_spec,product_type:OVD,2848,2848,False,0.5315129890842425,0.6049257910009167,-0.07341280191667433,-0.07763239465385488,-0.06919320917949379,0.13632553770681485,0.1658683872203606,0.21470205893315433,4.8563911103240795e-05,-0.07557590156506602,,,,,,,,
current,s1_same_spec,product_type:Performance Guarantee,658,658,False,0.5307022849068503,0.6002245132394887,-0.0695222283326385,-0.07835152395394603,-0.06069293271133098,0.13477999993314166,0.1640450412036115,0.21231209086029992,9.992408638640271e-05,-0.0730665599018682,,,,,,,,
current,s1_same_spec,product_type:Term Loan,3991,3991,False,0.49349526500782476,0.5573844159542608,-0.06388915094643617,-0.06754230291214851,-0.060235998980723834,0.13395102389107863,0.1616051746852452,0.20990261857946635,3.9970025481534355e-05,-0.06650009487894358,,,,,,,,
current,s1_same_spec,industry:Construction,1077,614,False,0.488754958896946,0.6135455143913913,-0.12479055549444514,-0.12807294938499716,-0.1215081616038931,0.1323359246089607,0.16436154816407217,0.21101543890672822,7.825505440452769e-05,-0.1223811230129965,,,,,,,,
current,s1_same_spec,industry:Hospitality,668,377,False,0.4590814509520773,0.613619668073502,-0.15453821712142474,-0.15868952700482458,-0.1503869072380249,0.16082120228006608,0.16362931535577394,0.2294297538389588,9.892200448902552e-05,-0.15229395520423772,,,,,,,,
current,s1_same_spec,industry:Manufacturing,1661,949,False,0.47691935997654983,0.6139082520855204,-0.13698889210897044,-0.13966313844619324,-0.13431464577174765,0.14403384076706355,0.1654836550697571,0.2193868441392012,6.344396464943369e-05,-0.13598571779705962,,,,,,,,
current,s1_same_spec,industry:Retail,1629,942,False,0.5817398716290889,0.6104314985247259,-0.028691626895636972,-0.03228949728331692,-0.025093756507957025,0.0641005403912683,0.1629418819592088,0.17509693365350906,6.308007658269618e-05,-0.02727630743291089,,,,,,,,
current,s1_same_spec,industry:Services,2128,1241,False,0.4714036529850669,0.6126406326142076,-0.1412369796291406,-0.14344004450004944,-0.1390339147582318,0.1475812534087827,0.1626854082658914,0.21965147033504487,5.5103960704475036e-05,-0.13919909276048395,,,,,,,,
current,s1_same_spec,industry:Technology,644,382,False,0.5639241560782426,0.4311773476318718,0.1327468084463707,0.12814493116347672,0.1373486857292647,0.142814993935365,0.1606325385678319,0.2149393750328319,9.890326189524376e-05,0.13127650246581277,,,,,,,,
current,s1_same_spec,industry:Transport,888,495,False,0.5945590707093249,0.4503733357906302,0.14418573491869466,0.13971160391541268,0.14865986592197664,0.15448427296792272,0.1636623864627124,0.22505725346475258,8.581484506658373e-05,0.15907659191738568,,,,,,,,
current,s1_same_spec,guarantee:zero,6915,4452,False,0.5348129895521261,0.6073412482978531,-0.07252825874572685,-0.07607790561278867,-0.06897861187866504,0.1344868006860258,0.17174947593911383,0.21813890538856903,3.22715150251379e-05,-0.07359699705122459,,,,,,,,
current,s1_same_spec,guarantee:partial,1451,1341,False,0.45012414949163776,0.5059417863297146,-0.05581763683807685,-0.06262981301687474,-0.049005460659278945,0.13549290234633288,0.13263915164235765,0.18960873169407905,5.440741036913685e-05,-0.058616444205919514,,,,,,,,
current,s1_same_spec,guarantee:full,329,326,False,0.3519557111367963,0.40183498905600173,-0.049879277919205385,-0.06393580292122053,-0.03582275291719023,0.13792376722516927,0.09443854837873451,0.16715742575627698,8.135258923623778e-05,-0.04393288627565663,,,,,,,,
current,s1_same_spec,coverage:0-0.5,3620,2082,False,0.6164054452145052,0.6825421699992136,-0.06613672478470832,-0.07129736318939915,-0.060976086380017495,0.13007087601116044,0.2074246097221978,0.24483341582536639,5.386740102545111e-05,-0.07226596137913376,,,,,,,,
current,s1_same_spec,coverage:0.5-1,3044,1749,False,0.4662647916875941,0.5346781315722452,-0.06841333988465115,-0.07407777775913843,-0.06274890201016387,0.1342254465790853,0.1359842915289709,0.19107118582348054,3.851114622509435e-05,-0.06550498341585431,,,,,,,,
current,s1_same_spec,coverage:1-inf,2031,1169,False,0.40199786068723753,0.47647813266392247,-0.07448027197668493,-0.08178102818674259,-0.06717951576662727,0.14359654089900936,0.10022264013009644,0.17511294684519385,3.474808725111446e-05,-0.07224480929973491,,,,,,,,
current,s1_same_spec,ead:0-100000,1892,1466,False,0.5189333008063254,0.5917979565581102,-0.07286465575178483,-0.07915467589368062,-0.06657463560988904,0.13435351674609328,0.16417898986579063,0.21214525254031527,5.8976234349165534e-05,-0.06882217275068583,,,,,,,,
current,s1_same_spec,ead:100000-500000,4580,3340,False,0.5155229855327201,0.581821874111256,-0.06629888857853579,-0.0704969333609582,-0.06210084379611337,0.13419538372323114,0.16425378742675628,0.21210305914026625,3.7922999427381254e-05,-0.06642029516293739,,,,,,,,
current,s1_same_spec,ead:500000-inf,2223,1720,False,0.5057302356112904,0.5765470346855587,-0.07081679907426833,-0.0765757571798837,-0.06505784096865296,0.13636119562674795,0.1613541276187181,0.2112570239598054,5.3472485857833036e-05,-0.07160722346653638,,,,,,,,
current,s1_captured_features,all,8695,5000,False,0.570179326064111,0.5826440454679118,-0.01246471940380092,-0.014036929224650302,-0.01089250958295154,0.057302559111655445,0.16350099489021802,0.1732517203690511,2.7397165455200764e-05,-0.010878725022317627,,,,,,,,
current,s1_captured_features,predicted_0.0_0.2,129,94,False,0.13675026056364425,0.11110136963921802,0.02564889092442623,0.018727625439969163,0.0325701564088833,0.04645125914080365,0.05436423829564975,0.07150657229396669,7.47891294986047e-05,0.024047499745883567,,,,,,,,
current,s1_captured_features,predicted_0.2_0.4,904,731,False,0.3356447761475976,0.2974490950099074,0.038195681137690125,0.034125987343393546,0.042265374931986704,0.06572267726421127,0.08928763164346372,0.11086817158803755,4.64009758510501e-05,0.038912587480222166,,,,,,,,
current,s1_captured_features,predicted_0.4_0.6,3748,2603,False,0.5170717381527671,0.5294074243200886,-0.01233568616732134,-0.014490629748257232,-0.010180742586385447,0.056770865665506015,0.1442734344875688,0.15504113998306945,3.682193486026556e-05,-0.008385084072901948,,,,,,,,
current,s1_captured_features,predicted_0.6_0.8,3632,2388,False,0.6791351713214452,0.7057691678284033,-0.02663399650695806,-0.028822825433338646,-0.024445167580577472,0.05770162304594912,0.19419294634512446,0.20258424843096068,5.034780681153972e-05,-0.027948467126974852,,,,,,,,
current,s1_captured_features,predicted_0.8_1.0,282,173,False,0.8228431278058385,0.8343662158391003,-0.011523088033261795,-0.01526502742515002,-0.007781148641373571,0.02632327670783239,0.187097979199908,0.188940648663347,0.00017408628946137035,-0.012385549089998052,,,,,,,,
current,s1_captured_features,conditional_0.0_0.2,231,172,False,0.18963742467154085,0.13260712461596658,0.05703030005557431,0.04937248507661216,0.06468811503453645,0.07571172532427718,0.06741524465193705,0.10137593680484201,6.930621013260854e-05,0.05876028838110169,,,,,,,,
current,s1_captured_features,conditional_0.2_0.4,1075,855,False,0.37057660722675406,0.32156459319010533,0.049012014036648746,0.046039970675287936,0.051984057398009556,0.0655399867319958,0.09757346618209158,0.11754178475596648,4.649941904739286e-05,0.04943796730406273,,,,,,,,
current,s1_captured_features,conditional_0.4_0.6,2846,2152,False,0.5173938469829318,0.5173867260189282,7.120964003608368e-06,-0.0019178833931645333,0.0019321253211717498,0.04417887793604782,0.1459926572895349,0.15253074850058201,4.275959583639612e-05,0.002135514129990059,,,,,,,,
current,s1_captured_features,conditional_0.6_0.8,4035,2656,False,0.6554205640389719,0.6928148051621796,-0.03739424112320768,-0.03935665593291669,-0.03543182631349867,0.06116133719842766,0.18831932343423158,0.19800221399425436,4.632262284569876e-05,-0.038055612191080876,,,,,,,,
current,s1_captured_features,conditional_0.8_1.0,508,328,False,0.7842682634820534,0.8302862810995638,-0.0460180176175105,-0.05083275761323038,-0.04120327762179062,0.06212198362113315,0.18506284830813338,0.19521116431429714,0.00012829431491977265,-0.04889686839767152,,,,,,,,
current,s1_captured_features,conditional_gt60,4543,2903,False,0.6698283631402454,0.7081869182540113,-0.038358555113765874,-0.04020138013963262,-0.03651573008789913,0.061269505007330215,0.18795798489088572,0.197692074520163,4.357219493080853e-05,-0.03915790185789321,,,,,,,,
current,s1_captured_features,conditional_gt75,1284,840,False,0.7495962280145506,0.7951107073430825,-0.045514479328531865,-0.04894353559775837,-0.04208542305930536,0.06545181487009732,0.1939807001376119,0.2047253088791603,8.45855225557329e-05,-0.049113061800103726,,,,,,,,
current,s1_captured_features,collateral_type:Cash,842,488,False,0.3396476680700929,0.2817583722910834,0.057889295779009545,0.053979370658195136,0.06179922089982395,0.07267995537051936,0.10621043113416462,0.12869744206613357,5.7191455856365936e-05,0.06378773372244363,,,,,,,,
current,s1_captured_features,collateral_type:Mortgage,3049,1740,False,0.525181692428222,0.54226046061067,-0.017078768182448037,-0.01919693967482172,-0.014960596690074355,0.05130574574573636,0.11044738473609164,0.12178220042998235,3.125336259561518e-05,-0.012961986272996724,,,,,,,,
current,s1_captured_features,collateral_type:Other,1674,976,False,0.5860079867163279,0.6101390138844218,-0.02413102716809388,-0.02736781124070888,-0.020894243095478878,0.05679564326916128,0.16556037514433974,0.17503137693651483,6.322643587700622e-05,-0.020222575031855594,,,,,,,,
current,s1_captured_features,collateral_type:Unsecured,3130,1796,False,0.6675621577110686,0.6882187131725068,-0.020656555461438283,-0.023276223644461386,-0.01803688727841518,0.058406087701606435,0.21138753934507185,0.21930791793953094,5.903740240144813e-05,-0.02389169522432021,,,,,,,,
current,s1_captured_features,lien_rank:First,3026,2672,False,0.4641427111852104,0.4544248931200376,0.00971781806517293,0.007430338922339729,0.01200529720800613,0.055774097948458966,0.12218662701821752,0.13431426515472322,3.470637383166133e-05,0.008270265648785365,,,,,,,,
current,s1_captured_features,lien_rank:Second,2539,1956,False,0.5765040734325929,0.6053074740182409,-0.028803400585648082,-0.031039586731769927,-0.026567214439526237,0.05772484554810351,0.13663336989862504,0.1483267863988393,4.236873089302508e-05,-0.026097104327792362,,,,,,,,
current,s1_captured_features,lien_rank:Unsecured,3130,1796,False,0.6675621577110686,0.6882187131725068,-0.020656555461438283,-0.023276223644461386,-0.01803688727841518,0.058406087701606435,0.21138753934507185,0.21930791793953094,5.903740240144813e-05,-0.02389169522432021,,,,,,,,
current,s1_captured_features,product_type:Financial Guarantee,367,367,False,0.585325952694454,0.6006499064676384,-0.015323953773184254,-0.02119043464461872,-0.009457472901749787,0.05927642052238398,0.1624452488600681,0.17292238983762614,0.00013249332761019572,-0.01875402149921223,,,,,,,,
current,s1_captured_features,product_type:Import LC,831,831,False,0.580563680078202,0.605720665600747,-0.02515698552254498,-0.029172625918074818,-0.02114134512701514,0.06416270973435688,0.16441161993700612,0.17648805651025196,8.911524851759832e-05,-0.018596329030144586,,,,,,,,
current,s1_captured_features,product_type:OVD,2848,2848,False,0.5878486322937455,0.6049257910009167,-0.01707715870717138,-0.019140398767606467,-0.015013918646736292,0.05870648392225577,0.1658683872203606,0.17595105323241902,4.8563911103240795e-05,-0.017337673573233518,,,,,,,,
current,s1_captured_features,product_type:Performance Guarantee,658,658,False,0.5869669925915333,0.6002245132394887,-0.013257520647955465,-0.01742564284341626,-0.009089398452494672,0.05609792402299798,0.1640450412036115,0.17337171806031296,9.992408638640271e-05,-0.009823837142387206,,,,,,,,
current,s1_captured_features,product_type:Term Loan,3991,3991,False,0.5512475598711547,0.5573844159542608,-0.006136856083106174,-0.007824327043759382,-0.004449385122452967,0.054728600140957734,0.1616051746852452,0.17062078466129926,3.9970025481534355e-05,-0.0066976612379344375,,,,,,,,
current,s1_captured_features,industry:Construction,1077,614,False,0.5960910707158624,0.6135455143913913,-0.01745444367552876,-0.021638228554732918,-0.013270658796324605,0.05681282827679705,0.16436154816407217,0.17390346739412488,7.825505440452769e-05,-0.015883006738992678,,,,,,,,
current,s1_captured_features,industry:Hospitality,668,377,False,0.5874223511763995,0.613619668073502,-0.02619731689710245,-0.03183186056745879,-0.020562773226746104,0.06207724749409871,0.16362931535577394,0.17500896405682453,9.892200448902552e-05,-0.02170455179144957,,,,,,,,
current,s1_captured_features,industry:Manufacturing,1661,949,False,0.5900494809418413,0.6139082520855204,-0.023858771143679028,-0.027383192882091158,-0.020334349405266898,0.05985987682906437,0.1654836550697571,0.1759773989728144,6.344396464943369e-05,-0.019945040663221714,,,,,,,,
current,s1_captured_features,industry:Retail,1629,942,False,0.5911113317766185,0.6104314985247259,-0.019320166748107392,-0.023133839220496184,-0.0155064942757186,0.06116128626512289,0.1629418819592088,0.1740424081481667,6.308007658269618e-05,-0.01613488922786501,,,,,,,,
current,s1_captured_features,industry:Services,2128,1241,False,0.5941859183102772,0.6126406326142076,-0.01845471430393045,-0.021628788647974302,-0.015280639959886601,0.058988176956336694,0.1626854082658914,0.1730495509479058,5.5103960704475036e-05,-0.015759573367916228,,,,,,,,
current,s1_captured_features,industry:Technology,644,382,False,0.45863867233723865,0.4311773476318718,0.027461324705366826,0.023769719644500607,0.031152929766233045,0.04724522066615502,0.1606325385678319,0.16743632617368218,9.890326189524376e-05,0.024124329881532684,,,,,,,,
current,s1_captured_features,industry:Transport,888,495,False,0.473578310723722,0.4503733357906302,0.023204974933091743,0.020177621990034797,0.026232327876148688,0.04261899978687168,0.1636623864627124,0.16912053655752038,8.581484506658373e-05,0.021916340157624784,,,,,,,,
current,s1_captured_features,guarantee:zero,6915,4452,False,0.5901778814635763,0.6073412482978531,-0.017163366834276737,-0.018884311563239928,-0.015442422105313545,0.05837728591871056,0.17174947593911383,0.18139953141228102,3.22715150251379e-05,-0.014993225655574689,,,,,,,,
current,s1_captured_features,guarantee:partial,1451,1341,False,0.5090154377319337,0.5059417863297146,0.0030736514022191522,0.0002592503888703616,0.005888052415567942,0.05248258272187852,0.13263915164235765,0.14264489488784088,5.440741036913685e-05,0.002108062644314071,,,,,,,,
current,s1_captured_features,guarantee:full,329,326,False,0.4195981448564717,0.40183498905600173,0.017763155800469985,0.012145004895256276,0.023381306705683693,0.05481138160589807,0.09443854837873451,0.1091921561900394,8.135258923623778e-05,0.015045747806268425,,,,,,,,
current,s1_captured_features,coverage:0-0.5,3620,2082,False,0.6609877053686548,0.6825421699992136,-0.02155446463055879,-0.023993862576672444,-0.01911506668444514,0.05885060461083409,0.2074246097221978,0.2156116007580919,5.386740102545111e-05,-0.02387289809698283,,,,,,,,
current,s1_captured_features,coverage:0.5-1,3044,1749,False,0.5235672431219429,0.5346781315722452,-0.011110888450302397,-0.013771740481197114,-0.00845003641940768,0.05630386581842168,0.1359842915289709,0.14717966180398356,3.851114622509435e-05,-0.008182440196198645,,,,,,,,
current,s1_captured_features,coverage:1-inf,2031,1169,False,0.47818565171330424,0.47647813266392247,0.0017075190493817376,-0.001365850481540535,0.00478088858030401,0.05597447074955068,0.10022264013009644,0.11479424624230572,3.474808725111446e-05,0.007929914519634453,,,,,,,,
current,s1_captured_features,ead:0-100000,1892,1466,False,0.5667735440359771,0.5917979565581102,-0.025024412522133124,-0.028148605599523015,-0.021900219444743234,0.0640777448498622,0.16417898986579063,0.17624045533984367,5.8976234349165534e-05,-0.01776524568411715,,,,,,,,
current,s1_captured_features,ead:100000-500000,4580,3340,False,0.5743693353781042,0.581821874111256,-0.007452538733151854,-0.009339931737195238,-0.005565145729108471,0.05428091328971745,0.16425378742675628,0.17299053220219848,3.7922999427381254e-05,-0.008103981538922415,,,,,,,,
current,s1_captured_features,ead:500000-inf,2223,1720,False,0.5644454065585511,0.5765470346855587,-0.01210162812700749,-0.01485758223433474,-0.009345674019680238,0.05725656633556047,0.1613541276187181,0.17121176620821363,5.3472485857833036e-05,-0.01193712420568848,,,,,,,,
current,governed_v5_8000,all,8695,5000,False,0.45610619419535775,0.5826440454679118,-0.12653785127255412,-0.12901251174953282,-0.12406319079557543,0.15354822977905938,0.16350099489021802,0.22429809227537786,2.7397165455200764e-05,-0.1288716149683192,,,,,,,,
current,governed_v5_8000,predicted_0.0_0.2,771,478,False,0.09527404854564399,0.26613864536206977,-0.1708645968164258,-0.17863376465248937,-0.16309542898036222,0.1916317543838946,0.09954927473971215,0.215946260420161,5.6018430571568184e-05,-0.17178297375400495,,,,,,,,
current,governed_v5_8000,predicted_0.2_0.4,2436,1824,False,0.31827040152980907,0.47966115796878744,-0.16139075643897832,-0.16542482075108722,-0.15735669212686942,0.18257770500135184,0.10910032022850631,0.2126910864082538,3.453881310534939e-05,-0.1620684581634562,,,,,,,,
current,governed_v5_8000,predicted_0.4_0.6,3306,2364,False,0.49918295296964127,0.6256877242967778,-0.12650477132713642,-0.12991446592347414,-0.1230950767307987,0.1500359795523343,0.1762146906391092,0.23143554687485982,4.788623728208452e-05,-0.1262414375796807,,,,,,,,
current,governed_v5_8000,predicted_0.6_0.8,2123,1418,False,0.6679642435671441,0.7410841854423458,-0.07311994187520154,-0.07680174303897352,-0.06943814071142956,0.09912139728353532,0.20750206007548114,0.2299612061522748,7.036674169732877e-05,-0.07591360934976045,,,,,,,,
current,governed_v5_8000,predicted_0.8_1.0,59,43,False,0.8253124976720068,0.8575789277648315,-0.03226643009282491,-0.04868806780503756,-0.015844792380612267,0.05921797197967261,0.1715725914722464,0.18150460696601517,0.0003490132630926492,-0.028858279329762107,,,,,,,,
current,governed_v5_8000,conditional_0.0_0.2,231,172,False,0.06666975161200933,0.13260712461596658,-0.06593737300395722,-0.07388446939236504,-0.057990276615549396,0.08530507270572103,0.06741524465193705,0.10872796623136513,6.930621013260854e-05,-0.06377711133685295,,,,,,,,
current,governed_v5_8000,conditional_0.2_0.4,1075,855,False,0.2090052368830566,0.32156459319010533,-0.1125593563070487,-0.12033067615792277,-0.10478803645617464,0.15506389443534807,0.09757346618209158,0.18320860422001076,4.649941904739286e-05,-0.11641322931573034,,,,,,,,
current,governed_v5_8000,conditional_0.4_0.6,2846,2152,False,0.38873648845295244,0.5173867260189282,-0.1286502375659758,-0.13345595814956174,-0.12384451698238987,0.16465003053713473,0.1459926572895349,0.22005337656654805,4.275959583639612e-05,-0.1351617699182579,,,,,,,,
current,governed_v5_8000,conditional_0.6_0.8,4035,2656,False,0.5574470793444004,0.6928148051621796,-0.13536772581777914,-0.13811133088059488,-0.1326241207549634,0.152912198939776,0.18831932343423158,0.2425825800904186,4.632262284569876e-05,-0.13420867951469123,,,,,,,,
current,governed_v5_8000,conditional_0.8_1.0,508,328,False,0.7285807184354682,0.8302862810995638,-0.10170556266409567,-0.10564491729965077,-0.09776620802854057,0.10842852460319645,0.18506284830813338,0.21448776834949157,0.00012829431491977265,-0.10443330208261858,,,,,,,,
current,governed_v5_8000,conditional_gt60,4543,2903,False,0.5765833084129152,0.7081869182540113,-0.1316036098410961,-0.13411083050129594,-0.12909638918089625,0.14860075501781816,0.18795798489088572,0.2396046503641113,4.357219493080853e-05,-0.1311812544411229,,,,,,,,
current,governed_v5_8000,conditional_gt75,1284,840,False,0.6859248903412709,0.7951107073430825,-0.10918581700181164,-0.11201534559176761,-0.10635628841185567,0.11716416105883048,0.1939807001376119,0.2266185179161175,8.45855225557329e-05,-0.1090099933139014,,,,,,,,
current,governed_v5_8000,collateral_type:Cash,842,488,False,0.11270817758534458,0.2817583722910834,-0.1690501947057388,-0.17665526188411737,-0.1614451275273602,0.1902251267991865,0.10621043113416462,0.2178675160446635,5.7191455856365936e-05,-0.1703651399017936,,,,,,,,
current,governed_v5_8000,collateral_type:Mortgage,3049,1740,False,0.37939916150210906,0.54226046061067,-0.16286129910856093,-0.16656935713998594,-0.1591532410771359,0.18084410024532913,0.11044738473609164,0.21190378332768128,3.125336259561518e-05,-0.16438547483657054,,,,,,,,
current,governed_v5_8000,collateral_type:Other,1674,976,False,0.494333274855503,0.6101390138844218,-0.11580573902891887,-0.12134714073075739,-0.11026433732708035,0.14376248706752967,0.16556037514433974,0.21926671089286706,6.322643587700622e-05,-0.1129307250525919,,,,,,,,
current,governed_v5_8000,collateral_type:Unsecured,3130,1796,False,0.6027607436018317,0.6882187131725068,-0.08545796957067525,-0.08895868001791388,-0.08195725912343663,0.11335757470217638,0.21138753934507185,0.23986377703338993,5.903740240144813e-05,-0.09046829307579815,,,,,,,,
current,governed_v5_8000,lien_rank:First,3026,2672,False,0.2997269645513315,0.4544248931200376,-0.15469792856870598,-0.15802314158697145,-0.15137271555044052,0.17659135540466175,0.12218662701821752,0.21474188838171412,3.470637383166133e-05,-0.15685451587205737,,,,,,,,
current,governed_v5_8000,lien_rank:Second,2539,1956,False,0.46168902572767767,0.6053074740182409,-0.14361844829056328,-0.14743199470775828,-0.13980490187336828,0.16653678553609827,0.13663336989862504,0.2154139705463666,4.236873089302508e-05,-0.13788243459576816,,,,,,,,
current,governed_v5_8000,lien_rank:Unsecured,3130,1796,False,0.6027607436018317,0.6882187131725068,-0.08545796957067525,-0.08895868001791388,-0.08195725912343663,0.11335757470217638,0.21138753934507185,0.23986377703338993,5.903740240144813e-05,-0.09046829307579815,,,,,,,,
current,governed_v5_8000,product_type:Financial Guarantee,367,367,False,0.4488606997297487,0.6006499064676384,-0.15178920673788956,-0.16016821848612467,-0.14341019498965446,0.172420592706171,0.1624452488600681,0.23689094466939162,0.00013249332761019572,-0.15124615126856947,,,,,,,,
current,governed_v5_8000,product_type:Import LC,831,831,False,0.46218573435317506,0.605720665600747,-0.14353493124757197,-0.14947981131387283,-0.1375900511812711,0.16804176352998013,0.16441161993700612,0.23509405577465436,8.911524851759832e-05,-0.146170756988957,,,,,,,,
current,governed_v5_8000,product_type:OVD,2848,2848,False,0.49333262503504527,0.6049257910009167,-0.11159316596587149,-0.1147954085338821,-0.10839092339786087,0.1416068958590456,0.1658683872203606,0.2180936377657956,4.8563911103240795e-05,-0.11139238569349164,,,,,,,,
current,governed_v5_8000,product_type:Performance Guarantee,658,658,False,0.46631894726927764,0.6002245132394887,-0.13390556597021114,-0.14035285850753051,-0.12745827343289176,0.158239349848279,0.1640450412036115,0.22792645169857012,9.992408638640271e-05,-0.1337821454146407,,,,,,,,
current,governed_v5_8000,product_type:Term Loan,3991,3991,False,0.4272578183606454,0.5573844159542608,-0.13012659759361547,-0.13279256085849026,-0.1274606343287407,0.15593218714510632,0.1616051746852452,0.22456865202629034,3.9970025481534355e-05,-0.1346244938603779,,,,,,,,
current,governed_v5_8000,industry:Construction,1077,614,False,0.45433614820959006,0.6135455143913913,-0.15920936618180107,-0.1638871393337395,-0.15453159302986264,0.1706468824119331,0.16436154816407217,0.23692842166317393,7.825505440452769e-05,-0.15430670564576648,,,,,,,,
current,governed_v5_8000,industry:Hospitality,668,377,False,0.4591608153042455,0.613619668073502,-0.15445885276925642,-0.15983871898150187,-0.14907898655701096,0.16505532707200798,0.16362931535577394,0.23241732688990044,9.892200448902552e-05,-0.15833600596681294,,,,,,,,
current,governed_v5_8000,industry:Manufacturing,1661,949,False,0.4584866314742897,0.6139082520855204,-0.1554216206112306,-0.15909714364785826,-0.15174609757460295,0.1665208237107166,0.1654836550697571,0.2347637638660232,6.344396464943369e-05,-0.1556094577998235,,,,,,,,
current,governed_v5_8000,industry:Retail,1629,942,False,0.4563234345541554,0.6104314985247259,-0.1541080639705704,-0.157785727739773,-0.15043040020136778,0.1652531641192158,0.1629418819592088,0.2320746973451031,6.308007658269618e-05,-0.15747220661107197,,,,,,,,
current,governed_v5_8000,industry:Services,2128,1241,False,0.45636580686596173,0.6126406326142076,-0.15627482574824583,-0.1595317476431016,-0.15301790385339006,0.16762881093885507,0.1626854082658914,0.23359357936256334,5.5103960704475036e-05,-0.15562083383171588,,,,,,,,
current,governed_v5_8000,industry:Technology,644,382,False,0.441875800231849,0.4311773476318718,0.010698452599977138,0.005329469303621216,0.01606743589633306,0.05724944119326591,0.1606325385678319,0.17052950173998402,9.890326189524376e-05,0.012265164983748243,,,,,,,,
current,governed_v5_8000,industry:Transport,888,495,False,0.46080211729288273,0.4503733357906302,0.01042878150225249,0.005514892283439747,0.015342670721065231,0.05803882537967407,0.1636623864627124,0.17364873162255612,8.581484506658373e-05,0.013187693954935385,,,,,,,,
current,governed_v5_8000,guarantee:zero,6915,4452,False,0.4819053515931326,0.6073412482978531,-0.1254358967047204,-0.1281260547822153,-0.12274573862722551,0.1522753575611213,0.17174947593911383,0.22953358579024458,3.22715150251379e-05,-0.1272319420931796,,,,,,,,
current,governed_v5_8000,guarantee:partial,1451,1341,False,0.3676041254436873,0.5059417863297146,-0.1383376608860273,-0.1430749678156338,-0.1336003539564208,0.16365589867406236,0.13263915164235765,0.21065706187835082,5.440741036913685e-05,-0.14220368003982145,,,,,,,,
current,governed_v5_8000,guarantee:full,329,326,False,0.30417710104356804,0.40183498905600173,-0.09765788801243369,-0.10748599661385966,-0.08782977941100772,0.1327348128740636,0.09443854837873451,0.1629023326063665,8.135258923623778e-05,-0.10409718662982613,,,,,,,,
current,governed_v5_8000,coverage:0-0.5,3620,2082,False,0.5979151935332097,0.6825421699992136,-0.08462697646600381,-0.0879623453353398,-0.08129160759666783,0.11377027846127424,0.2074246097221978,0.23657693247559444,5.386740102545111e-05,-0.090345098211007,,,,,,,,
current,governed_v5_8000,coverage:0.5-1,3044,1749,False,0.38584397663488995,0.5346781315722452,-0.14883415493735527,-0.15263336686314313,-0.1450349430115674,0.16948439060407094,0.1359842915289709,0.21729400866353732,3.851114622509435e-05,-0.14715276240756722,,,,,,,,
current,governed_v5_8000,coverage:1-inf,2031,1169,False,0.30865647122688916,0.47647813266392247,-0.16782166143703336,-0.17248959005127532,-0.16315373282279141,0.1865856430306521,0.10022264013009644,0.2117989135472813,3.474808725111446e-05,-0.16898078372524294,,,,,,,,
current,governed_v5_8000,ead:0-100000,1892,1466,False,0.46471019458934254,0.5917979565581102,-0.12708776196876767,-0.13188368463521083,-0.12229183930232453,0.15485074209877303,0.16417898986579063,0.22568449889589692,5.8976234349165534e-05,-0.1258170908573253,,,,,,,,
current,governed_v5_8000,ead:100000-500000,4580,3340,False,0.45675811073839745,0.581821874111256,-0.12506376337285863,-0.12814743982544552,-0.12198008692027172,0.1523178564389119,0.16425378742675628,0.22400900891298772,3.7922999427381254e-05,-0.1254326525129052,,,,,,,,
current,governed_v5_8000,ead:500000-inf,2223,1720,False,0.4474401813692037,0.5765470346855587,-0.12910685331635496,-0.13323776862271466,-0.12497593800999526,0.1549532845703038,0.1613541276187181,0.22370890661465204,5.3472485857833036e-05,-0.13071063127196586,,,,,,,,
