facility_id,customer_id,conditional_mean,conditional_variance,mc_se,actual,frozen_v5,s1_same_spec,s1_captured_features,governed_v5_8000
selection-selection-SME00044-000074,selection-SME00044,0.6883844650626925,0.047852698353542146,0.0034180093159572066,0.635489925938,0.7007273149382299,0.8331463059760256,0.6932496305058573,0.6901328341343188
selection-selection-SME00044-000075,selection-SME00044,0.4465117502305137,0.01530552468206888,0.0019330546711961414,0.362181346988,0.44669145168537433,0.6265189415310116,0.49628602782618036,0.4522720049558998
selection-selection-SME00075-000124,selection-SME00075,0.5770206062763703,0.01646895103076336,0.002005178295749523,0.587712569009,0.5564922354511792,0.6678655607261288,0.562960097822904,0.5444519441880925
selection-selection-SME00085-000138,selection-SME00085,0.5244997823862448,0.0177973901252194,0.0020844821775539107,0.254126747644,0.42085781433481484,0.46463305756968515,0.487027268557405,0.4070812770749166
selection-selection-SME00085-000139,selection-SME00085,0.5329997443150596,0.01427364139918507,0.0018667554023553588,0.309585559414,0.5201511235094469,0.547731108776662,0.5240373349949886,0.524376739267109
selection-selection-SME00144-000241,selection-SME00144,0.3148942154834513,0.005538194785298083,0.001162797633405923,0.464267989902,0.33028761267860407,0.47318502814865016,0.34542394811639376,0.29200093649847053
selection-selection-SME00144-000242,selection-SME00144,0.40012392099733257,0.005128571786349276,0.0011189694907711642,0.541114256782,0.4014279674430901,0.6314508695419612,0.38148267641360456,0.3842549953501105
selection-selection-SME00144-000243,selection-SME00144,0.2999485027748974,0.0015803172309653318,0.0006211438130305617,0.319607791318,0.2849364616823986,0.4636284301141489,0.2728575493204981,0.2755032955156137
selection-selection-SME00178-000302,selection-SME00178,0.6421075802830647,0.05339794300479667,0.00361062420903996,0.138975881826,0.7010534219809511,0.687901278927625,0.6948102862904325,0.6775338906863702
selection-selection-SME00178-000303,selection-SME00178,0.6448988210202269,0.05264294376791173,0.0035850078372770436,0.138975881826,0.6971385284022398,0.687901278927625,0.6992046675000392,0.6682796987805576
selection-selection-SME00190-000324,selection-SME00190,0.2795483073008731,0.004776583116487083,0.0010798879513281017,0.163902403362,0.319872882219692,0.43349007760461006,0.30130581269796913,0.28277843162387495
selection-selection-SME00190-000325,selection-SME00190,0.4341117831082088,0.006379008087780319,0.0012479483248238855,0.33358350459,0.3793270344019764,0.6006741773044438,0.40321215410857336,0.3700556841770467
selection-selection-SME00190-000326,selection-SME00190,0.4808277937388489,0.009287734997098203,0.001505826493001743,0.33358350459,0.4123745342639792,0.5118617739185002,0.4352048047022697,0.3865381658228182
selection-selection-SME00197-000339,selection-SME00197,0.6921830566111478,0.053121874297628977,0.0036012786051893533,0.221557523384,0.6075119229677283,0.5295127840977512,0.6091442008482555,0.5348386542583021
selection-selection-SME00197-000340,selection-SME00197,0.6916154471160922,0.053384953646641864,0.003610185029730079,0.221557523384,0.609361353338924,0.551465452606072,0.6193043929619912,0.5453830436428377
selection-selection-SME00262-000449,selection-SME00262,0.40606161858426226,0.01431256580245702,0.0018692990023978196,0.430779243369,0.41420981893996917,0.4008863527262465,0.45590149807827896,0.4137953764011865
selection-selection-SME00267-000458,selection-SME00267,0.14292193821748128,0.006012299755550929,0.0012115472008995569,0.105431658512,0.20789104469672695,0.26503775322928647,0.20218308647514388,0.17810144361061234
selection-selection-SME00267-000459,selection-SME00267,0.22659621493576507,0.007224555379450241,0.001328084133511915,0.105431658512,0.21660927626653945,0.26572617085941863,0.2620261284025415,0.19160673791040808
selection-selection-SME00284-000489,selection-SME00284,0.5789131582769609,0.05650529497241221,0.0037141941293333167,0.174639757622,0.6669708116348079,0.5837997408607528,0.5906819043578948,0.6410350009385911
selection-selection-SME00284-000490,selection-SME00284,0.580811217233812,0.05629710522816381,0.0037073454729893572,0.174639757622,0.6742059959595966,0.5943860099566844,0.6030729923571134,0.6480957640147668
selection-selection-SME00341-000590,selection-SME00341,0.22632521951438594,0.004876086797050156,0.0010910778515697554,0.182581781198,0.3367606991245878,0.3962280232726575,0.3113574769114828,0.32425719378309387
selection-selection-SME00341-000591,selection-SME00341,0.6483137585198507,0.029871313474064586,0.002700518680018535,0.815532069867,0.8274550510752261,0.8064053264366371,0.680936767147135,0.7966812561866282
selection-selection-SME00363-000626,selection-SME00363,0.4259325661141119,0.02467852450658642,0.0024545937336178107,0.168261973527,0.48489545304566917,0.4502363687082941,0.4413951959262269,0.47227933511350995
selection-selection-SME00363-000627,selection-SME00363,0.5240314773563115,0.033535790609947956,0.00286137185269266,0.217221634077,0.5298262208262028,0.5270980736007911,0.5243774630582967,0.5273592243151585
selection-selection-SME00393-000682,selection-SME00393,0.6595672074388075,0.04824151197314305,0.0034318672590978993,0.865680620876,0.7209078358669612,0.6547712372867333,0.6878392599889993,0.7138243124384979
selection-selection-SME00393-000683,selection-SME00393,0.6544949009481886,0.04916171793493588,0.0034644440452558842,0.865680620876,0.7546225125663384,0.6483494007440773,0.682972284886582,0.7419238544242058
selection-selection-SME00440-000765,selection-SME00440,0.5448298367734872,0.04468339259482253,0.0033028822860072297,0.674457627728,0.6103972599262354,0.6458181092579011,0.5452574213167908,0.5944631142926188
selection-selection-SME00483-000837,selection-SME00483,0.38626649686846404,0.006503573104811877,0.0012600739670916,0.398133236253,0.40751612501792567,0.4527985212239875,0.41613970199523054,0.37677905957165
selection-selection-SME00483-000838,selection-SME00483,0.608351964627746,0.013261950865824802,0.001799383498063089,0.710130617891,0.5311201263283464,0.5462807004613214,0.5543593946909298,0.5115366798721666
selection-selection-SME00493-000850,selection-SME00493,0.6734767235985375,0.035742958629320254,0.0029540325419858513,0.848949106631,0.68883196972691,0.813015350433258,0.6980446687016371,0.7074807468322827
selection-selection-SME00493-000851,selection-SME00493,0.7182777369405933,0.043892402239893345,0.0032735177585586674,0.889192386339,0.7419811968812121,0.811931929446446,0.7213282061329143,0.7320610260570658
selection-selection-SME00509-000880,selection-SME00509,0.22471041433022088,0.0014963948828109986,0.000604425993762908,0.20672225844,0.30279429581028827,0.4562639597459017,0.2791838362730721,0.29552027910358314
selection-selection-SME00509-000881,selection-SME00509,0.5512350292262069,0.017105665427820656,0.0020435723252650068,0.592089215128,0.5152873384502012,0.5745305368492445,0.5213763570639466,0.5085144525120132
selection-selection-SME00542-000937,selection-SME00542,0.5937831404898125,0.05494109430221444,0.0036624244840169156,0.741137362652,0.6846340317113557,0.5784111197540921,0.5859992000476447,0.6145061564910788
selection-selection-SME00552-000951,selection-SME00552,0.39175914988334726,0.005701366139671262,0.0011798029889321265,0.320337336443,0.4061108682460409,0.37611895170677034,0.4279741642963963,0.38862654071099323
selection-selection-SME00624-001075,selection-SME00624,0.6160885252057138,0.015899414412435076,0.0019702012515948482,0.689295884982,0.6266434276584559,0.6021871083841849,0.6232998771770382,0.5810548099685215
selection-selection-SME00624-001076,selection-SME00624,0.6858658523902598,0.01703678258851602,0.0020394535417972677,0.751913040302,0.7304744208796525,0.6989953888266444,0.7059428930764451,0.688851212808957
selection-selection-SME00643-001109,selection-SME00643,0.18468807154207664,0.003561894583703781,0.0009325251577569132,0.0849605455412,0.27916285452811596,0.2564224969960222,0.23529362815092156,0.2572800749726155
selection-selection-SME00647-001116,selection-SME00647,0.7197369831678317,0.0441654124875562,0.0032836825985613737,0.833397706283,0.8205107187615992,0.7979157395429786,0.7190752868230903,0.8004902041417378
selection-selection-SME00647-001117,selection-SME00647,0.3104557764021415,0.008128347801267595,0.0014087085974107088,0.39241289173,0.4397709394995779,0.5437175842293281,0.4086115174767855,0.4505023509746541
selection-selection-SME00653-001126,selection-SME00653,0.662959642736852,0.022837194672023758,0.0023612469122212846,0.68575746294,0.5064776791967914,0.48505106609356624,0.6484254429541794,0.46710019685369425
selection-selection-SME00659-001140,selection-SME00659,0.8292580916023309,0.035567585705221685,0.002946776646407713,0.90553814949,0.7452812738116131,0.7130265904444169,0.8251083114087813,0.73799173097245
selection-selection-SME00704-001213,selection-SME00704,0.802053965948622,0.021876894335544454,0.0023110687259661456,0.859268339718,0.7332343984528547,0.8251605978913213,0.833923407496302,0.7611611868148055
selection-selection-SME00704-001214,selection-SME00704,0.8646963520595314,0.023603611364856458,0.0024005416952998667,0.936353014522,0.9402570227673043,0.8367719731319432,0.8528273386775839,0.9333960372990988
selection-selection-SME00704-001215,selection-SME00704,0.8574485940666863,0.027931791016503803,0.00261137605796994,0.936353014522,0.8555661951093838,0.8349280457365165,0.8528273386775839,0.8546448497268603
selection-selection-SME00742-001282,selection-SME00742,0.5281314903805061,0.0613686492639319,0.0038707338305161367,0.705404003464,0.6418848272571318,0.6459470292939199,0.5684606360758817,0.5936058698318014
selection-selection-SME00773-001335,selection-SME00773,0.7006603535735239,0.015790708619752455,0.0019634544740378505,0.779614211354,0.4773661086598841,0.5192240124014526,0.6518815462845977,0.44806942005746575
selection-selection-SME00773-001336,selection-SME00773,0.741909028139148,0.015165351805564196,0.0019241825454346375,0.825659572427,0.5622319721987211,0.6162849747298947,0.7142401918118784,0.5399859585079585
selection-selection-SME00785-001357,selection-SME00785,0.6418637956228878,0.05448738806496729,0.0036472708943535654,0.732993128362,0.735468322138444,0.736435665115538,0.6532375324243752,0.6951648139233898
selection-selection-SME00830-001427,selection-SME00830,0.40667255618407383,0.006643639734779771,0.001273570711473834,0.418024169136,0.37977463276947654,0.43212121045638385,0.4274950989493587,0.3427093311664289
selection-selection-SME00870-001494,selection-SME00870,0.6271263143145934,0.03960548483869427,0.0031095510643735767,0.843984093045,0.6639177506334324,0.5952743116589633,0.5947441933350763,0.656333347394549
selection-selection-SME00891-001531,selection-SME00891,0.5995644535078224,0.04760731279406133,0.0034092343862094066,0.326079588439,0.6188436795029828,0.715029925826896,0.6380249009424334,0.6127763329488354
selection-selection-SME00966-001658,selection-SME00966,0.2096524497964522,0.0026517755658380373,0.0008046155255794081,0.193204602753,0.27220868090765965,0.26661292170623824,0.275779724944785,0.2449084110025671
selection-selection-SME00966-001659,selection-SME00966,0.3452859530059294,0.005519091860624746,0.0011607904790638742,0.414736477338,0.3616370847771371,0.3409013563137188,0.3769719734326297,0.34639093793875025
selection-selection-SME00966-001660,selection-SME00966,0.30467407304352134,0.004641004031010137,0.0010644517954131762,0.353457075311,0.34023825583366535,0.3409013563137188,0.3339356478274271,0.32664068091417936
selection-selection-SME00982-001689,selection-SME00982,0.6137002002615095,0.0511042072925573,0.0035322249515757765,0.828430874698,0.6879850684480083,0.6394185815647082,0.6743712712158887,0.6857906977754976
selection-selection-SME00982-001690,selection-SME00982,0.6100999941314493,0.05325941998020725,0.0036059378920199506,0.828430874698,0.6718295949837461,0.6394185815647082,0.6781972027193776,0.6597263934832592
selection-selection-SME00986-001695,selection-SME00986,0.5425363711013205,0.010521335036207044,0.0016027118616813146,0.668292834501,0.4602628806097516,0.4634018279151702,0.620204796811361,0.47207767808300927
selection-selection-SME00995-001710,selection-SME00995,0.312441183408235,0.0051702902011640205,0.0011235114067705586,0.296812243448,0.3018689999530786,0.30833247200870856,0.29299063379230167,0.25248580538807214
selection-selection-SME00997-001713,selection-SME00997,0.5605775400103555,0.019964790204543774,0.002207762749602229,0.572738996341,0.43463276410292606,0.44713942053890493,0.5459630052254927,0.40685663945659634
selection-selection-SME00997-001714,selection-SME00997,0.7357478703429436,0.0451374069285596,0.003319619667735729,0.709585543226,0.8405773382533465,0.7695669493315003,0.7738648559611929,0.7880155471919638
selection-selection-SME00997-001715,selection-SME00997,0.7420334289683309,0.043821575462679105,0.0032708755436340192,0.709585543226,0.7807741183386157,0.7577252955845268,0.7640346527505234,0.7225500987415009
selection-selection-SME01015-001746,selection-SME01015,0.7520600697222318,0.03933764920402112,0.0030990189193840795,0.726963564825,0.8219618515649746,0.7020733143672253,0.7126104621695066,0.8318748643262891
selection-selection-SME01015-001747,selection-SME01015,0.744665377173817,0.042940992599443346,0.00323784508143124,0.726963564825,0.7921015008133887,0.7068740902201335,0.7100703550802526,0.8094250810149446
selection-selection-SME01033-001777,selection-SME01033,0.6778307921810957,0.04754348810572285,0.0034069483267010732,0.704649158847,0.7511598070809504,0.7782656581140794,0.6924577147665975,0.7287781880803901
selection-selection-SME01033-001778,selection-SME01033,0.6798429520894929,0.04694011248179004,0.003385260462486531,0.704649158847,0.7332088960890787,0.779905767349211,0.6924577147665975,0.7173555373033664
selection-selection-SME01042-001790,selection-SME01042,0.3174677814847301,0.0051459470771023415,0.0011208633884736753,0.332055504387,0.37184739002587797,0.535206147935204,0.3829080753037377,0.3350367834073746
selection-selection-SME01042-001791,selection-SME01042,0.49658061522173264,0.011515822398265187,0.0016767468734729942,0.462586638171,0.48482191793647517,0.58132436545044,0.49392880706125103,0.45052165326559507
selection-selection-SME01069-001834,selection-SME01069,0.6748861324798796,0.04947212842598664,0.003475364204511614,0.91744528849,0.7753914818131109,0.777280543356172,0.66022401534829,0.7708182982217309
selection-selection-SME01078-001849,selection-SME01078,0.49686961393478796,0.012102332870021104,0.0017189156788059723,0.432697111361,0.47341526979584775,0.6145881423515974,0.4778561562717475,0.42862553207971205
selection-selection-SME01078-001850,selection-SME01078,0.4984880160450521,0.006835329407999458,0.0012918132967847434,0.433133480731,0.47062200412515603,0.5490584234929851,0.4634321729927924,0.47854987752365813
selection-selection-SME01078-001851,selection-SME01078,0.5621212600155646,0.012964996352755357,0.0017791240295955799,0.509725494495,0.5583091326260745,0.653834416802378,0.5410327287783244,0.5300045123620192
selection-selection-SME01091-001871,selection-SME01091,0.7219916137815139,0.043677450644231605,0.0032654923210274677,0.145744015032,0.7416628837341329,0.8793640324452918,0.7310878141974468,0.7394002237551012
selection-selection-SME01091-001872,selection-SME01091,0.7261518001327367,0.0422822548583403,0.003212913962048235,0.145744015032,0.7573261700123538,0.8774421362227182,0.7365288870855321,0.7533096838804896
selection-selection-SME01091-001873,selection-SME01091,0.7196898143425654,0.045184988838475285,0.0033213689068881495,0.145744015032,0.7360960623028532,0.8753843016719159,0.7365288870855321,0.7224233984905117
selection-selection-SME01098-001883,selection-SME01098,0.37492242151015026,0.012659608028321738,0.0017580456809450336,0.366445013826,0.15598474513490412,0.21062214270759255,0.4242600908704905,0.13265722008261535
selection-selection-SME01098-001884,selection-SME01098,0.4591650900922718,0.016135850744706123,0.0019847963839445264,0.477796434618,0.1531049968403709,0.21062214270759255,0.4639099542898873,0.1374305581880555
selection-selection-SME01098-001885,selection-SME01098,0.4548955675578887,0.016126704867144178,0.0019842338081625163,0.474958473207,0.13885320724505035,0.21226225194272408,0.4561703307516442,0.11460181454901103
selection-selection-SME01136-001947,selection-SME01136,0.6766976621327956,0.052999795873440066,0.003597138208272526,0.735107160799,0.808605706585575,0.8056986247973511,0.6871862726813146,0.7778388515364741
selection-selection-SME01165-001993,selection-SME01165,0.8437969235691748,0.02244392542149613,0.002340827627113422,0.959034315907,0.8114926803479781,0.6886869595697166,0.8125124831691135,0.8154811121623321
selection-selection-SME01214-002077,selection-SME01214,0.659883953417184,0.019232810821860555,0.002166912655036146,0.778491705476,0.513983925384337,0.5244192672095623,0.6341402086377402,0.5011038851719819
selection-selection-SME01214-002078,selection-SME01214,0.7425834563726266,0.01993979492807441,0.002206380292721977,0.821734940298,0.5680354291489002,0.6114661805990902,0.7193863920092551,0.5616337042802781
selection-selection-SME01219-002089,selection-SME01219,0.13335304737713255,0.0058391196978797725,0.0011939708256444874,0.106731143345,0.12058671938828318,0.16339845961696936,0.22719031643535154,0.09478777537393386
selection-selection-SME01219-002090,selection-SME01219,0.06659936412433443,0.0013647188241950289,0.000577220327681068,0.0457616296717,0.12253108138051576,0.16339845961696936,0.15241730798937664,0.1005161458285799
selection-selection-SME01237-002121,selection-SME01237,0.22848726965260008,0.001847102752808164,0.000671530208188586,0.16907755367,0.2663516855797149,0.4359233707422539,0.2962908756025205,0.26476939509934627
selection-selection-SME01237-002122,selection-SME01237,0.5086595033355933,0.011333320750845267,0.001663407349820492,0.295367339542,0.4453832874333814,0.5704366260322716,0.5020225126338463,0.45323598623951955
selection-selection-SME01237-002123,selection-SME01237,0.5104985223942109,0.011667371002701427,0.001687743833852283,0.295367339542,0.4272699177290742,0.5852816166115391,0.5110263026488523,0.4302007007938473
selection-selection-SME01254-002151,selection-SME01254,0.8082669416455459,0.03909619538836173,0.003089493417574595,0.879436221015,0.7200034220781791,0.6747571231721818,0.7556404182204899,0.7192019236771203
selection-selection-SME01254-002152,selection-SME01254,0.8054570006152764,0.03991766354086128,0.003121782075258551,0.879436221015,0.7308097671009288,0.6747571231721818,0.7556404182204899,0.7352800577442643
selection-selection-SME01282-002201,selection-SME01282,0.6975231503413605,0.04572804259184595,0.003341268157212152,0.837534399977,0.8099055781338718,0.7970954229849677,0.675463063788221,0.807570289635238
selection-selection-SME01301-002235,selection-SME01301,0.6005347641563468,0.01863470699014021,0.0021329531198000344,0.644991230501,0.4030831102071666,0.47081180201985817,0.6234851881258651,0.35517964500613525
selection-selection-SME01301-002236,selection-SME01301,0.6455259599304957,0.018062212915989126,0.002099933320415831,0.698103604726,0.47062883436863384,0.5649595280490466,0.6769878266112674,0.4594838658312836
selection-selection-SME01314-002264,selection-SME01314,0.18279731130963622,0.0012148661018092583,0.0005446082715007421,0.24638300676,0.24252848592799803,0.25651191998633277,0.1639008628842517,0.2479492538043566
selection-selection-SME01318-002271,selection-SME01318,0.794678233565733,0.04037213882875918,0.0031395030189888392,0.709836499655,0.7187612064650359,0.6439821316572558,0.721206015018257,0.7187875545534466
selection-selection-SME01327-002288,selection-SME01327,0.5933514163839774,0.017917036703500026,0.0020914771189139117,0.641185650156,0.5994712752799959,0.6064808921662359,0.5734115698579417,0.5671278728759108
selection-selection-SME01327-002289,selection-SME01327,0.5244408372356243,0.007159337409154225,0.001322076060465809,0.542743555684,0.39650653987346557,0.5228436421755774,0.4895150688425989,0.38935721693858905
selection-selection-SME01337-002303,selection-SME01337,0.5240780009416783,0.039199476291408776,0.003093571502560951,0.656307460841,0.5464834319473433,0.6447987441843263,0.6232049425175837,0.5509109290728499
selection-selection-SME01396-002399,selection-SME01396,0.5822315322026489,0.03658387271839574,0.0029885798551133923,0.667154003328,0.6250893591466129,0.5975857115319305,0.6202488531529128,0.5996110332020855
selection-selection-SME01396-002400,selection-SME01396,0.6033635608724159,0.036830552373239046,0.002998638703728379,0.700655528868,0.711205199750394,0.680006545651918,0.6612981463220792,0.6905595639544713
selection-selection-SME01412-002421,selection-SME01412,0.40946744522911516,0.006759755289748454,0.0012846520467761858,0.453864596931,0.4183626816526491,0.6064707785377302,0.44378030239640465,0.3858639748632099
selection-selection-SME01435-002457,selection-SME01435,0.6223686768014118,0.04129435882911353,0.003175158354084729,0.239218889512,0.3887115024077589,0.4218630583030447,0.6143144373209346,0.3648948968262825
selection-selection-SME01491-002559,selection-SME01491,0.35958505300453725,0.02012735951053781,0.0022167332113951816,0.625299204256,0.4313868838157182,0.538135794842656,0.40971196389805586,0.40270452085344505
selection-selection-SME01491-002560,selection-SME01491,0.4309790949436688,0.024463540063083256,0.0024438788760316426,0.704902325144,0.4682927702388362,0.5703563622326241,0.45825909217294786,0.4562234615884706
selection-selection-SME01520-002616,selection-SME01520,0.4902210365002421,0.00844875547443912,0.0014362048746615987,0.468392634842,0.475756545094734,0.49473475161382807,0.4706200087815587,0.4439247216125472
selection-selection-SME01520-002617,selection-SME01520,0.598789997283566,0.01049127356509581,0.001600420596352243,0.591866439929,0.638848009175095,0.5913154337119109,0.5519535632298016,0.6172756542860325
selection-selection-SME01520-002618,selection-SME01520,0.47184405130437546,0.004854594339261896,0.0010886706095550027,0.471573647488,0.46722495297423294,0.48232955325106114,0.47714339050481025,0.43476783156300686
selection-selection-SME01545-002658,selection-SME01545,0.2549347470807068,0.0118813848848903,0.0017031525861362718,0.157186671085,0.08158281307215164,0.15494477047329913,0.30569573711038145,0.06720192095355329
selection-selection-SME01545-002659,selection-SME01545,0.23218967725341164,0.011684966011933742,0.0016890159576680326,0.131435516138,0.07152624098158124,0.15494477047329913,0.2985847549930065,0.04742943731816927
selection-selection-SME01557-002682,selection-SME01557,0.39148576595114026,0.022896393391714353,0.0023643053510278684,0.132383410956,0.43329739405567147,0.418024815921098,0.37138220124670623,0.4255514069870764
selection-selection-SME01577-002717,selection-SME01577,0.5511928046255983,0.01417420517546055,0.0018602417344031322,0.60504625464,0.5027795124946681,0.6984534680430821,0.5129462172348833,0.47327373840810455
selection-selection-SME01596-002747,selection-SME01596,0.34798306863043504,0.014121195644066654,0.0018567599549456333,0.224913651614,0.15344360941804983,0.2544418622827072,0.42631268369777797,0.11883478070774758
selection-selection-SME01596-002748,selection-SME01596,0.34259482673278563,0.014028884206428838,0.0018506811065686507,0.215848657544,0.17398494465641282,0.24249980987076472,0.4158418209831132,0.13966753973176488
selection-selection-SME01618-002784,selection-SME01618,0.536258235926248,0.027413489310160424,0.002587034289222581,0.452969473061,0.5444279350182245,0.6500352073058246,0.4997250777321179,0.5614981487987384
selection-selection-SME01644-002831,selection-SME01644,0.7460444157978385,0.04053870566795969,0.0031459728127348338,0.848471062122,0.7492154883456723,0.7518810890664098,0.7540940538040093,0.7500228099742661
selection-selection-SME01644-002832,selection-SME01644,0.7428245482114368,0.04056353594750245,0.0031469361319278813,0.848471062122,0.7865422382618569,0.7518810890664098,0.7540940538040093,0.7755393088945447
selection-selection-SME01644-002833,selection-SME01644,0.745786603657739,0.041222291806275985,0.0031723864968689736,0.848471062122,0.7490486178662978,0.7499988522475267,0.7515539467147553,0.7353983549995144
selection-selection-SME01667-002877,selection-SME01667,0.5910083941667883,0.053528082366496685,0.0036150213670195614,0.182838380899,0.6766096742810284,0.664707487104614,0.6510024678881291,0.638258700247833
selection-selection-SME01667-002878,selection-SME01667,0.5842141116367039,0.055885505375004155,0.003693768023400275,0.182838380899,0.6888502541665793,0.664707487104614,0.6510024678881291,0.6545126207678501
selection-selection-SME01667-002879,selection-SME01667,0.5854182272856412,0.05468006969622726,0.0036537140543124722,0.182838380899,0.6642092985424481,0.6560346716987616,0.6510024678881291,0.6253188357909641
selection-selection-SME01693-002927,selection-SME01693,0.25213167939898923,0.001759776271233009,0.0006554638653037987,0.183255320812,0.2564459958328282,0.43853301749736684,0.23922974818963452,0.2527964094967846
selection-selection-SME01693-002928,selection-SME01693,0.4800594135558094,0.00889025974968575,0.0014732527182057472,0.300225143499,0.4671218747179241,0.5938167353661338,0.4611669336513469,0.45813848066984875
selection-selection-SME01693-002929,selection-SME01693,0.30922707022984913,0.0018709275097560855,0.0006758471806270588,0.239232296133,0.31857415093086683,0.44397526231176687,0.30594254832646856,0.3046507622189534
selection-selection-SME01703-002942,selection-SME01703,0.42357414579173674,0.013539883114785253,0.0018181406782948944,0.0968434311957,0.408131928099795,0.6210773345345169,0.4383374626623297,0.42568811631839987
selection-selection-SME01703-002943,selection-SME01703,0.6834602103508423,0.04806752411609837,0.003425672982044087,0.0968434311957,0.7297407915445115,0.7464712584635775,0.6805088731725865,0.7106776194747063
selection-selection-SME01704-002944,selection-SME01704,0.1266753372660103,0.005549944764301881,0.0011640304907828399,0.151857652408,0.17603914996718137,0.31135740189374045,0.20902252996452655,0.1535971433943683
selection-selection-SME01704-002945,selection-SME01704,0.06423204960786713,0.0001133706665498497,0.00016636822229063728,0.0701314942636,0.0353903786126709,0.07704064708893761,0.023182872975826514,0.02195269642669375
selection-selection-SME01715-002962,selection-SME01715,0.5933841972865018,0.054773420358399015,0.003656831562936316,0.204546558076,0.61291365378,0.586208558089577,0.5951955362525337,0.6001015141615705
selection-selection-SME01719-002969,selection-SME01719,0.5028408446708175,0.004696325464102505,0.0010707772102586982,0.487759636555,0.35536412761013775,0.4025013014678943,0.6386224774959325,0.35554044223917725
selection-selection-SME01719-002970,selection-SME01719,0.6865139388145421,0.009459290718823631,0.0015196700787178448,0.656533438381,0.4945249936230746,0.5671764675582971,0.7020667336872043,0.47623299847676465
selection-selection-SME01778-003073,selection-SME01778,0.6859846883048131,0.048871427522780495,0.003454200466107002,0.682957093385,0.7089407876022574,0.6764595169981464,0.6937014031988663,0.702868869148738
selection-selection-SME01778-003074,selection-SME01778,0.6897671867977861,0.04897384261849599,0.0034578178878493944,0.682957093385,0.7234575892254351,0.6764595169981464,0.6937014031988663,0.7175103075934083
selection-selection-SME01795-003097,selection-SME01795,0.30639084633032737,0.008034894558951894,0.0014005870838443481,0.41233851385,0.3110912607752918,0.5565643605600114,0.35668195373684103,0.3124987583275312
selection-selection-SME01803-003109,selection-SME01803,0.550288039727838,0.009243837642738707,0.00150226372501527,0.603619801205,0.42879474425961867,0.5115026595515639,0.5542286731645343,0.4081608906648685
selection-selection-SME01806-003115,selection-SME01806,0.4349488908275908,0.014441283930404229,0.0018776858322337485,0.461406696718,0.39005972964082525,0.5824337250153601,0.41760456393436823,0.3966598917408104
selection-selection-SME01826-003151,selection-SME01826,0.6733475244865835,0.011381899214185955,0.001666968502353409,0.800761982859,0.6430760405292251,0.7879781393592227,0.658041009501128,0.6349445333669611
selection-selection-SME01833-003167,selection-SME01833,0.7101312206232884,0.024804825538992752,0.002460866841197559,0.889486802169,0.7951554487536814,0.7151051134074565,0.7055360233196063,0.8077608126538797
selection-selection-SME01873-003238,selection-SME01873,0.13002194828988253,0.005134840201516214,0.0011196531141712126,0.0756661208401,0.17148214845653056,0.4070454387207413,0.1979452960041288,0.14138810159098775
selection-selection-SME01879-003249,selection-SME01879,0.3080420475193463,0.004952253416989979,0.0010995663892563827,0.322427221181,0.31312053349415114,0.4448050206406666,0.3430711658157437,0.2693252843002749
selection-selection-SME01879-003250,selection-SME01879,0.41703051066785385,0.005979010871887646,0.0012081884998395096,0.446321504985,0.4278775379279815,0.5861748377298956,0.3976931289571717,0.3920075427636937
selection-selection-SME01890-003268,selection-SME01890,0.5023331347646085,0.04479389631701655,0.0033069638405978405,0.212586437796,0.554547286869578,0.6120528906385861,0.5277374995700812,0.5404058243320422
selection-selection-SME01890-003269,selection-SME01890,0.5486254695975519,0.05713881432172252,0.003734957274222061,0.212586437796,0.6235666379063054,0.6104359598869011,0.5940400402383899,0.5859119794078654
selection-selection-SME01907-003295,selection-SME01907,0.72082026656618,0.05299786335892257,0.0035970726270276995,0.782490080395,0.6582895704687145,0.5715138759262296,0.6632330715555292,0.6395894756877254
selection-selection-SME01907-003296,selection-SME01907,0.5244229762673523,0.021280050130649462,0.0022793255008725917,0.548062374925,0.42090163932119284,0.37163973285039753,0.5545515214385004,0.4195413393951289
selection-selection-SME01918-003314,selection-SME01918,0.5375642354375567,0.010521849783079467,0.0016027510668213999,0.56829954508,0.4576448891702111,0.5155312867998129,0.4958781621617007,0.4175733770070635
selection-selection-SME01930-003334,selection-SME01930,0.42188698938124225,0.00854427203995773,0.0014443004936665034,0.410041652695,0.44766490473995596,0.5729557840181014,0.4296509658031738,0.40705789785477264
selection-selection-SME01930-003335,selection-SME01930,0.3181105351138828,0.0027979943469798713,0.0008265011122909229,0.252272635,0.4013916918763523,0.5248587855757879,0.3351576377793215,0.3943801612284962
selection-selection-SME01945-003357,selection-SME01945,0.48830014643279657,0.023428460704864103,0.0023916184978531718,0.617522901828,0.45212526160925487,0.594571595556332,0.502305694368852,0.4573863162348179
selection-selection-SME01964-003383,selection-SME01964,0.3814424647495427,0.003927764652351397,0.000979248138664546,0.331767061292,0.41076931654862486,0.4957240180869044,0.39752099453107137,0.4016431600763382
selection-selection-SME01964-003384,selection-SME01964,0.5185462990220677,0.013307563002461836,0.0018024751728242775,0.550835919943,0.4951414458136174,0.5721802522917155,0.4942887025740204,0.44922059883803206
selection-selection-SME02030-003490,selection-SME02030,0.6856966766912117,0.022115886995890097,0.002323657994113157,0.849013474455,0.5213927364720088,0.5472892669666047,0.6292788003128121,0.5320813736432397
selection-selection-SME02071-003560,selection-SME02071,0.6353451878138985,0.053358825064066424,0.00360930144216396,0.66057986265,0.7172852495985209,0.6323069080282151,0.6373818062525238,0.7187875545534466
selection-selection-SME02071-003561,selection-SME02071,0.6363562791386365,0.05266270401349118,0.003585680614896389,0.66057986265,0.7318976426264407,0.6337921878763135,0.6373818062525238,0.7352800577442643
selection-selection-SME02071-003562,selection-SME02071,0.27732791450748373,0.007437518875032277,0.0013475164216437874,0.240503407356,0.3922816308255758,0.3903888211869206,0.33368465974216693,0.40407167871694755
selection-selection-SME02093-003598,selection-SME02093,0.42338805296529736,0.011854867443428747,0.001701250935908882,0.273028621421,0.4181615247786748,0.4174164797853968,0.40670410125687295,0.3857811467435239
selection-selection-SME02093-003599,selection-SME02093,0.5162071891825599,0.018733497240746324,0.0021385994774130996,0.315924228674,0.4970981581931824,0.4905640469831608,0.4872833841462095,0.4874373804460434
selection-selection-SME02107-003622,selection-SME02107,0.5568382053493431,0.02007129399575345,0.0022136436616316535,0.575790950503,0.5478829459093743,0.6505286934785286,0.5404418416950802,0.5394300771088055
selection-selection-SME02107-003623,selection-SME02107,0.6656446730221037,0.02388658661469514,0.0024148884415699837,0.710079831218,0.6592240481322078,0.7440561162459671,0.6653767039281665,0.6527379935136947
selection-selection-SME02107-003624,selection-SME02107,0.31249870610724073,0.0053374126870556204,0.0011415249753293569,0.368857288997,0.3846756207544672,0.5460768382014478,0.43082548150606836,0.3860805082328642
selection-selection-SME02112-003634,selection-SME02112,0.5288224349256656,0.059378886111039704,0.003807466134708627,0.715193846762,0.5855224506022799,0.7081595810455319,0.5624385313231423,0.5658881101086627
selection-selection-SME02112-003635,selection-SME02112,0.5280526595880015,0.05896475758405938,0.003794165622313521,0.715193846762,0.5940637035367142,0.71572515727154,0.5720786123918289,0.5806950183086416
selection-selection-SME02137-003682,selection-SME02137,0.3227427629725095,0.009877660343343258,0.0015529128017250477,0.301902289269,0.29436662337629066,0.4986755911405155,0.3137411442466332,0.27711101164573637
selection-selection-SME02150-003705,selection-SME02150,0.8065237659960822,0.03663082590901068,0.0029904970710054306,0.918750347104,0.8977634617519239,0.7907212439910903,0.8159278274661405,0.8653042513753463
selection-selection-SME02151-003706,selection-SME02151,0.39144320985978853,0.01693905309337105,0.0020335955864241523,0.52141048308,0.41850232961721234,0.5771509711398566,0.43692863728345027,0.4039874119771086
selection-selection-SME02151-003707,selection-SME02151,0.46945845656016544,0.02265007163583505,0.002351553241044638,0.618971755127,0.4763093393125264,0.678049793986086,0.5004631279234417,0.4644049717202739
selection-selection-SME02154-003711,selection-SME02154,0.6258945869127018,0.028329066011430093,0.0026298813436535116,0.297375266019,0.6188444501962985,0.571591420547519,0.6130378130794838,0.6297210418740465
selection-selection-SME02156-003714,selection-SME02156,0.5348474136388778,0.008423337348158208,0.001434042832263105,0.56433540248,0.443030948578158,0.6598825218533003,0.5547912248422289,0.43348122430085795
selection-selection-SME02156-003715,selection-SME02156,0.6942129761104786,0.013993037827378003,0.0018483151789737344,0.730339921411,0.6909323442565537,0.779261076744731,0.6927615028427485,0.6606001142838699
selection-selection-SME02156-003716,selection-SME02156,0.687116105885115,0.013974903048533355,0.001847117095525711,0.723118098065,0.6439134639496377,0.7055462100907197,0.6643563038912697,0.6042162837726199
selection-selection-SME02181-003755,selection-SME02181,0.4415906285301612,0.007142210487393255,0.0013204937456397679,0.513781680045,0.4049701714231555,0.5057000802839727,0.4843122080849232,0.39309088035020795
selection-selection-SME02192-003769,selection-SME02192,0.5422243663334152,0.03606243194966768,0.002967204858989658,0.75102684742,0.42527857315138584,0.4172559812780152,0.5225843341885242,0.394996514823945
selection-selection-SME02192-003770,selection-SME02192,0.5390083171041318,0.026957520713367978,0.002565429000267227,0.652283569237,0.4090538547445084,0.38607408070601335,0.5324164393820467,0.4357892035755358
selection-selection-SME02197-003775,selection-SME02197,0.4611038919254491,0.008530129077101163,0.001443104654629785,0.419147528359,0.4305878491075415,0.5581601210260627,0.4564027849730932,0.42022361646372786
selection-selection-SME02197-003776,selection-SME02197,0.39075590718336434,0.0038655012652733466,0.000971455554743564,0.46570891633,0.3762596704164039,0.430679499975132,0.40066407685503175,0.377101356224001
selection-selection-SME02207-003797,selection-SME02207,0.2674226167975985,0.0031090680607346725,0.0008712346523843625,0.229992111116,0.19910781335991165,0.28154765574068724,0.23310189663783204,0.2119892121136452
selection-selection-SME02236-003850,selection-SME02236,0.5484901405974145,0.029223402395655806,0.0026710708948850283,0.686982771576,0.5387477902836959,0.6484765009367038,0.5742712823525378,0.5087201040916639
selection-selection-SME02259-003891,selection-SME02259,0.34867462892214307,0.0060793739358758064,0.0012182865641192262,0.53802091277,0.2870039180375963,0.4024225219765666,0.33892487719735886,0.25022217899830906
selection-selection-SME02259-003892,selection-SME02259,0.3738896084896795,0.005254685008090549,0.0011326438460757895,0.563518028049,0.3862801036866513,0.5426528323824804,0.3608416842775691,0.35774689755030464
selection-selection-SME02295-003956,selection-SME02295,0.227796037517558,0.0019028604406109806,0.0006815904468656674,0.314948129096,0.2513478751747919,0.48355254317487084,0.2847536641911906,0.252423485374569
selection-selection-SME02295-003957,selection-SME02295,0.4530778924516753,0.010742062551798385,0.0016194362800632672,0.513793608781,0.4337739958328079,0.5649908489174963,0.4547575627576792,0.42169460886603255
selection-selection-SME02299-003963,selection-SME02299,0.16600229801686925,0.006757609585726779,0.0012844481413297024,0.232672764598,0.1737169225700878,0.4201383620718401,0.19136646014653452,0.14782626433449939
selection-selection-SME02299-003964,selection-SME02299,0.0561463963639874,8.247995542411937e-05,0.00014190386840117025,0.0538656148127,0.0340101580674013,0.21186067925926522,0.0,0.018462609153556065
selection-selection-SME02312-003985,selection-SME02312,0.3285472890351687,0.009411939593082477,0.0015158617399741315,0.169465170195,0.39849537253480594,0.5443000051906179,0.3750052118736936,0.3954412565973103
selection-selection-SME02325-004006,selection-SME02325,0.46442064369911984,0.009254467542652708,0.0015031272367652202,0.514093029965,0.23769299655190038,0.2968332030555433,0.48486077930593036,0.22596177170395407
selection-selection-SME02325-004007,selection-SME02325,0.599387744234605,0.011454824699628274,0.0016723002306501917,0.676733876424,0.31460149777478186,0.38501625542463297,0.5284235073164762,0.3203141535382475
selection-selection-SME02327-004010,selection-SME02327,0.5921146052813311,0.057549202826531934,0.0037483460814499605,0.149222010707,0.6467324175480876,0.7765240021326817,0.66022401534829,0.6130895541685886
selection-selection-SME02327-004011,selection-SME02327,0.6006723887324127,0.055417964532198515,0.0036782844502728142,0.149222010707,0.658943812690239,0.7765240021326817,0.66022401534829,0.6317302692773801
selection-selection-SME02355-004064,selection-SME02355,0.5594629323025164,0.058644624436309765,0.003783851908144786,0.581788901056,0.6490045562640259,0.6356142351225794,0.6081863528985774,0.6102718587154813
selection-selection-SME02378-004100,selection-SME02378,0.762649508007293,0.02490653092815388,0.00246590673533719,0.311388493448,0.6245381510756481,0.5927026337020901,0.7248783082944338,0.6353497174297031
selection-selection-SME02456-004241,selection-SME02456,0.33028503941478893,0.005682711367230221,0.0011778712598965095,0.252171702196,0.33066789233541444,0.5456343068636548,0.3419342568017746,0.2938606874645155
selection-selection-SME02456-004242,selection-SME02456,0.32730720510623257,0.003177386843884672,0.0008807549091164813,0.247079220585,0.33220070158451037,0.5986362213850573,0.34320098160627477,0.33152945306623105
selection-selection-SME02456-004243,selection-SME02456,0.45697759905116553,0.008995157263330097,0.0014819187954279746,0.37251941269,0.4149553580735188,0.6727555478550785,0.4314211971396131,0.38814616894313037
selection-selection-SME02466-004259,selection-SME02466,0.3889869311413992,0.020343514049019257,0.0022286045487308515,0.367046623243,0.38771816504928,0.5509882853139857,0.4495938116680261,0.3915835765855853
selection-selection-SME02466-004260,selection-SME02466,0.3238186474363927,0.013194472786208254,0.0017947999422137206,0.314340310221,0.39524659294827696,0.5495722299458852,0.3884113863467298,0.40645061325463633
selection-selection-SME02476-004274,selection-SME02476,0.6153242477668145,0.05165713749084853,0.003551282280068242,0.695604706106,0.7447235311528412,0.6143745911946684,0.6355917601350719,0.6968731812705831
selection-selection-SME02546-004404,selection-SME02546,0.7261374231115405,0.04233891943324727,0.003215066134974152,0.880768707952,0.7828550469337116,0.8340204312569426,0.7333911828589911,0.7648181304125363
selection-selection-SME02546-004405,selection-SME02546,0.7240302088293995,0.04408356278060788,0.0032806384393109134,0.880768707952,0.7974674399616314,0.8340204312569426,0.7333911828589911,0.7787275905379247
selection-selection-SME02660-004611,selection-SME02660,0.5270183882838751,0.058745704556438065,0.0037871114357085054,0.635126912834,0.5567450537606002,0.577294219091989,0.5993320374321184,0.5254148569421724
selection-selection-SME02660-004612,selection-SME02660,0.528127699710204,0.058813434512895266,0.003789293952753576,0.635126912834,0.5610517527813637,0.577294219091989,0.5993320374321184,0.5411158865151265
selection-selection-SME02684-004651,selection-SME02684,0.5622080879237688,0.010012602053183077,0.0015634842254210306,0.609394692621,0.3252830510155763,0.3588230833286843,0.5732802051513513,0.2923530379094233
selection-selection-SME02684-004652,selection-SME02684,0.6184420353544904,0.009293950699333833,0.0015063302866418604,0.665926455792,0.4513909196615392,0.4864373548562841,0.6121563671366415,0.4223594084986587
selection-selection-SME02684-004653,selection-SME02684,0.6069804387843598,0.008993209621725588,0.0014817583533775333,0.653181293164,0.4401658047684011,0.48686128547845264,0.5938080546704925,0.40689655508723516
selection-selection-SME02710-004698,selection-SME02710,0.616052388843515,0.011679269111900656,0.0016886041752058477,0.739869623414,0.4424634154686077,0.447307171967763,0.6076873744787841,0.40813990763661145
selection-selection-SME02710-004699,selection-SME02710,0.7111180285377061,0.014461201146017432,0.0018789802250261743,0.821581528803,0.5613091323926661,0.5314116160798316,0.698658638681859,0.550589086626716
selection-selection-SME02715-004707,selection-SME02715,0.4692360076359281,0.027996067636247964,0.0026143789798450893,0.580408688552,0.525416842246359,0.5131551456889664,0.49318504296775595,0.5218102458048353
selection-selection-SME02715-004708,selection-SME02715,0.6025020281845497,0.05701720773836272,0.0037309806663930476,0.759009681542,0.6925038915479119,0.6321912584371212,0.6403895619991454,0.6700586007049101
selection-selection-SME02715-004709,selection-SME02715,0.5954763989727629,0.05799645822262526,0.003762883410133527,0.759009681542,0.685304291572955,0.6305511492019896,0.6403895619991454,0.6436361327564017
selection-selection-SME02723-004724,selection-SME02723,0.6054986521293806,0.054262420326306064,0.0036397336732894438,0.714774546311,0.679218961324034,0.600585372585462,0.6119216063121546,0.6399644701551394
selection-selection-SME02727-004731,selection-SME02727,0.45943891632459694,0.01234212824955401,0.0017358614301482339,0.534333159861,0.45629185191550836,0.4729101936717814,0.4590561449540198,0.42385151416532124
selection-selection-SME02798-004861,selection-SME02798,0.6236541630670025,0.03134153085582685,0.0027661780368585013,0.662541218509,0.678086597538144,0.6420791845343877,0.635866090930624,0.6650965739920977
selection-selection-SME02825-004906,selection-SME02825,0.5357643473465661,0.058513183492393483,0.0037796091317188643,0.736549363102,0.560593282302046,0.6419042147097299,0.6273489206111739,0.5789213079794795
selection-selection-SME02825-004907,selection-SME02825,0.5406115359750916,0.05836423829821123,0.0037747955727130745,0.736549363102,0.5883169244525339,0.6419042147097299,0.6281101344184606,0.5881807685060096
selection-selection-SME02904-005052,selection-SME02904,0.4104254399241516,0.012445119274136458,0.0017430889816034123,0.46942176226,0.41434915170495884,0.4260447412138607,0.4141842916353569,0.3737189153679501
selection-selection-SME02904-005053,selection-SME02904,0.48474725824737286,0.01755646151133792,0.0020703249711498156,0.557213529695,0.5098153279016328,0.5030878355056585,0.4767858486459443,0.5071303986691498
selection-selection-SME02907-005058,selection-SME02907,0.43104024981760847,0.00991692434998185,0.001555996178942059,0.427473646922,0.3276367184120696,0.3568917382852131,0.39957445778974676,0.3161553989477655
selection-selection-SME02907-005059,selection-SME02907,0.43796559430927495,0.0070660418395418895,0.001313433618795372,0.466194788135,0.39374664415047106,0.34181561292545526,0.3941375108799923,0.38832733841374184
selection-selection-SME02914-005070,selection-SME02914,0.7139296448997556,0.05626625846532332,0.003706329654541751,0.808937452381,0.6516584426522316,0.6555684559808825,0.777165969033651,0.6213492639297047
selection-selection-SME02926-005094,selection-SME02926,0.6767659960714927,0.04634501376829446,0.0033637331384973176,0.761849960128,0.7319393683151015,0.745159602738062,0.7076896488815944,0.7248399654095891
selection-selection-SME02926-005095,selection-SME02926,0.6731443429424965,0.04799472366560904,0.003423077830319387,0.761849960128,0.7685007806036677,0.7447356721158936,0.7028086086900031,0.752939507395297
selection-selection-SME02929-005098,selection-SME02929,0.6742503713518461,0.04925509637754134,0.0034677326906853963,0.755789377272,0.7440390581984699,0.8140205659874802,0.6997232880166595,0.7375773618487762
selection-selection-SME02943-005126,selection-SME02943,0.7904187654740984,0.011193199583995913,0.0016530924784132625,0.795754086507,0.46968864333773,0.5303774092680331,0.689484809247262,0.4544684618143409
selection-selection-SME02943-005127,selection-SME02943,0.7870339551732324,0.008173483637978641,0.0014126143860952922,0.783027635868,0.599892615493396,0.6358765316731722,0.7357991013244931,0.5876091616074538
selection-selection-SME02966-005167,selection-SME02966,0.31241131590130483,0.00548389780838687,0.0011570835053597906,0.232064327907,0.3226981799759926,0.34995322683473706,0.30616142610056135,0.31440820306954975
selection-selection-SME02967-005168,selection-SME02967,0.2871013436310306,0.003587620730124638,0.0009358867278231835,0.286739931959,0.3510956357371453,0.5370721443587779,0.3524668404514164,0.35712048822503206
selection-selection-SME02967-005169,selection-SME02967,0.5801684063117478,0.015602277295418293,0.0019517043142665673,0.5844999184,0.5124110138955462,0.5902806620977086,0.486007365315901,0.4817228753474369
selection-selection-SME02999-005227,selection-SME02999,0.5227961931971885,0.057882050560558396,0.003759170121201796,0.598176131475,0.6064387968318928,0.7174963529465354,0.5813040984406325,0.5942997468732589
selection-selection-SME02999-005228,selection-SME02999,0.5213163499693764,0.05727138683249951,0.0037392876562125036,0.598176131475,0.6109476509998577,0.7099307767205273,0.5716640173719458,0.609183276824804
selection-selection-SME03019-005262,selection-SME03019,0.6358572861467646,0.052006606728251026,0.0035632745432767894,0.874834441739,0.6711418116210975,0.6380305655377418,0.6059685834932134,0.6410350009385911
selection-selection-SME03019-005263,selection-SME03019,0.638615229292691,0.05030334867792731,0.0035044387547540474,0.874834441739,0.683786872084611,0.6304964180654269,0.5831854184571462,0.6544359922374425
selection-selection-SME03029-005285,selection-SME03029,0.2310414418930206,0.0014244183921734742,0.000589710434473333,0.218452824571,0.2592826665733281,0.44419742465922635,0.30653565667609567,0.2645886832608651
selection-selection-SME03029-005286,selection-SME03029,0.5369662617367712,0.011792470118638477,0.0016967678170740456,0.526467923518,0.4998538296645306,0.6019018311748193,0.5504082397013673,0.5007118835484656
selection-selection-SME03034-005295,selection-SME03034,0.6439822436424989,0.05102819347015313,0.0035295970090683305,0.796364615641,0.7468612376535416,0.6340876370558814,0.6194808284480277,0.734266060092413
selection-selection-SME03036-005299,selection-SME03036,0.41175133833153293,0.011087268321516266,0.0016452515362575056,0.401655021115,0.4180467739744951,0.5587079957882319,0.39762773541394375,0.38424423883073017
selection-selection-SME03036-005300,selection-SME03036,0.5491850081876659,0.017049231822835634,0.002040198547445072,0.534024521325,0.5161018527146845,0.5924455193303758,0.47240538738005416,0.476190871903025
selection-selection-SME03062-005347,selection-SME03062,0.13642673001059635,0.004821521585594985,0.0010849558946603086,0.120781264574,0.1439632216643255,0.36497584750893214,0.18903298067534485,0.133536000258146
selection-selection-SME03062-005348,selection-SME03062,0.2820701549107847,0.009449011048002949,0.0015188441206691835,0.255941743653,0.22611687219693374,0.31859715439111114,0.30446397767371663,0.14446228801118724
selection-selection-SME03112-005436,selection-SME03112,0.27784826004254914,0.008448582151718322,0.0014361901430118352,0.343533866451,0.2660430647836049,0.4060888514525053,0.2774624754312757,0.2550985982389697
selection-selection-SME03112-005437,selection-SME03112,0.15727105883266557,0.005247792956737883,0.0011319008138209747,0.20934429539,0.14218869932123823,0.2879942036461225,0.19831547302480876,0.14686169500232454
selection-selection-SME03118-005447,selection-SME03118,0.47622177719698155,0.03235453583848813,0.002810526036384184,0.532444023766,0.5498927612204951,0.6307404784191899,0.5250464234038995,0.5061054185119178
selection-selection-SME03118-005448,selection-SME03118,0.5373408613570425,0.03469169051559378,0.00291026648346567,0.593664342645,0.5858559159488327,0.7329607378889683,0.611064872719846,0.5449286623905493
selection-selection-SME03153-005516,selection-SME03153,0.7092991043441914,0.045225109749227825,0.0033228431440364553,0.836902398675,0.7576422836647495,0.7087824406874543,0.7353541341749222,0.7419625149932368
selection-selection-SME03153-005517,selection-SME03153,0.7138065068872738,0.043057456273966295,0.0032422329166234038,0.836902398675,0.7952545892036167,0.7127494857085234,0.7359648548483527,0.7674790139135155
selection-selection-SME03153-005518,selection-SME03153,0.7078337248395878,0.04480162078860588,0.0033072489625583425,0.836902398675,0.7560204989494824,0.7127494857085234,0.7397907863518416,0.7298076708263869
selection-selection-SME03158-005525,selection-SME03158,0.7622836492530654,0.044037769572652374,0.0032789340626297038,1.0,0.6751270945115297,0.5977188031880033,0.6777580333978593,0.656813957197825
selection-selection-SME03158-005526,selection-SME03158,0.7543762592110823,0.046998286822153304,0.0033873575421986047,1.0,0.657279484331126,0.5977188031880033,0.6806492804662054,0.6230244685256623
selection-selection-SME03183-005569,selection-SME03183,0.2113969698270644,0.006339825047734807,0.0012441096613822395,0.140360789073,0.1970847735918467,0.306601341295625,0.19868892121642703,0.20636166561357255
selection-selection-SME03209-005608,selection-SME03209,0.6800729525423859,0.04569968626546817,0.0033402320229521955,0.867711756675,0.7154628653868895,0.6842759632282958,0.7106888020482743,0.7263264275222023
selection-selection-SME03217-005623,selection-SME03217,0.6492314867672422,0.050273221102818566,0.0035033891620551254,0.816890158123,0.7219169935690122,0.6473990983634251,0.6743712712158887,0.7138243124384979
selection-selection-SME03277-005732,selection-SME03277,0.4118848637473854,0.012296923334985495,0.0017326795862422006,0.424137734559,0.4103684703656315,0.4088215107015737,0.4210407871261033,0.41535395095759525
selection-selection-SME03277-005733,selection-SME03277,0.6633862510137314,0.04865163564058103,0.0034464243401768923,0.671689985781,0.746825928885249,0.6664479617235022,0.6858762361801491,0.7271822472831135
selection-selection-SME03278-005734,selection-SME03278,0.6941370620732953,0.04582256358583387,0.0033447196164921988,0.254090489536,0.7586931769150506,0.8069813441245322,0.72201459949652,0.7393794719278075
selection-selection-SME03283-005743,selection-SME03283,0.33476284819593793,0.006446203678986057,0.001254503963750197,0.250534136984,0.32340430906137174,0.49491455839478204,0.39469522781155886,0.2841545009732734
selection-selection-SME03283-005744,selection-SME03283,0.5128117046013673,0.008732257490129873,0.0014601023256269536,0.478268448368,0.4403610364743105,0.5634104152276305,0.5115300196829008,0.40310563012515105
selection-selection-SME03284-005745,selection-SME03284,0.629252328478275,0.05256473371493097,0.003582343777769216,0.0710744240751,0.6859056261856533,0.6915186517820855,0.666155876616963,0.6686256620849869
selection-selection-SME03297-005764,selection-SME03297,0.5913360914513017,0.012288528703262545,0.0017320880687612156,0.742187348726,0.47643431363113187,0.5210028713178892,0.516350159476703,0.4572317770474561
selection-selection-SME03297-005765,selection-SME03297,0.4129917483891529,0.003669388027417251,0.0009464917782955987,0.41766644762,0.29035986222811744,0.3789592048741077,0.38446948701828904,0.282465894245692
selection-selection-SME03347-005859,selection-SME03347,0.6145372916572815,0.051790118883616676,0.0035558503895791902,0.149696080268,0.7062959783379603,0.6134684876057941,0.6311232988397397,0.6839302479838278
selection-selection-SME03357-005875,selection-SME03357,0.7496326954847126,0.052450711222830126,0.003578456290027344,1.0,0.7093143365392881,0.6555684559808825,0.777165969033651,0.6640946272251594
selection-selection-SME03357-005876,selection-SME03357,0.7598985903240291,0.0482396977011095,0.003431802725472421,1.0,0.7102473937568387,0.6555684559808825,0.7751277414935165,0.6723958374471539
selection-selection-SME03387-005932,selection-SME03387,0.42307516878360374,0.05552608837424266,0.0036818709808320057,0.5418108424,0.5487972193257918,0.41488522872671174,0.4117110458031149,0.5259229598701589
selection-selection-SME03387-005933,selection-SME03387,0.41588270079798195,0.05495092761108569,0.0036627522181141626,0.5418108424,0.5813477244265365,0.42462984188480424,0.4213511268718014,0.5081032779464266
selection-selection-SME03422-005998,selection-SME03422,0.5293875272749409,0.01829334777938203,0.0021133266099211193,0.407832285609,0.3268694968069094,0.403568519417916,0.5572572165586127,0.31797659345847573
selection-selection-SME03441-006030,selection-SME03441,0.2810395219541344,0.0021028113446620567,0.0007165065777387427,0.300766141756,0.19991602445415016,0.2979010946050817,0.23830878739302883,0.21444876643020683
selection-selection-SME03508-006138,selection-SME03508,0.7791608306176048,0.03794629712818239,0.0030437202068045207,0.72464489248,0.8578719927220283,0.7261707426324052,0.7613401957179682,0.8425127809609908
selection-selection-SME03525-006173,selection-SME03525,0.5966757824134663,0.02359533967015042,0.0024001210332309946,0.735244913095,0.42248503040098023,0.43616741193102854,0.5310609119022437,0.4311200443212348
selection-selection-SME03532-006186,selection-SME03532,0.438228627905358,0.03268264458871604,0.0028247409220213456,0.135529503402,0.4865764950895558,0.42864568250881074,0.45876760732718763,0.446922713379799
selection-selection-SME03532-006187,selection-SME03532,0.48696288713902547,0.03692908247451265,0.0030026470448595963,0.184325656352,0.5215895567890845,0.48507753025279304,0.5017084446126793,0.5009636460166353
selection-selection-SME03549-006214,selection-SME03549,0.5755241283754453,0.057427800819322694,0.0037443903621824683,0.69719634393,0.6881750622063822,0.6968507426999534,0.6380454113806744,0.6839678358691726
selection-selection-SME03600-006297,selection-SME03600,0.47901930131302345,0.010832268654328618,0.0016262216452364966,0.500746998429,0.5007750545594943,0.5058294772357056,0.4985642913239381,0.5048934780208164
selection-selection-SME03600-006298,selection-SME03600,0.6266726082554599,0.026630430145848427,0.0025498176130512307,0.723673085556,0.6032324914228026,0.6026167125581586,0.6100533886689672,0.5952346806437189
selection-selection-SME03645-006377,selection-SME03645,0.4461415507804398,0.036307287819256566,0.0029772611474723184,0.625965468811,0.44271467337091974,0.6255105264752715,0.4342891491708048,0.44390475009594454
selection-selection-SME03645-006378,selection-SME03645,0.530136755036476,0.05762179842075189,0.0037507095168869556,0.747716716152,0.6197103096295423,0.696570406471081,0.5628938626578704,0.6202369169754796
selection-selection-SME03664-006409,selection-SME03664,0.6092846874682547,0.009222432723887697,0.0015005234050925013,0.666127667046,0.6061419665447902,0.76576298160956,0.5528732724276398,0.5994742727092404
selection-selection-SME03664-006410,selection-SME03664,0.6484774794008508,0.010203950610781847,0.0015783532176244365,0.700194421822,0.5720473025509939,0.7637051470587578,0.5831975646764075,0.5618934796697386
selection-selection-SME03666-006414,selection-SME03666,0.39870404657300174,0.019376319927020328,0.0021749820360597687,0.437952615087,0.4396694057565043,0.5288335691533278,0.40390940097633177,0.4249870746512681
selection-selection-SME03666-006415,selection-SME03666,0.486708222271825,0.02688371512342988,0.002561914716097342,0.520984471054,0.491411496308504,0.5702462857426321,0.46868079988891637,0.49028876025722956
selection-selection-SME03667-006416,selection-SME03667,0.6222931271097222,0.018539713105309386,0.002127509610989084,0.654727406401,0.6276155303852741,0.6559050406881647,0.6727142761843901,0.6006589886689876
selection-selection-SME03673-006425,selection-SME03673,0.3393008120537588,0.009722682638624695,0.0015406822566871087,0.389392922089,0.339334238350865,0.36964606554573626,0.3247878831407168,0.314850254290921
selection-selection-SME03704-006476,selection-SME03704,0.33697683341266826,0.008539675879197036,0.0014439119801582744,0.33922180675,0.36699034937093544,0.46973757211428424,0.42101517632219526,0.3498020977217964
selection-selection-SME03704-006477,selection-SME03704,0.622881392559957,0.04011055111871876,0.0031293154234142725,0.622150312369,0.716124190640586,0.6827481199227757,0.6666217752130695,0.6982562348585959
selection-selection-SME03704-006478,selection-SME03704,0.636906121244488,0.04066717842130246,0.003150953880456408,0.636933092712,0.6946863834148207,0.6806902853719735,0.6903375301678518,0.6621839321399631
selection-selection-SME03741-006548,selection-SME03741,0.7154084953070914,0.03223994447216964,0.0028055445448969068,0.716585957324,0.7823224217248106,0.7186521390716611,0.7297293253637156,0.7413418821808189
selection-selection-SME03741-006549,selection-SME03741,0.6868457928984855,0.022129594193036433,0.0023243779721216352,0.68385759561,0.7753136691745925,0.7514984667609683,0.6885006657509928,0.7645310296760003
selection-selection-SME03741-006550,selection-SME03741,0.7539092201524462,0.027947614802860374,0.002612115645454769,0.752779135172,0.8308846220670651,0.7472141208439165,0.7159845933190773,0.8046797657858085
selection-selection-SME03800-006652,selection-SME03800,0.1871119052889188,0.007031168669095252,0.0013101885029847167,0.0742187337695,0.1364077248893741,0.27974522834330234,0.26906324349470384,0.1253243141560544
selection-selection-SME03808-006664,selection-SME03808,0.6187431811184086,0.05470160766352781,0.003654433565339295,0.817290049778,0.679218961324034,0.6976236717927381,0.6270475579498273,0.6643084195024502
selection-selection-SME03824-006692,selection-SME03824,0.6231949945981521,0.013195758107667346,0.0017948873590715164,0.656226342416,0.3674097206636295,0.42091167320200806,0.5447046926492605,0.35863487218335643
selection-selection-SME03826-006695,selection-SME03826,0.6832363542994652,0.047344150461737074,0.003399798594596822,0.697087495534,0.7204512692188606,0.6833320589940767,0.6902359459551812,0.7253720239980173
selection-selection-SME03838-006715,selection-SME03838,0.610815946646035,0.053434528013742766,0.0036118608868359213,0.665689295378,0.6647982642370368,0.6146818558534952,0.6124765983357255,0.6490926773629339
selection-selection-SME03839-006716,selection-SME03839,0.6075347324081721,0.05533379704518331,0.003675490143400497,0.829466165742,0.711008732830563,0.7253028923462573,0.6264817554122875,0.7032835986117214
selection-selection-SME03839-006717,selection-SME03839,0.6063956426536925,0.05573963381068672,0.0036889441627398194,0.829466165742,0.7004937796743564,0.7272911960707574,0.6272429692195742,0.6747268718048007
selection-selection-SME03902-006818,selection-SME03902,0.24063635697748892,0.007942232758690578,0.0013924875832847458,0.15642657073,0.04939202470622006,0.06763411539921618,0.27871066800472943,0.05117473069135224
selection-selection-SME03902-006819,selection-SME03902,0.4408901392834669,0.017413865184015997,0.002061900077523498,0.495495624331,0.2571361757837912,0.351995350313058,0.4659596882654037,0.2399690807669194
selection-selection-SME03972-006931,selection-SME03972,0.6321034035188542,0.052021294408588596,0.003563777676879104,0.644340825068,0.6779767457108908,0.6328110205677946,0.6392930498796645,0.6638940503787765
selection-selection-SME03972-006932,selection-SME03972,0.6225014787804906,0.05567619431795653,0.0036868442980965924,0.644340825068,0.6925891387388107,0.6328110205677946,0.6392930498796645,0.681118531888876
selection-selection-SME03992-006961,selection-SME03992,0.7291638038782218,0.04343568982117064,0.0032564423010774716,0.613306823823,0.8238709414564295,0.6972236016611385,0.7259426339421999,0.790992975852181
selection-selection-SME03992-006962,selection-SME03992,0.5879929436820059,0.02365059223089528,0.0024029295388901684,0.480515788739,0.6486028094960246,0.5681514499672117,0.5862580383762507,0.6373344542944517
selection-selection-SME04048-007062,selection-SME04048,0.6702822152998298,0.05111027831367286,0.0035324347540222224,0.17139671993,0.7430201694752555,0.7731074972152412,0.6999260479274495,0.7095066318733234
selection-selection-SME04048-007063,selection-SME04048,0.6704000414610803,0.048616556303048154,0.003445181626732307,0.17139671993,0.7571397107739682,0.7731074972152412,0.697887820387315,0.7274153686628331
selection-selection-SME04061-007087,selection-SME04061,0.7811249320129738,0.01741328966973765,0.002061866005170024,0.332468948441,0.5854805682921947,0.6123167254296639,0.7308431449022726,0.5918404594329929
selection-selection-SME04061-007088,selection-SME04061,0.8970587321658123,0.022522151055546932,0.0023449034169973054,0.332468948441,0.8182970863302463,0.7408531036898669,0.84662919545842,0.8193056510357654
selection-selection-SME04076-007114,selection-SME04076,0.4698671020036285,0.00943175334391256,0.0015174564758926867,0.53480635715,0.41466790624108096,0.44905671430942473,0.43293205529362033,0.4301942080949734
selection-selection-SME04076-007115,selection-SME04076,0.495381551095315,0.010577686315314368,0.0016069981170103457,0.564351536663,0.40475048079625187,0.4788519759764773,0.47714326256431505,0.41234850261629036
selection-selection-SME04091-007144,selection-SME04091,0.7164342136564856,0.024332160818413103,0.0024373077257104584,0.291068482263,0.5762890786687982,0.5924963539472153,0.6896526343227037,0.5416625163814818
selection-selection-SME04091-007145,selection-SME04091,0.7770304709468013,0.023403391247719913,0.0023903385882208966,0.345034899851,0.6866268340146051,0.6520456580903721,0.7410564099747171,0.6517279037352938
selection-selection-SME04095-007152,selection-SME04095,0.06294932411199847,0.002531297242407498,0.0007861249842246098,0.0338093674012,0.047322305598546534,0.17075003793408897,0.15074458706434982,0.03528367147168555
selection-selection-SME04151-007256,selection-SME04151,0.5581793699256069,0.05900357556018556,0.003795414313944978,0.622324277009,0.6598863030963127,0.5596436538800871,0.5737100189254332,0.6395894756877254
selection-selection-SME04151-007257,selection-SME04151,0.5591769661679018,0.05784345449491896,0.0037579165946769726,0.622324277009,0.6704853928769552,0.5596436538800871,0.5737100189254332,0.656813957197825
selection-selection-SME04169-007290,selection-SME04169,0.4839289785206582,0.007970190096274147,0.0013949362678893902,0.548952166174,0.26348639600133794,0.31536775979723825,0.4105125140919007,0.25048423063566966
selection-selection-SME04182-007313,selection-SME04182,0.09940051334873917,0.0037259259660303435,0.0009537556783843422,0.0765287406045,0.086306286130279,0.3219255142640067,0.15694451093765543,0.062064877455554196
selection-selection-SME04182-007314,selection-SME04182,0.051088641033804554,7.696232474342452e-05,0.000137075271527408,0.0442941053389,0.007297499396219468,0.1624721250741596,0.0,0.0
selection-selection-SME04183-007315,selection-SME04183,0.6901663291965243,0.049374697568607934,0.0034719403110632418,0.755334079668,0.8314213821926548,0.7926747639020855,0.6740580940659003,0.8214797497606264
selection-selection-SME04234-007411,selection-SME04234,0.7302601305823664,0.042674073573872914,0.003227766254489522,0.789154286875,0.8234541955221009,0.8230981698877988,0.7297750918667789,0.8385419969402039
selection-selection-SME04252-007446,selection-SME04252,0.8364833059070105,0.03551303599647163,0.0029445160559633705,0.926129733271,0.7059727699239831,0.7015858719615486,0.8078634145261903,0.6905472032579926
selection-selection-SME04252-007447,selection-SME04252,0.833893733748782,0.035327209816151436,0.00293680218673668,0.926129733271,0.701196736127067,0.6927694244826372,0.7840468125770088,0.6833570862570447
selection-selection-SME04359-007637,selection-SME04359,0.40230109296469185,0.008152905779448558,0.0014108350408749716,0.413419307933,0.3952506134935679,0.41876622930697094,0.4007176978065682,0.3576996663239618
selection-selection-SME04362-007643,selection-SME04362,0.462742628697589,0.05769980846884629,0.0037532475673694144,0.611886230114,0.5192712036629107,0.5383287388294489,0.5514039460378051,0.49386916745993126
selection-selection-SME04362-007644,selection-SME04362,0.40447132325679824,0.037208926877768514,0.0030140024325666535,0.495719863643,0.44805921998298576,0.4320716360183739,0.4249451442592101,0.42929685061117406
selection-selection-SME04398-007704,selection-SME04398,0.565931350590573,0.029568907122283942,0.002686814371221308,0.673917178948,0.6180102295862528,0.6953114207349381,0.5964261350960287,0.5794095880387614
selection-selection-SME04398-007705,selection-SME04398,0.6192046207149776,0.02845474704776953,0.0026357085818541014,0.723369385072,0.6992282029842609,0.7861123363622632,0.6631677003717991,0.6633191529097493
selection-selection-SME04404-007712,selection-SME04404,0.570465926468648,0.05737161653205437,0.0037425582583837072,0.641755907972,0.6738915018013701,0.573998210626314,0.5977015134647282,0.6634760560142337
selection-selection-SME04404-007713,selection-SME04404,0.47860977531772897,0.0300479022435481,0.0027084891791695855,0.511220792773,0.48443263809765374,0.46946483133721173,0.43541868240740755,0.5016974558565762
selection-selection-SME04427-007750,selection-SME04427,0.5517784644306971,0.023318948961468827,0.0023860223749571376,0.588154724838,0.5689432910268354,0.7089952481826015,0.5594973528548428,0.5738807268163191
selection-selection-SME04427-007751,selection-SME04427,0.6450383920656065,0.0280093588010723,0.0026149994958972827,0.701679476559,0.6488601784050995,0.7394709167566128,0.6217740574311054,0.6633094885567808
selection-selection-SME04525-007931,selection-SME04525,0.6459192581565767,0.051866879733963304,0.003558484570017079,0.671726866993,0.7468152098572893,0.6870504695229441,0.674104972566958,0.7080981390906722
selection-selection-SME04551-007971,selection-SME04551,0.6259366895651974,0.053153684127502106,0.003602356681943217,0.834756769981,0.6702752760258421,0.6504903734810022,0.6271632985414594,0.6637843160189527
selection-selection-SME04584-008027,selection-SME04584,0.35521729928353746,0.018584393223994175,0.0021300716835242197,0.138994566681,0.43589749906638364,0.5450071972978369,0.4165882559062566,0.3999792380894656
selection-selection-SME04629-008108,selection-SME04629,0.7005987910444426,0.05169254696573289,0.0035524992222456405,0.963120570451,0.5696461095592734,0.5756665625468969,0.6358938657618117,0.5396294244025133
selection-selection-SME04693-008214,selection-SME04693,0.4700184250941021,0.008877508589137216,0.001472195807423329,0.312669896774,0.3133880934913704,0.3448689680291076,0.39777785757650125,0.28413771773618013
selection-selection-SME04693-008215,selection-SME04693,0.46287760792844673,0.006362766715037813,0.0012463586331945267,0.348642485416,0.43649538854953623,0.4648930243016945,0.4324433146180477,0.40189665528063
selection-selection-SME04749-008317,selection-SME04749,0.6394181779642887,0.053297181804177494,0.00360721600079764,0.859285404682,0.7263441172635459,0.7399728420091202,0.6373348472795194,0.6823600539830749
selection-selection-SME04753-008322,selection-SME04753,0.3943116156018578,0.02340046431587501,0.002390189110377654,0.424056445618,0.44184208308575734,0.4541125278087532,0.44151952373951375,0.43281884810522087
selection-selection-SME04753-008323,selection-SME04753,0.4333473528875475,0.020854855122554545,0.0022564390893407512,0.468723960774,0.44520042584050584,0.5178551595529917,0.48696718030382774,0.4475705838560085
selection-selection-SME04753-008324,selection-SME04753,0.4667269352417997,0.029140578151502887,0.002667283067611921,0.522825547428,0.4811778164787312,0.5257885910705375,0.520433788109939,0.46038792731894623
selection-selection-SME04786-008384,selection-SME04786,0.5339541858901448,0.012947096307123795,0.0017778954368455968,0.523517954238,0.4930878160610374,0.5372041038551285,0.5451433288599197,0.4586017936522235
selection-selection-SME04786-008385,selection-SME04786,0.614393072225225,0.014886858540302743,0.001906433043229187,0.621712520442,0.5935869374990493,0.6317833010106001,0.6344659416465083,0.5647727326054925
selection-selection-SME04790-008395,selection-SME04790,0.5826918726081092,0.012340230238686623,0.0017357279519316531,0.7699105844,0.41727487394081103,0.4430743383771368,0.5599836329866049,0.3932749755997132
selection-selection-SME04790-008396,selection-SME04790,0.701842518719922,0.0137678296641363,0.0018333811767048817,0.875993067026,0.5048451290550855,0.5431622127993039,0.6660040855776452,0.47408726042660015
selection-selection-SME04791-008397,selection-SME04791,0.5885691889034288,0.05607583196643903,0.0037000525217463338,0.252259361355,0.6816309276208247,0.6543524170812448,0.6611713181293053,0.6536436851189928
selection-selection-SME04791-008398,selection-SME04791,0.5905627121142658,0.05723499501554083,0.0037380994442317906,0.252259361355,0.6877468893771843,0.6543524170812448,0.6611713181293053,0.6641135692827429
selection-selection-SME04804-008416,selection-SME04804,0.06552362558663816,0.0013759284738094149,0.000579586091578401,0.0486106015487,0.10843241317107713,0.14498231785263047,0.09316878903720047,0.07414080244315173
selection-selection-SME04804-008417,selection-SME04804,0.06696067560048505,0.0014693809024784845,0.0005989453830644003,0.0486106015487,0.10512811449065246,0.1354280277917435,0.10804475957455144,0.051968803172538984
selection-selection-SME04849-008498,selection-SME04849,0.5935593151437265,0.05615874922117854,0.003702787076524492,0.762599253605,0.6830149510872692,0.6298399003039798,0.6455947273600223,0.658379282983055
selection-selection-SME04886-008560,selection-SME04886,0.5917475789885213,0.05428161472412285,0.00364037736296068,0.204498892383,0.6301605992719272,0.5381385661872156,0.5730722997465915,0.6143831502044631
selection-selection-SME04890-008565,selection-SME04890,0.8138409707768568,0.04013394710713613,0.003130227935862364,0.888314341452,0.732533421329702,0.6887046585319567,0.796957929629598,0.7168647096152491
selection-selection-SME04890-008566,selection-SME04890,0.8216602733350007,0.036578878937313035,0.0029883758742090894,0.888314341452,0.7410985005763874,0.6878982801286643,0.7937632999907334,0.7319222559867492
selection-selection-SME04896-008577,selection-SME04896,0.7031732613672244,0.044545907688817235,0.0032977971047867915,0.657578097322,0.7630192890260017,0.8053607491687593,0.7121393183337237,0.7538373735897896
selection-selection-SME04896-008578,selection-SME04896,0.6976978355363714,0.04573916487688757,0.003341674475472047,0.657578097322,0.7983384857014246,0.799279930463852,0.7121393183337237,0.7789395033863945
selection-selection-SME04898-008581,selection-SME04898,0.16529120011801213,0.006426700362645383,0.0012526047434142866,0.291142229238,0.23727813478286922,0.22657331417476034,0.17076408075509997,0.1818204672481993
selection-selection-SME04898-008582,selection-SME04898,0.2765776885798086,0.009182074624161138,0.001497236600387307,0.368949621539,0.23574529661808893,0.22419132471208864,0.27160530534734256,0.17223150961947223
selection-selection-SME04911-008600,selection-SME04911,0.3204555558100292,0.005572286310613386,0.0011663710655499373,0.359237961968,0.3495214094947922,0.5080479166289419,0.3710429686562774,0.329959776223954
selection-selection-SME04929-008633,selection-SME04929,0.6084143477801951,0.012569333199342895,0.0017517662124612473,0.680807829669,0.6702207885153652,0.6347926739434891,0.5947597151759192,0.6433971499201153
selection-selection-SME04929-008634,selection-SME04929,0.6990545191614024,0.017296299669407943,0.002054928079392695,0.765686071339,0.8298980813521123,0.7319089426353402,0.7136172056463864,0.805680008722749
selection-selection-SME04929-008635,selection-SME04929,0.6788797674717588,0.01638867222436513,0.002000285149616585,0.746164747055,0.7939645258541411,0.7280501906707841,0.696609862509287,0.7746329994469862
selection-selection-SME04981-008724,selection-SME04981,0.635708844198091,0.012668509084358135,0.0017586636192499614,0.704699456397,0.3982192003396211,0.49682316891572886,0.6155183558830751,0.40737392795344923
selection-selection-SME04981-008725,selection-SME04981,0.7340432809883732,0.01607584175965738,0.001981102232244427,0.784884403335,0.5766898735841592,0.6009343546907668,0.6982852432570776,0.5661240665195971
selection-selection-SME05014-008781,selection-SME05014,0.6517339324494152,0.022819593112997697,0.002360336782082793,0.311916080989,0.7366897538169223,0.834070134177029,0.6599287144444167,0.6950727741358343
selection-selection-SME05014-008782,selection-SME05014,0.7112812345086771,0.02223330280054444,0.0023298181134026688,0.368730563076,0.8809483948278559,0.8641376118194622,0.7298933983772787,0.8291739100311851
selection-selection-SME05036-008814,selection-SME05036,0.48394997694228414,0.012233503086493545,0.0017282057428084086,0.539325592288,0.46958559745658573,0.5500357276980888,0.47815891045987013,0.4517417782293624
selection-selection-SME05040-008820,selection-SME05040,0.411862555862105,0.010991894909753079,0.0016381599717980645,0.376087358899,0.416851001191627,0.6129586009403493,0.41545896099890844,0.4317451239332075
selection-selection-SME05055-008844,selection-SME05055,0.6160353563619345,0.05406299862132098,0.0036330392611123048,0.654622688794,0.6832378722526095,0.6324453639816097,0.5969842563948632,0.6840790618534084
selection-selection-SME05055-008845,selection-SME05055,0.6106708906981435,0.05438466871530659,0.0036438313641787676,0.654622688794,0.6977546738757872,0.6543980324899306,0.6071444485085989,0.701303543363508
selection-selection-SME05055-008846,selection-SME05055,0.6187753162651932,0.052401628981792375,0.0035767815771490584,0.654622688794,0.6735834244214411,0.6543980324899306,0.6071444485085989,0.6674170210375856
selection-selection-SME05073-008873,selection-SME05073,0.8326381617783698,0.027437105105451654,0.0025881483706765456,0.866595949876,0.7980569350727807,0.6763291196499366,0.7976003405019055,0.8069310401129199
selection-selection-SME05073-008874,selection-SME05073,0.8341733886411664,0.025529209234350616,0.0024965410267468327,0.863196907698,0.79076123319037,0.6763291196499366,0.7983219544513394,0.7880657231544678
selection-selection-SME05080-008888,selection-SME05080,0.5187084911359312,0.023555590250844652,0.0023980985230146654,0.619550230596,0.5978709088423588,0.6869108280341576,0.5390604695528958,0.5596603821338186
selection-selection-SME05080-008889,selection-SME05080,0.6069751027397594,0.03082324047211655,0.002743210745347107,0.713001798366,0.6852788806169104,0.7261340465843451,0.6467899663007607,0.6692750385480751
selection-selection-SME05080-008890,selection-SME05080,0.594330510068773,0.028923925562148674,0.002657349292847377,0.701303211002,0.6788009518343461,0.7376948043807092,0.6336322470630531,0.6458723485817818
selection-selection-SME05170-009039,selection-SME05170,0.1891957387805553,0.003662614808468128,0.0009456178236865378,0.189255555062,0.2826400521745019,0.21800050257438186,0.17819960547305796,0.26907228479045564
selection-selection-SME05170-009040,selection-SME05170,0.5479810049997356,0.034465822187395474,0.0029007770286544944,0.686544014799,0.6311553470349919,0.5528381524780218,0.5465324884231487,0.6056722673296693
selection-selection-SME05184-009062,selection-SME05184,0.5605249200138085,0.041518205897472155,0.0031837526186385048,0.163347154424,0.6007152508088197,0.7511060968029238,0.5917827546190636,0.6049599655792293
selection-selection-SME05189-009070,selection-SME05189,0.8487326891801167,0.031620233255041374,0.002778449839304569,0.79445235848,0.7331815839282447,0.6566554934844759,0.7122083389330522,0.7252543345332628
selection-selection-SME05189-009071,selection-SME05189,0.7054165659898866,0.021251368601144027,0.002277788930605441,0.6838235782,0.5249333108218789,0.527515562010026,0.6369022817465481,0.519171825894275
selection-selection-SME05189-009072,selection-SME05189,0.8438763907968547,0.03315329875879171,0.002845007395382854,0.79445235848,0.7292666903495334,0.6566554934844759,0.7197653473817976,0.7152681643081684
selection-selection-SME05200-009088,selection-SME05200,0.4761146623098983,0.009303570929741076,0.0015071096912696227,0.565524133758,0.45559947956557484,0.6833130502240425,0.4986801909990425,0.4306203330154371
selection-selection-SME05200-009089,selection-SME05200,0.5572179084379377,0.01648144815839515,0.0020059389458046053,0.649790952326,0.451724178105321,0.6833130502240425,0.5438806933271715,0.416253290551212
selection-selection-SME05229-009146,selection-SME05229,0.5851980966287371,0.012848374504685378,0.0017711042266924761,0.626266398925,0.5733687781185663,0.5501643082175591,0.5221681767972886,0.5521500406166402
selection-selection-SME05231-009148,selection-SME05231,0.35819961765118496,0.011071509568886828,0.001644081891464507,0.556559773739,0.330506228974531,0.40460504214731285,0.3864499151212036,0.31763654161958027
selection-selection-SME05231-009149,selection-SME05231,0.5609909229220672,0.0371392263936074,0.0030111781653950347,0.800932379947,0.6851711032516202,0.5794084863708999,0.6026046016221135,0.640695171232487
selection-selection-SME05245-009170,selection-SME05245,0.5994805414410422,0.010760913135076848,0.0016208565816778395,0.59146637864,0.4098117804342007,0.47422785712823357,0.6537612399871066,0.39741235936496433
selection-selection-SME05253-009182,selection-SME05253,0.5416047995123365,0.016643842848729815,0.002015797161296413,0.685351345062,0.4840701077445096,0.7393464270991701,0.5610109075565199,0.48432522413387236
selection-selection-SME05314-009288,selection-SME05314,0.3584272693108859,0.011162802561950343,0.0016508463266537434,0.424138951716,0.4016850567695963,0.5066249957690554,0.3601029535811741,0.3652493167002478
selection-selection-SME05314-009289,selection-SME05314,0.5293408480042834,0.033991914000752285,0.0028807650249699146,0.702276503382,0.5509755501005215,0.5870840571664032,0.48699947517847775,0.5472068368327231
selection-selection-SME05314-009290,selection-SME05314,0.45315827196937664,0.021538024022717633,0.002293099789841536,0.577997924592,0.4369374698595397,0.568581929518061,0.4468336106024861,0.3805750537575648
selection-selection-SME05341-009339,selection-SME05341,0.8101901431586462,0.031419540741458724,0.002769618441921684,0.209609837295,0.9450678714397075,0.7849454291090204,0.7708923907605629,0.9166375184938892
selection-selection-SME05341-009340,selection-SME05341,0.807512355110237,0.03405243812369139,0.0028833285498346944,0.209609837295,0.8675366456451211,0.7821221074536214,0.7708923907605629,0.847517673270018
selection-selection-SME05453-009549,selection-SME05453,0.312709287195495,0.002822331632684303,0.0008300878319556407,0.292474240763,0.30333897634852114,0.36856377472193647,0.27874950264382586,0.27594215802246236
selection-selection-SME05454-009550,selection-SME05454,0.8340865050999111,0.031023899141245936,0.002752125383459254,0.88077360038,0.8765329230347143,0.9451003874357545,0.8225746325754404,0.8680352911295074
selection-selection-SME05454-009551,selection-SME05454,0.7682320904506874,0.0249369963926054,0.0024674144128851616,0.781986185091,0.7151264469920846,0.951990253304402,0.8090685482560648,0.7350539609238739
selection-selection-SME05475-009588,selection-SME05475,0.4063813413991678,0.007843625318129863,0.0013838163127503768,0.487998398619,0.4355349324546003,0.6081691306520693,0.43192463664646713,0.41244214885297015
selection-selection-SME05475-009589,selection-SME05475,0.539844148798621,0.012751027616568914,0.0017643820027707705,0.613116655295,0.517916303620586,0.6090105783786766,0.5205873935711217,0.49845020503619936
selection-selection-SME05542-009708,selection-SME05542,0.36877491352600145,0.01060988028897041,0.0016094417681060773,0.139870432706,0.33250956745284616,0.5632715993270597,0.43222425864407144,0.32172158697556563
selection-selection-SME05611-009829,selection-SME05611,0.796722475802669,0.03969208987441073,0.0031129490245577116,0.915253175639,0.703477635739077,0.6637718401802473,0.7821905945802453,0.6730207214277253
selection-selection-SME05628-009857,selection-SME05628,0.5683353175077577,0.008809178535783162,0.0014665191282293886,0.599090199431,0.375621504636724,0.45928673538654685,0.5778228704603722,0.3415861545972263
selection-selection-SME05638-009874,selection-SME05638,0.6371121613524278,0.02046205092048627,0.002235087895477344,0.633279937533,0.4704392923619419,0.4708365420077999,0.5503512094385326,0.48675765730337617
selection-selection-SME05638-009875,selection-SME05638,0.5036859828361037,0.009701013661299301,0.0015389644370170318,0.518734248301,0.35274068353686366,0.31764763548272573,0.4085241007700374,0.3751328700874196
selection-selection-SME05650-009895,selection-SME05650,0.33533038116178865,0.013327515054226212,0.0018038258937701545,0.151816624971,0.27088651801887526,0.5585273239240617,0.43758680161338004,0.20371556042872177
selection-selection-SME05673-009940,selection-SME05673,0.46979715711429043,0.016267564126207636,0.001992880646953026,0.493364933485,0.22731993116947616,0.2869833287042598,0.4545432429770866,0.1832152959959565
selection-selection-SME05673-009941,selection-SME05673,0.4676203685363657,0.01588924306636829,0.001969570951501893,0.484812442263,0.23337572349665225,0.2958330590760156,0.45995996026755176,0.19855119301811758
selection-selection-SME05696-009974,selection-SME05696,0.42614487060674044,0.011368150793791387,0.0016659614160869619,0.591056226065,0.4493554287942556,0.4511546223143996,0.4309464202188401,0.4154523160363294
selection-selection-SME05696-009975,selection-SME05696,0.5241907285572678,0.018740921092698835,0.0021390231856263683,0.731852171068,0.5520212671242568,0.5151645581844121,0.4887509289810101,0.5151521410456802
selection-selection-SME05739-010054,selection-SME05739,0.6178098345359038,0.05338289983140488,0.003610115583904701,0.632485041552,0.6696406703982415,0.6245769674613895,0.630668092004763,0.6638940503787765
selection-selection-SME05743-010060,selection-SME05743,0.5110264371865463,0.06068130073824891,0.0038489960623582157,0.203434485354,0.6398015697645014,0.629201172730979,0.6151008915790642,0.5922687319801797
selection-selection-SME05743-010061,selection-SME05743,0.4684509214301227,0.047346270122113364,0.0033998747004899436,0.203434485354,0.5961922248020411,0.6247347403904063,0.5723547686381157,0.5842734585362015
selection-selection-SME05756-010079,selection-SME05756,0.7246845700595625,0.02164684531846774,0.002298885457200736,0.925269291655,0.5263196269715388,0.5218365588863586,0.6742056176335244,0.5191283334226854
selection-selection-SME05756-010080,selection-SME05756,0.7077947981064341,0.01525587273393875,0.001929916657315612,0.887111577671,0.5019431064723485,0.4969060487848695,0.7138871679230386,0.4876722581628553
selection-selection-SME05780-010113,selection-SME05780,0.2940848006392009,0.005389509880460406,0.0011470825212944703,0.30449474256,0.26935051851013564,0.4858289489649819,0.3351403589912809,0.25747223998827434
selection-selection-SME05781-010114,selection-SME05781,0.7387572200349828,0.04173825751122925,0.0031921786095396435,0.723801862863,0.8183207482585606,0.7215615082448671,0.7387516351468545,0.8271056732448644
selection-selection-SME05788-010125,selection-SME05788,0.5262254557400092,0.03029668905724969,0.0027196787681392815,0.636265602821,0.5835342575600596,0.5062162101618378,0.4738666730024726,0.5278034129869692
selection-selection-SME05796-010139,selection-SME05796,0.611374952719738,0.02138808714305541,0.0022851041470051234,0.756436317817,0.6154412144298484,0.6165252496727188,0.6147427789234758,0.5994491435163912
selection-selection-SME05800-010145,selection-SME05800,0.38344117883202394,0.005159291121064003,0.0011223157126466316,0.488225951314,0.4531170769371835,0.5603328455962533,0.37845909720946624,0.43209725896054496
selection-selection-SME05844-010227,selection-SME05844,0.44074807087007317,0.010542873238310244,0.0016043514769827829,0.469610701653,0.33654570078648577,0.4538984586460313,0.46578856777998456,0.35586965004842447
selection-selection-SME05844-010228,selection-SME05844,0.6558695102311416,0.02307791980469751,0.0023736591509352658,0.765092685398,0.6897395583523571,0.654469661729949,0.6445153938729333,0.6425856950502766
selection-selection-SME05893-010312,selection-SME05893,0.21079717776421295,0.001229191035989543,0.0005478097003256556,0.273250558757,0.2164647875889926,0.20835014533999338,0.1832586465516235,0.208864170865769
selection-selection-SME05893-010313,selection-SME05893,0.41906161257324603,0.00692554023837573,0.0013003098562495402,0.435605361159,0.4128948637744144,0.4322118107734533,0.3937143893802119,0.36582485199527265
selection-selection-SME05919-010359,selection-SME05919,0.35452293974516574,0.018083533811583005,0.0021011723506101317,0.162925331161,0.358990119434208,0.46947122690597615,0.39323169868479024,0.3450520327681048
selection-selection-SME05919-010360,selection-SME05919,0.5023515951185329,0.05869119547273156,0.0037853540316210655,0.162925331161,0.5990445622665859,0.5569223478435308,0.5279108772140313,0.5704607708926174
selection-selection-SME05919-010361,selection-SME05919,0.4990923690643515,0.05947351611288297,0.0038104988380455937,0.162925331161,0.5537876209078707,0.5707245405035632,0.5468971125460144,0.52499420589867
selection-selection-SME05931-010380,selection-SME05931,0.47665042754987497,0.03234988332348578,0.0028103239552181337,0.683171847915,0.46505341999932037,0.5869135167436139,0.5068919185028594,0.44210599506344733
selection-selection-SME05957-010425,selection-SME05957,0.6497673187211566,0.05215593022489255,0.0035683863863883434,0.681416382392,0.7088451961975153,0.6393035160680117,0.6614214430656756,0.7061427058660796
selection-selection-SME05957-010426,selection-SME05957,0.6482354354214714,0.052470922034588384,0.0035791456661961496,0.681416382392,0.7261052151033344,0.6417852812409823,0.6670636970645537,0.7226352090568974
selection-selection-SME05957-010427,selection-SME05957,0.6456735348572948,0.05299516945825661,0.0035969812056111275,0.681416382392,0.7088201441098464,0.6417852812409823,0.6714580782741604,0.696570904764659
selection-selection-SME05996-010501,selection-SME05996,0.5121242864055142,0.02997417208633336,0.002705164155280596,0.239789988494,0.6076834330443778,0.5638661443014179,0.5527828932208887,0.5510726099767747
selection-selection-SME05996-010502,selection-SME05996,0.5775144867505285,0.03421724101154678,0.0028902973214419763,0.288690733723,0.6784902268759634,0.6213510764721851,0.6118185049557628,0.6259737205755584
selection-selection-SME06007-010523,selection-SME06007,0.925276792633975,0.018118442669851013,0.0021031994478517948,0.984220318659,0.8553328102280763,0.7520326399634282,0.8875953225713696,0.8425127809609908
selection-selection-SME06009-010526,selection-SME06009,0.42330831049713047,0.015472212464542045,0.001943552320166886,0.185660766527,0.45360580301255965,0.44474397009686484,0.4126114942136482,0.46659914302300715
selection-selection-SME06048-010596,selection-SME06048,0.7724401119652785,0.02081545092070576,0.0022543063672531135,0.813417671371,0.7062368583482757,0.5848605081867098,0.7039055903818007,0.6733982103335732
selection-selection-SME06048-010597,selection-SME06048,0.833548710760987,0.02315889834865167,0.002377819992588019,0.901088691417,0.819409881310923,0.6651589134712771,0.7917798856657224,0.7987542365849603
selection-selection-SME06059-010615,selection-SME06059,0.6164864691186281,0.05552305578192876,0.003681770435607026,0.755681212833,0.7033634828809774,0.6648366121612633,0.6833404124148269,0.682680232433237
selection-selection-SME06059-010616,selection-SME06059,0.6195768320576568,0.054101726133347995,0.003634340274626801,0.755681212833,0.7156040627665283,0.6648366121612633,0.6833404124148269,0.700174600099073
selection-selection-SME06059-010617,selection-SME06059,0.6205580644526776,0.05320662773008638,0.00360415029489138,0.755681212833,0.6725485921074005,0.6664767213963949,0.6833404124148269,0.6669510779668513
selection-selection-SME06095-010674,selection-SME06095,0.2626225248749091,0.0036908661474596128,0.0009492577985100423,0.292970716264,0.2880846258925115,0.24667374379549017,0.291484750647393,0.26395722574595915
selection-selection-SME06095-010675,selection-SME06095,0.3970377347895875,0.004992630600345061,0.001104039834046928,0.37367417372,0.35718712685026055,0.3084664225535763,0.31783287769616675,0.35241029665415474
selection-selection-SME06095-010676,selection-SME06095,0.33560010012856556,0.003816882425329972,0.0009653269191686178,0.37367417372,0.30781541928215844,0.24874778637771358,0.36767054584421194,0.2996880501795938
selection-selection-SME06099-010681,selection-SME06099,0.415568515554786,0.009035738532445547,0.0014852578404599783,0.397299383201,0.3428179543550847,0.6063184871676264,0.4422088340277523,0.3371971920114506
selection-selection-SME06115-010711,selection-SME06115,0.3291496679003155,0.01008594612383276,0.0015692001753724275,0.188098327433,0.3415338959405086,0.37625493783681685,0.3247233013362232,0.3122319439790446
selection-selection-SME06115-010712,selection-SME06115,0.5803302314246428,0.05763385654791498,0.0037511019392664213,0.188098327433,0.6599277402008549,0.6155726036296878,0.6126231547410597,0.5991396090818946
selection-selection-SME06141-010754,selection-SME06141,0.655227514903893,0.05469141542443302,0.0036540930945797917,0.713123437193,0.7951700098447703,0.8006867380878079,0.6622472429598758,0.781261761236085
selection-selection-SME06207-010879,selection-SME06207,0.3228605159470517,0.004932442702373814,0.0010973648637231975,0.279404449074,0.3211756002315583,0.3130802686775365,0.3181057361287363,0.2966598023376522
selection-selection-SME06215-010893,selection-SME06215,0.4352910567360796,0.008195512096091123,0.0014145166825932972,0.525693164719,0.44570684293693047,0.46848131789323116,0.45623861303699464,0.4045347162915883
selection-selection-SME06215-010894,selection-SME06215,0.5665744221823978,0.01380223459167939,0.001835670498648716,0.680263180015,0.5511819889930237,0.5486509744460072,0.5741329864957284,0.5282916696778757
selection-selection-SME06222-010907,selection-SME06222,0.8448485912965188,0.03286693124209425,0.00283269361832107,0.967706907564,0.8024091296638015,0.6982845129320462,0.8089101156398095,0.7981594381035373
selection-selection-SME06233-010925,selection-SME06233,0.5845885923724656,0.05727143232314279,0.003739289141269672,0.175391339432,0.6331926054318419,0.7985227610267626,0.6537410886919494,0.6205385306288013
selection-selection-SME06233-010926,selection-SME06233,0.584190873104294,0.05793350143712033,0.003760840497720816,0.175391339432,0.6377014595998067,0.7985227610267626,0.6537410886919494,0.632839017514917
selection-selection-SME06274-010992,selection-SME06274,0.5928428307068936,0.027258690678814142,0.0025797197093884753,0.547968645474,0.6357405175879499,0.5767392498177913,0.5595346886986013,0.6306043830034768
selection-selection-SME06297-011027,selection-SME06297,0.4401534116197641,0.010749184541304855,0.001619973034391161,0.480031785412,0.4332303423473728,0.5822420618007469,0.4603549794468856,0.3928498026743265
selection-selection-SME06297-011028,selection-SME06297,0.4405968862956434,0.005993897887823301,0.0012096916865546197,0.443615693613,0.43830151607278106,0.6174820547357365,0.4560227795799704,0.42832706976798984
selection-selection-SME06310-011047,selection-SME06310,0.5838891786668122,0.01609721514271134,0.0019824187664822515,0.553123562371,0.5526225092953153,0.6131698805584394,0.598381615200304,0.5133144976071173
selection-selection-SME06341-011099,selection-SME06341,0.5368113399447693,0.023938609830022804,0.002417516735315996,0.589740845206,0.5419083510341905,0.6974558815557046,0.5089420461384188,0.5675478045432658
selection-selection-SME06341-011100,selection-SME06341,0.6913225879716107,0.046577404446510096,0.00337215608067728,0.838790066055,0.7364574959907637,0.733833968612832,0.674080211500466,0.7398519275840958
selection-selection-SME06388-011184,selection-SME06388,0.6334565657559459,0.05172705388856088,0.003553684744847513,0.608793470822,0.7231637828678582,0.6648699571902,0.6505232139741431,0.6894437392339497
selection-selection-SME06549-011469,selection-SME06549,0.4612067283663946,0.008120425585369264,0.0014080219379249896,0.561786560718,0.41976476917296873,0.5832191513214052,0.45221117444164916,0.4058582857237098
selection-selection-SME06549-011470,selection-SME06549,0.5740105509483341,0.011619912168901061,0.0016843077567239933,0.641032320134,0.4987909259297447,0.6986282602780417,0.5111574345038303,0.49548446857700296
selection-selection-SME06555-011478,selection-SME06555,0.5314735590304427,0.05808627620971597,0.0037657960350718266,0.626775056669,0.6037851486122803,0.5654320255964415,0.5684827675650542,0.5875743950750721
selection-selection-SME06639-011631,selection-SME06639,0.6784371881631805,0.04756533787981433,0.003407731110037006,0.879668778757,0.6344283287724792,0.7740030961266309,0.6053329696263003,0.6429436934093996
selection-selection-SME06639-011632,selection-SME06639,0.6846456977449777,0.045663069616080396,0.003338893582534247,0.879668778757,0.6885899261908359,0.7740030961266309,0.6053329696263003,0.6686256620849869
selection-selection-SME06647-011648,selection-SME06647,0.598783753427318,0.008563982915042878,0.0014459654703235102,0.362302549549,0.35011509927096485,0.38005835703580615,0.5631992110996739,0.30760544673096996
selection-selection-SME06647-011649,selection-SME06647,0.6358467207624788,0.006781516929237584,0.0012867182215046714,0.41931819564,0.47859291576046536,0.4889820458239036,0.577507170570097,0.4421229746849072
selection-selection-SME06647-011650,selection-SME06647,0.6860575765100296,0.008312712632762018,0.0014245949801989035,0.41931819564,0.460997784265788,0.48698256374355436,0.6353458886837654,0.41980617868690556
selection-selection-SME06670-011691,selection-SME06670,0.4438413100809726,0.02997040755376831,0.002704994275720693,0.523220247147,0.5376611362635205,0.5494171765204495,0.45207545899567,0.5230261798461864
selection-selection-SME06704-011745,selection-SME06704,0.41726570403719326,0.0331689406284324,0.0028456784596319696,0.405589872733,0.4680156755167352,0.5298421046837589,0.5065276451811346,0.47118571109064494
selection-selection-SME06704-011746,selection-SME06704,0.42703243016465514,0.03570317848025461,0.002952388238131278,0.414463423876,0.4678819119922245,0.5188220323924447,0.5170111996531063,0.43782425161321836
selection-selection-SME06715-011766,selection-SME06715,0.7062436938520915,0.055529134616953156,0.0036819719758700064,0.763719463293,0.7247263280559509,0.5502596000879764,0.6641585845128661,0.6970005576633734
selection-selection-SME06715-011767,selection-SME06715,0.7150647336890205,0.0507633195747685,0.003520424486913292,0.763719463293,0.6879434521099261,0.5482017655371741,0.6701145492774143,0.6561756571044333
selection-selection-SME06765-011854,selection-SME06765,0.4990263149705968,0.010179460356088884,0.0015764579961097165,0.478064976483,0.45844095191495204,0.6695552436330154,0.5360443344758846,0.43543565001287793
selection-selection-SME06790-011901,selection-SME06790,0.3210709366756687,0.009549979379737237,0.0015269374363431401,0.441268654383,0.3825252829335688,0.5116849493100007,0.35369080924930424,0.3663031750461429
selection-selection-SME06790-011902,selection-SME06790,0.4614013358032262,0.030111912286461713,0.002711372546435097,0.612566215607,0.4178773160306522,0.6244755867684552,0.5250585171998229,0.39343367573008436
selection-selection-SME06828-011969,selection-SME06828,0.7024960669017863,0.04421731510111419,0.003285611502385508,0.511286504871,0.7428423370994168,0.810207389946388,0.7264922579385182,0.7254225176819262
selection-selection-SME06837-011984,selection-SME06837,0.5120585335613088,0.058608383649250424,0.0037826825685441513,0.246661590383,0.6014954892813567,0.5702104944732693,0.5847074982743277,0.5483153485193054
selection-selection-SME06837-011985,selection-SME06837,0.5054388995290292,0.05822864694130118,0.003770408234814051,0.246661590383,0.6097700398045047,0.5764710710008036,0.5943475793430143,0.5593753882596023
selection-selection-SME06837-011986,selection-SME06837,0.44501877608257107,0.03689325371243693,0.0030011901005497672,0.246661590383,0.44043600798946153,0.4887067577455696,0.4671101384058855,0.40273098556595893
selection-selection-SME06882-012068,selection-SME06882,0.705413729200218,0.010183966185082728,0.0015768068586244045,0.723694822659,0.4334324420911647,0.44172336983428767,0.6302891156140147,0.40945793223144594
selection-selection-SME06883-012069,selection-SME06883,0.21282381131747746,0.0017450721250555942,0.000652719694264813,0.181394520262,0.22663367186558617,0.2914214254605466,0.20754549225557706,0.22980393348628236
selection-selection-SME06883-012070,selection-SME06883,0.4311411034337486,0.010942662842902537,0.0016344872424190109,0.480838191507,0.3865720448879283,0.39355935640489037,0.3996858890203862,0.36173498701186363
selection-selection-SME06883-012071,selection-SME06883,0.4111278050351511,0.009015793919746759,0.0014836177278659667,0.444170985373,0.35976986775592,0.39355935640489037,0.3795721105150797,0.32767015551104606
selection-selection-SME06903-012101,selection-SME06903,0.6530542339774896,0.020111369002076017,0.0022158524765363927,0.379793525348,0.4704439959754613,0.5352755208692764,0.623761685134479,0.44602788373035673
selection-selection-SME06903-012102,selection-SME06903,0.8043748539506549,0.036520466617316234,0.0029859888722570988,0.379793525348,0.6757784881679856,0.6636295757795598,0.7136449625208319,0.6348048166133708
selection-selection-SME06925-012139,selection-SME06925,0.39300075930898565,0.0069883846839568385,0.0013061962350587486,0.301558370351,0.3854997759016094,0.5824464752503836,0.44939168941392227,0.3542587412897207
selection-selection-SME06959-012202,selection-SME06959,0.46384794022013476,0.03001660035589994,0.002707078050456734,0.181902055554,0.47106913367375747,0.6195240680811376,0.5131582385066165,0.45331412341117594
selection-selection-SME06959-012203,selection-SME06959,0.5190111525733101,0.03198950198733436,0.0027946264524309062,0.230279078661,0.5368584191511272,0.6422869390360463,0.5707774336838453,0.529569693659896
selection-selection-SME07025-012308,selection-SME07025,0.6807289393142317,0.05093945020853251,0.0035265265079207197,0.807038805968,0.7842309946641751,0.6773583372569046,0.6891149593908903,0.770712273671576
selection-selection-SME07049-012350,selection-SME07049,0.5983557167278829,0.030489304843288004,0.0027283104552553875,0.762825546086,0.49594325659558225,0.4640398206734891,0.542044052619456,0.47820721266557303
selection-selection-SME07056-012360,selection-SME07056,0.513761593958262,0.0605040939707887,0.003843371868176053,0.210276530644,0.6406903453317279,0.5671081477714801,0.574157905237706,0.5663474897176176
selection-selection-SME07056-012361,selection-SME07056,0.519855263272016,0.05888446592788745,0.003791581505707829,0.210276530644,0.606542857197269,0.5671081477714801,0.574157905237706,0.571294645280101
selection-selection-SME07063-012373,selection-SME07063,0.802427647425678,0.039646036520646126,0.0031111425770805443,0.869174227427,0.7431214662465804,0.6081091947466513,0.7311491832818664,0.7411454397898436
selection-selection-SME07063-012374,selection-SME07063,0.8027484755704524,0.038816976783786455,0.0030784413219361703,0.869174227427,0.7649284507031467,0.5942097064488756,0.7250500570164534,0.7600665362546876
selection-selection-SME07074-012395,selection-SME07074,0.4812176401076334,0.03161047608942571,0.002778021128252978,0.663278181348,0.5682087563099526,0.6297856639301277,0.5253234124217956,0.5156104172643879
selection-selection-SME07074-012396,selection-SME07074,0.5369263682967159,0.03342289613160123,0.0028565515487873148,0.718399005732,0.6120274524931641,0.7328837504464536,0.6140217256917152,0.5546403913609077
selection-selection-SME07089-012421,selection-SME07089,0.8461210821605415,0.02908972669874771,0.0026649547946093668,0.851163847046,0.9012674189618415,0.9252675519101642,0.8335729113800944,0.8976312097878885
selection-selection-SME07089-012422,selection-SME07089,0.842988168498091,0.030873717126746646,0.002745455990431668,0.851163847046,0.9319994828774378,0.9252675519101642,0.8335729113800944,0.9304185005976277
selection-selection-SME07089-012423,selection-SME07089,0.847762738169604,0.027890325746622077,0.002609437019595205,0.851163847046,0.9009918748051154,0.9230952312532203,0.8407869736688867,0.8873102738398793
selection-selection-SME07129-012487,selection-SME07129,0.7676749024106986,0.03855803167561067,0.0030681561159845478,0.733794393985,0.8552158473193519,0.8421315919512524,0.7323614081764074,0.8264125684109579
selection-selection-SME07129-012488,selection-SME07129,0.7652092161473831,0.04038509927471152,0.0031400069072559564,0.733794393985,0.883894025767037,0.8330525993278589,0.7299163351484844,0.8599318375399789
selection-selection-SME07142-012508,selection-SME07142,0.6822305824091104,0.049040760846521377,0.0034601794756262657,0.894678628914,0.7642341656445067,0.7647884867274563,0.675554221205157,0.7683487005665596
selection-selection-SME07142-012509,selection-SME07142,0.5806373128274231,0.032250945927661076,0.0028060231815899847,0.739138976276,0.4598906667173684,0.6955542625114298,0.5983753807890178,0.4594760646274189
selection-selection-SME07153-012527,selection-SME07153,0.2959683296136707,0.004408796664942098,0.0010374807821241219,0.451752126033,0.2612984657302978,0.35634916956531465,0.3173691323513683,0.24197563612332057
selection-selection-SME07163-012544,selection-SME07163,0.5811312892141639,0.05491060022401976,0.0036614079611287957,0.283834324655,0.6888502541665793,0.7302960604277614,0.6497012963008497,0.641912612794848
selection-selection-SME07187-012580,selection-SME07187,0.44397264067999637,0.012591801125428204,0.001753331171409938,0.532934592308,0.39232823971632325,0.4280907960573661,0.4062856267424249,0.389895738784972
selection-selection-SME07187-012581,selection-SME07187,0.5184527418799836,0.0164442177627248,0.0020036720296065756,0.613006064252,0.48590515338192697,0.5041572255473783,0.48236636692578194,0.5079944081270826
selection-selection-SME07187-012582,selection-SME07187,0.5283350241695666,0.01785909005655763,0.0020880922892293975,0.62509333547,0.5101127812790858,0.5041572255473783,0.4901732628915406,0.4848113410755576
selection-selection-SME07188-012583,selection-SME07188,0.34062314263129323,0.004517718602060055,0.0010502183787579934,0.347267119525,0.32140605638829345,0.5272973622209376,0.3286789288977036,0.2953048682595125
selection-selection-SME07188-012584,selection-SME07188,0.5756054494138023,0.02303428687051944,0.002371414175760512,0.693704833154,0.6725706359585006,0.6929183765373902,0.5905755220971319,0.6502233039855035
selection-selection-SME07201-012605,selection-SME07201,0.7081788160584351,0.04515471079475171,0.0033202559110895244,0.621187089405,0.8009671587059864,0.7174439953209883,0.7196481403248,0.7979119531710271
selection-selection-SME07201-012606,selection-SME07201,0.7081119872147631,0.0465991507672333,0.0033729431944196104,0.621187089405,0.8293929866314032,0.7130799933291346,0.7164535106859353,0.8077680272614957
selection-selection-SME07243-012685,selection-SME07243,0.4248762916162785,0.016069585178258874,0.0019807166806261964,0.527771679288,0.4667239033252402,0.4190700364895587,0.39917711936598466,0.48880470390717307
selection-selection-SME07243-012686,selection-SME07243,0.6209507619970478,0.05970299925867904,0.003817843311791153,0.917540822459,0.7423869285400384,0.6418443853741568,0.6300614504533565,0.7269752563312675
selection-selection-SME07275-012743,selection-SME07275,0.6638635400196724,0.04179609700046508,0.0031943896512877335,0.781914689606,0.5984689779348595,0.48786497311617144,0.623250265971933,0.5531114746580928
selection-selection-SME07351-012867,selection-SME07351,0.37620589801351567,0.006506883959030858,0.0012603946669834287,0.361094585625,0.40846844449985426,0.5886443437904324,0.4313657893482411,0.3708208682780717
selection-selection-SME07351-012868,selection-SME07351,0.5604999481204882,0.012924865210550331,0.0017763683938148962,0.596460388066,0.5260810606836356,0.7301136113304609,0.5560518358158708,0.5021251077439067
selection-selection-SME07351-012869,selection-SME07351,0.5419984523656454,0.01085443954352568,0.0016278850248654154,0.5662342975,0.5151843992379975,0.72048165412512,0.5402781141572032,0.47878119193384905
selection-selection-SME07360-012885,selection-SME07360,0.3564632160919678,0.007086612006498149,0.0013153440175098536,0.415962006001,0.3943176741630344,0.5063594675725734,0.37501534275736176,0.40789920719211276
selection-selection-SME07361-012886,selection-SME07361,0.6698967201952977,0.04797644646725514,0.0034224259854370425,0.753077988541,0.7526714505513938,0.6524479792113036,0.6598339183884974,0.7405169029437717
selection-selection-SME07391-012937,selection-SME07391,0.5200759049352082,0.022117626038174538,0.0023237493506134015,0.257008144042,0.5083592970483176,0.4944538239354396,0.4416099186981413,0.42701927848286725
selection-selection-SME07391-012938,selection-SME07391,0.5351436908878545,0.017458771194222393,0.0020645569285174608,0.311470312976,0.5161518548652017,0.5431959675398251,0.4670586768637422,0.4675768167256044
selection-selection-SME07391-012939,selection-SME07391,0.6739406355186985,0.041664510170391036,0.003189357232001164,0.311470312976,0.7384273876695937,0.657625876212582,0.6296192920148146,0.6963542993178758
selection-selection-SME07450-013039,selection-SME07450,0.7501568224861597,0.026776478849919,0.0025568000081583435,0.294495080017,0.5759050787605027,0.5711307123793067,0.7024752069763297,0.5663895875113913
selection-selection-SME07450-013040,selection-SME07450,0.8449533699698691,0.03397509470847778,0.002880052231568372,0.294495080017,0.7798596704856522,0.698200672967047,0.8150407865985043,0.7635149955905819
selection-selection-SME07484-013104,selection-SME07484,0.3136341620556191,0.008943284657187979,0.0014776397076956154,0.299384046743,0.42796406773485796,0.3859517558489802,0.3157056462291938,0.4195413393951289
selection-selection-SME07584-013282,selection-SME07584,0.31877873472272017,0.008410713666152508,0.001432967861171532,0.414978718481,0.39848507979803877,0.6604380942837126,0.3923641047603023,0.40053295876570133
selection-selection-SME07584-013283,selection-SME07584,0.6401560533494701,0.05513573303942732,0.003668906148169906,0.756098752396,0.6979569314251407,0.8016539600086775,0.6706832526337595,0.6716067518723504
selection-selection-SME07600-013313,selection-SME07600,0.6219009885173258,0.052997660034522706,0.003597065727001092,0.197164528249,0.7075056979402511,0.592935696370166,0.6190189080066723,0.6944829798623955
selection-selection-SME07600-013314,selection-SME07600,0.6261274491181833,0.05208224504452434,0.0035658648118757005,0.197164528249,0.7200721202853,0.592935696370166,0.6190189080066723,0.7109754830532132
selection-selection-SME07604-013320,selection-SME07604,0.7001459069973126,0.03362907005585352,0.0028653485270739515,0.871912556352,0.5997519030495856,0.6035388663754434,0.6696254394645134,0.5932729405779513
selection-selection-SME07607-013325,selection-SME07607,0.38747108512863043,0.005992690010263309,0.0012095697931648842,0.415460887043,0.3137648779360084,0.5305068816085633,0.3583356615583431,0.25945627393070886
selection-selection-SME07607-013326,selection-SME07607,0.49597777193148024,0.00815152784507973,0.0014107158122040984,0.553507450347,0.41779506356944535,0.6426556483567527,0.4081454868619928,0.3880660680946801
selection-selection-SME07607-013327,selection-SME07607,0.5244615550336988,0.01116949715977532,0.0016513412783320325,0.59145069563,0.385793839244816,0.6334795034608652,0.4496810762854713,0.368898700605044
selection-selection-SME07621-013351,selection-SME07621,0.537881966808222,0.023231405488002305,0.002381539387763577,0.635863653154,0.5400843218836872,0.6902660788123407,0.5172167141647723,0.5191266663355913
selection-selection-SME07637-013378,selection-SME07637,0.4422911299793273,0.01487090255236791,0.0019054110956560522,0.439972828353,0.4504832597179474,0.4766179715998196,0.47813312760399346,0.451080221003562
selection-selection-SME07643-013388,selection-SME07643,0.6918730178161167,0.046664314333713305,0.0033753007075858032,0.197360666227,0.7200034220781791,0.6573803145976165,0.6760673238512704,0.7192019236771203
selection-selection-SME07643-013389,selection-SME07643,0.6975221778485734,0.04531384126809352,0.0033261012504647454,0.197360666227,0.7333735994929558,0.6573803145976165,0.6760673238512704,0.7352800577442643
selection-selection-SME07677-013454,selection-SME07677,0.30838987628900927,0.0024107256584357944,0.0007671740799545116,0.295717653736,0.22493517635697363,0.4307843258763432,0.3381351618602309,0.22605787736930405
selection-selection-SME07688-013476,selection-SME07688,0.28966516089435745,0.008828112581402097,0.0014680943168590606,0.33306484083,0.2802309324924128,0.48673834535261,0.339077006574905,0.28446190906967095
selection-selection-SME07690-013478,selection-SME07690,0.5514265877308355,0.058238864531384875,0.003770739023849653,0.683929876299,0.6536109438002282,0.6110081317914969,0.6077794211158996,0.6374369208890925
selection-selection-SME07690-013479,selection-SME07690,0.5616155609588908,0.05668319528168724,0.0037200363873312013,0.683929876299,0.6496960502215169,0.6110081317914969,0.6121738023255062,0.62818272898328
selection-selection-SME07738-013560,selection-SME07738,0.3710220442475756,0.006646756083403616,0.0012738693749457638,0.32737524858,0.40333384045511295,0.5886443437904324,0.4313657893482411,0.3614247742197573
selection-selection-SME07738-013561,selection-SME07738,0.497849727147374,0.009757130957218835,0.0015434092296284399,0.500952345037,0.5056259341170795,0.6780620056999559,0.5111574345038303,0.4647355177313278
selection-selection-SME07741-013566,selection-SME07741,0.059638784714445156,0.002138475115514155,0.0007225570228352728,0.084226791998,0.08153465425701766,0.07731597775304538,0.1048132750075651,0.05523928061668127
selection-selection-SME07741-013567,selection-SME07741,0.03799553791734377,0.000294534718145162,0.0002681564658406705,0.0509592536979,0.08821174489852025,0.07188186666675697,0.04556408621163752,0.06973362994482475
selection-selection-SME07741-013568,selection-SME07741,0.049187962457776985,0.001314255106308857,0.0005664477584594062,0.0509592536979,0.08123479826721168,0.07046581129865653,0.10092394326655046,0.03704613798006784
selection-selection-SME07746-013576,selection-SME07746,0.6636084810689553,0.05477950762430823,0.0036570347590077507,0.853958980858,0.7973641366239536,0.6773496418316898,0.6642479363414815,0.7722551266594483
selection-selection-SME07746-013577,selection-SME07746,0.6594875732865569,0.05697368543206551,0.003729556430721738,0.853958980858,0.7746194592795856,0.6773496418316898,0.6686423175510882,0.7359014972480494
selection-selection-SME07852-013752,selection-SME07852,0.3817345430730441,0.020060690745816234,0.0022130588732826996,0.421742471513,0.33443034459484416,0.3562285195234937,0.4067382565997083,0.36936179461516644
selection-selection-SME07854-013754,selection-SME07854,0.6046108522207753,0.054763246361424774,0.0036564919244690287,0.684234693491,0.7371813474441273,0.6221783419629775,0.6514378537151472,0.7054189789506085
selection-selection-SME07858-013760,selection-SME07858,0.764226094607402,0.014945922821423999,0.001910211228849893,0.759592059961,0.6946046853274207,0.64686911648755,0.7115866798543518,0.6633435571032223
selection-selection-SME07946-013914,selection-SME07946,0.5043261105442969,0.013070388040015089,0.001786340590447916,0.236395576452,0.4506089586950385,0.4733522749583225,0.5478871754475761,0.4734907256622656
selection-selection-SME07971-013956,selection-SME07971,0.31812777922468827,0.009457753471409773,0.0015195465914561164,0.431952352974,0.3447178787095801,0.6096747317506407,0.37605738187039073,0.3062231337093757
selection-selection-SME07971-013957,selection-SME07971,0.32383381437612324,0.009194500960341556,0.0014982493821193079,0.438706761882,0.354212415311353,0.6161752509867696,0.3976502067480766,0.3187078403135271
selection-selection-SME07971-013958,selection-SME07971,0.4048701175815561,0.013823421201418,0.0018370788474511488,0.523793371064,0.31089570332106437,0.611324222013502,0.4623949323567553,0.2879651875691455
selection-selection-SME07976-013964,selection-SME07976,0.8299257617019271,0.03628596940623643,0.00297638694553807,0.980303753776,0.7805070335652208,0.6670650686450947,0.7814293807729585,0.7731421296783808
selection-selection-SME08002-014008,selection-SME08002,0.5865757148748351,0.05800292784390776,0.0037630932828780026,0.139432362991,0.6581328445600019,0.7711924397233206,0.66022401534829,0.6130895541685886
selection-selection-SME08002-014009,selection-SME08002,0.5961706338239292,0.056002730519756926,0.003697640008275553,0.139432362991,0.670897609586541,0.7711924397233206,0.6609852291555768,0.6317302692773801
selection-selection-SME08023-014047,selection-SME08023,0.8681905751814154,0.02866164720360283,0.002645273608120169,0.950897762259,0.7975876575654821,0.7350842902646815,0.8382370782151812,0.767380421650672
selection-selection-SME08037-014071,selection-SME08037,0.6329702638116211,0.0430486959631624,0.0032419030734865354,0.688998535894,0.660651557917244,0.6696722756796027,0.6632580121732218,0.6676109524789803
selection-selection-SME08060-014107,selection-SME08060,0.3626672181806019,0.006244481784671736,0.0012347192740501272,0.257388987933,0.342664072176174,0.3737393463975502,0.3605820448123343,0.3369474945443665
selection-selection-SME08062-014111,selection-SME08062,0.48061197421865426,0.007955557917702779,0.0013936552235942917,0.509785652333,0.3980925952155309,0.4165062538544278,0.41523206445217326,0.39617022382150696
selection-selection-SME08062-014112,selection-SME08062,0.527035820322341,0.010695112454280436,0.0016158933872732165,0.577860188496,0.3808951723102495,0.4165062538544278,0.46102613762388633,0.3759119002491266
selection-selection-SME08072-014133,selection-SME08072,0.6280149137864939,0.030476646783734077,0.0027277440484189635,0.760526746189,0.7357297399106865,0.7472354423073186,0.6049643865426886,0.6859222372299482
selection-selection-SME08093-014173,selection-SME08093,0.7393816668480164,0.039477047163287225,0.0031045049472660565,0.745666868851,0.7668100118392465,0.8726435782748049,0.731482293611587,0.740488907231333
selection-selection-SME08093-014174,selection-SME08093,0.7347963709682711,0.04229034434880163,0.0032132212965778825,0.745666868851,0.8033714241278126,0.8177651314186434,0.7331209877750603,0.768588449217041
selection-selection-SME08093-014175,selection-SME08093,0.7382981946464269,0.04084289418958906,0.003157753903371056,0.745666868851,0.76127577779748,0.8177651314186434,0.7331209877750603,0.7260951250321729
selection-selection-SME08098-014185,selection-SME08098,0.30554975001745366,0.005084254733645285,0.0011141243774064763,0.242403814369,0.32758330778519773,0.3139914464545012,0.298786452196407,0.29517620495917074
selection-selection-SME08116-014217,selection-SME08116,0.6389707229091882,0.053994553526350846,0.003630738773930073,0.75533930415,0.7087016456105074,0.7599190827755025,0.6810548174728471,0.7002858260833087
selection-selection-SME08116-014218,selection-SME08116,0.6461098614551118,0.05113670440126077,0.0035333478420563206,0.75533930415,0.7079590038916417,0.7550676904307977,0.6621290941926472,0.6960931212714639
selection-selection-SME08148-014272,selection-SME08148,0.5000827554438505,0.00924037837696237,0.0015019826071523193,0.526243183527,0.47999107300830407,0.6828458953970803,0.4986405536912972,0.45173082061394443
selection-selection-SME08155-014286,selection-SME08155,0.5060377364121349,0.013091824906845332,0.001787804887326295,0.486248959487,0.46627511640700015,0.49435751877800194,0.4763918614911559,0.44542270165712633
selection-selection-SME08198-014368,selection-SME08198,0.048897333246057995,0.00017348778639423516,0.00020580431628164426,0.0414728023822,0.049736699658513475,0.1472489362380746,0.0,0.04547891342470923
selection-selection-SME08198-014369,selection-SME08198,0.19607004953396023,0.006386791885399552,0.0012487094788806463,0.182050926689,0.17117248722679224,0.3394439521443098,0.1937363419953326,0.16138508981490426
selection-selection-SME08216-014398,selection-SME08216,0.7556213399688851,0.04418772226114641,0.0032845118556891675,0.74670827079,0.6782405049229554,0.6087329498552938,0.7087056210759061,0.6641508316744469
selection-selection-SME08216-014399,selection-SME08216,0.7624378311641942,0.0425930603613339,0.003224700974862442,0.74670827079,0.6672259734143455,0.626321616371761,0.7177094110909117,0.6566441513546872
selection-selection-SME08223-014410,selection-SME08223,0.32720900445763856,0.010555063081484285,0.0016052786978054618,0.2553690219,0.2570937555313105,0.2885855986309418,0.2983983779858187,0.25347082684310196
selection-selection-SME08223-014411,selection-SME08223,0.24578124121642458,0.007816563396818965,0.0013814270422470762,0.127919546186,0.26453028944017315,0.2885855986309418,0.23740154513656106,0.26439307807746804
selection-selection-SME08233-014426,selection-SME08233,0.592349132369135,0.021944187713933645,0.0023146204232221495,0.615735509049,0.6407376170110914,0.6793144537344454,0.5905780388246279,0.6154161067607814
selection-selection-SME08248-014448,selection-SME08248,0.5936977862788442,0.05829288857811205,0.0037724875414659274,0.184538376946,0.6889134035089307,0.6402886913119729,0.6696196767687005,0.6536436851189928
selection-selection-SME08267-014483,selection-SME08267,0.6005999985917356,0.034076138054342536,0.002884331749673305,0.784333428221,0.6907575751126833,0.597474509471026,0.5933654336883353,0.6756912841866496
selection-selection-SME08267-014484,selection-SME08267,0.6518656489089607,0.03229129426182524,0.0028077779048815326,0.835755727806,0.8059527051495241,0.6631889674800203,0.6319845745596858,0.7847113271397991
selection-selection-SME08287-014522,selection-SME08287,0.85338436100162,0.03211616383153721,0.0028001536226489234,0.957667180833,0.7885861396777254,0.7226474856434367,0.8270555518555036,0.7634096376298851
selection-selection-SME08287-014523,selection-SME08287,0.6201579708237676,0.014561745004956966,0.0018855008688942103,0.750138190873,0.4769065840541315,0.48769490299860974,0.6334039843112386,0.4959677324570788
selection-selection-SME08303-014550,selection-SME08303,0.6691733427063262,0.051321440193232794,0.003539724351510436,0.322410278828,0.7523171639719413,0.6305469294177815,0.6379215459672546,0.726284664136134
selection-selection-SME08303-014551,selection-SME08303,0.66781862024596,0.05192600205704296,0.0035605121255175855,0.322410278828,0.7834193176359033,0.6305469294177815,0.6379215459672546,0.7633888408056025
selection-selection-SME08303-014552,selection-SME08303,0.6717117371151955,0.04996953102006413,0.0034927915102673027,0.322410278828,0.73192539052209,0.6423885831647549,0.6477517491779241,0.709540050118401
selection-selection-SME08313-014568,selection-SME08313,0.49128672273854235,0.011799911875720737,0.0016973031138495514,0.301692897998,0.4241941255912219,0.4806199155049771,0.403708463738016,0.42415132742960915
selection-selection-SME08313-014569,selection-SME08313,0.5960056996366958,0.017866907055202955,0.002088549222612232,0.335288390357,0.6163629103084644,0.5786607617394691,0.5351470359214661,0.6026044721024331
selection-selection-SME08313-014570,selection-SME08313,0.5213012687106153,0.009986068216809254,0.00156141120008294,0.335288390357,0.46660929537882545,0.4908240039550172,0.42796896194866874,0.46355386720923236
selection-selection-SME08336-014614,selection-SME08336,0.6160109442247389,0.03756388013984832,0.0030283442959425297,0.709075022903,0.6306840420148602,0.5424845210194577,0.5513232243726921,0.6049541826581915
selection-selection-SME08336-014615,selection-SME08336,0.6592663925564846,0.0404805372710364,0.0031437149472696505,0.756352438186,0.6688792598426817,0.6469355791685711,0.6817576523861717,0.6686621422756465
selection-selection-SME08348-014635,selection-SME08348,0.2775272401645157,0.005583641555526536,0.0011675588803748702,0.218030319971,0.3025640942039289,0.49075866145488767,0.3432798526165328,0.31498379775719404
selection-selection-SME08348-014636,selection-SME08348,0.4469581695499182,0.013331873058374763,0.0018041207888864527,0.264688394257,0.40486484630657943,0.5644530512279602,0.5027195753768173,0.4127848795330328
selection-selection-SME08348-014637,selection-SME08348,0.5229346531299967,0.02299947124330137,0.0023696213376843828,0.264688394257,0.44523376453535796,0.6342553703418355,0.5133084865865938,0.44725772537424
selection-selection-SME08429-014780,selection-SME08429,0.3069749752936264,0.003952219358155946,0.0009822918630617336,0.281835858027,0.3163314792175412,0.3236801653750585,0.3103187017219071,0.28226277119401
selection-selection-SME08429-014781,selection-SME08429,0.5154142616858801,0.007378580709453919,0.0013421666461431022,0.569206793055,0.4248541490951713,0.44183915496725407,0.45438970227839376,0.39801474128046926
selection-selection-SME08453-014829,selection-SME08453,0.49083619792604916,0.022114262493665823,0.0023235726514610282,0.270884604802,0.5228864747004274,0.5774169761483284,0.4510707545496661,0.4691542898433077
selection-selection-SME08453-014830,selection-SME08453,0.43462097057698734,0.006865733854800901,0.0012946831868819303,0.314384953361,0.3784095211577799,0.48412275531375965,0.37323570334623196,0.38617025878148814
selection-selection-SME08453-014831,selection-SME08453,0.5608605524079395,0.027569509481051552,0.002594385722217757,0.314384953361,0.6035867082901257,0.594827104207678,0.5481675782234195,0.5308786105287693
selection-selection-SME08480-014876,selection-SME08480,0.527594270096645,0.019208118635775172,0.00216552120488632,0.574838962445,0.5202596080124544,0.6604254768919022,0.5325992024158519,0.5283707159897573
selection-selection-SME08501-014911,selection-SME08501,0.22582608125728437,0.008717118126172683,0.0014588360660206573,0.238477931426,0.14553028523999753,0.23303092049293936,0.2447546112848534,0.11807634602902463
selection-selection-SME08503-014914,selection-SME08503,0.7130979015723317,0.04650065363152513,0.0033693765952337628,0.920339350535,0.8002899152576716,0.8007311476328961,0.7117488540874561,0.8206358586170164
selection-selection-SME08503-014915,selection-SME08503,0.7139950982874856,0.047075047810779,0.0033901226518266957,0.920339350535,0.8256164372660505,0.8007311476328961,0.7117488540874561,0.8375255744042012
selection-selection-SME08503-014916,selection-SME08503,0.7152436931965618,0.04569242557199799,0.0033399666670363,0.920339350535,0.7872771879106522,0.8007311476328961,0.7097106265473216,0.8024947211786131
selection-selection-SME08507-014921,selection-SME08507,0.6164797826860984,0.056882308816292505,0.0037265644266338215,0.221524005626,0.7608430441479066,0.7133004664849313,0.6345057441604239,0.741603544582175
selection-selection-SME08507-014922,selection-SME08507,0.6217229350617286,0.05514824147337624,0.0036693222999569,0.221524005626,0.7276613486409896,0.7014588127379578,0.6246755409497544,0.7067065895525786
selection-selection-SME08541-014984,selection-SME08541,0.5074125713157938,0.034684288283612544,0.002909955982354603,0.545301806935,0.5592564001809506,0.4954106241601066,0.5198002504895379,0.532006322917378
selection-selection-SME08541-014985,selection-SME08541,0.42993694902439494,0.011340581868110778,0.001663940126670498,0.390781502717,0.358960437243355,0.3562107708127313,0.41315318619765473,0.3607164548458408
selection-selection-SME08541-014986,selection-SME08541,0.5682271412496706,0.035744127760080124,0.002954080853907999,0.618343907991,0.609498047663276,0.5716423428124197,0.6026023106867544,0.5763610673284782
selection-selection-SME08561-015019,selection-SME08561,0.7348000101751877,0.05135829352092021,0.0035409950408226937,0.800407440469,0.6564230186909853,0.5977452092750843,0.7075525001086352,0.6400038448113992
selection-selection-SME08618-015117,selection-SME08618,0.352850171489248,0.00653650418224788,0.0012632601538753257,0.407700755976,0.3179128298707986,0.3957124327170093,0.3971933720410522,0.2875725165637353
selection-selection-SME08618-015118,selection-SME08618,0.4760249821695429,0.016262849772713653,0.001992591856801442,0.575072299107,0.39643589252176903,0.4518324241820322,0.48815279301257325,0.38294003233267887
selection-selection-SME08726-015301,selection-SME08726,0.629216447533256,0.05030860903974428,0.0035046219844433748,0.694463514181,0.7582122792487486,0.6835428137691361,0.6027312670883429,0.7366614780940095
selection-selection-SME08732-015312,selection-SME08732,0.5554134750202528,0.046083324657230355,0.00335422296275816,0.677144793329,0.5601053202974643,0.7978590090017416,0.6203948201310785,0.5517510634791045
selection-selection-SME08732-015313,selection-SME08732,0.5946139297833604,0.0547164066300306,0.003654927866922932,0.745150398262,0.6615733116970286,0.7076277902178107,0.6130359848784881,0.6406643272431046
selection-selection-SME08764-015362,selection-SME08764,0.14247081122401556,0.005014902624238184,0.0011064996434683792,0.108593096216,0.11022457807622758,0.24223495566715958,0.18803061062520224,0.0997163928692777
selection-selection-SME08769-015371,selection-SME08769,0.7050121835739243,0.04369474904926323,0.0032661389042882545,0.839987685332,0.7570055378647309,0.6929657966755309,0.7175527982477569,0.7419625149932368
selection-selection-SME08771-015373,selection-SME08771,0.8486711293253366,0.024837893228920195,0.0024625066043752744,0.884696863379,0.8251321837341552,0.7075545547592659,0.8223886950731237,0.8167510701912267
selection-selection-SME08771-015374,selection-SME08771,0.8340404254268421,0.02677220712937086,0.002556596053582587,0.877970228871,0.8113420963069811,0.7075545547592659,0.8116327683411934,0.7915455250100988
selection-selection-SME08788-015402,selection-SME08788,0.418485022917816,0.00889288060171984,0.0014734698599409009,0.530692435155,0.44596643807964903,0.5585538643718362,0.4366732340319784,0.4166824863278762
selection-selection-SME08807-015432,selection-SME08807,0.45817748956387216,0.03311840080172198,0.002843509639641284,0.252351608247,0.5840051364411601,0.5973015549914498,0.4897639499312088,0.5424601402455143
selection-selection-SME08807-015433,selection-SME08807,0.3663046265490033,0.007106635963692546,0.0013172010271114184,0.27340031307,0.33876841804367874,0.5254866365171232,0.3183918785599888,0.35326400952478054
selection-selection-SME08861-015527,selection-SME08861,0.41630858015283156,0.024529598233531916,0.0024471762183654404,0.432540372016,0.4608634720537323,0.5897022755109138,0.398737259176879,0.46295597346340217
selection-selection-SME08861-015528,selection-SME08861,0.19785129972456292,0.0033592072792778724,0.0009056041986803338,0.175761962728,0.36255835268641157,0.4308640953921314,0.2596477226918061,0.36092508599635464
selection-selection-SME08861-015529,selection-SME08861,0.4643428374060916,0.024752570509721794,0.0024582733848374245,0.481797141142,0.5212814109318841,0.6500606973613425,0.47716979887977673,0.5110254215604659
selection-selection-SME08865-015536,selection-SME08865,0.6007973962630213,0.018519650806352927,0.0021263581830549523,0.855047878677,0.46285702296637465,0.4142350463662894,0.5093221645337028,0.4326757867052103
selection-selection-SME08865-015537,selection-SME08865,0.6616801203966965,0.020570575198659645,0.0022410071587592633,0.91721834427,0.5492140410082741,0.49334053873350436,0.5174184744286536,0.5354314950101686
selection-selection-SME08946-015690,selection-SME08946,0.40868493057371863,0.00742191274566047,0.0013461019338894856,0.388942377461,0.37778487388125515,0.4270206738157471,0.4369428839932905,0.3752753633211246
selection-selection-SME08967-015730,selection-SME08967,0.7413936761049602,0.04127907978868829,0.0031745708905354794,0.867211517132,0.820524340858638,0.8340204312569426,0.7333911828589911,0.8357968617783297
selection-selection-SME08967-015731,selection-SME08967,0.5363230377686145,0.017446177750797973,0.0020638121862080645,0.588851214762,0.5290806934931217,0.7456876065444605,0.5492649304500171,0.5421637929406242
selection-selection-SME08967-015732,selection-SME08967,0.7348087928044722,0.04451589064796668,0.003296685815364613,0.867211517132,0.8150564612922416,0.834444361879111,0.7350750420796273,0.8176757056140745
selection-selection-SME08971-015738,selection-SME08971,0.821624623614448,0.032194701003849996,0.002803575293222578,0.756608223301,0.9279935976474447,0.9268867257839158,0.8239348380894819,0.8991555526133107
selection-selection-SME08977-015748,selection-SME08977,0.3744288481811008,0.019530235331271205,0.0021836034118341255,0.574130581921,0.42359514465333,0.5398594327674524,0.3843573252948521,0.45747810163790903
selection-selection-SME08980-015752,selection-SME08980,0.5702278322320447,0.06044417136029829,0.003841468179421811,0.701121031805,0.644730301251664,0.6472733559808094,0.6532844109254329,0.6317302692773801
selection-selection-SME08980-015753,selection-SME08980,0.5081475222331377,0.04202729945558774,0.0032032126304929165,0.636326382534,0.45808200239815966,0.5407371992469394,0.5845112595137152,0.46197411773973157
selection-selection-SME09073-015914,selection-SME09073,0.3217324652123609,0.007832273499031728,0.0013828145744186177,0.44227321398,0.40442667599101995,0.5306013862195735,0.37002481644465346,0.3988404890180932
selection-selection-SME09073-015915,selection-SME09073,0.5061108978249151,0.018284388040170893,0.0021128090126345655,0.660645113971,0.46070061242809585,0.5477226358094187,0.4877651683857549,0.46373249442877895
selection-selection-SME09106-015973,selection-SME09106,0.5605131212942266,0.012184726597899388,0.0017247570168186822,0.59929532783,0.5722727380357495,0.648275660332905,0.536488016710885,0.5651357897813084
selection-selection-SME09117-015991,selection-SME09117,0.32732274507877857,0.005845127968357769,0.001194584946916646,0.456862111986,0.2687870240023757,0.42641710140837613,0.3089305438638349,0.2598171614676855
selection-selection-SME09140-016029,selection-SME09140,0.4820972460064357,0.03469860440088551,0.0029105564700001854,0.545941550553,0.5250079504978493,0.7354482223753259,0.49359615641898663,0.5231100120886126
selection-selection-SME09153-016048,selection-SME09153,0.3231268991267414,0.01300963426550371,0.0017821841208476446,0.396738924894,0.1674100453451308,0.23052935602393193,0.3627780861306215,0.15136040038045698
selection-selection-SME09153-016049,selection-SME09153,0.33363789360864093,0.012724365032173265,0.0017625363632228772,0.406294795377,0.1634951517664196,0.2291133006558315,0.36511025477922837,0.13952316540921528
selection-selection-SME09183-016102,selection-SME09183,0.19157711308362493,0.0062913210144339565,0.001239341375303649,0.238650941205,0.17113008036794466,0.28960793265632206,0.2098219706077793,0.14095107001190904
selection-selection-SME09183-016103,selection-SME09183,0.2069745155647563,0.006282961340668419,0.001238517706196252,0.259588009462,0.16760778671877183,0.28960793265632206,0.21044687461725567,0.15029812320167113
selection-selection-SME09208-016142,selection-SME09208,0.6090001143883932,0.01231634468183541,0.0017340473143310487,0.611039298987,0.5826401804625068,0.7099701568302128,0.5440593173471955,0.5878513599868775
selection-selection-SME09216-016154,selection-SME09216,0.357561950978759,0.005279547558789556,0.0011353202370785551,0.426321264643,0.31543201984159636,0.30263530070498285,0.42089449601775725,0.2670338153643329
selection-selection-SME09217-016155,selection-SME09217,0.5853700113688263,0.05604632657951528,0.003699078966455971,0.195359466901,0.6766096742810284,0.6963280409407643,0.6578838314455554,0.6638904251379074
selection-selection-SME09225-016169,selection-SME09225,0.40658847267183823,0.008426300414460271,0.0014342950357663828,0.455674045793,0.4121629245144062,0.5642561917008878,0.41058306783209664,0.35484128644796054
selection-selection-SME09225-016170,selection-SME09225,0.5390599921248691,0.01794901881917159,0.0020933429419589407,0.643200335224,0.4839365748419215,0.672974708504154,0.5100417885519454,0.45652834497113887
selection-selection-SME09258-016222,selection-SME09258,0.06454538162697877,0.00044137038400527843,0.00032826276274889704,0.148778355297,0.052566952938208344,0.3292913178040432,0.1483203059828013,0.05527530719554206
selection-selection-SME09258-016223,selection-SME09258,0.2076344263236679,0.008789651692420167,0.0014648928485455062,0.280147092486,0.20189506421219774,0.49238451754048246,0.29556535166503267,0.18669855616254247
selection-selection-SME09274-016252,selection-SME09274,0.6962960928220225,0.04972107621290382,0.0034840973898975576,0.842559031982,0.7536543561577643,0.6871684437610277,0.6997731868498863,0.7194693886144409
selection-selection-SME09299-016298,selection-SME09299,0.4903197667050653,0.008648777734764149,0.001453106328405256,0.501606187218,0.44540976415069505,0.549352982735056,0.5137067509981809,0.4507108576030218
selection-selection-SME09305-016308,selection-SME09305,0.6987265211896214,0.04851251734155231,0.0034414933247196512,0.226729889308,0.8115278037368127,0.7066969488706538,0.7096225823477773,0.80513526804042
selection-selection-SME09305-016309,selection-SME09305,0.7003708871877553,0.04899702505266781,0.003458636193573845,0.226729889308,0.777650596294927,0.7066969488706538,0.7183075926477521,0.7620270412826716
selection-selection-SME09308-016314,selection-SME09308,0.3079972971221809,0.014507545689600816,0.0018819886481791538,0.430020999143,0.27689977223697154,0.4563736980649298,0.3362616082659067,0.25891045398746826
selection-selection-SME09314-016324,selection-SME09314,0.3675026902046242,0.0026005729174179214,0.0007968095741245111,0.28138898439,0.20789210937894784,0.22544216154269087,0.4092481834507029,0.21658399106924667
selection-selection-SME09314-016325,selection-SME09314,0.6441202333341298,0.009627886122701452,0.0015331530045710243,0.447333519704,0.4310812418379853,0.421233474217385,0.6164451232319706,0.400526265792305
selection-selection-SME09355-016395,selection-SME09355,0.7254956269662912,0.04287786526023038,0.0032354642361334227,0.895590613787,0.7627819291213617,0.7383201224977046,0.7458756293227764,0.7598941533250603
selection-selection-SME09418-016503,selection-SME09418,0.4958942675614779,0.00872471390672352,0.0014594715160405399,0.32115493041,0.47151963247293605,0.5091327461264473,0.4961567968380312,0.44026769202646654
selection-selection-SME09418-016504,selection-SME09418,0.6161629432466428,0.012879044418263139,0.001773216837749271,0.361284787455,0.6227843770852303,0.6026120524696731,0.5824232209743594,0.5998368681723472
selection-selection-SME09438-016541,selection-SME09438,0.6282028291725241,0.05328432213619274,0.0036067807958110555,0.77864428129,0.7050707812235055,0.6748671925529597,0.6983445714765799,0.6923304250637626
selection-selection-SME09454-016567,selection-SME09454,0.7423312830046243,0.04933262759601286,0.0034704608532848814,0.252069357371,0.6732547560013515,0.637848159954644,0.7170350767763262,0.6634760560142337
selection-selection-SME09458-016573,selection-SME09458,0.4636560942108996,0.05614076664011603,0.0037021941947306164,0.170911294678,0.5423039156867504,0.4851482530700496,0.509584109031336,0.4768008432916056
selection-selection-SME09458-016574,selection-SME09458,0.4620349704157163,0.05808525318457685,0.0037657628730133597,0.170911294678,0.48085606597468644,0.4969899068170233,0.5194143122420055,0.4573909491159623
selection-selection-SME09464-016583,selection-SME09464,0.716840151069314,0.024379977139142264,0.002439701386693852,0.708634330499,0.5339113140866216,0.5158318050709781,0.592726838216982,0.5092422640364419
selection-selection-SME09464-016584,selection-SME09464,0.680491192425572,0.015607963941320812,0.001952059955946929,0.677065119742,0.5161430321919828,0.4894235902336547,0.5396631101517463,0.5309364611663245
selection-selection-SME09464-016585,selection-SME09464,0.7774178484276648,0.027397844085922596,0.002586295957308385,0.77241672158,0.6510004165462262,0.5873134651113661,0.6049199585999061,0.5811439960592203
selection-selection-SME09472-016598,selection-SME09472,0.6582308941809718,0.051535056061921526,0.0035470834211176316,0.732102446064,0.7424649679053075,0.7558418707691905,0.6761835343036214,0.7333446423300256
selection-selection-SME09473-016599,selection-SME09473,0.7071068398813085,0.04538993206014425,0.0033288926660184097,0.787614155678,0.7629686583954961,0.7027439548534096,0.7029777328859846,0.7426787405778289
selection-selection-SME09550-016734,selection-SME09550,0.7264623271374445,0.05217059870043487,0.0035688881424539433,0.785343530268,0.6640635299051451,0.5724735625491765,0.67552298668114,0.6142077084546282
selection-selection-SME09557-016746,selection-SME09557,0.22259620308500272,0.004706390741666219,0.0010719240538231262,0.15598832762,0.30704999167479047,0.4377963282950712,0.33483443197504775,0.3285765364663992
selection-selection-SME09557-016747,selection-SME09557,0.6439218735958505,0.02571030083930494,0.0025053799943014496,0.709511863395,0.6635151857096967,0.74667976271248,0.6442533700282957,0.6743887996240739
selection-selection-SME09557-016748,selection-SME09557,0.6124182257581375,0.02469721610901456,0.00245552311669324,0.673928193967,0.6514622730527533,0.7446219281616778,0.6222972890321637,0.6514592529376898
selection-selection-SME09611-016843,selection-SME09611,0.4132929141836036,0.007815802917375015,0.001381359840564637,0.597814297674,0.4048849162744581,0.434393437301524,0.43456441649206196,0.38679868902334535
selection-selection-SME09611-016844,selection-SME09611,0.4987081870051078,0.009397435794260013,0.0015146933182027347,0.675257805378,0.4956158641539534,0.5119009612612804,0.5019547299753847,0.48138056339907076
selection-selection-SME09686-016972,selection-SME09686,0.3825890621569828,0.0065723885507699325,0.0012667229565014662,0.236088243514,0.319728093112174,0.3327835500536536,0.3729707818071614,0.2897699421913634
selection-selection-SME09686-016973,selection-SME09686,0.5385792234918738,0.010997785626452166,0.0016385988699062527,0.291583568187,0.4236865198456211,0.4499368559505586,0.47341114522313615,0.3993648521501214
selection-selection-SME09686-016974,selection-SME09686,0.46844809298753753,0.007038700599960039,0.0013108900654372657,0.291583568187,0.4146197758912667,0.4524186211235294,0.41691864181697763,0.3883096107127637
selection-selection-SME09688-016977,selection-SME09688,0.6818255203257668,0.05115011425519133,0.003533811096123252,0.754368515585,0.7681931475005066,0.7034055875603696,0.7035913088222933,0.7823901197490936
selection-selection-SME09827-017210,selection-SME09827,0.5300106580786943,0.05885253736861932,0.0037905534234476336,0.721344419396,0.5935230805528379,0.6184313029097115,0.6026490462142529,0.5634373258642064
selection-selection-SME09827-017211,selection-SME09827,0.5374958196240394,0.05891322867253084,0.003792507411842408,0.721344419396,0.6110398072339429,0.6165873755142848,0.6026490462142529,0.5714896367178357
selection-selection-SME09829-017213,selection-SME09829,0.40961293869506216,0.010492193762663646,0.0016004907818659264,0.640398791928,0.37284746346845377,0.4071620062791325,0.4264508681538227,0.3604596445839163
selection-selection-SME09829-017214,selection-SME09829,0.4420144374506693,0.009807352514135148,0.0015473762219952445,0.667719778919,0.47147350491637197,0.4596063510172206,0.4517530888346164,0.4711496827355549
selection-selection-SME09829-017215,selection-SME09829,0.361672347602469,0.004555754444100495,0.001054630142433461,0.527820664185,0.3700801100604258,0.3764157702593764,0.3886683375352271,0.35773587360837794
selection-selection-SME09834-017224,selection-SME09834,0.6665328207202775,0.05090726773054182,0.0035254123391139387,0.719139115161,0.7001180146327856,0.7440930511848026,0.6643151804068549,0.6878324050750663
selection-selection-SME09836-017228,selection-SME09836,0.4762288582437937,0.007013558450395644,0.0013085467296025863,0.284459889796,0.42330924376774626,0.5272920830589146,0.5173972948711808,0.42228277443287265
selection-selection-SME09882-017302,selection-SME09882,0.4215643579448405,0.006547239134704137,0.0012642970593856205,0.53234607352,0.3352879741424537,0.3849921833374621,0.4130075474330907,0.3003485448154089
selection-selection-SME09893-017320,selection-SME09893,0.34182614432123926,0.010729665295472143,0.001618501526498316,0.376952611698,0.33986652738016176,0.3881856778010666,0.37344489717382845,0.32043233400767795
selection-selection-SME09893-017321,selection-SME09893,0.440166020938905,0.01626156672060485,0.001992513252816068,0.506670510976,0.427085587350031,0.45157874958825406,0.45555931963738366,0.39665126057495864
selection-selection-SME09899-017331,selection-SME09899,0.587611512934605,0.024354381014125695,0.0024384203497913935,0.31923950269,0.6243181975819667,0.7740227063686358,0.6363600138237364,0.5949856042311781
selection-selection-SME09899-017332,selection-SME09899,0.6518939478377608,0.02538539047136583,0.002489498964761443,0.37682946493,0.703848531929655,0.8005337660291628,0.7030486483255546,0.6788951691021662
selection-selection-SME09899-017333,selection-SME09899,0.667013387408756,0.028305665004309043,0.00262879492261999,0.37682946493,0.6967435616427926,0.8100366892747247,0.7269842309087107,0.6511436413180426
selection-selection-SME09907-017345,selection-SME09907,0.7922962841116654,0.037574463135851964,0.0030287708586201035,0.745387192615,0.8876648701192802,0.793923761070214,0.8197646489041315,0.8484802688128217
selection-selection-SME09907-017346,selection-SME09907,0.806275344826325,0.033007679304578125,0.0028387524469772403,0.745387192615,0.8852990224723953,0.7955638703053456,0.8197646489041315,0.8673548780736836
selection-selection-SME09907-017347,selection-SME09907,0.6855028112067779,0.02160208467741928,0.0022965074470700213,0.652043753319,0.5993328947676678,0.6202645519933382,0.6487207529139472,0.5830731910910655
selection-selection-SME09942-017410,selection-SME09942,0.4096658251401595,0.01127349947488443,0.0016590115152510113,0.436992586888,0.33315638221534777,0.3986603346407669,0.3773111296114897,0.35317755580464094
selection-selection-SME09963-017448,selection-SME09963,0.5028964127331985,0.03539966213273998,0.002939812177312689,0.584645158285,0.5553487011351418,0.5522406428127459,0.48383642603149013,0.5478892360915669
selection-selection-SME09975-017469,selection-SME09975,0.5259389820297486,0.009623329562147136,0.0015327901662926919,0.538310090119,0.48557693793588286,0.5178247249428745,0.5190977064724788,0.4633230949153943
selection-selection-SME09975-017470,selection-SME09975,0.6269851505844121,0.011741808845467681,0.0016931191777789915,0.602241977762,0.6510336103250998,0.6161770921181163,0.6031042995212199,0.6327470483268172
selection-selection-SME09976-017471,selection-SME09976,0.3484059740402754,0.010020912164914967,0.0015641329096379383,0.37969655518,0.39488010254826694,0.3870242382290188,0.3490709282730653,0.3766493902231152
selection-selection-SME10035-017578,selection-SME10035,0.718584944595541,0.05298509983027331,0.0035966394576396337,0.755219424476,0.6415511131232495,0.6065504666805288,0.6922103267869236,0.6345265660043253
selection-selection-SME10035-017579,selection-SME10035,0.7194923016387278,0.051590071201242094,0.003548976222358463,0.755219424476,0.6524700762299167,0.6065504666805288,0.6922103267869236,0.6550183458592643
selection-selection-SME10035-017580,selection-SME10035,0.6481725453092468,0.03810487758537853,0.003050073544890812,0.662116415699,0.47185821162644176,0.5089474431203638,0.6651669294028695,0.4843878929430586
selection-selection-SME10053-017611,selection-SME10053,0.35305751731784535,0.01301517923772612,0.0017825638820489656,0.334344672709,0.3839169447660219,0.4155535329836608,0.3522915703212677,0.3663031750461429
selection-selection-SME10053-017612,selection-SME10053,0.5775563487624218,0.05778695585695334,0.003756080872367367,0.583531940395,0.6704853928769552,0.6004569953181395,0.6085387598529407,0.656813957197825
selection-selection-SME10091-017681,selection-SME10091,0.6000143809658516,0.05795275988979645,0.0037614655415103616,0.754084161484,0.6552637012047509,0.6528685207827666,0.6059685834932134,0.603218284234115
selection-selection-SME10091-017682,selection-SME10091,0.6007974236722319,0.05597841452606554,0.0036968371764121177,0.754084161484,0.6471140117176286,0.6528685207827666,0.6059685834932134,0.5798175504856953
selection-selection-SME10110-017716,selection-SME10110,0.5388703877509506,0.061741540578464815,0.0038824757958407495,0.245737387351,0.651681228717062,0.6774633917802663,0.581437997542457,0.6147639485430632
selection-selection-SME10114-017722,selection-SME10114,0.5468567532734381,0.01327121398797555,0.0018000117992760752,0.657382206825,0.4591116182447756,0.6007514191190302,0.502455395352549,0.4351731271735977
selection-selection-SME10120-017734,selection-SME10120,0.27044548009986763,0.0022764112360866354,0.000745496117988024,0.237874549854,0.3125157856651511,0.41684654277467176,0.3005969687731092,0.2694348221700904
selection-selection-SME10120-017735,selection-SME10120,0.42831374622011353,0.006072654547474916,0.0012176131062983915,0.454291959975,0.4251383986616907,0.5025022480561558,0.42147811022210996,0.40237050975776717
selection-selection-SME10184-017847,selection-SME10184,0.5810520199589939,0.05785390646395573,0.0037582560959574978,0.733766532601,0.6421976548171086,0.6502172271509411,0.6596945420246936,0.6130895541685886
selection-selection-SME10206-017883,selection-SME10206,0.34414962409235605,0.00378729450178439,0.0009615781022489565,0.354307132425,0.31164377373981206,0.46063341913705086,0.3501449295493083,0.2731778917445871
selection-selection-SME10210-017889,selection-SME10210,0.6603485170087381,0.049826605825658676,0.0034877928103465307,0.749525514079,0.7576005579760887,0.655416660224508,0.6549150480423583,0.7435552952695297
selection-selection-SME10214-017894,selection-SME10214,0.4008177743717878,0.009025406451024972,0.0014844084248724367,0.405947251272,0.36556450007718644,0.42222795112255485,0.40748260453265905,0.3635200077269605
selection-selection-SME10214-017895,selection-SME10214,0.4764922224199737,0.011516327169011721,0.0016767836213259606,0.496070259564,0.45874192226987914,0.46285957470065625,0.45093808166084726,0.466774868711999
selection-selection-SME10214-017896,selection-SME10214,0.4968541329938264,0.013581206345583815,0.001820913014249939,0.515822294233,0.4479963625107281,0.46285957470065625,0.47204204220353274,0.44343095290194134
selection-selection-SME10217-017899,selection-SME10217,0.7131054289520282,0.046288281729865155,0.0033616736950074972,0.8159252926,0.8026700645289949,0.8079137212534651,0.69306639911044,0.8025549049846807
selection-selection-SME10217-017900,selection-SME10217,0.7151323370019508,0.046353240632480225,0.003364031679219017,0.8159252926,0.8280948742933544,0.8058558867026628,0.69306639911044,0.8152897327529728
selection-selection-SME10250-017957,selection-SME10250,0.5489267214749952,0.02579542212048938,0.0025095239545848335,0.613310318985,0.6021998027890563,0.6809803268357955,0.5870821309944295,0.5727202330985678
selection-selection-SME10250-017958,selection-SME10250,0.6052104583823978,0.02972193830111968,0.0026937580799037608,0.675071098092,0.6375197143828643,0.7681139960693407,0.6590558772853691,0.6035171942648794
selection-selection-SME10251-017959,selection-SME10251,0.600888935949974,0.02140006984476716,0.0022857441735559796,0.523135049011,0.6216890279777374,0.7358304657836149,0.5984248801892433,0.6082207944362972
selection-selection-SME10315-018080,selection-SME10315,0.6103967172963827,0.05568201295572014,0.0036870369464202025,0.91632870428,0.683786872084611,0.7034599210082904,0.6342709796553655,0.681118531888876
selection-selection-SME10317-018083,selection-SME10317,0.19924161660958062,0.002028037411169568,0.0007036521307338735,0.156651474951,0.24805207761149084,0.3151014265662483,0.33207662582800407,0.22471721349929932
selection-selection-SME10349-018133,selection-SME10349,0.6573520764529979,0.021969877120327365,0.00231597485550468,0.698115206623,0.5117094907261517,0.5334474222333635,0.6445323541790945,0.4841865328415272
selection-selection-SME10349-018134,selection-SME10349,0.7320743256082197,0.026055962819290658,0.0025221655472387975,0.771762287354,0.6098425137049486,0.6024460558087698,0.7037110781895399,0.5905373168978674
selection-selection-SME10434-018266,selection-SME10434,0.12323049721522708,0.005177343260357429,0.0011242774654964852,0.129820683332,0.13639721849652817,0.3741334782743724,0.1503376980030736,0.09202209974453815
selection-selection-SME10434-018267,selection-SME10434,0.08974524420055,0.0033921322257422213,0.0009100314729037381,0.0699154063778,0.13642755032564088,0.3717514888117006,0.1465205974343853,0.09775047019918419
selection-selection-SME10435-018268,selection-SME10435,0.6614424908106676,0.02478010665399709,0.002459640365190307,0.72823693536,0.6499139003738952,0.7777649504941191,0.6885942215584008,0.659693035356823
selection-selection-SME10450-018291,selection-SME10450,0.36638092395337196,0.021606231326759567,0.00229672785066269,0.176149877599,0.40168157440037555,0.5540050817692274,0.4389119381014011,0.3899844770890933
selection-selection-SME10461-018307,selection-SME10461,0.7384370077124249,0.04756685159556202,0.0034077853332953293,0.245032106387,0.6738915018013701,0.5935701825568269,0.6453143810809441,0.6092463521101847
selection-selection-SME10481-018339,selection-SME10481,0.607059537765694,0.05816287738334531,0.0037682782853935147,0.739492747432,0.6887066727713171,0.6429180993294025,0.6426684219664152,0.6504482755670605
selection-selection-SME10488-018351,selection-SME10488,0.5837519714338517,0.04139533338211815,0.003179037993480683,0.679021883984,0.6345240098870343,0.5898831179574217,0.5610119077354794,0.6453418631538774
selection-selection-SME10502-018374,selection-SME10502,0.7924799887323632,0.04009428198247837,0.0031286807223058904,0.841413688774,0.6779767457108908,0.6458898446769492,0.7233755450501356,0.6638940503787765
selection-selection-SME10502-018375,selection-SME10502,0.7873368250262774,0.04243715978154072,0.0032187939841329108,0.841413688774,0.6884285737191855,0.6434080795039786,0.7177332910512575,0.681118531888876
selection-selection-SME10502-018376,selection-SME10502,0.7878516296714537,0.04247881093391095,0.003220373184999194,0.841413688774,0.6709028365139144,0.6458898446769492,0.7233755450501356,0.6473290432167134
selection-selection-SME10512-018393,selection-SME10512,0.22217634739129555,0.007379610018257093,0.0013422602587104886,0.117260130679,0.1627880698571059,0.2804965420515852,0.26032483279523266,0.13357735194665749
selection-selection-SME10512-018394,selection-SME10512,0.1501380119608565,0.0060381964243065404,0.001214153634802023,0.0617668463078,0.17664924073805166,0.2761325400597315,0.219688946343118,0.14344362933520705
selection-selection-SME10557-018465,selection-SME10557,0.3891838159389262,0.005833724097993818,0.0011934190577336076,0.397411894938,0.39008634674923626,0.5886883296228838,0.40437258541960036,0.3410142695008766
selection-selection-SME10557-018466,selection-SME10557,0.5420781582590738,0.010654011886652123,0.0016127855160450438,0.620499406232,0.5145330636651192,0.7000098160979277,0.4844831713616286,0.48441208997485047
selection-selection-SME10568-018485,selection-SME10568,0.4555671802451912,0.006760854659412916,0.0012847565069238728,0.426911294687,0.3860087027153304,0.5345739630755919,0.4325686833782344,0.41049256212122237
selection-selection-SME10568-018486,selection-SME10568,0.6261812897027077,0.014642647657588907,0.001890731379857684,0.658717709175,0.6202816186286094,0.7441348254150824,0.61785010112149,0.6200596862629294
selection-selection-SME10596-018530,selection-SME10596,0.09275269374159906,0.0033393479247842968,0.0009029233020856706,0.155642725465,0.1157091251961635,0.12630454314342152,0.13620106026801893,0.086091099016739
selection-selection-SME10596-018531,selection-SME10596,0.09694668637508735,0.0036341659965429284,0.0009419381921069653,0.160670634891,0.08136175479870995,0.12630454314342152,0.138911154362156,0.053335580246642686
selection-selection-SME10615-018559,selection-SME10615,0.39891353659794637,0.023640347405562718,0.0024024090390296175,0.194976013406,0.37008037172592456,0.38140930060140615,0.39939002627726994,0.3679828832637064
selection-selection-SME10615-018560,selection-SME10615,0.4432912915969672,0.024623121639154165,0.002451836924926722,0.237022045526,0.4343557377776843,0.43966430393415634,0.44055495022165553,0.39803752947999044
selection-selection-SME10618-018565,selection-SME10618,0.5079148956645194,0.004143577704208459,0.0010057910570498815,0.548368010081,0.302404215254573,0.26560272383395556,0.4901934462353994,0.28409656741733386
selection-selection-SME10627-018580,selection-SME10627,0.27231094436865716,0.003243273949941475,0.0008898398334447219,0.31723810094,0.2516916255604763,0.24906354113653928,0.27074876836545186,0.2383593005176761
selection-selection-SME10651-018620,selection-SME10651,0.6490582604071891,0.0073218960804801786,0.001337001228598344,0.700141329694,0.5128115435547373,0.5137981899230147,0.6363385355155572,0.4876333534035137
selection-selection-SME10694-018688,selection-SME10694,0.6107987032783215,0.053152587032115436,0.0036023195053170335,0.668719282325,0.6719382055022518,0.6914349642232281,0.6169316053395885,0.6273635789867933
selection-selection-SME10746-018780,selection-SME10746,0.25173513915310974,0.01353640913363872,0.0018179074195740182,0.159321095432,0.11566134425126044,0.16259196791245803,0.396747903840945,0.08247985119449369
selection-selection-SME10746-018781,selection-SME10746,0.22395210445002287,0.012864426282067808,0.001772210222510428,0.128564026741,0.0938540066361346,0.1609496675302321,0.3630636673047325,0.05751446286432621
selection-selection-SME10747-018782,selection-SME10747,0.2716064359893133,0.0032367503807944785,0.0008889444644836662,0.270225843935,0.3018889293051475,0.3183042431498796,0.3007495240743393,0.27880041269083355
selection-selection-SME10747-018783,selection-SME10747,0.4457650257892247,0.0065101129499697714,0.0012607073587578576,0.509893420313,0.44816757828229886,0.43794431744905943,0.4286358842312312,0.4433528105875497
selection-selection-SME10754-018794,selection-SME10754,0.34710622484451403,0.006476294551137128,0.0012574285663204542,0.41721716561,0.3555086536725377,0.5255897481071462,0.42155914146454926,0.3327948930705293
selection-selection-SME10754-018795,selection-SME10754,0.45922619649239893,0.009795101004853868,0.0015464094157962023,0.546647491633,0.47968893642412436,0.597691096029312,0.4996890912983361,0.45829350482358755
selection-selection-SME10785-018850,selection-SME10785,0.5419610625717528,0.021327132146824242,0.0022818456064736857,0.635109187155,0.5353642623218396,0.6297829912582119,0.5554766989920719,0.5246419218332291
selection-selection-SME10808-018887,selection-SME10808,0.5433328252690908,0.014208486720411771,0.0018624899538589544,0.598480538781,0.45196080615987444,0.6305367514614459,0.5319545646329303,0.4287404105478093
selection-selection-SME10808-018888,selection-SME10808,0.6112423823676666,0.015536191180588825,0.0019475665392865128,0.662404415461,0.5405455934136323,0.7387556925516994,0.6174221570455324,0.5349093267017606
selection-selection-SME10841-018947,selection-SME10841,0.594673965073466,0.028596425348174685,0.002642262128795932,0.67371627787,0.577288367536333,0.7584484401159863,0.6001578985824034,0.5768758207685007
selection-selection-SME10841-018948,selection-SME10841,0.723251358979306,0.04406849693021883,0.0032800778014178576,0.861342524421,0.8377944604026971,0.8096530120693773,0.7155863454870489,0.8265578808937711
selection-selection-SME10875-019003,selection-SME10875,0.6591975509595228,0.052295810053569924,0.0035731683071694013,0.138069875997,0.7119397466236967,0.6286391281742051,0.637401945632375,0.7221078408308401
selection-selection-SME10875-019004,selection-SME10875,0.35294464118189495,0.009779003030032431,0.0015451381529264661,0.138069875997,0.44629209182532886,0.4181628907402639,0.37821329994386077,0.4746481395811669
selection-selection-SME10875-019005,selection-SME10875,0.49680060881011173,0.023823053383146164,0.002411674758828327,0.138069875997,0.4257450126725648,0.53062298096155,0.5089095332381159,0.4496245029259731
selection-selection-SME10885-019021,selection-SME10885,0.6542919476522191,0.0525504820791698,0.003581858112608568,0.734725952137,0.7340257652868283,0.7906169293512832,0.6740580940659003,0.716417069626854
selection-selection-SME10885-019022,selection-SME10885,0.6624610538606708,0.050314422050802256,0.003504824452950054,0.734725952137,0.745349972018734,0.7906169293512832,0.6740580940659003,0.7299121606285687
selection-selection-SME10885-019023,selection-SME10885,0.6584867870917472,0.05201160765108341,0.00356344586028612,0.734725952137,0.7049792546210517,0.7906169293512832,0.6740580940659003,0.690470746239176
selection-selection-SME10904-019052,selection-SME10904,0.724652474438559,0.04549475855630569,0.0033327344310881673,0.899070243504,0.8258777528013522,0.6928595996692848,0.7227480043033353,0.8004902041417378
selection-selection-SME10920-019083,selection-SME10920,0.45146715555931516,0.015599438679332379,0.0019515267635421712,0.518798828236,0.4469866765434951,0.5085609510736896,0.5066161474805514,0.39508917021727363
selection-selection-SME10920-019084,selection-SME10920,0.5186162012035928,0.019909224521825128,0.0022046883040520064,0.611462321954,0.5365094590331893,0.5863975798099359,0.5824444953802462,0.5231000150791814
selection-selection-SME10920-019085,selection-SME10920,0.3429736234264239,0.0038132871056610045,0.000964872166289669,0.390757953485,0.30142358525017227,0.34155608967039974,0.3455697363759918,0.345476464954322
selection-selection-SME10927-019098,selection-SME10927,0.4044831728039262,0.029158017773202222,0.0026680810862698117,0.498166317836,0.47061690467475437,0.4635010397510523,0.46065058054904634,0.44996145145274646
selection-selection-SME10927-019099,selection-SME10927,0.4694033043665714,0.035480985960090236,0.0029431870630173434,0.567802057039,0.5122525714399393,0.5280373914179958,0.5168747183419964,0.4751605707447365
selection-selection-SME10954-019144,selection-SME10954,0.30205560543640686,0.001743670090474051,0.000652457435916046,0.362568268871,0.36158165454385055,0.3012617472365806,0.2820552930068959,0.35132011545931846
selection-selection-SME10974-019178,selection-SME10974,0.44627308023063333,0.008461556073647793,0.0014372924505099574,0.512717346174,0.38262853487994675,0.6114724662045551,0.4651510185061228,0.3835783571872954
selection-selection-SME10986-019201,selection-SME10986,0.5621792704719075,0.05583847709317734,0.003692213522614381,0.738567128355,0.6510497536161307,0.5859417939140648,0.6135802934374193,0.5852159156059565
selection-selection-SME10986-019202,selection-SME10986,0.556460382802219,0.05594766187969942,0.003695821578296021,0.738567128355,0.6630449927967387,0.5667279915292429,0.5979243624377548,0.6194333058726851
selection-selection-SME10992-019211,selection-SME10992,0.5861479722786196,0.05709635085279401,0.003733569174720138,0.820921642281,0.6655646711280011,0.6267652317675045,0.616500661101623,0.6370667578948136
selection-selection-SME11015-019251,selection-SME11015,0.26530951092362787,0.008611050980676502,0.0014499335737644067,0.257002902029,0.16795324886193314,0.27106314373854845,0.3015789251561044,0.13974709308571123
selection-selection-SME11023-019262,selection-SME11023,0.5669047811881116,0.055683691724043104,0.0036870925266143254,0.228155592727,0.7169956158304607,0.5802813110996569,0.6093303372381222,0.6590734527867341
selection-selection-SME11039-019289,selection-SME11039,0.5777262934217933,0.0577087065365549,0.0037535369562288977,0.679166806235,0.6293743957380373,0.6441511280012716,0.656772752910574,0.6205385306288013
selection-selection-SME11049-019301,selection-SME11049,0.6419191110980615,0.05186232959166057,0.0035583284784381566,0.833478384338,0.7340257652868283,0.653587226480089,0.6609156558157329,0.7136871562813989
selection-selection-SME11049-019302,selection-SME11049,0.6456148502055412,0.05152141223601444,0.0035466138476275104,0.833478384338,0.7288686560949738,0.6521019466319906,0.6653100370253395,0.7007035738672014
selection-selection-SME11068-019334,selection-SME11068,0.6357337244395131,0.05127220255690315,0.003538025943569229,0.724900456402,0.6831422808478673,0.630329255394824,0.639865987084142,0.6851061163362733
selection-selection-SME11089-019373,selection-SME11089,0.28564248464063957,0.003602411965059443,0.0009378140053641184,0.335416839455,0.3131511107251759,0.5000163987174514,0.34167388300791246,0.28316535479256566
selection-selection-SME11089-019374,selection-SME11089,0.49682863999707993,0.007062570722928228,0.0013131109741382865,0.476859158159,0.46479784046304656,0.64628373531168,0.47035467641530015,0.43821368484513223
selection-selection-SME11089-019375,selection-SME11089,0.3199988374978925,0.0017428312441874554,0.000652300474647576,0.361970519392,0.2894450829691403,0.520364167372336,0.3432090454694947,0.2766625227668447
selection-selection-SME11098-019389,selection-SME11098,0.06376766370383241,0.0005890531519414953,0.00037922526903308624,0.0671413691412,0.05135238267006837,0.3024278744806993,0.2044013242875168,0.04342447956918115
selection-selection-SME11140-019468,selection-SME11140,0.656312722814076,0.011990944857139965,0.001710987075276341,0.593861086606,0.42528931999759284,0.4349120845582636,0.6187552270619825,0.4063678457132271
selection-selection-SME11142-019470,selection-SME11142,0.6428466942231412,0.05158472434534059,0.003548792307549734,0.856891061483,0.6679985542530091,0.6090462111611501,0.6104523161198543,0.6573342962548837
selection-selection-SME11142-019471,selection-SME11142,0.6420253526561019,0.0511423640096867,0.0035335433651368163,0.856891061483,0.6256603920373047,0.6090462111611501,0.6104523161198543,0.6258938139821515
selection-selection-SME11155-019494,selection-SME11155,0.4253364288941191,0.007410537994748119,0.0013450700270335565,0.441896208275,0.3760932507120674,0.44868511526478977,0.4441353570122149,0.3464936490786909
selection-selection-SME11155-019495,selection-SME11155,0.3414619249564905,0.0025772044143941965,0.0007932214674874591,0.371048828241,0.3816558493731855,0.4408614796027179,0.3887900368557389,0.3657469687175386
selection-selection-SME11155-019496,selection-SME11155,0.5295335380968302,0.008342989809616006,0.001427187004736339,0.504112127236,0.5043519808151075,0.5439615828799842,0.5037568386848496,0.48057294296664105
selection-selection-SME11156-019497,selection-SME11156,0.7156946259575566,0.041964097417826966,0.003200803175946494,0.241210421489,0.7563954943659035,0.6942722972013582,0.7165262042799654,0.7393794719278075
selection-selection-SME11156-019498,selection-SME11156,0.6491948359029212,0.03552876222226159,0.002945167943330114,0.241210421489,0.7191231666375283,0.6780030847352466,0.6629140256623798,0.7227899178874756
selection-selection-SME11162-019509,selection-SME11162,0.7070852352827098,0.02049232906574938,0.002236740938467779,0.79453189517,0.7752460276325001,0.7187285298510132,0.678454907198134,0.7503610984480723
selection-selection-SME11171-019523,selection-SME11171,0.46648360589300597,0.006905552234425765,0.0012984320692600183,0.358554232975,0.34646281792321654,0.6126499203437008,0.49669775474816413,0.30869695927657326
selection-selection-SME11182-019542,selection-SME11182,0.7047486243264587,0.046724816288988724,0.0033774880979514773,0.762547981433,0.7483651703094211,0.6957507774306083,0.6864140621425281,0.749452220445329
selection-selection-SME11184-019544,selection-SME11184,0.3520241812171138,0.0056584354331160195,0.0011753526973479454,0.237660794169,0.33419916363905994,0.4138447003603761,0.3836249880133925,0.31050429800282425
selection-selection-SME11184-019545,selection-SME11184,0.4950212505225184,0.006632093169113185,0.0012724635049248068,0.345828557434,0.4801382865142124,0.4918021209208483,0.4457702135593835,0.4381803604073441
selection-selection-SME11185-019546,selection-SME11185,0.5806423438527766,0.021984749577313813,0.002316758619768982,0.71117279777,0.37670114535923627,0.36349179820872013,0.5409313894127253,0.36529829621648197
selection-selection-SME11185-019547,selection-SME11185,0.6597902126250749,0.0245554427168847,0.0024484650563265,0.786323648028,0.44217947642059846,0.42687793908377736,0.5837364218751527,0.4280378054907235
selection-selection-SME11192-019561,selection-SME11192,0.45656360230263254,0.018951663746278786,0.0021510162788334133,0.560421712307,0.48243345544142535,0.6974625664170304,0.49686695738406245,0.5048028064230379
selection-selection-SME11192-019562,selection-SME11192,0.6437391316879156,0.052364565530328915,0.0035755164321294845,0.820205113422,0.675559187828344,0.7640291768621176,0.6839588598886059,0.6658875635369897
selection-selection-SME11208-019592,selection-SME11208,0.14520979097393089,0.005938176514706314,0.0012040556987368653,0.181453102468,0.09418816461127942,0.3877099932650278,0.2652791022301633,0.09976749428623144
selection-selection-SME11208-019593,selection-SME11208,0.1629938566769645,0.007369162152477375,0.0013413097530519083,0.211358228136,0.17608329363999392,0.3572905032636333,0.25629236524825216,0.15584579528359868
selection-selection-SME11256-019678,selection-SME11256,0.6328171712659985,0.05526032149277606,0.0036730490640539066,0.720087470918,0.7356810312995977,0.6696145925511138,0.6719311787124684,0.693012259124757
selection-selection-SME11256-019679,selection-SME11256,0.6339141465205071,0.05575076200924511,0.0036893123859553225,0.720087470918,0.7417969930559574,0.6714585199465405,0.6719311787124684,0.7008991002230777
selection-selection-SME11290-019738,selection-SME11290,0.36497665186984185,0.017418941164369,0.002062200568011578,0.476073347343,0.3182042785200857,0.48292122181524166,0.476719727480878,0.3145549836545945
selection-selection-SME11290-019739,selection-SME11290,0.5119173737190819,0.03925513618108772,0.0030957670263944068,0.635504336342,0.6322470337094446,0.6154916470047931,0.5475447835767423,0.5801535528465177
selection-selection-SME11296-019748,selection-SME11296,0.8193042870731585,0.03725666591354481,0.0030159352946555443,0.907330763906,0.7314582684596491,0.7031372226508523,0.8061501566350738,0.7132727871577251
selection-selection-SME11302-019760,selection-SME11302,0.41635767850483074,0.005878041146556911,0.0011979435042171734,0.48517444419,0.3718927592394059,0.4741997195107493,0.40977750445113675,0.3479390300792013
selection-selection-SME11302-019761,selection-SME11302,0.3921384564391015,0.005417871048422128,0.0011500967019912646,0.452353454819,0.35595248757754383,0.46738617398910387,0.3835545102982514,0.33014573241732037
selection-selection-SME11304-019763,selection-SME11304,0.8051993672672033,0.03899031623872315,0.003085307144429792,0.84595234251,0.6691053915730798,0.6469952376191089,0.6798340316443261,0.6548611551728782
selection-selection-SME11304-019764,selection-SME11304,0.8070906413729871,0.03732221128718548,0.003018587085050805,0.84595234251,0.6997737342668681,0.6575815067150406,0.688712898905726,0.6774379685573195
selection-selection-SME11368-019874,selection-SME11368,0.3511645291815021,0.0062977602290740075,0.0012399754507353246,0.396621686492,0.345239283087993,0.5277827675733601,0.3834366752612483,0.3060362849133253
selection-selection-SME11368-019875,selection-SME11368,0.45948077689092715,0.012284310134369003,0.0017317907361741726,0.53494206787,0.44451083330578706,0.6750346966956249,0.4649155935485858,0.4144431408517612
selection-selection-SME11456-020026,selection-SME11456,0.7161168934238958,0.029408901058736753,0.0026795349382016187,0.727101712391,0.637931196064625,0.6037550912179556,0.7193730437433344,0.6011712614092473
selection-selection-SME11485-020072,selection-SME11485,0.23155539480514725,0.0063561716975622596,0.0012457125394127494,0.174698912593,0.3566556523170089,0.49509855791464935,0.33707171533366964,0.3998810419772052
selection-selection-SME11485-020073,selection-SME11485,0.6367958313471745,0.05166443661346432,0.00355153316823651,0.909878215862,0.6785516741115699,0.6774388014428624,0.6501381458489268,0.6702425831375508
selection-selection-SME11485-020074,selection-SME11485,0.3181480541146605,0.008231317176587254,0.0014176032308319728,0.271975633041,0.3932925474370608,0.5419395236100394,0.3848490276375515,0.3753898192823524
selection-selection-SME11490-020080,selection-SME11490,0.539684426982572,0.020334788408464248,0.002228126556388846,0.52377914784,0.3252081020287139,0.4095028481799738,0.45013839086534474,0.29528464044250446
selection-selection-SME11490-020081,selection-SME11490,0.6966328406986333,0.039527615259373816,0.0031064926676531946,0.804921887735,0.6024001101221976,0.5865839881411524,0.6593449472293718,0.5702072285040701
selection-selection-SME11490-020082,selection-SME11490,0.6958432537035362,0.04003545951641044,0.0031263848305188922,0.80693900716,0.6019929087259195,0.5865839881411524,0.6633029641512871,0.553203540916688
selection-selection-SME11492-020086,selection-SME11492,0.5185907462078506,0.026378875240492112,0.002537746064524733,0.7015207197,0.5268422348009776,0.6297605084544431,0.553958914055276,0.4955394362371777
selection-selection-SME11492-020087,selection-SME11492,0.5603916218860142,0.02722365775635254,0.002578061446013653,0.743734865574,0.6039153348824259,0.7265159661206764,0.6093105533468459,0.5797873400009533
selection-selection-SME11519-020129,selection-SME11519,0.3453948277155162,0.005886962935335511,0.0011988522888098626,0.363749982547,0.3775091619285013,0.4518494664735165,0.4109652701952082,0.3390591041019689
selection-selection-SME11544-020174,selection-SME11544,0.3888090917648499,0.011736498478255485,0.0016927362682334314,0.434745349165,0.3339031179763036,0.4249935202360191,0.4042059927644081,0.330863275227397
selection-selection-SME11544-020175,selection-SME11544,0.5941043089929916,0.0358556634584501,0.002958686209542281,0.61524239061,0.7042618338547332,0.6245929890067635,0.6057242583339508,0.6920537418445303
selection-selection-SME11566-020212,selection-SME11566,0.6677008587264894,0.049037776368138636,0.0034600741857838246,0.662669859664,0.7318976426264407,0.6428031411234639,0.6489686493587918,0.7352800577442643
selection-selection-SME11566-020213,selection-SME11566,0.6711824057527869,0.04803933364166236,0.0034246682963257878,0.662669859664,0.7007022205811583,0.6444432503585955,0.6533630305683985,0.6999898970767345
selection-selection-SME11592-020252,selection-SME11592,0.61275577030888,0.05324301984031049,0.003605382662173435,0.864548702605,0.7156040627665283,0.7121156077362171,0.6492363270480808,0.692243073394438
selection-selection-SME11592-020253,selection-SME11592,0.6124231929411543,0.053228173373410716,0.003604879958471967,0.864548702605,0.6982063736891229,0.7121851385625192,0.6530622585515696,0.6657643999785259
selection-selection-SME11648-020343,selection-SME11648,0.4650298694295346,0.01092543531926517,0.0016332001124303394,0.446648534281,0.4407039590313649,0.4721713293689759,0.462286488452407,0.4091555509147818
selection-selection-SME11658-020359,selection-SME11658,0.5328268103967596,0.005839556204987358,0.0011940154528347787,0.426082412688,0.43675071109604097,0.494736892188624,0.46430404266212966,0.42904794374238947
selection-selection-SME11683-020407,selection-SME11683,0.6888166121391691,0.026347852775498455,0.0025362533871871274,0.687431516276,0.7243942456781481,0.6409636634688964,0.6139057086425567,0.722484519229422
selection-selection-SME11689-020414,selection-SME11689,0.6703659082972959,0.048392632815436716,0.003437238371273693,0.882841924172,0.709057905358669,0.7029690478484071,0.7091682834702943,0.7007163143501052
selection-selection-SME11689-020415,selection-SME11689,0.6671115866516343,0.049827455608858096,0.0034878225520382157,0.882841924172,0.7261937791286288,0.7029690478484071,0.7091682834702943,0.7149433836711017
selection-selection-SME11689-020416,selection-SME11689,0.665399425604837,0.050892586704499046,0.0035249039598126766,0.882841924172,0.6773313616016499,0.7029690478484071,0.7091682834702943,0.6764118140766632
selection-selection-SME11690-020417,selection-SME11690,0.2366477592495676,0.008831909183479697,0.0014684099659148235,0.21396704094,0.19405712179248,0.31891609485045197,0.3122080861582423,0.18574739499608728
selection-selection-SME11777-020568,selection-SME11777,0.7265060512803552,0.012403576175744772,0.0017401772437833562,0.731092933915,0.49376835539206626,0.540783990322095,0.6623654662406557,0.4760266806581008
selection-selection-SME11779-020570,selection-SME11779,0.3505502519858914,0.005945852770476814,0.0012048336862580623,0.384388815734,0.38561953058100623,0.5457879324881721,0.3798901130154494,0.3624085156786541
selection-selection-SME11779-020571,selection-SME11779,0.5572625664210291,0.015594899522788133,0.0019512428132617673,0.625129472657,0.4877129237952137,0.627570900239197,0.5140312731009141,0.47679802560907836
selection-selection-SME11808-020617,selection-SME11808,0.16500764528780085,0.0010743262169029906,0.0005121393111728309,0.145543160921,0.2507386019713585,0.427543969465188,0.24667240983205288,0.24676866341231685
selection-selection-SME11808-020618,selection-SME11808,0.23647004208281214,0.002380533113144007,0.0007623548006513591,0.196466894157,0.34538152844440584,0.4494008105820538,0.3251062614718596,0.34447840230208854
selection-selection-SME11881-020738,selection-SME11881,0.40393544576895196,0.009461618636410101,0.0015198570615044067,0.435974259131,0.43110469510821964,0.502437627886824,0.4476583978749365,0.3977400991420148
selection-selection-SME11881-020739,selection-SME11881,0.4601854359247376,0.010280304591331967,0.0015842474516685062,0.494987318093,0.4653912846822805,0.5734007584883779,0.4855543486395276,0.4588638250899838
selection-selection-SME11909-020787,selection-SME11909,0.2281130149964014,0.008347249260634838,0.001427551278071011,0.207031757665,0.2023250310889033,0.296629980724597,0.316730728897776,0.17348540577574134
selection-selection-SME11909-020788,selection-SME11909,0.2414087472253913,0.008020152986503916,0.001399301669662651,0.221329203344,0.1788437073124253,0.29372511151213443,0.31837079263157075,0.14890685531595904
selection-selection-SME11924-020816,selection-SME11924,0.7764863622987552,0.038100291196964176,0.003049889982525408,0.653136850605,0.8407289228697664,0.8506227527577646,0.7636589767370823,0.8381276278165302
selection-selection-SME11924-020817,selection-SME11924,0.6671128269701384,0.023666122695693813,0.002403718366667229,0.561472956761,0.5450442790134388,0.7636944756898504,0.6810385509574751,0.5653931426985214
selection-selection-SME11972-020900,selection-SME11972,0.47802178787141947,0.024559084572627704,0.0024486466174173,0.46271186522,0.4973654785335438,0.6182663703556515,0.49504837507056565,0.4646799377341599
selection-selection-SME11972-020901,selection-SME11972,0.5260876550765335,0.028828622559281987,0.002652967758852754,0.514356429765,0.5275122915833014,0.714916794700117,0.5328109296551217,0.48814576140514965
selection-selection-SME11984-020922,selection-SME11984,0.5178362304288395,0.044703878927163695,0.003303639347931622,0.142952588792,0.5930429056671163,0.5914325826946758,0.5815135662562579,0.5645494840992576
selection-selection-SME11984-020923,selection-SME11984,0.5557703824631729,0.044632740095661164,0.003301009703472148,0.189692739842,0.617368284526381,0.6683537888317126,0.6547348112334223,0.6142944382763721
selection-selection-SME11984-020924,selection-SME11984,0.407007572062545,0.014447533085975987,0.00187809205240807,0.189692739842,0.3991177111010457,0.5357607439521472,0.48158202647334863,0.3914886120787281
selection-selection-SME11987-020929,selection-SME11987,0.5213098199370931,0.020888357824011942,0.0022582508129917536,0.688814024223,0.5281520586889508,0.5388532731183912,0.537462889216936,0.5093894530717682
selection-selection-SME11987-020930,selection-SME11987,0.6198898547860079,0.027175568330882485,0.0025757834219964724,0.819934037855,0.5966289998456823,0.6238920748077685,0.6394763009262706,0.5808488783386839
selection-selection-SME12056-021052,selection-SME12056,0.39480877719892765,0.012993601430288493,0.001781085616749382,0.476739379283,0.3531467118219212,0.4144413147517519,0.4060505101593336,0.33985671954303615
selection-selection-SME12056-021053,selection-SME12056,0.37626911374943556,0.005704085187515036,0.0011800842862834684,0.419275607035,0.33302043172287027,0.35386285917922794,0.3922036293728811,0.31137542826943176
selection-selection-SME12066-021067,selection-SME12066,0.4425644735384805,0.01948290908746788,0.00218095612093242,0.378277391884,0.43608567116949387,0.530373640759113,0.42177840890843593,0.4260941326620672
selection-selection-SME12066-021068,selection-SME12066,0.47515109169845254,0.015986010327637218,0.0019755593012222654,0.415713687571,0.4563370968928726,0.6000636252634807,0.4068843001339271,0.4552934502874361
selection-selection-SME12066-021069,selection-SME12066,0.46856846498219834,0.015954908606188947,0.0019736365822848054,0.411407106236,0.42240135011842134,0.546095114900821,0.4097577078994567,0.4140596439034442
selection-selection-SME12090-021108,selection-SME12090,0.3941215928315367,0.007526177070424281,0.001355524095630193,0.482853456311,0.346894937965911,0.4266595858912289,0.4370339171499767,0.32788071068912583
selection-selection-SME12090-021109,selection-SME12090,0.5481366634024851,0.01072633768258231,0.001618250532453704,0.687817683348,0.48499110453346994,0.5298443882310644,0.5451741157731029,0.4672747797089923
selection-selection-SME12101-021125,selection-SME12101,0.4503076639010597,0.008917761957258139,0.0014755297278761365,0.514944698951,0.45315649396571295,0.45568200434048334,0.4467016850527857,0.4228003379380661
selection-selection-SME12107-021135,selection-SME12107,0.24497380900671636,0.0076082830408286005,0.0013628980067359388,0.326043353878,0.22967958296193813,0.44787051794061156,0.25268671474428583,0.18433102196221274
selection-selection-SME12108-021136,selection-SME12108,0.7771293972262974,0.035541228358805854,0.002945684590173664,0.845517740608,0.8418613259473183,0.8140732566742941,0.7129688777692219,0.8425127809609908
selection-selection-SME12108-021137,selection-SME12108,0.776378797750268,0.03590236201767251,0.0029606122849793804,0.845517740608,0.8892351549723241,0.8140732566742941,0.7129688777692219,0.8668546475241731
selection-selection-SME12120-021158,selection-SME12120,0.49603587982398545,0.008691918498788026,0.001456725923001019,0.375880133388,0.37299433035709517,0.4585539492095403,0.46306134013447803,0.36340200210006773
selection-selection-SME12120-021159,selection-SME12120,0.6208774738875935,0.015020914369005722,0.0019149974992465494,0.41531107858,0.6029412122409811,0.5439615828799842,0.574332529189203,0.5740037533984299
selection-selection-SME12125-021166,selection-SME12125,0.5040968838182258,0.0077583645654270275,0.0013762746724332348,0.466328069795,0.44165765843601335,0.6377563068427556,0.49355134898578096,0.44961120250361214
selection-selection-SME12212-021308,selection-SME12212,0.4184526891425875,0.010962900763396228,0.0016359979963889112,0.219740029115,0.40399858214988027,0.34247628404528885,0.46162184656583105,0.4140258750695846
selection-selection-SME12223-021328,selection-SME12223,0.7735691297228116,0.0451155048886542,0.003318814179900193,0.802188603479,0.7240521044510064,0.6474005056288433,0.7197520472864198,0.7027582173876609
selection-selection-SME12223-021329,selection-SME12223,0.7744013068536938,0.045389411242801665,0.003328873567620078,0.802188603479,0.7334179486040098,0.6474005056288433,0.7197520472864198,0.7192507205784786
selection-selection-SME12223-021330,selection-SME12223,0.771066204680803,0.04656650501367644,0.0033717615037402336,0.802188603479,0.7184852830197267,0.6453426710780411,0.7256131574927357,0.6863730447836552
selection-selection-SME12227-021337,selection-SME12227,0.5752951830790222,0.05778171129391067,0.003755910423434631,0.215760873281,0.6214098749857785,0.5924821401610018,0.6027162365384586,0.6088181301724465
selection-selection-SME12264-021400,selection-SME12264,0.2577078894890214,0.008267129722620692,0.0014206837147784487,0.252423957756,0.27193847623396566,0.31029443052199934,0.2820044638365496,0.24026291234189973
selection-selection-SME12287-021436,selection-SME12287,0.45937801650410703,0.016425199861459714,0.0020025130611126332,0.483962209358,0.48114502014108895,0.5592300084009141,0.44478501922552693,0.44765555826627773
selection-selection-SME12287-021437,selection-SME12287,0.5494133944500476,0.02312939492553169,0.002376304890579308,0.616695060411,0.5708655743817594,0.6659419175731699,0.536389062836333,0.5506259189390635
selection-selection-SME12296-021453,selection-SME12296,0.4243502902045865,0.01829160136125394,0.0021132257306277972,0.204392887453,0.2271340948544987,0.2436291204900171,0.44143759963926943,0.21172137778031094
selection-selection-SME12296-021454,selection-SME12296,0.42586627927381693,0.018025377676764192,0.002097790974302792,0.204392887453,0.22009353766179274,0.2436291204900171,0.44516867658452597,0.19342016592352096
selection-selection-SME12323-021495,selection-SME12323,0.46181916492058206,0.014455174650847884,0.0018785886653927622,0.602978494423,0.4872724869459816,0.6256408673035139,0.4838612431622393,0.46431115119016964
selection-selection-SME12323-021496,selection-SME12323,0.54449977815472,0.020571709643348167,0.0022410689524522773,0.692732144258,0.5846624348152243,0.636980448582723,0.5418086186329175,0.5632808726840205
selection-selection-SME12389-021613,selection-SME12389,0.4585606304915991,0.010515295436664475,0.0016022517904396027,0.284812318532,0.46962248708650345,0.5469518874323731,0.5212412654952417,0.46327384092218316
selection-selection-SME12389-021614,selection-SME12389,0.7785631721086295,0.035202513379352714,0.0029316145070602366,0.284812318532,0.8749842490904585,0.8279922338105357,0.8507687501848995,0.8553320054274598
selection-selection-SME12526-021852,selection-SME12526,0.59043834577781,0.04172196805270383,0.0031915556326996943,0.163775007183,0.6277832950616135,0.666630654947175,0.6336897165734054,0.6413721757575467
selection-selection-SME12531-021861,selection-SME12531,0.28233977728680504,0.0023354267996829967,0.0007550977145484925,0.274937131568,0.2795246178221837,0.32238788440824484,0.2654704770760392,0.26571832768250914
selection-selection-SME12531-021862,selection-SME12531,0.5855307348907434,0.0208499309389803,0.00225617268192164,0.699012627807,0.6420397438875163,0.6182410235427026,0.5956449853738436,0.5960715732887345
selection-selection-SME12531-021863,selection-SME12531,0.6195060040029763,0.025250754875921117,0.0024828884544274596,0.746211157825,0.6106973759216904,0.6331331821513558,0.6480735961865588,0.5714072658979573
selection-selection-SME12560-021916,selection-SME12560,0.5677491194245605,0.025548993486109863,0.0024975082057562474,0.676277874486,0.5872776767130898,0.5399775541770938,0.5190440888375562,0.5642131944729086
selection-selection-SME12575-021942,selection-SME12575,0.7809354453807453,0.03434579802445212,0.0028957217745863473,0.807027271083,0.8299253797103959,0.8290132065750712,0.7498485603252978,0.8385419969402039
selection-selection-SME12575-021943,selection-SME12575,0.4921733706466357,0.010956452743880261,0.0016355168053780102,0.451256812588,0.5001982332917735,0.6545709473187729,0.5062370313680606,0.5061683012131325
selection-selection-SME12582-021955,selection-SME12582,0.649774298573874,0.050156257146347416,0.0034993113561628056,0.671543250956,0.7576792244735534,0.7236066318920141,0.6775056307173062,0.7419238544242058
selection-selection-SME12597-021982,selection-SME12597,0.5626544691798954,0.013769858272811207,0.001833516240693152,0.612558920787,0.34350965316036697,0.45926385984886287,0.5223404576596055,0.3350300201718398
selection-selection-SME12597-021983,selection-SME12597,0.7944867518526959,0.029115837090386266,0.0026661505330054197,0.960071463978,0.6988023398413999,0.6789541422951482,0.7672347383403082,0.6805575674186102
selection-selection-SME12597-021984,selection-SME12597,0.7965056534729453,0.030715609538321167,0.0027384170810783536,0.966773178772,0.6616557583586596,0.6789541422951482,0.7765951432995651,0.6447463863063522
selection-selection-SME12604-021996,selection-SME12604,0.5725256422643816,0.027022398777896885,0.002568514225507615,0.862121616831,0.6687412181306805,0.6738202693627242,0.5932453025364214,0.644285303202482
selection-selection-SME12604-021997,selection-SME12604,0.5890055713851334,0.02989900837040462,0.0027017702697362733,0.887465639013,0.6595008625225122,0.6738202693627242,0.6230758136319435,0.6213557565160979
selection-selection-SME12677-022128,selection-SME12677,0.536799566807078,0.013221944639340684,0.001796667422748026,0.547624694833,0.261939592511075,0.3366807485236364,0.5880589694186521,0.22793446663807512
selection-selection-SME12746-022242,selection-SME12746,0.23164115236785643,0.0031070683720156637,0.0008709544272013528,0.271815035055,0.2754919342751042,0.27186614695486266,0.21891873115219493,0.26195740418130387
selection-selection-SME12746-022243,selection-SME12746,0.5394247440007434,0.02963025706070069,0.0026896002449639483,0.73626352565,0.6503633004873618,0.5572982514863936,0.5536475087835965,0.6139796213674207
selection-selection-SME12777-022293,selection-SME12777,0.3955517675721952,0.007095390492181939,0.0013161584514716897,0.450267495872,0.40237237963331896,0.5743498248632953,0.42080535576142847,0.3868528658418508
selection-selection-SME12780-022298,selection-SME12780,0.18075161786602092,0.007200671216160477,0.0013258870129588451,0.260644905936,0.2397359450340905,0.42158452916450273,0.24346254602587217,0.1954697630186329
selection-selection-SME12780-022299,selection-SME12780,0.15674371710113053,0.006665435353112972,0.0012756580862465054,0.233361792191,0.2497352956265023,0.42158452916450273,0.23933276143841223,0.21053751268821402
selection-selection-SME12780-022300,selection-SME12780,0.2927319321979019,0.009077374349944734,0.0014886758704145359,0.38400462065,0.22879085778789562,0.4105860338246148,0.3219325970796968,0.18431320065178894
selection-selection-SME12793-022322,selection-SME12793,0.595872127265435,0.04347478724290948,0.0032579075691655138,0.58743690397,0.6457984790021565,0.8133811650166397,0.6453157968262712,0.6601379233625374
selection-selection-SME12800-022331,selection-SME12800,0.6239400731394589,0.055058273410624484,0.0036663280379544247,0.671955735306,0.7003951820573361,0.819865658540237,0.6871534895274706,0.6822658633095633
selection-selection-SME12800-022332,selection-SME12800,0.3989282285477601,0.014523232706497902,0.0018830058709374327,0.40041944571,0.4433409555246863,0.6317608942767593,0.4283336304842631,0.46808840179595085
selection-selection-SME12800-022333,selection-SME12800,0.6358912845874574,0.052724559213652746,0.003587785785031025,0.671955735306,0.6725908870047027,0.819865658540237,0.6871534895274706,0.6595850994635686
selection-selection-SME12801-022334,selection-SME12801,0.5263840105425625,0.01409773507321554,0.0018552169285178655,0.546186048257,0.5068669305138124,0.5248268898563524,0.5531033559745783,0.49342353212342455
selection-selection-SME12803-022336,selection-SME12803,0.7228939035899781,0.047010070302918074,0.003387782157259873,0.779599238375,0.804051033854714,0.6950131515739628,0.7277317336912171,0.8231493752124945
selection-selection-SME12847-022407,selection-SME12847,0.757475381623045,0.015388393836810902,0.0019382807044040762,0.742146887782,0.7849288947826625,0.7722108358825772,0.6338656217549893,0.77672974421374
selection-selection-SME12847-022408,selection-SME12847,0.8061943037567667,0.014459403140379738,0.0018788634116984853,0.788157516269,0.8820382228115948,0.8625690214569285,0.7135020192958286,0.866013656990423
selection-selection-SME12857-022425,selection-SME12857,0.4424095431477492,0.005319844938214144,0.0011396447991013198,0.326595456879,0.46653005173640527,0.6219606434446755,0.3926879157901084,0.439314931506151
selection-selection-SME12857-022426,selection-SME12857,0.4554035980808765,0.005531097828680205,0.0011620523571810903,0.356862978578,0.4563930227388149,0.6276791558697088,0.40334633542152054,0.4194919047897587
selection-selection-SME12872-022451,selection-SME12872,0.6687710732557661,0.05299332290678123,0.003596918538873015,0.928494809585,0.7053646704182525,0.7074296851405647,0.6971331954619922,0.7014115810577845
selection-selection-SME12872-022452,selection-SME12872,0.4337271613345849,0.01498819630771937,0.001912910770054186,0.6347059007,0.39581485562595703,0.49634888129852395,0.4367813820301706,0.3918631178132519
selection-selection-SME12951-022583,selection-SME12951,0.70664450481787,0.02851563279108632,0.0026385269397689137,0.678093100314,0.6309094075733376,0.5943918746947245,0.6214581622593278,0.6309778684768055
selection-selection-SME12963-022599,selection-SME12963,0.3095391831434369,0.0043885306675990055,0.0010350935320150004,0.294417617765,0.2886030310978321,0.29711660768952347,0.36380617409774524,0.2671413007691719
selection-selection-SME12963-022600,selection-SME12963,0.41255862049631925,0.0053559592529786775,0.001143506554199296,0.420898672486,0.39191978563193325,0.35846781845033504,0.37595685932507766,0.3683195744905638
selection-selection-SME13001-022662,selection-SME13001,0.7219338307848583,0.041676488460827665,0.0031898156593495736,0.654881832957,0.7320240955911882,0.698382090519268,0.7244772730326001,0.7314244348541598
selection-selection-SME13029-022703,selection-SME13029,0.6601243585580798,0.010866081149356221,0.0016287577607196676,0.788998354853,0.49265607006751555,0.54371844399538,0.6708255859092238,0.4535395083134496
selection-selection-SME13051-022741,selection-SME13051,0.6757747741324445,0.032961370480906825,0.002836760404063964,0.790102811141,0.5101570909106755,0.5504570610134377,0.684821657172135,0.5156392670180545
selection-selection-SME13052-022742,selection-SME13052,0.10862979856751227,0.002933897762977907,0.0008463354143243258,0.0879781645888,0.09627852079142445,0.2063915474088687,0.15858731715936747,0.10412443472930981
selection-selection-SME13052-022743,selection-SME13052,0.25360155477736224,0.007812336338557523,0.0013810534661647408,0.210191051529,0.31019088125164496,0.3454549902220621,0.2543762154940327,0.26271219035630533
selection-selection-SME13058-022752,selection-SME13058,0.7681483639468489,0.04884214599298181,0.0034531655113920943,0.795433281685,0.668567544262406,0.6423982704962244,0.7229425102195147,0.6638940503787765
selection-selection-SME13099-022822,selection-SME13099,0.6760390222262525,0.05055079262124162,0.003513047409984004,0.775824788047,0.8007714408003478,0.6647886593174065,0.6789488608611721,0.7983941000286264
selection-selection-SME13099-022823,selection-SME13099,0.6830359539533404,0.0475411597351347,0.00340686490060299,0.775824788047,0.7754752632595092,0.6647886593174065,0.6876338711611469,0.7719154266127143
selection-selection-SME13151-022914,selection-SME13151,0.31230214868890593,0.004938245065233434,0.0010980101259229153,0.372976552853,0.31960242884993484,0.5103003085830904,0.3210046659497085,0.2910789037774182
selection-selection-SME13151-022915,selection-SME13151,0.4449654979972563,0.0067539007395537405,0.0012840956147197966,0.484255334644,0.4132237548488526,0.6160748017836151,0.3888288148052926,0.3968669343465088
selection-selection-SME13153-022918,selection-SME13153,0.4694622493352143,0.01690524141742468,0.0020315649646087982,0.608808461053,0.5317197428011639,0.5535079438090231,0.5449294286068668,0.47289797705742354
selection-selection-SME13204-023002,selection-SME13204,0.5626538190287289,0.0381897852520574,0.0030534698361131844,0.76132961344,0.6415870128004176,0.5934866005795989,0.5505423553244343,0.6389333947367732
selection-selection-SME13204-023003,selection-SME13204,0.6132415318750649,0.038967850553233645,0.003084418160524454,0.809496773809,0.7067979740332658,0.6548154481304722,0.6478949391062346,0.6972893371080421
selection-selection-SME13216-023027,selection-SME13216,0.4852976583186629,0.011723632871888151,0.0016918082209911732,0.529668235464,0.44538298095193335,0.48753204197429334,0.48484277903495276,0.4045548819943945
selection-selection-SME13226-023044,selection-SME13226,0.5476324454198989,0.060382828475590546,0.003839518392103165,0.677403596404,0.6319264302111944,0.7693171493226841,0.6537224542147271,0.6130895541685886
selection-selection-SME13226-023045,selection-SME13226,0.5511096779623704,0.059654962573599216,0.0038163070954877467,0.677403596404,0.6153434011938318,0.7709572585578157,0.6581168354243337,0.6033287282428978
selection-selection-SME13236-023057,selection-SME13236,0.2227879197440589,0.0013920766775607578,0.0005829772466465625,0.202347686854,0.2879951632802114,0.41326436561012436,0.27661055530901946,0.287532558266121
selection-selection-SME13236-023058,selection-SME13236,0.5877654738782301,0.014668050334809205,0.0018923707290781524,0.310756662256,0.583984362826912,0.6884984647167075,0.6266029120926311,0.5752104863386518
selection-selection-SME13254-023087,selection-SME13254,0.6282548022441379,0.05216154407273647,0.00356857842437054,0.75907347241,0.7293384805065823,0.6510633070821218,0.6524285604566029,0.7021138197817973
selection-selection-SME13288-023144,selection-SME13288,0.5090622275446033,0.010991317923846585,0.001638116976134979,0.557688144141,0.45728502678290306,0.6857251617773389,0.4955893579821448,0.4281553952005465
selection-selection-SME13331-023213,selection-SME13331,0.46455769218596565,0.009365928074336305,0.0015121519545910431,0.573751201986,0.4110460724410261,0.4667083640470482,0.4653519830918098,0.40716444639967486
selection-selection-SME13331-023214,selection-SME13331,0.5480062686680636,0.011725497951926856,0.0016919427881638442,0.653873116909,0.5347122211964882,0.5413876462734599,0.49303300655670584,0.5447432992957337
selection-selection-SME13331-023215,selection-SME13331,0.544710451886631,0.011141693127717128,0.0016492846703219746,0.651765607992,0.5173428203041569,0.5227475850436781,0.4826430175014083,0.5242092705692644
selection-selection-SME13333-023218,selection-SME13333,0.7268803092991204,0.04344448974354505,0.003256772156414258,0.919629235392,0.8186698711856111,0.794734442275162,0.7026234456290947,0.8142374222491529
selection-selection-SME13348-023245,selection-SME13348,0.2847030360022146,0.004361710404736006,0.001031925726145662,0.22168556646,0.26004625660863767,0.36236842368675914,0.327132423744785,0.25348788664833766
selection-selection-SME13393-023320,selection-SME13393,0.4700914222237562,0.03482566062591308,0.002915880407569609,0.555919537095,0.5234336539996456,0.4736800862063945,0.4692588038556591,0.5175265314414912
selection-selection-SME13393-023321,selection-SME13393,0.5341735937139621,0.03579410163762735,0.002956145183363609,0.608891860627,0.5748769215510969,0.5670732374513329,0.5625661172622136,0.5704210136595254
selection-selection-SME13393-023322,selection-SME13393,0.5152636286592938,0.03498711628322175,0.0029226317654356382,0.598024844961,0.5402447483709553,0.5564869683554012,0.5386003764182022,0.5396936737549684
selection-selection-SME13480-023477,selection-SME13480,0.6296807142671748,0.055271829720784524,0.003673431509219399,0.796280103812,0.7283426125619568,0.6545058137621058,0.6598339183884974,0.7240582646913034
selection-selection-SME13480-023478,selection-SME13480,0.6370095704562491,0.05317404757209281,0.003603046656377138,0.796280103812,0.7618444628480331,0.6524479792113036,0.6598339183884974,0.7452276384986619
selection-selection-SME13487-023488,selection-SME13487,0.2340962252611165,0.001974158038661851,0.0006942421604942172,0.211569890914,0.25550676333998906,0.4954308762629122,0.2843980708682734,0.27388304923852874
selection-selection-SME13493-023496,selection-SME13493,0.05788302764572983,9.290888919474476e-05,0.0001506082145039265,0.0637139415858,0.022837717872843395,0.034669934141255035,0.027065975239943835,0.013202608854355122
selection-selection-SME13493-023497,selection-SME13493,0.12131102022565687,0.004941424459851446,0.0010983635354555518,0.203613794683,0.1552090737703426,0.21011596164728083,0.17926341420402533,0.11487918595173606
selection-selection-SME13493-023498,selection-SME13493,0.28682391913346045,0.009041004960156395,0.0014856906143611067,0.203613794683,0.13064100197162612,0.21034001551431192,0.2704617641154239,0.09030063549195384
selection-selection-SME13505-023519,selection-SME13505,0.28746634188690856,0.004631330084460224,0.0010633418177620128,0.245577078324,0.30391852450304974,0.31200800444172705,0.376182181793609,0.2597119887531857
selection-selection-SME13505-023520,selection-SME13505,0.4110682300165749,0.006156449361543577,0.001225985071241938,0.327532084767,0.43347746342092913,0.4261076819856892,0.44123080428101263,0.3765185885162748
selection-selection-SME13512-023529,selection-SME13512,0.3512443872122878,0.013019039348769187,0.0017828282035878,0.311187194983,0.4483192577373333,0.5907298962614823,0.45400265861735234,0.431553476721427
selection-selection-SME13529-023554,selection-SME13529,0.5597718393862158,0.00981333841604956,0.001547848369263233,0.549999662735,0.379869758395101,0.41937827804230565,0.498158862767308,0.3719368587655123
selection-selection-SME13530-023555,selection-SME13530,0.6643252128278424,0.048447658932388955,0.003439192017253511,0.713651207804,0.7257098783890984,0.7082272836103285,0.7164535106859353,0.697787383375351
selection-selection-SME13530-023556,selection-SME13530,0.6529239869300228,0.0507175558891697,0.003518837278598475,0.713651207804,0.7223175568565587,0.7041428405807532,0.6967725181720376,0.6871196219349853
selection-selection-SME13546-023583,selection-SME13546,0.6968331653714651,0.011903370509606279,0.001704727636844621,0.592388873497,0.47319291592865637,0.4866012059691716,0.5432923694746092,0.44996913022597496
selection-selection-SME13546-023584,selection-SME13546,0.7563879818901625,0.010787784998009656,0.0016228790995572347,0.630995307006,0.5814570223192819,0.5538834042893072,0.5674080474296139,0.5773137596344852
selection-selection-SME13615-023705,selection-SME13615,0.447879187626784,0.011541660264552256,0.001678626864590655,0.482842209694,0.4667674334638959,0.4973308250542379,0.4827634627992712,0.42175117890459485
selection-selection-SME13615-023706,selection-SME13615,0.2977997778718761,0.002533355994419358,0.0007864446044223576,0.326112679446,0.3800144640181364,0.3805045709420399,0.3629451463509742,0.382400611029995
selection-selection-SME13780-023978,selection-SME13780,0.6932138097864133,0.051452255984047644,0.0035442327707989755,0.203838382888,0.82322663476805,0.7109286397891871,0.7121603825325208,0.7953243906556147
selection-selection-SME13780-023979,selection-SME13780,0.6939233577230655,0.05252204425862345,0.0035808888158637363,0.203838382888,0.7970070835806018,0.7126531792892451,0.7121603825325208,0.7478722332041343
selection-selection-SME13785-023984,selection-SME13785,0.5457643613204615,0.01645964709834359,0.0020046118152572683,0.548986182191,0.3368333048282434,0.4129513007765383,0.5291126380879654,0.3043263127879748
selection-selection-SME13785-023985,selection-SME13785,0.6325032976043726,0.020391797457598553,0.0022312476725302195,0.692650648018,0.3958081111138227,0.49774560912921156,0.5746324178276053,0.396411141041989
selection-selection-SME13785-023986,selection-SME13785,0.6147862486665661,0.018553895832545877,0.0021283232190488937,0.666256144644,0.37791180395391816,0.49774560912921156,0.5555117866180193,0.3731031457102729
selection-selection-SME13789-023995,selection-SME13789,0.2627841541538152,0.003922491909202726,0.0009785906326294958,0.216997392855,0.2618563167741701,0.26432097269944077,0.241198835217909,0.2414460888327793
selection-selection-SME13789-023996,selection-SME13789,0.3814902305983361,0.005764122157919614,0.001186278376356428,0.357117351174,0.3644354426327197,0.34169792070712324,0.3240704299855878,0.3263620867572115
selection-selection-SME13796-024007,selection-SME13796,0.5244558908074844,0.031803902335003006,0.0027865075979631912,0.505600114732,0.583942805797159,0.5171873666755432,0.49755806087109605,0.5873379757983741
selection-selection-SME13796-024008,selection-SME13796,0.3139781702380524,0.00554536849149237,0.001163550484237042,0.261586583997,0.3776758742910908,0.3632030952002725,0.3198738123377384,0.39841902821095204
selection-selection-SME13820-024042,selection-SME13820,0.4280879182147281,0.009272787182012378,0.00150461425558463,0.481270560185,0.3722152691793733,0.5142421792565469,0.431405485086011,0.36448884035173873
selection-selection-SME13820-024043,selection-SME13820,0.4280900212892897,0.005694155313576277,0.0011790566725580172,0.498105851079,0.39550521910097763,0.48128415339430697,0.4463395120172403,0.4014049586055639
selection-selection-SME13849-024095,selection-SME13849,0.7291516758047722,0.027071079375619846,0.0025708267616057754,0.780876887063,0.560334281435983,0.5976457870598476,0.6151794536738361,0.5764230275276122
selection-selection-SME13853-024099,selection-SME13853,0.5170049006350803,0.022651418529743363,0.0023516231579460444,0.627112085253,0.527205850489074,0.6186425960545028,0.4666213638965268,0.4865717512994229
selection-selection-SME13853-024100,selection-SME13853,0.5980747182606181,0.028819129247489125,0.002652530909610249,0.712756460455,0.622632840458583,0.6629078825791521,0.5869709536509015,0.5722204622409625
selection-selection-SME13853-024101,selection-SME13853,0.5568398992011436,0.02035201686129103,0.0022290702358889747,0.674150562903,0.5742685790928321,0.6518311117233934,0.5528482192379245,0.5521936604489263
selection-selection-SME13854-024102,selection-SME13854,0.45017066804102895,0.009099919133110411,0.0014905233794231588,0.456854628966,0.372944314794899,0.37542527633741757,0.4094886684636139,0.36152680077756716
selection-selection-SME13869-024124,selection-SME13869,0.360039202977533,0.013621966542761944,0.0018236434480125192,0.411798593899,0.1595031191379483,0.23471916528342424,0.4148896174204602,0.1429175751687027
selection-selection-SME13869-024125,selection-SME13869,0.16066632984150975,0.005412057462741154,0.0011494794871982448,0.0774502696627,0.05318274304062111,0.04032265612003468,0.260345708556175,0.03756409153081912
selection-selection-SME13871-024128,selection-SME13871,0.579794432217575,0.05657638371668932,0.0037165297901177053,0.185779984808,0.6546970750453533,0.6829395914794665,0.5939153433723587,0.6348110303294102
selection-selection-SME13892-024169,selection-SME13892,0.4853119125193076,0.012071921966625668,0.0017167546632769692,0.54961520834,0.49114049965040335,0.5114602723101976,0.48982627747083246,0.46500853711732454
selection-selection-SME13892-024170,selection-SME13892,0.5741096399339092,0.015911315975053467,0.001970938514191155,0.659456960596,0.5651743342097847,0.596919866695721,0.5816632919944299,0.5477020813644382
selection-selection-SME13940-024248,selection-SME13940,0.40012997200801825,0.032085912572518714,0.0027988345340784395,0.216833502186,0.5034842318938587,0.47063813868779375,0.47839441888629186,0.4863068697725341
selection-selection-SME13940-024249,selection-SME13940,0.45397647554330767,0.0357935476285258,0.0029561223061631866,0.254176830277,0.5329848112455652,0.5175048672073986,0.5261585210515586,0.5403889827560969
selection-selection-SME13953-024271,selection-SME13953,0.492340645406396,0.015173503392327658,0.0019246996133533395,0.505109081635,0.4727719915519794,0.5072427806126065,0.4772402719628828,0.44042486083245475
selection-selection-SME13953-024272,selection-SME13953,0.603225345430628,0.019040803597788456,0.0021560690366651813,0.624363772522,0.555802194489713,0.5877703484397926,0.5360537970896833,0.5340022198184956
selection-selection-SME13960-024282,selection-SME13960,0.6918506015165838,0.03225160005141317,0.0028060516377647155,0.680311842898,0.5638204321214402,0.5556870625805288,0.6172877013036664,0.5610484706318157
selection-selection-SME13962-024286,selection-SME13962,0.35238605438211934,0.0011501346250272488,0.000529900543676163,0.329554207864,0.20344826584428427,0.20030601875513965,0.31693861082282376,0.20664461488073885
selection-selection-SME13962-024287,selection-SME13962,0.5984497122906121,0.00752025137235746,0.0013549903579747195,0.500641416357,0.40471257138237504,0.3962434663033642,0.5619006641925043,0.3854071899931303
selection-selection-SME13973-024306,selection-SME13973,0.6306432571480116,0.05273921083099469,0.003588284254944947,0.888570759923,0.7075056979402511,0.7215487973412119,0.678373911455639,0.6944829798623955
selection-selection-SME13977-024311,selection-SME13977,0.7441327759074194,0.021421976403037616,0.0022869137954397967,0.707003128395,0.6096663268531718,0.5663590467615962,0.5921122651653058,0.5882244321003548
selection-selection-SME13977-024312,selection-SME13977,0.624937905508882,0.009674776184490122,0.0015368818771839734,0.601289097201,0.39871347584975886,0.3946312666713062,0.5200951398489263,0.4060597023830514
selection-selection-SME13977-024313,selection-SME13977,0.8002137549488011,0.023594671757331,0.002400087062900977,0.780969116317,0.676136334834989,0.6344482670720845,0.6455388215708808,0.6474829937821333
selection-selection-SME13995-024344,selection-SME13995,0.5453008589751854,0.01702455451179431,0.0020387215059580925,0.456849582503,0.527393054442802,0.7428426674138523,0.5363216438620458,0.5414745932789785
selection-selection-SME13995-024345,selection-SME13995,0.7512701555390549,0.0394462838944431,0.003103295088114692,0.724324905738,0.786734635957033,0.8244561005484142,0.7181132619090924,0.8007574674292864
selection-selection-SME14018-024389,selection-SME14018,0.5029373151906238,0.057917988876593225,0.003760336953395868,0.789541461937,0.5778052733098733,0.6127053987135469,0.5425072266905935,0.56213432882825
selection-selection-SME14031-024414,selection-SME14031,0.6867530469384591,0.017995964898566974,0.0020960787479992735,0.681315752685,0.5354069604864519,0.5061854987838259,0.5922219488157667,0.4882104975475719
selection-selection-SME14031-024415,selection-SME14031,0.7695322173208448,0.02151852758578411,0.0022920616863149807,0.783668928744,0.6179568220142119,0.588264578547907,0.6825064672190695,0.5912100146387674
selection-selection-SME14042-024436,selection-SME14042,0.40275381099799695,0.01300098359374854,0.0017815914964414584,0.450932331162,0.3055162780887405,0.3373714685842245,0.4519026494587295,0.3092754148329578
selection-selection-SME14042-024437,selection-SME14042,0.6102566753221832,0.0341748172052723,0.0028885050167441174,0.694624068589,0.7362383687363869,0.6651864318086153,0.6597953860031857,0.7089896991784043
selection-selection-SME14043-024438,selection-SME14043,0.3712073412022048,0.01175752424638856,0.0016942518460860408,0.413667473714,0.40150683963936923,0.6074556426558876,0.3767110135112674,0.3930405631987275
selection-selection-SME14043-024439,selection-SME14043,0.6284619858158754,0.05418588657393901,0.0036371659591418947,0.696754088051,0.6966688707725107,0.8076307670279405,0.6796650144421277,0.6708466227028642
selection-selection-SME14109-024554,selection-SME14109,0.592475155018249,0.05694992192068626,0.0037287785575731824,0.674579255226,0.6903707384059412,0.748756751036256,0.5967963493155216,0.6908105452521544
selection-selection-SME14109-024555,selection-SME14109,0.43937427163863274,0.021781976501832546,0.0023060497299262025,0.498343061928,0.3799234557910893,0.6936490734241658,0.46816440195826037,0.37442042520862917
selection-selection-SME14122-024581,selection-SME14122,0.4730385637416422,0.007131821974009962,0.001319533051546465,0.569246279696,0.39718395645551796,0.4458213922705711,0.4403819780160514,0.3555075940856544
selection-selection-SME14124-024584,selection-SME14124,0.3562389252224872,0.010007163989007991,0.0015630595864374154,0.211067784891,0.42700616968488464,0.482434569755378,0.38257161233245357,0.43935933008787503
selection-selection-SME14140-024613,selection-SME14140,0.25837326263178373,0.007982604681479221,0.0013960222405335321,0.211784812955,0.15633302120604253,0.223751816851127,0.2553907122252421,0.12084794173532853
selection-selection-SME14149-024628,selection-SME14149,0.39797979545018664,0.006523651256691861,0.0012620175494385117,0.509551323543,0.35672839662864364,0.512907973234447,0.4354065000109794,0.33695452268355836
selection-selection-SME14187-024701,selection-SME14187,0.5586971533333025,0.026921041275111423,0.00256369261857901,0.551667178696,0.566057770955308,0.5643372742427738,0.5331440019593795,0.5732980773295392
selection-selection-SME14187-024702,selection-SME14187,0.6885083467515477,0.045814214460092,0.0033444148893597065,0.70308916432,0.7952545892036167,0.6744720392626604,0.708284243264646,0.7595474872088805
selection-selection-SME14199-024723,selection-SME14199,0.5937219961364243,0.02497380965222611,0.0024692350024097575,0.32843837354,0.4890819445345783,0.49557140089972995,0.5922715325302238,0.45578862547914883
selection-selection-SME14199-024724,selection-SME14199,0.48062468364978217,0.009233167028483896,0.0015013964063708995,0.371710348156,0.3285126239285642,0.3852854529039476,0.5260650109051467,0.3133217706188713
selection-selection-SME14214-024751,selection-SME14214,0.14774672196838803,0.0065838938948388935,0.001267831207385136,0.121422439708,0.13616762103978694,0.27669129739160714,0.21799447333093303,0.114242810551479
selection-selection-SME14214-024752,selection-SME14214,0.11757925353507498,0.005540046316887492,0.0011629919906576572,0.0838235488459,0.1603312818473622,0.276467243524576,0.20663342678788732,0.14663900859793996
selection-selection-SME14237-024793,selection-SME14237,0.4090321644906248,0.0052430830339322675,0.0011313927562217818,0.373212878015,0.43322255806747945,0.5970451150548491,0.43279822773509125,0.408113047739053
selection-selection-SME14237-024794,selection-SME14237,0.3879308632282852,0.00499000887626762,0.0011037499199581056,0.348282737914,0.4288235473150776,0.5896646717322891,0.40810117063997114,0.391132955558655
selection-selection-SME14293-024892,selection-SME14293,0.6007095587332989,0.0557623074478134,0.00368969437646959,0.838985746638,0.6896845155745988,0.6348099849538048,0.6402795032214608,0.6536436851189928
selection-selection-SME14293-024893,selection-SME14293,0.5988360794601497,0.0576463106206025,0.0037515072042924335,0.838985746638,0.703503018305145,0.6348099849538048,0.6402795032214608,0.6704537975054187
selection-selection-SME14293-024894,selection-SME14293,0.6081886973507042,0.05313625744404203,0.0036017661088068066,0.838985746638,0.6731173168471034,0.6365345244538628,0.6402795032214608,0.6263603071456957
selection-selection-SME14335-024965,selection-SME14335,0.8081978311570286,0.03338898682281493,0.0028551021191962297,0.919747640982,0.88452296568182,0.7847622775899188,0.8151446508191023,0.8644287224454327
selection-selection-SME14351-024998,selection-SME14351,0.4160664109283716,0.013577585073500912,0.0018206702353351042,0.299329427831,0.2316370313132804,0.2842978283559889,0.4245865835298635,0.21321226328347376
selection-selection-SME14351-024999,selection-SME14351,0.40140556336133226,0.013687655331313237,0.001828035209554618,0.279235705685,0.256087377917201,0.2748339120220943,0.4131891761268227,0.2344577807874235
selection-selection-SME14388-025062,selection-SME14388,0.6293715363114305,0.05493388366169788,0.0036621841421266912,0.699600485703,0.7346805240737542,0.6478981409030887,0.6631977801191821,0.7029836166586514
selection-selection-SME14416-025116,selection-SME14416,0.4312424451590401,0.007588456837381686,0.001361121080236394,0.37067040865,0.2984524141510153,0.2801972765125167,0.4257325813813752,0.2596763450745169
selection-selection-SME14416-025117,selection-SME14416,0.5475038920856714,0.008007637199619565,0.0013982094087397533,0.520229313095,0.4022518811133761,0.3908531063166553,0.514518278705623,0.36460297422963023
selection-selection-SME14438-025153,selection-SME14438,0.6046309821262197,0.054169757199431415,0.003636624585899325,0.725314200709,0.7064475539276357,0.619836830768072,0.63436686034487,0.692243073394438
selection-selection-SME14468-025200,selection-SME14468,0.4458928836674264,0.043764918099823545,0.00326876038552304,0.488132976609,0.42470283693872907,0.6299601450693446,0.4686826044552319,0.4460295300309285
selection-selection-SME14468-025201,selection-SME14468,0.4820631342012487,0.05831396080204474,0.0037731693357755235,0.533674158795,0.5776186581472096,0.6542424197235625,0.5109254163240045,0.5536414449765145
selection-selection-SME14500-025253,selection-SME14500,0.6758531522791619,0.04766736204508345,0.003411383819183639,0.833951823209,0.7329539036997798,0.617137509237957,0.6290452542523477,0.7095343703330896
selection-selection-SME14512-025275,selection-SME14512,0.5831908255424043,0.05537626934266581,0.0036769004620042095,0.215409805506,0.6587252903198905,0.5802979259544305,0.6060139065567033,0.5992946465092122
selection-selection-SME14631-025483,selection-SME14631,0.21320639978372452,0.0053027371149827664,0.001137810860144422,0.232753794762,0.31428696683567864,0.5631474452276267,0.2991923065589539,0.30186562047478005
selection-selection-SME14633-025485,selection-SME14633,0.6457360182941865,0.006766214847605895,0.0012852657008489657,0.637004308025,0.5450045862165959,0.7548455606125944,0.5928677841268145,0.5493874671340057
selection-selection-SME14633-025486,selection-SME14633,0.6489600148101077,0.00651239265025515,0.0012609280756168048,0.638330444483,0.5108082033043796,0.7206428164988147,0.6135041336038183,0.5086577907773855
selection-selection-SME14650-025513,selection-SME14650,0.36397570045059946,0.01501674796557723,0.0019147318960584282,0.346634058399,0.39364295454926446,0.460098848902891,0.38092342516198485,0.36582525460718385
selection-selection-SME14650-025514,selection-SME14650,0.4161805503745726,0.017038852759929626,0.0020395774469463505,0.386679696452,0.45417845446257216,0.5555299633568197,0.433796150802092,0.42701728541384065
selection-selection-SME14650-025515,selection-SME14650,0.41676682529925774,0.016975706448467236,0.0020357945825022036,0.388690285874,0.43551089853851044,0.5555299633568197,0.4318261107773997,0.4021172707266611
selection-selection-SME14673-025556,selection-SME14673,0.6243604903013593,0.024215409266325563,0.002431453300582085,0.594828337343,0.6217116846627007,0.6886682328566047,0.6329456502289944,0.608521743747149
selection-selection-SME14690-025583,selection-SME14690,0.5351606698582287,0.023211449764998948,0.0023805162996255553,0.784382026117,0.5712836682217688,0.5727010735016921,0.556766298094093,0.5313037414505843
selection-selection-SME14690-025584,selection-SME14690,0.5923926612658146,0.023683831526287325,0.0024046175228552443,0.848891620079,0.6888764368139605,0.6601856495329653,0.6461484008451673,0.644685992214376
selection-selection-SME14747-025693,selection-SME14747,0.6342160165562774,0.037213569110490195,0.0030141904420782325,0.713466314646,0.6623012094981737,0.6400601408551968,0.6404017745171697,0.6748790613796103
selection-selection-SME14747-025694,selection-SME14747,0.7027012776778394,0.04641127508052858,0.003366136911239228,0.773807145648,0.8178662094461621,0.6531860139830955,0.6753248699305943,0.8097980900135392
selection-selection-SME14770-025737,selection-SME14770,0.47893930295782816,0.04000875683037292,0.003125342044967281,0.281912873579,0.46842803908477304,0.5772480953494554,0.4688832360417379,0.4690324245770114
selection-selection-SME14770-025738,selection-SME14770,0.5305139454866004,0.0597248464487732,0.0038185417818890656,0.281912873579,0.6541956154682708,0.6542424197235625,0.5109254163240045,0.6194525221821555
selection-selection-SME14850-025873,selection-SME14850,0.6266578833413092,0.03667471289762529,0.002992287975533404,0.724477072622,0.5468804310024521,0.48193332111305476,0.5757372873841492,0.5315715351743695
selection-selection-SME14850-025874,selection-SME14850,0.6622648052318858,0.03796028302115551,0.0030442810681607234,0.766083743164,0.5864041351021277,0.5581650397653676,0.5956438611606869,0.5751647918995223
selection-selection-SME14879-025923,selection-SME14879,0.3945844580385719,0.006979202891860773,0.0013053378704460758,0.463220320089,0.4149847595887813,0.47603327161202996,0.4390416889631733,0.39544240747914233
selection-selection-SME14887-025936,selection-SME14887,0.6524191872000231,0.051617515964835894,0.003549920084819166,0.830652364866,0.7425513956889437,0.7490034588210837,0.6611999191481291,0.7270671202425016
selection-selection-SME14914-025978,selection-SME14914,0.4274693202850314,0.024340339082914674,0.002437717292143352,0.620412601988,0.4532269789341074,0.5879348708884183,0.45691578210167966,0.44675508656477286
selection-selection-SME14920-025989,selection-SME14920,0.6696460078543613,0.020180437425101352,0.0022196541635438696,0.629157442413,0.519193198294207,0.4880980377268575,0.6062299202473181,0.49110189793517917
selection-selection-SME14920-025990,selection-SME14920,0.7423774392581405,0.02240746404285246,0.002338925453298379,0.719744101152,0.56601540664362,0.5964264964904537,0.6665739048674384,0.5761145108779234
selection-selection-SME14925-026000,selection-SME14925,0.3072101483356906,0.004196696929480844,0.0010122174723343961,0.347711825743,0.2845241017039534,0.37535334583811925,0.2995842187439379,0.28275744202358494
selection-selection-SME14925-026001,selection-SME14925,0.33061108079428403,0.001804551489918659,0.0006637502004469924,0.384139758168,0.34930058359886046,0.33891149891509714,0.2973113348255943,0.34322064387960044
selection-selection-SME14925-026002,selection-SME14925,0.5147593608957499,0.0071893146118063595,0.0013248410329726496,0.405718960627,0.4817810822712539,0.4906649746086115,0.46214495713425724,0.4437329073042597
selection-selection-SME14935-026018,selection-SME14935,0.6629557294596775,0.049125141078797986,0.00346315501330664,0.704827350502,0.6959194582797965,0.6774388014428624,0.6532390500602343,0.6492231134404095
selection-selection-SME14935-026019,selection-SME14935,0.5661573595523586,0.03236558307190326,0.002811005812812183,0.573286227802,0.5652217023047426,0.6408834814358148,0.5236559004015393,0.5856877490112876
selection-selection-SME14990-026111,selection-SME14990,0.6161775174024493,0.03553500747320611,0.0029454267829786924,0.895984204802,0.7301253421022267,0.6547268699119174,0.6568156594976382,0.7040838215779059
