facility_id,customer_id,economic_lgd,ead_at_default,frozen_v5,s1_same_spec,s1_captured_features
final-final-SME00038-000065,final-SME00038,0.706419694835,645403.29,0.7430201694752555,0.8027406239774947,0.6964828506649944
final-final-SME00038-000066,final-SME00038,0.706419694835,162210.85,0.7581906040242693,0.8006827894266925,0.6964828506649944
final-final-SME00073-000128,final-SME00073,0.563209831727,548263.8,0.5202378260917473,0.6372746068782091,0.5115518564821956
final-final-SME00092-000163,final-SME00092,0.421899941672,43568.61,0.4177274486352349,0.5429343743121386,0.42355407317225124
final-final-SME00110-000196,final-SME00110,0.2721880988,89182.6,0.5375395544994112,0.6823369413283787,0.539102863626394
final-final-SME00110-000197,final-SME00110,0.31591949065,58736.96,0.6574079263226632,0.7158363149554351,0.6518853076553923
final-final-SME00110-000198,final-SME00110,0.31591949065,7286.84,0.6488722521977913,0.7058638749319299,0.6225446170903902
final-final-SME00130-000238,final-SME00130,0.311297230255,635182.68,0.3076097358390098,0.38985474879986043,0.33848201265240985
final-final-SME00130-000239,final-SME00130,0.465900999379,30596.2,0.4238163370842619,0.45636739505921764,0.4305066616189894
final-final-SME00132-000241,final-SME00132,0.177163664041,381758.87,0.4088379756948488,0.3999723867890114,0.3844327600832793
final-final-SME00139-000253,final-SME00139,0.778278084327,174389.41,0.8186698711856111,0.6731863272573876,0.6986208053893445
final-final-SME00172-000309,final-SME00172,0.276302232955,609166.21,0.20546666130503466,0.21724185654249167,0.24255733831345122
final-final-SME00222-000398,final-SME00222,0.142348596514,42115.71,0.705112532546859,0.6621737025943732,0.6195046601977151
final-final-SME00222-000399,final-SME00222,0.142348596514,57120.6,0.6833410178591074,0.6605335933592417,0.6195046601977151
final-final-SME00228-000408,final-SME00228,0.493078965403,254314.61,0.4663732356367024,0.4647891961117208,0.5120611551635832
final-final-SME00244-000433,final-SME00244,0.419013227935,834252.82,0.40287024963709184,0.47757961205647365,0.39030477158265625
final-final-SME00244-000434,final-SME00244,0.709531014672,236272.79,0.7469144929105435,0.6939160559130367,0.7098495364408404
final-final-SME00268-000480,final-SME00268,0.676919733187,294394.64,0.7329619971184158,0.6310332938116618,0.6263448740180334
final-final-SME00268-000481,final-SME00268,0.728873452281,277761.35,0.8434559666986725,0.7098450439009271,0.7476113257124142
final-final-SME00448-000785,final-SME00448,0.339218176565,1563494.27,0.25464479957437613,0.40306749234557965,0.26493652066560003
final-final-SME00448-000786,final-SME00448,0.517423648001,1371657.51,0.3559003266528894,0.43289439170803223,0.3247311349814891
final-final-SME00448-000787,final-SME00448,0.353182526907,322183.15,0.24099827261211906,0.36989505070846346,0.33687210594389205
final-final-SME00451-000791,final-SME00451,0.66548387986,1273523.6,0.6427311461110039,0.6117194838915216,0.5719239190370606
final-final-SME00467-000815,final-SME00467,0.819336525787,630915.19,0.6441840382828653,0.5600475713373424,0.5600972308446645
final-final-SME00475-000827,final-SME00475,0.765963269123,142792.59,0.7148152442350189,0.6527735808128786,0.6537224542147271
final-final-SME00475-000828,final-SME00475,0.765963269123,142093.57,0.7234165388612467,0.6527735808128786,0.6537224542147271
final-final-SME00521-000905,final-SME00521,0.0507838632902,659234.54,0.13151088944131994,0.18490753795287979,0.1480804120197741
final-final-SME00521-000906,final-SME00521,0.0507838632902,352460.22,0.0,0.00469403785758903,0.0
final-final-SME00531-000922,final-SME00531,0.541973813019,210642.45,0.4178199186736385,0.4758641371820594,0.4493630114510431
final-final-SME00531-000923,final-SME00531,0.353031793434,201581.1,0.3647896344087105,0.383627211064785,0.39244965315652136
final-final-SME00531-000924,final-SME00531,0.502428217532,53584.32,0.38696088004585943,0.4553262140838826,0.46979324982957377
final-final-SME00578-001002,final-SME00578,0.685391451974,608340.34,0.5599565365020274,0.6404794529433048,0.6273489206111739
final-final-SME00578-001003,final-SME00578,0.398004050991,114546.77,0.3574468548308381,0.3973321961865514,0.3325416917413456
final-final-SME00578-001004,final-SME00578,0.44260301346,284485.34,0.3069787522911383,0.4372874416799848,0.38119832032897294
final-final-SME00599-001045,final-SME00599,0.638000888768,231576.07,0.5699012064367345,0.5948759075216472,0.5928351413928462
final-final-SME00604-001052,final-SME00604,0.767144127632,154370.2,0.606162051165161,0.6463519443189919,0.5723846202747068
final-final-SME00633-001103,final-SME00633,0.752048387933,340862.17,0.6306401079449203,0.5903318089921511,0.5871151412472678
final-final-SME00661-001151,final-SME00661,0.72620714546,238668.43,0.742713776984434,0.7083620021765777,0.7253940844478981
final-final-SME00664-001154,final-SME00664,0.206714444386,420000.49,0.29120838693551143,0.3600438587672051,0.3268798009052883
final-final-SME00684-001184,final-SME00684,0.430431138924,337653.91,0.45774131377331106,0.5000735881566581,0.47720336435493305
final-final-SME00689-001192,final-SME00689,0.629051530436,41950.22,0.5119954731249089,0.5018143987090118,0.5459759407170469
final-final-SME00711-001226,final-SME00711,0.202161773384,915002.85,0.3009536683265649,0.48432023666006246,0.30571167858350096
final-final-SME00735-001264,final-SME00735,0.816240541369,137700.22,0.662891993162433,0.6782306500966224,0.5950259374919084
final-final-SME00749-001288,final-SME00749,0.595992188335,628821.18,0.36831738976522677,0.551983622442979,0.47589560903912215
final-final-SME00784-001348,final-SME00784,0.519591855281,661824.87,0.4735693087372026,0.6388319443623672,0.5518889163030554
final-final-SME00784-001349,final-SME00784,0.613714567773,164327.14,0.5995402263987811,0.7554490133032088,0.6221795420569762
final-final-SME00794-001365,final-SME00794,0.279186871404,322824.94,0.8490524939381505,0.7575779906777035,0.8637088365569638
final-final-SME00794-001366,final-SME00794,0.279186871404,433843.54,0.8766797791355346,0.7575779906777035,0.8637088365569638
final-final-SME00829-001427,final-SME00829,0.69516710223,113550.87,0.5323250590075583,0.5892138045025712,0.5642824952341399
final-final-SME00854-001469,final-SME00854,0.694688179187,225879.41,0.4006610242158296,0.38657435662994544,0.5767377821903524
final-final-SME00857-001474,final-SME00857,0.289867242407,2000000.0,0.32499479398079284,0.5404448638986873,0.44490460740262416
final-final-SME00918-001567,final-SME00918,0.627346089544,130756.13,0.7872207168636566,0.6929365937862084,0.6935326101998645
final-final-SME00918-001568,final-SME00918,0.553697049215,244372.99,0.6189551226270397,0.5758586153866011,0.6171067419242332
final-final-SME00933-001595,final-SME00933,0.930502512186,165229.21,0.5627350673813492,0.6222915453817635,0.5759748034983367
final-final-SME00933-001596,final-SME00933,0.930502512186,79085.47,0.63933387917465,0.61044989163479,0.5661446002876672
final-final-SME00935-001599,final-SME00935,0.779205468084,72326.77,0.6344154529741126,0.564228132054227,0.6255956934790728
final-final-SME00950-001624,final-SME00950,0.689407753616,759110.94,0.5484901977070794,0.539244699844341,0.5412805378037374
final-final-SME00985-001688,final-SME00985,0.912732604966,370085.22,0.794879881910886,0.7322698835937463,0.7274582383451936
final-final-SME00994-001703,final-SME00994,0.508611902294,576433.08,0.4067809384562438,0.44305951273095284,0.42736003724263544
final-final-SME00994-001704,final-SME00994,0.326351691717,267314.89,0.38300460458019564,0.356972834943177,0.36698904597968596
final-final-SME01026-001759,final-SME01026,0.907277961035,780054.5,0.6975896876727304,0.6554006817385336,0.7817181022549331
final-final-SME01026-001760,final-SME01026,0.767514361942,121683.48,0.39224950306586415,0.4391794050939876,0.6764149692981245
final-final-SME01058-001822,final-SME01058,0.0624559131088,108053.96,0.04600181881586903,0.04786486092304284,0.023521351695146464
final-final-SME01058-001823,final-SME01058,0.164766734456,103926.12,0.1500374547970124,0.17914442859736707,0.16720901254717327
final-final-SME01064-001832,final-SME01064,0.724157458021,122279.76,0.6264577281374875,0.5766514489657086,0.5769886161623455
final-final-SME01064-001833,final-SME01064,0.688850840054,34982.24,0.5892974657480237,0.5715415620945112,0.5628393727148601
final-final-SME01089-001875,final-SME01089,0.480940809497,69459.2,0.4920758645451891,0.5878135898132643,0.6001215194828764
final-final-SME01089-001876,final-SME01089,0.734367588836,83903.15,0.8579251640051953,0.7451216074218064,0.7741491969226227
final-final-SME01089-001877,final-SME01089,0.734367588836,45741.82,0.8160081407829555,0.746761716656938,0.7779751284261116
final-final-SME01095-001887,final-SME01095,0.787004277905,744568.43,0.6830538748892985,0.7035148972425472,0.6820932208300566
final-final-SME01110-001912,final-SME01110,0.390391905266,76654.85,0.2949796473759417,0.32251372204967543,0.36116755603676104
final-final-SME01110-001913,final-SME01110,0.439945613876,156857.6,0.7529511907233145,0.6588440506772032,0.6344995770685596
final-final-SME01110-001914,final-SME01110,0.439945613876,114303.42,0.7279215795964274,0.6588440506772032,0.6509541469383504
final-final-SME01150-001988,final-SME01150,0.193767402991,1572152.68,0.44827750456097554,0.4790494390894451,0.4451147760676615
final-final-SME01150-001989,final-SME01150,0.193767402991,212355.82,0.8619972579645786,0.7542310902206891,0.7631145443466973
final-final-SME01155-001996,final-SME01155,0.151696791069,113453.27,0.6703783047944457,0.6401899639949438,0.6267361366458907
final-final-SME01155-001997,final-SME01155,0.151696791069,285163.5,0.4169094351991525,0.40652037792940116,0.4769954441757792
final-final-SME01155-001998,final-SME01155,0.151696791069,207776.49,0.600555381626248,0.6401899639949438,0.6267361366458907
final-final-SME01184-002051,final-SME01184,0.443359549794,1046707.94,0.3842140287813458,0.41981480209629596,0.4372949160661663
final-final-SME01184-002052,final-SME01184,0.569113117557,224576.75,0.5132576110046276,0.4883557104609992,0.5551929058503887
final-final-SME01197-002074,final-SME01197,0.458393285847,505973.71,0.531709132490546,0.6523153488280451,0.4753439795137607
final-final-SME01197-002075,final-SME01197,0.550612735851,632181.71,0.6529404333376031,0.7537554955942073,0.5949148569090283
final-final-SME01208-002095,final-SME01208,0.60630580344,405425.11,0.47039215748355023,0.4489250868944285,0.5474843699338534
final-final-SME01272-002207,final-SME01272,0.566573750484,146602.75,0.6204758305618711,0.6059025061587138,0.5940206473483393
final-final-SME01272-002208,final-SME01272,0.632925966184,374131.6,0.6853963261839866,0.6873833318506117,0.6717130766726682
final-final-SME01276-002214,final-SME01276,0.475277471845,2463499.99,0.45633575300618784,0.6530177526583218,0.538990508401941
final-final-SME01280-002219,final-SME01280,0.250918308827,104023.73,0.6538867672073415,0.6899037256767124,0.5875215163730164
final-final-SME01280-002220,final-SME01280,0.305400521375,231642.67,0.7509523957428923,0.7684921799787968,0.6473798474410558
final-final-SME01282-002223,final-SME01282,0.0720960658456,600021.39,0.11189677119219561,0.15454513483094937,0.10197037843430443
final-final-SME01282-002224,final-SME01282,0.0847219177754,1184133.21,0.1114210392310221,0.16153191042158804,0.10623069362603968
final-final-SME01282-002225,final-SME01282,0.0920134496109,97144.94,0.11168786827538045,0.1538054457505036,0.09817905981303036
final-final-SME01283-002226,final-SME01283,0.361729771963,121945.45,0.28802952861130143,0.5930431336365354,0.3454894799875174
final-final-SME01283-002227,final-SME01283,0.566129599364,178530.28,0.4967573797535606,0.7160885722881212,0.49191396785580516
final-final-SME01346-002346,final-SME01346,0.659282561235,1000413.68,0.6144448029293306,0.7063465174941761,0.5711339373288478
final-final-SME01346-002347,final-SME01346,0.716740297953,209382.41,0.718596163418785,0.6995888392658007,0.6310692148539108
final-final-SME01346-002348,final-SME01346,0.716740297953,892037.91,0.6775887002210841,0.7024530522198954,0.6321338112317161
final-final-SME01392-002419,final-SME01392,0.232591160584,293765.54,0.6761228665780499,0.636451636578994,0.6118364973371249
final-final-SME01392-002420,final-SME01392,0.232591160584,337624.83,0.6668835266783595,0.636451636578994,0.6082163853347058
final-final-SME01416-002464,final-SME01416,0.919443894259,394823.15,0.7564556830907382,0.8598966960647794,0.6832515770053567
final-final-SME01416-002465,final-SME01416,0.919443894259,136270.34,0.7547623671583489,0.8598966960647794,0.6884071720222501
final-final-SME01430-002484,final-SME01430,0.297297699438,185115.49,0.274877284971079,0.3742404600066769,0.3581403043718772
final-final-SME01500-002602,final-SME01500,0.378551929005,975384.41,0.32340430906137174,0.3540041748527692,0.34368445538504866
final-final-SME01500-002603,final-SME01500,0.538679252115,461672.22,0.44819698263819596,0.4705479185713605,0.4391028798169474
final-final-SME01500-002604,final-SME01500,0.549963901523,289656.79,0.43438962129712394,0.4730296837443313,0.44679246185813665
final-final-SME01548-002693,final-SME01548,0.673808062251,35979.9,0.7090325499762269,0.674747804657591,0.6936739120136352
final-final-SME01554-002703,final-SME01554,0.630133634965,302422.67,0.4687071061819118,0.5388204036686157,0.5035020249697724
final-final-SME01554-002704,final-SME01554,0.761163922376,160443.2,0.680866565698534,0.6547571257122792,0.6646553396653724
final-final-SME01581-002756,final-SME01581,0.748908291476,182885.37,0.6637219011091802,0.6621108144399755,0.5221422397508874
final-final-SME01586-002764,final-SME01586,0.392265993014,340705.44,0.2871117578588022,0.22739892403659973,0.39045137073464836
final-final-SME01586-002765,final-SME01586,0.471646850308,846495.95,0.2918436705998018,0.22739892403659973,0.4489333090980763
final-final-SME01588-002767,final-SME01588,0.643191193005,295138.29,0.42545685779184744,0.481919971689293,0.4265024678766767
final-final-SME01588-002768,final-SME01588,0.890961463466,495753.15,0.7181726374886556,0.6149525220607346,0.6103925505254953
final-final-SME01621-002827,final-SME01621,0.10844060303,648499.7,0.1070967764061017,0.14219318939887451,0.2915139988371482
final-final-SME01621-002828,final-SME01621,0.10844060303,127058.64,0.11992998218214217,0.13022389415613747,0.3789957253990182
final-final-SME01621-002829,final-SME01621,0.10844060303,193777.27,0.1117419577255286,0.13022389415613747,0.37581543954939756
final-final-SME01628-002840,final-SME01628,0.278491887365,137443.35,0.47817077639817324,0.5077193813382965,0.49192181717316547
final-final-SME01628-002841,final-SME01628,0.324395035226,96146.72,0.5724319611728629,0.5992436189346267,0.6132281849432233
final-final-SME01628-002842,final-SME01628,0.324395035226,168725.85,0.5418458434289937,0.5992436189346267,0.5927315106656428
final-final-SME01637-002856,final-SME01637,0.253308349299,312249.06,0.33185338198932457,0.514465066707519,0.42358691606317816
final-final-SME01637-002857,final-SME01637,0.292475744432,99120.04,0.40932655656403855,0.5638617027787389,0.43238025650790357
final-final-SME01694-002952,final-SME01694,0.0593350162922,166311.87,0.11022252694163759,0.34379386932073147,0.13471107571220844
final-final-SME01694-002953,final-SME01694,0.0593350162922,160367.15,0.11947970167609416,0.34379386932073147,0.10019543435083476
final-final-SME01694-002954,final-SME01694,0.0593350162922,14037.43,0.10626586624673964,0.3364132767380751,0.09598793794962647
final-final-SME01742-003039,final-SME01742,0.547572863802,54864.09,0.44377887348040673,0.42548856283795405,0.45797307983638436
final-final-SME01743-003040,final-SME01743,0.659010472194,418417.12,0.6734835049506807,0.6057380796685593,0.6180027363175961
final-final-SME01743-003041,final-SME01743,0.551080451301,205844.35,0.5483418566215217,0.5076115539868727,0.4843630233673174
final-final-SME01758-003062,final-SME01758,0.805813066804,95754.16,0.8038916937362256,0.696626472230998,0.7075815565112726
final-final-SME01758-003063,final-SME01758,0.805813066804,171997.71,0.8268800852867476,0.6984703996264248,0.7075815565112726
final-final-SME01767-003080,final-SME01767,0.220510243474,124165.74,0.3122623635309053,0.5133054166775621,0.3696490114939061
final-final-SME01767-003081,final-SME01767,0.216231723753,182195.66,0.36595523408118746,0.49348631177659485,0.31453875286279015
final-final-SME01775-003091,final-SME01775,0.476716086693,964138.12,0.35650290295132586,0.43771445762576977,0.46561736425852773
final-final-SME01775-003092,final-SME01775,0.555616451439,535591.53,0.4783757995412695,0.5034252880491847,0.4966375871480861
final-final-SME01787-003108,final-SME01787,0.598434954671,335696.64,0.6254872607736301,0.6000045101305517,0.5848515501685245
final-final-SME01794-003119,final-SME01794,0.218687632086,429322.33,0.21334336916722893,0.4111523966397863,0.2654017134759545
final-final-SME01844-003203,final-SME01844,0.404673277651,596470.31,0.375621504636724,0.4304216670654047,0.4101060505964144
final-final-SME01849-003213,final-SME01849,0.587330691126,37121.28,0.6714371947715696,0.6020960494076192,0.6338043051269936
final-final-SME01849-003214,final-SME01849,0.422379378499,15519.11,0.45775483983541887,0.47528606589375233,0.4902079182078974
final-final-SME01854-003221,final-SME01854,0.862501014275,108316.92,0.7568575326097515,0.6627918273653672,0.7567180033128456
final-final-SME01854-003222,final-SME01854,0.896330182344,51508.25,0.863593851882303,0.7468444481664175,0.8076127701422128
final-final-SME01854-003223,final-SME01854,0.870162545396,9115.48,0.7019545158906586,0.7279419573680854,0.8050641057734848
final-final-SME01914-003335,final-SME01914,0.437773220405,183190.55,0.43304241246563524,0.5282131770298093,0.37128870483524995
final-final-SME01914-003336,final-SME01914,0.517693575893,175136.14,0.4847647608393824,0.611323719058453,0.4805040028175591
final-final-SME01922-003348,final-SME01922,0.0630139814012,594873.29,0.08241774121665285,0.2908750895192366,0.21543670118158836
final-final-SME01923-003349,final-SME01923,0.211852362984,1114322.98,0.3514496015259451,0.40318183705407085,0.3802070338262512
final-final-SME01923-003350,final-SME01923,0.269913760398,347452.44,0.3287809070323369,0.3112525036739486,0.3180237388574161
final-final-SME01923-003351,final-SME01923,0.423399940256,598035.17,0.41584301722162126,0.4426795350950544,0.46150879741834633
final-final-SME01924-003352,final-SME01924,0.329852825456,70938.16,0.19746061890413044,0.42143873030001394,0.3320506642764831
final-final-SME01924-003353,final-SME01924,0.572863162303,102727.11,0.4062772842059433,0.5663316150714215,0.4400999266456897
final-final-SME01928-003360,final-SME01928,0.359120825178,39362.52,0.3769361205160166,0.3918304178367719,0.4074524074021367
final-final-SME01953-003403,final-SME01953,0.491261211595,461162.76,0.319953473493309,0.33698427331706743,0.36423122467636443
final-final-SME01953-003404,final-SME01953,0.371723820803,269702.02,0.33736728965608465,0.36650103452172755,0.31159073604208903
final-final-SME01967-003425,final-SME01967,0.412245503314,1732252.64,0.4707436039640724,0.6436838306255998,0.38342423943004694
final-final-SME01967-003426,final-SME01967,0.735465830592,417569.52,0.7574025928686748,0.828522500458578,0.684351715572101
final-final-SME01988-003460,final-SME01988,0.402349118993,82890.58,0.30551695608263585,0.31838420283708485,0.5365267675160997
final-final-SME01988-003461,final-SME01988,0.420517452293,293727.25,0.35547156828339094,0.3349528351118589,0.5452770484397357
final-final-SME02039-003553,final-SME02039,0.753515203099,327243.78,0.5968998378022546,0.5892692481174021,0.5799080482805825
final-final-SME02039-003554,final-SME02039,0.753515203099,534408.05,0.6214098749857785,0.5786829790214705,0.5648268943238106
final-final-SME02039-003555,final-SME02039,0.753515203099,50583.71,0.6430790522622649,0.5909093573525337,0.5927607275040359
final-final-SME02052-003577,final-SME02052,0.736622682282,334142.98,0.5273352007705302,0.49117575551748455,0.5784595773240738
final-final-SME02066-003600,final-SME02066,0.481544098482,876686.35,0.5914368305865885,0.5044247396969089,0.5361113896228366
final-final-SME02066-003601,final-SME02066,0.514654518388,731028.56,0.659748727157974,0.5759213389239579,0.5690962162051908
final-final-SME02066-003602,final-SME02066,0.347314785166,142856.53,0.3662367911791532,0.37643956364707554,0.43316846771369766
final-final-SME02152-003753,final-SME02152,0.117172953883,27848.16,0.13032111160260837,0.19266189965446237,0.2005570112449098
final-final-SME02152-003754,final-SME02152,0.118731067956,42566.21,0.10956201943204222,0.2021258159883568,0.2085993297580428
final-final-SME02155-003757,final-SME02155,0.642494633022,175545.69,0.6625627623090942,0.6688526363917808,0.6688638419532936
final-final-SME02155-003758,final-SME02155,0.692646894632,177404.2,0.7704619713502426,0.6851218488578924,0.6952647557167954
final-final-SME02155-003759,final-SME02155,0.692646894632,207019.82,0.7491435082787044,0.6851218488578924,0.699659136926402
final-final-SME02166-003773,final-SME02166,0.360380564465,534494.01,0.2867022784671511,0.29989279346442055,0.2814583253764775
final-final-SME02194-003823,final-SME02194,0.284524393118,91274.77,0.41637194857016574,0.5430609460586033,0.4119204258716486
final-final-SME02221-003868,final-SME02221,0.241012840235,310783.25,0.38141824280893494,0.3454790967224586,0.3514057785779753
final-final-SME02221-003869,final-SME02221,0.25568111347,38343.5,0.5251364588528309,0.5430503753305346,0.511101860490184
final-final-SME02254-003921,final-SME02254,0.652858063073,474249.98,0.8176604148077341,0.7255106032734832,0.711199229641649
final-final-SME02254-003922,final-SME02254,0.60497147256,107549.93,0.6810724040107324,0.70966532142954,0.6678226474031578
final-final-SME02255-003923,final-SME02255,0.573343312354,329418.76,0.41128799184162923,0.4365132321486003,0.46374945691046704
final-final-SME02255-003924,final-SME02255,0.603146046577,55523.52,0.4744821800077976,0.5142197708737444,0.5040100869381454
final-final-SME02326-004040,final-SME02326,0.236269174053,465054.87,0.324821428300406,0.460583989837257,0.30602603543983353
final-final-SME02326-004041,final-SME02326,0.483667867019,138073.08,0.45264343850947236,0.6091984235730369,0.433124276278571
final-final-SME02326-004042,final-SME02326,0.395843440976,129097.5,0.4468727856632226,0.6091984235730369,0.39488038464755126
final-final-SME02357-004103,final-SME02357,0.931503699925,287797.99,0.8301757356894057,0.7438224659115782,0.7324805491138698
final-final-SME02366-004120,final-SME02366,0.274331023906,15000.0,0.6457492962294529,0.6438178910893221,0.6568397866173475
final-final-SME02366-004121,final-SME02366,0.274331023906,10000.0,0.6277954589744138,0.6438178910893221,0.6612341678269542
final-final-SME02417-004202,final-SME02417,0.872326368123,1068810.1,0.594849362706847,0.5267840704002889,0.6215338526224976
final-final-SME02417-004203,final-SME02417,0.606633856714,204659.6,0.3795571402943373,0.35987798730484993,0.49776339809727543
final-final-SME02446-004250,final-SME02446,0.326835536355,242623.92,0.5670596911050053,0.663916893465767,0.5311822900047041
final-final-SME02446-004251,final-SME02446,0.378832882699,30195.02,0.6648252709892586,0.7454758719347333,0.6007061757504936
final-final-SME02457-004267,final-SME02457,0.614790548115,2106297.18,0.7019339475435855,0.8174286481534844,0.6804458666211278
final-final-SME02457-004268,final-SME02457,0.614790548115,1793878.29,0.7373657623029259,0.8174286481534844,0.6804458666211278
final-final-SME02469-004286,final-SME02469,0.286375494387,106105.41,0.24104858072974222,0.31460063830959095,0.3681176884019625
final-final-SME02489-004321,final-SME02489,0.904806963097,386622.57,0.8484589119522388,0.7537013579782572,0.7638913457615655
final-final-SME02489-004322,final-SME02489,0.904806963097,879212.32,0.8915140912112499,0.7601081075617191,0.7670859754004301
final-final-SME02489-004323,final-SME02489,0.904806963097,1178883.18,0.8189770614645068,0.7601081075617191,0.7670859754004301
final-final-SME02509-004354,final-SME02509,0.763756256493,106092.68,0.7615030941106078,0.7292268644051574,0.632938184379043
final-final-SME02509-004355,final-SME02509,0.763756256493,171668.24,0.7411113206607566,0.7410685181521308,0.6427683875897126
final-final-SME02532-004394,final-SME02532,0.314842338429,139343.19,0.2770874837422067,0.29867806671207225,0.2387643816361131
final-final-SME02532-004395,final-SME02532,0.639073094891,73654.14,0.5693292550423062,0.5860374584740443,0.577191056781585
final-final-SME02532-004396,final-SME02532,0.641341670949,20561.64,0.561460923429811,0.5716377195305188,0.5611535558978766
final-final-SME02555-004432,final-SME02555,0.0426550812803,99782.12,0.1344012134770659,0.35012142381444594,0.1595336703024592
final-final-SME02555-004433,final-SME02555,0.159346082026,189790.38,0.14480267079934958,0.35012142381444594,0.23601146228840458
final-final-SME02565-004451,final-SME02565,0.23989456045,1796861.47,0.14969818935061702,0.3810221669728746,0.24894877537992552
final-final-SME02565-004452,final-SME02565,0.313359000639,1247134.73,0.15072359861229961,0.37213025404215044,0.26959559720157655
final-final-SME02565-004453,final-SME02565,0.055064081493,184228.92,0.029543084868088824,0.1814441180103966,0.022158767227897332
final-final-SME02584-004490,final-SME02584,0.0951873234069,471843.91,0.14825567390884742,0.19260757079125287,0.12473484662742701
final-final-SME02615-004544,final-SME02615,0.609525674059,1757393.2,0.4382004242632457,0.5634486132934766,0.4230539597050944
final-final-SME02615-004545,final-SME02615,0.75674878289,1053235.72,0.5421418502373604,0.6347231781872553,0.536696404087977
final-final-SME02620-004553,final-SME02620,0.740098250625,657567.44,0.5873528559152167,0.6167656423863799,0.5869568722976721
final-final-SME02780-004850,final-SME02780,0.824491108481,578275.79,0.6869507724106194,0.6649790712804629,0.6572477515038194
final-final-SME02879-005031,final-SME02879,0.253518353298,448655.06,0.3201920568742117,0.3623044361625462,0.31436265257448337
final-final-SME02879-005032,final-SME02879,0.549984737704,323424.31,0.511645447196967,0.5386434280816175,0.5209454924987438
final-final-SME02879-005033,final-SME02879,0.547982923328,29668.2,0.5017024994166699,0.5308196209828547,0.5014919857940574
final-final-SME02889-005049,final-SME02889,0.533103902418,99531.01,0.6640409362337372,0.6542581267829168,0.6652953585867903
final-final-SME02922-005099,final-SME02922,0.392817092999,701892.44,0.28539629880588163,0.46233648262197785,0.22778982915308377
final-final-SME02934-005123,final-SME02934,0.939440686415,98521.18,0.7452812738116131,0.809584524157903,0.70349312015291
final-final-SME02949-005147,final-SME02949,0.583468810956,370101.57,0.5968998378022546,0.6503583732875061,0.5898586102647438
final-final-SME02949-005148,final-SME02949,0.583468810956,207593.41,0.6214098749857785,0.6503583732875061,0.5955008642636219
final-final-SME02949-005149,final-SME02949,0.583468810956,239152.9,0.6040292988858887,0.6503583732875061,0.60065153240778
final-final-SME02955-005158,final-SME02955,0.676383129201,987338.07,0.7148141996401883,0.6665192585882993,0.6649555443806179
final-final-SME02965-005172,final-SME02965,0.650762336532,260817.84,0.556877996868802,0.46365530905350294,0.5740648120511257
final-final-SME02965-005173,final-SME02965,0.461214024687,328796.65,0.2929294970701252,0.29496554314220463,0.4523080630125752
final-final-SME03004-005244,final-SME03004,0.650946591529,1913973.25,0.6769136305306209,0.6644754246145518,0.6594737336276295
final-final-SME03042-005322,final-SME03042,0.224274142848,296328.51,0.3247869861245678,0.4756425061206649,0.4035305057652409
final-final-SME03042-005323,final-SME03042,0.272179772112,263506.64,0.43124267684133755,0.5604627503402728,0.5266853980299046
final-final-SME03045-005327,final-SME03045,0.339952177672,266053.92,0.4061104438648669,0.5352918159519935,0.35835768771564613
final-final-SME03045-005328,final-SME03045,0.329141943425,34393.41,0.37697324199814836,0.49706756439107663,0.3596135376056693
final-final-SME03062-005355,final-SME03062,0.558494521399,163880.92,0.4755778264317667,0.5714288805202736,0.48641785626573497
final-final-SME03062-005356,final-SME03062,0.647149115041,150906.65,0.48560616990273475,0.6440870947548791,0.5746268417123928
final-final-SME03062-005357,final-SME03062,0.682655987716,39684.84,0.5410386711488032,0.6351444157789788,0.568737489007015
final-final-SME03065-005361,final-SME03065,0.833414285952,2085821.52,0.6719823637278246,0.5967857088290731,0.5721627936842155
final-final-SME03065-005362,final-SME03065,0.833414285952,452970.98,0.6860499272957296,0.618738377337394,0.5823229857979513
final-final-SME03068-005365,final-SME03068,0.48503835401,1789767.57,0.5346545060385659,0.5703732378099966,0.529617540420092
final-final-SME03073-005374,final-SME03073,0.724008382286,70881.46,0.5255583663409008,0.5266877616766503,0.5092038411786339
final-final-SME03073-005375,final-SME03073,0.621918054013,111644.06,0.4491931174141219,0.4761033668535751,0.4975929048119325
final-final-SME03073-005376,final-SME03073,0.80121555412,11948.95,0.6423600661150283,0.6108515176935745,0.6025072409970302
final-final-SME03090-005407,final-SME03090,0.778205658042,72969.42,0.7011652450512599,0.5779216438589262,0.5372794410581719
final-final-SME03090-005408,final-SME03090,0.857808981367,83502.36,0.8512618329877182,0.6359853602441,0.6014360746106748
final-final-SME03106-005433,final-SME03106,0.311599291459,286423.34,0.48950002669995224,0.6125925108082099,0.4904950232367622
final-final-SME03106-005434,final-SME03106,0.36828330343,364715.96,0.6225880729731816,0.7151472535123548,0.5826365542791347
final-final-SME03106-005435,final-SME03106,0.36828330343,84173.92,0.46590405576188954,0.6365049141547493,0.48533153480684005
final-final-SME03108-005437,final-SME03108,0.210931512819,525620.35,0.24864427311857715,0.2678845296629384,0.20786945983019234
final-final-SME03148-005514,final-SME03148,0.4627676175,1155229.9,0.451731163887822,0.48384137756688966,0.4595097985859462
final-final-SME03164-005545,final-SME03164,0.546357441081,78388.03,0.47289320493325476,0.5535715749540684,0.5142832558702113
final-final-SME03174-005563,final-SME03174,0.553470808566,488073.54,0.5216528559843315,0.5435489333730482,0.5619282483652102
final-final-SME03220-005649,final-SME03220,0.0642952260569,541997.99,0.017347008489270108,0.24486659056514792,0.02242328364280567
final-final-SME03241-005687,final-SME03241,0.735301655752,618337.15,0.6676373185873614,0.5714073472575749,0.5641064072190584
final-final-SME03271-005741,final-SME03271,0.989130714433,151749.95,0.7324843302516202,0.6876118749894847,0.6939511222885538
final-final-SME03317-005815,final-SME03317,0.149403717948,218389.53,0.1361599007081343,0.36067402556938677,0.12169555385116945
final-final-SME03337-005856,final-SME03337,0.303928110895,293051.59,0.3108018276180825,0.40122883582103863,0.38067324134422265
final-final-SME03362-005898,final-SME03362,0.695034314254,1138105.19,0.8401393742566093,0.688925784644556,0.7147783348861633
final-final-SME03397-005958,final-SME03397,0.631659832457,37636.41,0.7085051827216372,0.69532861760236,0.6379881737905526
final-final-SME03397-005959,final-SME03397,0.631659832457,86734.0,0.7033570631081679,0.7239480702515256,0.6423825550001593
final-final-SME03432-006026,final-SME03432,0.722051003441,45062.98,0.7122084599004749,0.7152720548085313,0.6131226006175219
final-final-SME03432-006027,final-SME03432,0.769737641011,62589.21,0.8426595702187111,0.806490695751527,0.6966104629322509
final-final-SME03436-006033,final-SME03436,0.500658621584,200872.29,0.5059397279890402,0.5000395515800997,0.4033144500406786
final-final-SME03442-006045,final-SME03442,0.225469805321,394790.83,0.6226262348260378,0.5733854477561041,0.576053154814212
final-final-SME03442-006046,final-SME03442,0.225469805321,67627.83,0.6215590553977486,0.5814899516790651,0.5856932358828987
final-final-SME03457-006073,final-SME03457,0.705056759831,423508.37,0.7104419288251135,0.6755721864468232,0.6776240552915298
final-final-SME03457-006074,final-SME03457,0.705056759831,409389.1,0.7224904894610064,0.6755721864468232,0.6776240552915298
final-final-SME03493-006143,final-SME03493,0.32500298856,349143.09,0.6007666711985634,0.5504295646468804,0.6625348981558534
final-final-SME03504-006159,final-SME03504,0.546098333594,643237.18,0.36597299702691677,0.43909375776571835,0.4027690877669406
final-final-SME03504-006160,final-SME03504,0.85285490235,55805.27,0.6631835308421711,0.6119042551080881,0.6219338661458919
final-final-SME03505-006161,final-SME03505,0.296695124479,170101.09,0.34786682675479924,0.3955132592865606,0.3569536775519282
final-final-SME03505-006162,final-SME03505,0.386494085106,69378.75,0.4587929204836688,0.5006496033948786,0.45349907337947876
final-final-SME03505-006163,final-SME03505,0.386494085106,26040.94,0.4465347704237662,0.494685066180323,0.444501178909886
final-final-SME03527-006203,final-SME03527,0.502481695665,191525.87,0.5736072894936503,0.5066681269841045,0.49008879126399635
final-final-SME03550-006236,final-SME03550,0.60737738176,3612185.71,0.46430500551463505,0.5767102466672559,0.4865675585334973
final-final-SME03561-006253,final-SME03561,0.192398030429,24452.47,0.7045634256615808,0.7750400277220234,0.6515444893592679
final-final-SME03561-006254,final-SME03561,0.192398030429,31397.42,0.45292651497025455,0.6263010458244688,0.3708626094957147
final-final-SME03591-006306,final-SME03591,0.906448231418,744242.08,0.8590054341490944,0.7956304276247677,0.7737474640217996
final-final-SME03602-006322,final-SME03602,0.605169416104,130816.3,0.5302015573283203,0.6107050596574104,0.5290824073250359
final-final-SME03602-006323,final-SME03602,0.737376642196,43909.49,0.6291895385967804,0.633712398539274,0.5872027348928883
final-final-SME03609-006334,final-SME03609,0.341392000545,198696.67,0.7341036294301493,0.6583306169782687,0.7472811842509912
final-final-SME03633-006376,final-SME03633,0.668172484493,641489.64,0.7535587647530222,0.805765475467616,0.6906071317252671
final-final-SME03633-006377,final-SME03633,0.353113782162,691346.84,0.46294447977953035,0.6618389333052689,0.3927258458943889
final-final-SME03703-006504,final-SME03703,0.854586324532,202488.06,0.675309558297214,0.6391490290551074,0.721325484312148
final-final-SME03703-006505,final-SME03703,0.911464708392,460988.14,0.8274433102684267,0.7385228993002212,0.7840638979952576
final-final-SME03718-006529,final-SME03718,0.940261378154,401335.51,0.8700977338362083,0.8764920759451263,0.7706655588218025
final-final-SME03718-006530,final-SME03718,0.940261378154,209206.84,0.8723656065975038,0.8769160065672947,0.7761753495459276
final-final-SME03733-006550,final-SME03733,0.397975751761,430146.34,0.3225477638819748,0.38381156616130707,0.39561451358916055
final-final-SME03733-006551,final-SME03733,0.575428400481,140635.71,0.49331800504769985,0.5147155154574532,0.4729049703105428
final-final-SME03733-006552,final-SME03733,0.57911954123,492522.65,0.47013814520020103,0.5142915848352848,0.47963896016596713
final-final-SME03753-006588,final-SME03753,0.618419381707,136448.28,0.553116013711149,0.6533930259550553,0.5458318394984546
final-final-SME03753-006589,final-SME03753,0.74993914204,403800.97,0.6462971418027961,0.7466880236711018,0.6333747173923143
final-final-SME03753-006590,final-SME03753,0.72743146144,160862.18,0.6354670965299821,0.7471119542932702,0.6297660495426908
final-final-SME03782-006641,final-SME03782,0.343686567981,91563.09,0.27222217542573973,0.29327211799422154,0.2707159978374358
final-final-SME03782-006642,final-SME03782,0.608778208494,24179.3,0.6091041183984194,0.5655576388286625,0.5369046205869793
final-final-SME03783-006643,final-SME03783,0.081527118543,138941.74,0.26367076714877535,0.4653466580703271,0.2569136685868545
final-final-SME03791-006652,final-SME03791,0.236690468194,370364.39,0.33467898530611323,0.5767607611389056,0.40472939960929666
final-final-SME03791-006653,final-SME03791,0.365354451199,264711.46,0.4714591156295201,0.6895878540344487,0.45536138631431666
final-final-SME03791-006654,final-SME03791,0.461518205031,45378.08,0.44911289205824434,0.6804117091385612,0.49066637305392713
final-final-SME03887-006823,final-SME03887,0.261808682117,119298.44,0.8610139822726862,0.571813789582835,0.5358410063617333
final-final-SME03899-006842,final-SME03899,0.915409761915,84396.74,0.7130783834561449,0.6127144740946234,0.6940739034585649
final-final-SME03942-006918,final-SME03942,0.753846398092,38315.2,0.6553680388852229,0.6288643410054472,0.5986592934053256
final-final-SME03942-006919,final-SME03942,0.523781411675,104966.83,0.4189885676369354,0.5948476927289917,0.4337856422051872
final-final-SME03943-006920,final-SME03943,0.764356077667,448662.49,0.6899621248875573,0.7096037815510357,0.6166674040373761
final-final-SME03947-006928,final-SME03947,0.709620303492,235185.9,0.7410306761956864,0.7082272836103285,0.7164535106859353
final-final-SME03947-006929,final-SME03947,0.238891202754,150344.71,0.4568191379305658,0.43719243821924075,0.37556385656748154
final-final-SME03947-006930,final-SME03947,0.709620303492,71721.85,0.735796673778482,0.7063833562149018,0.7164535106859353
final-final-SME03948-006931,final-SME03948,0.235350265582,174057.6,0.18949199542475056,0.16189262458396264,0.14952436746273273
final-final-SME03962-006959,final-SME03962,0.853552718399,188787.18,0.8133541707761617,0.6951820706917322,0.6935751000875638
final-final-SME03962-006960,final-SME03962,0.853552718399,50630.2,0.7847761080375648,0.6968221799268638,0.6979694812971705
final-final-SME03979-006985,final-SME03979,0.294144950555,96076.6,0.7128037358956786,0.6567708214629,0.7921837412299151
final-final-SME04005-007030,final-SME04005,0.661572851081,385845.51,0.6219024935546634,0.6999541202012359,0.6911562923848988
final-final-SME04005-007031,final-SME04005,0.707436581831,179120.38,0.7469144929105435,0.7110221587783324,0.7164535106859353
final-final-SME04005-007032,final-SME04005,0.707436581831,370614.2,0.7266674806316,0.7130799933291346,0.7202794421894242
final-final-SME04015-007049,final-SME04015,0.0424069615142,869102.66,0.13741794931246945,0.22019418360340087,0.2193479340080855
final-final-SME04015-007050,final-SME04015,0.0424069615142,58746.79,0.1346637026255697,0.21404038842644124,0.19134580343529914
final-final-SME04047-007108,final-SME04047,0.4404332612,684799.22,0.4010488730296123,0.630368934334272,0.48323406667670743
final-final-SME04095-007195,final-SME04095,0.237458502008,2109668.1,0.30779645468056127,0.455022056558955,0.3026352780179141
final-final-SME04095-007196,final-SME04095,0.323982102364,1193568.51,0.45051548800691504,0.5844539551005641,0.37845909720946624
final-final-SME04095-007197,final-SME04095,0.346474074924,154323.92,0.4439982574709856,0.5874287915883977,0.44632610796822003
final-final-SME04109-007219,final-SME04109,0.715128636071,95847.34,0.5041794680159241,0.4599974281139786,0.5500335366525662
final-final-SME04138-007267,final-SME04138,0.539436296956,308038.03,0.7475418336689481,0.7744856681881681,0.6609852291555768
final-final-SME04138-007268,final-SME04138,0.539436296956,1216685.96,0.7663710831579182,0.7744856681881681,0.6622622428884245
final-final-SME04257-007476,final-SME04257,0.905080841808,265316.77,0.7934580426558998,0.7146892924923974,0.7376409771217106
final-final-SME04257-007477,final-SME04257,0.905080841808,259453.39,0.8278743453772964,0.7146892924923974,0.7376409771217106
final-final-SME04302-007560,final-SME04302,0.563451592218,256989.04,0.4510719032660362,0.6012512871594302,0.4843058906529764
final-final-SME04302-007561,final-SME04302,0.650673094352,263476.68,0.5294968251729402,0.7212034698524877,0.5786424221295227
final-final-SME04375-007686,final-SME04375,0.0661955180769,194823.89,0.026379199133437767,0.16144131822287872,0.0031878207559545395
final-final-SME04375-007687,final-SME04375,0.120307729806,149693.19,0.1315304018186313,0.2905158900554211,0.18594596045602083
final-final-SME04378-007692,final-SME04378,0.424116497187,73876.23,0.3260440780595715,0.4280303103476527,0.47372064878078723
final-final-SME04388-007707,final-SME04388,0.210524511919,224660.41,0.6847390134754655,0.7011965631629449,0.6223056184496856
final-final-SME04389-007708,final-SME04389,0.789017193243,308723.87,0.753722655003763,0.6150215828385339,0.6051728310550653
final-final-SME04389-007709,final-SME04389,0.789017193243,210577.89,0.7775000055297407,0.6129637482877317,0.6051728310550653
final-final-SME04389-007710,final-SME04389,0.789017193243,129883.54,0.7522915607697044,0.6057239587682087,0.6016489301936421
final-final-SME04428-007776,final-SME04428,0.85098760803,1845902.3,0.8878233047870024,0.9286307718776381,0.8283981544569746
final-final-SME04428-007777,final-SME04428,0.85098760803,2000000.0,0.9192513009104625,0.9286307718776381,0.8283981544569746
final-final-SME04484-007874,final-SME04484,0.796845887,112045.9,0.6972392014769042,0.7705779530420853,0.6519605186915275
final-final-SME04510-007917,final-SME04510,0.662148366242,374664.67,0.5972215950932434,0.5793431100912452,0.5952565674106284
final-final-SME04517-007929,final-SME04517,0.631631329228,196143.24,0.42001779077444407,0.6544476929439483,0.560298212087592
final-final-SME04517-007930,final-SME04517,0.714204635465,413757.03,0.5723837810508284,0.776575440673967,0.6026017506333204
final-final-SME04532-007955,final-SME04532,0.682628850173,1021952.18,0.3148430953140272,0.3550355072475482,0.5671750400517577
final-final-SME04532-007956,final-SME04532,0.807387539368,266879.88,0.4627473208358734,0.45061163497741,0.6569495434457011
final-final-SME04581-008048,final-SME04581,0.620310265601,387162.17,0.5766617683868421,0.543470758377025,0.673238688789224
final-final-SME04581-008049,final-SME04581,0.678632173899,89554.48,0.6287422138756182,0.6177452804645523,0.7463202713690189
final-final-SME04595-008071,final-SME04595,0.787559154518,500071.17,0.7444641218146839,0.7570127965776631,0.6944540710487704
final-final-SME04595-008072,final-SME04595,0.650515568301,1102545.3,0.5971869378064135,0.721729726686841,0.5612335202966805
final-final-SME04624-008125,final-SME04624,0.198558851728,215405.19,0.6128340884432121,0.541665744400764,0.542830654283143
final-final-SME04634-008140,final-SME04634,0.819245418844,206393.85,0.7362426492330707,0.7761342520121353,0.6573835880461384
final-final-SME04652-008168,final-SME04652,0.514785097114,154311.63,0.4699877444610004,0.4956635911565022,0.5032401585426841
final-final-SME04652-008169,final-SME04652,0.556655852016,289556.18,0.47958863576373223,0.5540673928091606,0.5168293826906227
final-final-SME04669-008198,final-SME04669,0.631665523638,3146158.94,0.4463242712331647,0.47895289420803655,0.5996377746022252
final-final-SME04669-008199,final-SME04669,0.779505569713,2000000.0,0.5374517088951682,0.5622635774156126,0.7186908103733395
final-final-SME04691-008236,final-SME04691,0.450410631103,1803321.57,0.440980676415004,0.456560647096354,0.41404588931693603
final-final-SME04691-008237,final-SME04691,0.435963592493,875224.2,0.45766773885234924,0.4522523460031483,0.38541774301882087
final-final-SME04729-008296,final-SME04729,0.0872030619735,349636.51,0.45585353723400973,0.46632526589368894,0.472207803754605
final-final-SME04729-008297,final-SME04729,0.125894152704,240597.01,0.5176717532099285,0.5501367022325452,0.545538629257729
final-final-SME04851-008520,final-SME04851,0.738077251895,223895.94,0.745515015064985,0.8273134928116834,0.7342982824627624
final-final-SME04862-008538,final-SME04862,0.266243012933,48134.06,0.6587140503911824,0.5956031269789698,0.5882646447600295
final-final-SME04871-008555,final-SME04871,0.830376756426,114666.8,0.7511598070809504,0.7814919313114527,0.6966905772199457
final-final-SME04913-008626,final-SME04913,0.627520529807,593395.29,0.7011851940610748,0.6347038388542375,0.6180662463155172
final-final-SME04913-008627,final-SME04913,0.386923190752,592507.99,0.48713449107824536,0.5190990251251153,0.43026911168434206
final-final-SME04960-008701,final-SME04960,0.0937302752112,532992.09,0.0026408318196048716,0.0,0.1645938549088898
final-final-SME04960-008702,final-SME04960,0.324606505839,197715.61,0.12870369256688574,0.14520798464204213,0.3725941889039307
final-final-SME05017-008804,final-SME05017,0.814748802518,449793.8,0.6506554614056299,0.7234558751124874,0.5528451562419364
final-final-SME05042-008849,final-SME05042,0.214467290471,125950.36,0.8131731086330145,0.7076121882637768,0.7115705145800881
final-final-SME05042-008850,final-SME05042,0.214467290471,105504.09,0.8323958038283533,0.7076121882637768,0.7115705145800881
final-final-SME05057-008875,final-SME05057,0.686228402446,185729.75,0.7990706362000989,0.6915118320197833,0.6723108142245627
final-final-SME05072-008904,final-SME05072,0.869079881895,314824.38,0.6779767457108908,0.5782230603121894,0.6601110966785447
final-final-SME05072-008905,final-SME05072,0.719499754366,548368.45,0.48009089245399894,0.45762162004338525,0.5555016204740173
final-final-SME05176-009080,final-SME05176,0.155243232778,335927.95,0.6302711582454618,0.6165973571280944,0.597082142379851
final-final-SME05183-009091,final-SME05183,0.368196951541,1526698.55,0.6136235315453923,0.6345827482777747,0.5099968463944822
final-final-SME05183-009092,final-SME05183,0.411344652847,2085348.77,0.5634018496561919,0.6456595191335335,0.5498526870042191
final-final-SME05189-009100,final-SME05189,0.704034779693,239990.74,0.5392414569416262,0.7421938102664116,0.5456887125877914
final-final-SME05189-009101,final-SME05189,0.624322165072,63694.2,0.42110774834749237,0.6674982957751964,0.4907702481726198
final-final-SME05266-009227,final-SME05266,0.482979118208,336575.21,0.3803437806929837,0.5543351393287418,0.4907366292801794
final-final-SME05266-009228,final-SME05266,0.514567458973,222635.7,0.46205306714909344,0.5886859018885694,0.5120230405933417
final-final-SME05301-009290,final-SME05301,0.75089458271,50397.93,0.8177657912277754,0.6876871717359323,0.7115837052472986
final-final-SME05301-009291,final-SME05301,0.382816629735,233797.61,0.5205159042551923,0.4456127780243419,0.45924045696602217
final-final-SME05301-009292,final-SME05301,0.75089458271,27930.26,0.8270257748440197,0.6838065468666521,0.6997537057511231
final-final-SME05311-009307,final-SME05311,0.218922500543,114360.06,0.500271019154074,0.5050579432020843,0.4955367897561539
final-final-SME05311-009308,final-SME05311,0.256149937642,5421.37,0.5806366620655395,0.5972222828617606,0.5989530588563011
final-final-SME05319-009321,final-SME05319,0.169493969238,944425.07,0.11264451067516044,0.2694652363004666,0.2300847295487433
final-final-SME05323-009327,final-SME05323,0.0642290354284,797209.73,0.1368743456783579,0.375166901774717,0.16409398188754687
final-final-SME05330-009339,final-SME05330,0.38852653524,1071033.6,0.5569743818764334,0.7046627076549629,0.5368082567864427
final-final-SME05388-009432,final-SME05388,0.447525621459,677895.89,0.23201707030192223,0.2595671435367875,0.43481987631082614
final-final-SME05388-009433,final-SME05388,0.663558592998,623756.02,0.4040363637549957,0.38166921955276384,0.5284679896738088
final-final-SME05389-009434,final-SME05389,0.520090230406,1178221.12,0.41093384815916617,0.4694989046522769,0.42722688486163857
final-final-SME05389-009435,final-SME05389,0.839509360021,286755.99,0.7231465079509843,0.6642266621851403,0.6840989872080124
final-final-SME05392-009439,final-SME05392,0.45173818956,900478.6,0.36626469837675074,0.44314833114014335,0.46258489621076787
final-final-SME05392-009440,final-SME05392,0.286959420109,182090.31,0.3147978382012052,0.3951628804461684,0.37475101778945963
final-final-SME05416-009484,final-SME05416,0.316286768686,60345.61,0.15585303841010562,0.4035334433583577,0.27359526801140105
final-final-SME05416-009485,final-SME05416,0.316444087848,117550.97,0.16488862180880726,0.4049494987264582,0.27359526801140105
final-final-SME05416-009486,final-SME05416,0.189100456103,41309.9,0.12720680926262407,0.3996746913938014,0.1897916185527139
final-final-SME05423-009499,final-SME05423,0.409736921523,117636.57,0.19378634725820626,0.3011713110390112,0.31015877380165185
final-final-SME05423-009500,final-SME05423,0.399832755031,344415.3,0.20509469345019363,0.30724677046347076,0.28500049534627275
final-final-SME05481-009595,final-SME05481,0.751063109936,337059.02,0.7114928220754145,0.6860376028165501,0.6886575788482217
final-final-SME05495-009618,final-SME05495,0.604216044762,39329.96,0.6892604258062376,0.612051057819382,0.631393701200492
final-final-SME05495-009619,final-SME05495,0.604216044762,33954.16,0.6719753548127496,0.612051057819382,0.6357880824100987
final-final-SME05558-009726,final-SME05558,0.286231571451,78012.73,0.31966166177517236,0.46233101098507695,0.37645502487608856
final-final-SME05558-009727,final-SME05558,0.300264850188,157158.6,0.35301312219780345,0.564063213926541,0.3730918281944924
final-final-SME05558-009728,final-SME05558,0.29850742425,38741.41,0.2771291591668501,0.47415536577442435,0.2440867278496833
final-final-SME05649-009882,final-SME05649,0.810167540688,857462.99,0.6087972573406002,0.6186787944498239,0.6235038185736272
final-final-SME05649-009883,final-SME05649,0.810167540688,763039.09,0.6208457507933876,0.6186787944498239,0.6235038185736272
final-final-SME05667-009910,final-SME05667,0.248854739379,271460.74,0.6154389765477116,0.6684551091627297,0.5883350710793465
final-final-SME05667-009911,final-SME05667,0.298241035344,76595.69,0.7066326777094912,0.6891601455668361,0.6057308535964258
final-final-SME05714-009996,final-SME05714,0.689030153068,166741.13,0.6567713571125435,0.7583230895449353,0.6290828761204214
final-final-SME05714-009997,final-SME05714,0.764880609266,195014.53,0.7963715203423142,0.8570128442936351,0.7218593214867295
final-final-SME05714-009998,final-SME05714,0.77051354812,34790.74,0.7414735288293878,0.853154092329079,0.7237711069596319
final-final-SME05743-010049,final-SME05743,0.430180709574,203592.91,0.4457403243379357,0.6171909086649515,0.46834749495820466
final-final-SME05749-010058,final-SME05749,0.744287110416,1613521.02,0.7591281508095619,0.6822786231845059,0.7116703880089021
final-final-SME05749-010059,final-SME05749,0.744287110416,387195.17,0.8046429068605988,0.6822786231845059,0.7096321604687676
final-final-SME05750-010060,final-SME05750,0.0549017071947,1913696.11,0.00808709902076401,0.16694562150527292,0.009944673999385385
final-final-SME05802-010144,final-SME05802,0.647020031483,75390.76,0.423445874794504,0.49007512676388504,0.4759511331778252
final-final-SME05802-010145,final-SME05802,0.554524884531,117088.47,0.32381242074273925,0.48339283015298035,0.4272540800302949
final-final-SME05860-010254,final-SME05860,0.0850595586009,344236.67,0.6185897166496763,0.6404794529433048,0.612242743432593
final-final-SME05860-010255,final-SME05860,0.0850595586009,1540404.92,0.6095258724978619,0.6404794529433048,0.6142809709727275
final-final-SME05863-010260,final-SME05863,0.0603709748606,18981.55,0.03473607632586966,0.16071753009401515,0.0
final-final-SME05863-010261,final-SME05863,0.281767535447,26584.45,0.14304973186201508,0.351538644434805,0.22586758163902254
final-final-SME05863-010262,final-SME05863,0.272147848232,10031.37,0.1320533315773386,0.351538644434805,0.22965255051085448
final-final-SME05867-010268,final-SME05867,0.191709897735,601176.15,0.34011337790595103,0.4618182664459406,0.23902262244726527
final-final-SME05884-010294,final-SME05884,0.647325688167,352791.41,0.6846379277555725,0.639765415101522,0.6186295555545412
final-final-SME05938-010385,final-SME05938,0.864522385677,558276.75,0.7117528426453775,0.6516433184517448,0.7876914504773718
final-final-SME05940-010388,final-SME05940,0.214026442365,191048.91,0.12840700910917138,0.25663182624580577,0.2929879512239074
final-final-SME05940-010389,final-SME05940,0.225637535416,59703.41,0.14083073089257736,0.25478789885037906,0.2929879512239074
final-final-SME06009-010504,final-SME06009,0.813918135573,142932.89,0.8019176001082297,0.6706933293453847,0.6700554538261501
final-final-SME06009-010505,final-SME06009,0.813918135573,7855.03,0.7966037623761784,0.6679577005713806,0.6586680532021071
final-final-SME06027-010533,final-SME06027,0.765986197692,200010.37,0.840648495156188,0.7338758469424584,0.7443673796311396
final-final-SME06064-010600,final-SME06064,0.697569388731,752723.8,0.48127175575610387,0.49588937367535896,0.48472810979416325
final-final-SME06065-010601,final-SME06065,0.552282082817,216043.34,0.3160465365309835,0.3329648634413537,0.5333220455981444
final-final-SME06065-010602,final-SME06065,0.69989109916,96861.22,0.44867929592408906,0.4512717857004985,0.6665271218214986
final-final-SME06127-010698,final-SME06127,0.0601547512357,580690.23,0.023017611182600407,0.1977118579358148,0.033426950013377046
final-final-SME06201-010836,final-SME06201,0.196534900776,181085.56,0.190862852852628,0.33698656789405246,0.15255568257177815
final-final-SME06202-010837,final-SME06202,0.71387266527,109408.9,0.7952545892036167,0.6831499956959606,0.7144493213279023
final-final-SME06207-010844,final-SME06207,0.826221246025,382147.58,0.6574337436853572,0.6739210819050016,0.6412059841659762
final-final-SME06221-010868,final-SME06221,0.613003199021,795515.5,0.445317198553288,0.6140112396683337,0.4764169383336977
final-final-SME06221-010869,final-SME06221,0.714862642142,59288.63,0.5144996026436746,0.6296161566697217,0.5082285669478278
final-final-SME06235-010892,final-SME06235,0.240283083777,330229.85,0.25607449224439394,0.3381901231832852,0.3629436703594148
final-final-SME06240-010897,final-SME06240,0.487025299148,673347.3,0.5891676476991207,0.5777729070906574,0.5912325221833049
final-final-SME06240-010898,final-SME06240,0.487025299148,340548.41,0.6197988736548368,0.5777729070906574,0.5933625554443642
final-final-SME06249-010911,final-SME06249,0.782192330875,240563.53,0.6931795959800151,0.577840746755741,0.5660006073680689
final-final-SME06251-010913,final-SME06251,0.709297585956,108770.88,0.4116785759262784,0.45422015524180887,0.6393937410325964
final-final-SME06251-010914,final-SME06251,0.745537454598,156781.2,0.5360722486475469,0.5453206273473229,0.6652072516238334
final-final-SME06260-010930,final-SME06260,0.542422667274,674423.24,0.5105875540688111,0.513279068005777,0.4794419134075902
final-final-SME06260-010931,final-SME06260,0.650143111157,760252.69,0.5850612850480098,0.5971194822503267,0.5658399040633697
final-final-SME06263-010934,final-SME06263,0.663189603753,459147.35,0.6163168636586881,0.4952798650560875,0.46238099400960825
final-final-SME06263-010935,final-SME06263,0.736158179236,1154638.54,0.6662326309005513,0.5554178030198672,0.5563989715063855
final-final-SME06263-010936,final-SME06263,0.744490720808,481543.61,0.6546552705603328,0.5773704715281881,0.5894653277244183
final-final-SME06267-010944,final-SME06267,0.649045360746,185150.72,0.45158874926671433,0.4597096044392039,0.5741652656531604
final-final-SME06267-010945,final-SME06267,0.572563353048,218525.81,0.391881517725356,0.3913223608031167,0.5930318799212072
final-final-SME06271-010952,final-SME06271,0.616231162999,644522.99,0.6448945059693852,0.5696928785991705,0.528714239395165
final-final-SME06271-010953,final-SME06271,0.70086635625,88622.79,0.7212796664338985,0.6529816451691922,0.6456390427072667
final-final-SME06314-011021,final-SME06314,0.582888186843,849547.69,0.5177254165932815,0.635143604793177,0.5461913137608498
final-final-SME06314-011022,final-SME06314,0.668881633398,589316.93,0.6599012300806086,0.7550062478370713,0.620682462825433
final-final-SME06331-011046,final-SME06331,0.187061925649,247336.2,0.6654484822089642,0.7578760986355736,0.6572119401903892
final-final-SME06331-011047,final-SME06331,0.187061925649,105298.67,0.6789312777076584,0.7578760986355736,0.6572119401903892
final-final-SME06362-011099,final-SME06362,0.827191255375,231894.49,0.7883201945800965,0.6819738643484702,0.7884526642846585
final-final-SME06385-011143,final-SME06385,0.185227483291,139704.41,0.5905701749956982,0.6150517558622405,0.5700548163193642
final-final-SME06385-011144,final-SME06385,0.185227483291,129416.85,0.5322436124214555,0.6036972600753138,0.5083344940890958
final-final-SME06392-011157,final-SME06392,0.710993989307,737756.0,0.7435266546003917,0.6822786231845059,0.6992981701912855
final-final-SME06392-011158,final-SME06392,0.710993989307,34685.21,0.7430598553448128,0.6821592352891372,0.7000593839985723
final-final-SME06409-011186,final-SME06409,0.821226725835,678474.71,0.5629192549414829,0.537405346370643,0.6654525519351627
final-final-SME06409-011187,final-SME06409,0.736617172158,163232.55,0.4726356861810037,0.5079175838773696,0.6603906993366095
final-final-SME06419-011206,final-SME06419,0.814713477829,235306.52,0.7797518981559821,0.732590256321719,0.735036638275272
final-final-SME06509-011367,final-SME06509,0.512550464268,286843.6,0.4135019243603119,0.4113570623652,0.44725660387750193
final-final-SME06529-011405,final-SME06529,0.120352429941,51866.46,0.6565750418251607,0.6381600251211974,0.5746110668970186
final-final-SME06574-011484,final-SME06574,0.800623308528,661092.63,0.7535587647530222,0.6846784176294354,0.6918040648636122
final-final-SME06574-011485,final-SME06574,0.800623308528,415588.07,0.7684964900519975,0.6846784176294354,0.6918040648636122
final-final-SME06635-011593,final-SME06635,0.727567672919,1117770.34,0.6621892150923236,0.7465112741307323,0.6134138057738411
final-final-SME06635-011594,final-SME06635,0.727567672919,194271.44,0.6870568271322972,0.7465112741307323,0.6121367920409934
final-final-SME06636-011595,final-SME06636,0.692170416433,177961.15,0.4791642896941601,0.539808182463638,0.5213826397608056
final-final-SME06766-011816,final-SME06766,0.581617367098,538777.68,0.5091522499458442,0.5118906770267762,0.5295127174636965
final-final-SME06766-011817,final-SME06766,0.255350456618,346459.81,0.41362682655315797,0.3927970453081417,0.39136134805861567
final-final-SME06799-011872,final-SME06799,0.162594349187,137544.44,0.6577165174238236,0.7130112396163755,0.6230798926816767
final-final-SME06803-011877,final-SME06803,0.266205155195,389414.47,0.4688213244346646,0.5957648214516633,0.48462267938512066
final-final-SME06810-011891,final-SME06810,0.283384675215,291618.49,0.2987625862193603,0.34652845494650497,0.25654559578930014
final-final-SME06810-011892,final-SME06810,0.120873883424,413711.31,0.12041841925098815,0.1802387977798894,0.16254892573295393
final-final-SME06810-011893,final-SME06810,0.0741171429248,89670.05,0.08563780890196303,0.1257967463073437,0.03827570911512483
final-final-SME06816-011907,final-SME06816,0.247585508703,862792.85,0.8002686780421824,0.8408744593803886,0.7425167069439953
final-final-SME06816-011908,final-SME06816,0.247585508703,882170.37,0.7539297412572434,0.8408744593803886,0.7425167069439953
final-final-SME06826-011924,final-SME06826,0.372839942525,3150976.59,0.31862922527818033,0.3410749695346637,0.47032529535098244
final-final-SME06826-011925,final-SME06826,0.452411878017,2000000.0,0.461745121323186,0.4323135011563131,0.4632708138875014
final-final-SME06862-011988,final-SME06862,0.420519639884,279549.82,0.27652593932325603,0.3834969600466027,0.38876602951387595
final-final-SME06896-012048,final-SME06896,0.204326030025,350322.41,0.1939683214540262,0.23038094453286662,0.25033552213692345
final-final-SME06896-012049,final-SME06896,0.202752095305,764605.63,0.1995481508834169,0.23038094453286662,0.24820548887586424
final-final-SME06896-012050,final-SME06896,0.167631494513,150177.67,0.18310730012506682,0.2279989550701949,0.23399810340197535
final-final-SME06910-012074,final-SME06910,0.702752719771,864261.45,0.4673928094262368,0.6602612273245763,0.600084227505461
final-final-SME06910-012075,final-SME06910,0.824617522032,413257.71,0.8109560525419449,0.803744964456901,0.6928186235428279
final-final-SME06910-012076,final-SME06910,0.37662568594,30427.84,0.4241520196983294,0.5861518972822768,0.3613605673733651
final-final-SME06912-012078,final-SME06912,0.213724699051,220164.41,0.34137587622414245,0.37320326993125397,0.31426887461773934
final-final-SME06929-012102,final-SME06929,0.262282170289,963330.5,0.189858017329068,0.3304659603334879,0.25275086420307563
final-final-SME06977-012186,final-SME06977,0.333316797205,212881.34,0.3004467704164817,0.4009909562881927,0.4003478295554057
final-final-SME07083-012363,final-SME07083,0.23144037639,626169.42,0.8481130546690155,0.8952538835956871,0.8184049815040648
final-final-SME07083-012364,final-SME07083,0.23144037639,117008.14,0.8528804370515086,0.895184352769385,0.8245367043393896
final-final-SME07086-012369,final-SME07086,0.746038332438,97506.2,0.6399778126807417,0.6653858932603753,0.5850568973301271
final-final-SME07086-012370,final-SME07086,0.817770924106,74284.5,0.7066262846199265,0.7305938693403451,0.7022612314416554
final-final-SME07091-012381,final-SME07091,0.326201131784,42602.0,0.39501996314717935,0.4107355635581874,0.35614999723502966
final-final-SME07098-012390,final-SME07098,0.672262773052,1134707.71,0.6510427616195836,0.632386415474162,0.6116452476355185
final-final-SME07098-012391,final-SME07098,0.672262773052,1852700.25,0.6193162178625645,0.632386415474162,0.6116452476355185
final-final-SME07120-012428,final-SME07120,0.732124613268,974112.4,0.6894536248517438,0.7487863843743501,0.7449912162305591
final-final-SME07130-012446,final-SME07130,0.478959678824,289851.78,0.5434951250142704,0.6207511499738179,0.8629316949673443
final-final-SME07201-012573,final-SME07201,0.712923517955,1006080.36,0.5055808745848853,0.46953619194079377,0.4748685253067613
final-final-SME07226-012614,final-SME07226,0.188214509985,348641.37,0.0847178091631741,0.20984751503209653,0.1541175547738769
final-final-SME07269-012684,final-SME07269,0.44669212092,157804.35,0.49081282381996233,0.5010563650908143,0.6001287749724703
final-final-SME07307-012747,final-SME07307,0.267024464745,841495.6,0.2551970993731621,0.4498111308996675,0.2848407987803467
final-final-SME07307-012748,final-SME07307,0.51163096441,512496.85,0.3514416209890726,0.5321081681046245,0.41437145454550234
final-final-SME07334-012794,final-SME07334,0.336800651106,215836.08,0.13498384497573132,0.19098267077114933,0.2528299617607096
final-final-SME07334-012795,final-SME07334,0.227789718759,318375.8,0.13268114882346585,0.19098267077114933,0.17585136235480997
final-final-SME07369-012854,final-SME07369,0.532076569098,696162.93,0.6225966718255475,0.5353616127959412,0.5242029043633655
final-final-SME07369-012855,final-SME07369,0.595360562263,2000000.0,0.6857311566682579,0.6142635988638394,0.610999617318851
final-final-SME07374-012866,final-SME07374,0.553400943307,1142903.87,0.4568130852871348,0.5147313399036203,0.5019144271952545
final-final-SME07374-012867,final-SME07374,0.666080900612,313294.63,0.6309550956701169,0.6050874547883666,0.6106665616016115
final-final-SME07392-012898,final-SME07392,0.603014755716,424713.34,0.7207364698806825,0.8009350961196671,0.645692038432115
final-final-SME07414-012937,final-SME07414,0.481737955352,3073169.33,0.5188228619311005,0.5005835366564817,0.5140037711404931
final-final-SME07414-012938,final-SME07414,0.600718947612,695595.7,0.6115303082033277,0.5767058581087531,0.5734739510028891
final-final-SME07427-012958,final-SME07427,0.732870900992,79029.47,0.8716102849009054,0.8463438318949013,0.7621991689851063
final-final-SME07427-012959,final-SME07427,0.732870900992,98270.0,0.8398916662258082,0.8766878240441249,0.7660251004885952
final-final-SME07474-013039,final-SME07474,0.236500939825,1133808.52,0.3026936736787475,0.48720284632332456,0.34167388300791246
final-final-SME07474-013040,final-SME07474,0.316406826292,1678841.61,0.41038105553729176,0.6334701829175533,0.4436093253829326
final-final-SME07479-013047,final-SME07479,0.712462450835,341626.03,0.6943251894444713,0.6687729544607142,0.6578257232498004
final-final-SME07494-013072,final-SME07494,0.876704507722,397313.12,0.6991419965237758,0.6504072352948795,0.7482195375109906
final-final-SME07495-013073,final-SME07495,0.681803853245,402737.96,0.6912675864776491,0.6272364353505192,0.6147576632342597
final-final-SME07495-013074,final-SME07495,0.517136328656,35036.58,0.3844638693769292,0.4103313273194584,0.3507444906529488
final-final-SME07540-013143,final-SME07540,0.311909770393,361670.19,0.2813013036006957,0.3454004406781482,0.3177294728982917
final-final-SME07563-013180,final-SME07563,0.743575017785,1834241.83,0.35232912424037627,0.31001959701079734,0.5197845945246914
final-final-SME07565-013182,final-SME07565,0.244769873139,1199981.48,0.689766445254793,0.6619720511361612,0.6526997360995999
final-final-SME07575-013196,final-SME07575,0.654608439947,1322318.65,0.7196982003581262,0.7383803616215746,0.6877168786191457
final-final-SME07580-013206,final-SME07580,0.616683322372,1032051.3,0.7003951820573361,0.6672195527325748,0.6732500834650147
final-final-SME07580-013207,final-SME07580,0.616683322372,806294.95,0.6711533762983661,0.6664131743292824,0.6700554538261501
final-final-SME07590-013225,final-SME07590,0.356917522727,2614725.77,0.4745747980750246,0.5530400510395507,0.5223638564415088
final-final-SME07595-013232,final-SME07595,0.636241954947,409447.59,0.6472638118434513,0.6871877369412268,0.6571920470241637
final-final-SME07595-013233,final-SME07595,0.704557563582,273617.6,0.8312616689966682,0.6982557755183233,0.6883837779288859
final-final-SME07595-013234,final-SME07595,0.329621987467,52727.21,0.417580705852269,0.42341810036698374,0.4044390223431438
final-final-SME07601-013245,final-SME07601,0.202389802926,216735.9,0.6503251566925079,0.6740857030035241,0.5673635478404109
final-final-SME07601-013246,final-SME07601,0.253727544559,1078125.22,0.7345122835258888,0.7635680975779046,0.6605434242722233
final-final-SME07651-013334,final-SME07651,0.417486291795,419591.67,0.4580872211017764,0.5584506413525735,0.5053043092177865
final-final-SME07651-013335,final-SME07651,0.550775748873,154262.02,0.74669877857556,0.6947090987863223,0.6950853687970611
final-final-SME07670-013366,final-SME07670,0.584584265993,410999.7,0.6702976045154343,0.6235476715625288,0.5406948062193655
final-final-SME07670-013367,final-SME07670,0.451488901108,429362.27,0.3965737422601793,0.5695616207277742,0.3931578825012437
final-final-SME07676-013375,final-SME07676,0.699393577593,957273.14,0.5409407688530259,0.6246550930721518,0.549428962343598
final-final-SME07676-013376,final-SME07676,0.698277434824,216683.96,0.5502310367982886,0.6266433967966519,0.5502819818718095
final-final-SME07685-013392,final-SME07685,0.760758093836,258012.47,0.7575635757008778,0.7335618574719904,0.7355215282978486
final-final-SME07690-013399,final-SME07690,0.402883085902,306612.68,0.4041702540894103,0.4353018736355522,0.38928165247871577
final-final-SME07776-013540,final-SME07776,0.75981581559,981424.13,0.5317332284442349,0.48426776636925994,0.5572706417849469
final-final-SME07780-013545,final-SME07780,0.278559980723,11947.74,0.33535751207729003,0.29294415499227855,0.3172479328628825
final-final-SME07821-013617,final-SME07821,0.221977450987,185053.37,0.38800625536940825,0.5675949148179393,0.4439498026539234
final-final-SME07827-013627,final-SME07827,0.704653177062,403021.31,0.7136081172686322,0.6608363514436797,0.6589174038122817
final-final-SME07827-013628,final-SME07827,0.478517366519,1152785.65,0.4870000841995376,0.5460379161178499,0.4946167316827886
final-final-SME07837-013641,final-SME07837,0.732382110961,121127.72,0.6189910709030922,0.589318052673688,0.7203114097052912
final-final-SME07837-013642,final-SME07837,0.780832231125,387518.36,0.6723249676431579,0.6788827626692295,0.7851696245872862
final-final-SME07842-013650,final-SME07842,0.350360448995,61066.95,0.32332674178498744,0.3463032858651747,0.32861170033045584
final-final-SME07854-013669,final-SME07854,0.533853996399,703623.62,0.4185222836128368,0.47835171896043327,0.5500544381065312
final-final-SME07870-013699,final-SME07870,0.530014447053,181609.18,0.523928776759758,0.5363039144977535,0.5294118478429778
final-final-SME07870-013700,final-SME07870,0.564521486769,149562.38,0.575124539625302,0.5421899981061292,0.5471989200492418
final-final-SME07873-013704,final-SME07873,0.436878452911,230103.7,0.48793761691835985,0.607130719859754,0.4878771721268909
final-final-SME07873-013705,final-SME07873,0.34406855895,116704.04,0.38584144391651465,0.5496731222823039,0.3923501757727239
final-final-SME07923-013785,final-SME07923,0.208214020965,676018.56,0.318089744996884,0.5151720576754587,0.45369043015491545
final-final-SME07923-013786,final-SME07923,0.268790626524,115992.87,0.4721883868069955,0.6653286951153059,0.47232448442901886
final-final-SME07938-013811,final-SME07938,0.232732798905,123886.38,0.702427409674218,0.6211177601051802,0.6324742673486347
final-final-SME07938-013812,final-SME07938,0.232732798905,26695.12,0.7188814835868026,0.6084798895651211,0.6129961323030535
final-final-SME07971-013868,final-SME07971,0.55364712223,151413.74,0.5212457646195129,0.6220014293130222,0.5107148741802924
final-final-SME07974-013872,final-SME07974,0.231413512776,158063.25,0.729181218274167,0.6710099543594177,0.685132482733298
final-final-SME07974-013873,final-SME07974,0.231413512776,143717.55,0.4540913106477433,0.41602191720105947,0.4686481862098218
final-final-SME08007-013921,final-SME08007,0.593219812899,476814.04,0.47110190030455085,0.6545865784557084,0.45522752237378694
final-final-SME08007-013922,final-SME08007,0.825059847412,204174.82,0.6340498240404798,0.7049939924568931,0.6350441908681038
final-final-SME08019-013941,final-SME08019,0.398014202747,725731.13,0.3749401428049186,0.628934871585897,0.44356339046652593
final-final-SME08020-013942,final-SME08020,0.25601259713,351371.02,0.3944560291294032,0.5528527694686507,0.40707338712189123
final-final-SME08020-013943,final-SME08020,0.292402944686,131973.13,0.5017080152277814,0.624450639311389,0.5103983006019878
final-final-SME08050-013990,final-SME08050,0.710403193974,708897.39,0.7094403553431038,0.5940624286214464,0.5951321200506929
final-final-SME08052-013993,final-SME08052,0.700615009717,416855.48,0.6847390134754655,0.7227744947533561,0.6376534361205367
final-final-SME08052-013994,final-SME08052,0.700615009717,51343.89,0.6697614829953817,0.7359753617848518,0.6432956901194148
final-final-SME08089-014056,final-SME08089,0.416789323209,863642.15,0.34359244764298863,0.4109540733005536,0.42009713014183686
final-final-SME08149-014162,final-SME08149,0.0534082501947,719639.24,0.11781435971506325,0.3517080182848277,0.13596135038683257
final-final-SME08298-014432,final-SME08298,0.863674312255,970740.73,0.735468322138444,0.6554591462987049,0.6532375324243752
final-final-SME08300-014435,final-SME08300,0.785848105488,961080.34,0.5958355811641133,0.6037330168422153,0.5898127869799344
final-final-SME08300-014436,final-SME08300,0.925445030292,843772.25,0.8488310503893672,0.7288783282057817,0.7306347864451638
final-final-SME08309-014449,final-SME08309,0.467989876389,609763.95,0.44622867982842257,0.5892604399930623,0.44628269746986376
final-final-SME08309-014450,final-SME08309,0.358189565522,111941.25,0.42507994475474736,0.608780131528127,0.4065504858744015
final-final-SME08341-014507,final-SME08341,0.62370050698,715455.0,0.45017808035328094,0.41105444706381755,0.44170112917839977
final-final-SME08341-014508,final-SME08341,0.841284887427,68991.66,0.8202746697276291,0.571813789582835,0.5729008837776672
final-final-SME08341-014509,final-SME08341,0.841284887427,232499.44,0.8209293714894819,0.571813789582835,0.5787617598154116
final-final-SME08372-014565,final-SME08372,0.694721440205,396895.47,0.7917625420900056,0.7010504702034375,0.6906071317252671
final-final-SME08372-014566,final-SME08372,0.694721440205,257189.24,0.809443113400219,0.7035322353764081,0.6930522047531901
final-final-SME08372-014567,final-SME08372,0.694721440205,195306.18,0.7947169872922814,0.7035322353764081,0.6930522047531901
final-final-SME08386-014595,final-SME08386,0.43414490694,79060.57,0.40927480477380485,0.5095652765684906,0.4654526018435439
final-final-SME08386-014596,final-SME08386,0.537276046517,76879.7,0.5674836383990267,0.6144470151039682,0.5983585148008522
final-final-SME08386-014597,final-SME08386,0.568553879299,17029.4,0.5562114444584758,0.5946190338856837,0.597722524815447
final-final-SME08403-014626,final-SME08403,0.912222662862,1985554.85,0.53492218724785,0.5599043549823025,0.7034571418175574
final-final-SME08532-014835,final-SME08532,0.651242203271,255272.55,0.7578047732844453,0.6531860139830955,0.6823012749412366
final-final-SME08533-014836,final-SME08533,0.0458767142961,216056.97,0.0,0.0,0.0
final-final-SME08553-014870,final-SME08553,0.594673781573,810885.06,0.6905424943246767,0.7776561563331014,0.6766606922474853
final-final-SME08562-014885,final-SME08562,0.746956937194,108533.97,0.5024135807229764,0.4991262247351403,0.6411329411560669
final-final-SME08562-014886,final-SME08562,0.824051359982,104744.89,0.5795746988232706,0.5876266085919605,0.6972569925392528
final-final-SME08564-014888,final-SME08564,0.240547474583,123596.86,0.22692529937428643,0.33048791389980975,0.27576979158827536
final-final-SME08564-014889,final-SME08564,0.150064990527,90974.08,0.22050577644980174,0.33048791389980975,0.21617723083812698
final-final-SME08568-014895,final-SME08568,0.710023444208,307591.27,0.715959968384485,0.7067284154405927,0.6816695715025394
final-final-SME08568-014896,final-SME08568,0.710023444208,186362.94,0.7305723614124048,0.7046705808897905,0.6893715825818346
final-final-SME08587-014928,final-SME08587,0.509003513499,165199.53,0.42019020237764654,0.3850359732589464,0.4834668975353637
final-final-SME08587-014929,final-SME08587,0.771585287252,17974.49,0.6633433041130852,0.5590092579273676,0.5962539309722973
final-final-SME08597-014946,final-SME08597,0.282868555874,156924.12,0.39972584794757876,0.4634049105212967,0.3454254842999867
final-final-SME08638-015023,final-SME08638,0.630257339495,142908.38,0.6865761065690207,0.7306963223511216,0.7569291249619771
final-final-SME08648-015041,final-SME08648,0.807105248242,341947.74,0.7778901761554933,0.7475088261159344,0.753361842879932
final-final-SME08648-015042,final-SME08648,0.565269518036,136072.16,0.4170940182542757,0.5058217514029291,0.48491491344891685
final-final-SME08671-015083,final-SME08671,0.7003033992,66614.34,0.5027382271406107,0.5929633304772048,0.524958662851407
final-final-SME08681-015101,final-SME08681,0.307648776891,738751.74,0.29389573118759227,0.47338885523975954,0.30904879408452235
final-final-SME08681-015102,final-SME08681,0.491870868765,756491.14,0.37652951986148814,0.5268680407888106,0.4155919053803901
final-final-SME08748-015209,final-SME08748,0.772497765962,100301.75,0.7087479135533943,0.6529966691457487,0.6198914640521325
final-final-SME08778-015263,final-SME08778,0.59465108097,417075.97,0.47479942340323766,0.5623519125621482,0.538348492741854
final-final-SME08778-015264,final-SME08778,0.706568364451,297327.99,0.6879574409308287,0.6578986198100342,0.6477218289850125
final-final-SME08801-015303,final-SME08801,0.549145468046,439640.04,0.48304337911628853,0.43183807585159295,0.4390741715090041
final-final-SME08801-015304,final-SME08801,0.631053857043,274641.29,0.5340923420986304,0.513555100285079,0.5123208228969574
final-final-SME08801-015305,final-SME08801,0.640544969921,515504.51,0.5022251053321624,0.5029688311891474,0.5200725535841264
final-final-SME08831-015365,final-SME08831,0.487754260419,223745.95,0.3913308445813137,0.4703613785744041,0.41677436466124684
final-final-SME08831-015366,final-SME08831,0.708428400888,113203.12,0.607945884762295,0.5716378630504738,0.5795235284402106
final-final-SME08845-015387,final-SME08845,0.814460339621,210986.99,0.5726783136354424,0.5857217304935551,0.7344106461624678
final-final-SME08928-015525,final-SME08928,0.389249963481,251819.01,0.38416828528643443,0.5444760859723656,0.4058094816300033
final-final-SME08928-015526,final-SME08928,0.534096667807,479470.48,0.4674802487320985,0.6272988959539963,0.4641937365247459
final-final-SME08928-015527,final-SME08928,0.520105118164,48806.92,0.4812315714248048,0.5584030748891671,0.47791356583960626
final-final-SME08955-015575,final-SME08955,0.518336220308,711316.38,0.6975896876727304,0.777280543356172,0.6664392065516456
final-final-SME09135-015885,final-SME09135,0.322836295101,313505.74,0.39333151762694846,0.5521269768264594,0.4431661991473481
final-final-SME09146-015903,final-SME09146,0.438177687921,91976.5,0.4356655745848056,0.4201227594711669,0.41176923528104237
final-final-SME09146-015904,final-SME09146,0.537010171477,50841.78,0.4594438159460471,0.5007210944987248,0.5128792227012599
final-final-SME09195-015988,final-SME09195,0.661766067446,1250750.58,0.6946789886305609,0.6679618540686936,0.6645571272651907
final-final-SME09199-015995,final-SME09199,0.567682034307,163671.28,0.4566920922297951,0.4886354149728248,0.48404211723815815
final-final-SME09233-016056,final-SME09233,0.186181004555,222084.58,0.6553901172138042,0.6461042522683076,0.6763155650743342
final-final-SME09233-016057,final-SME09233,0.186181004555,69324.61,0.6914803625242967,0.6461042522683076,0.6763155650743342
final-final-SME09283-016143,final-SME09283,0.858856445591,142900.36,0.7011818256895611,0.6394185815647082,0.6789685058386906
final-final-SME09312-016187,final-SME09312,0.682055647668,170691.83,0.7693866099400903,0.6564451827525651,0.6709965400281824
final-final-SME09312-016188,final-SME09312,0.682055647668,162276.69,0.8042544599592356,0.6564451827525651,0.6709965400281824
final-final-SME09335-016227,final-SME09335,0.701304193837,30428.33,0.49902132045304337,0.44146407951249655,0.5475182562061701
final-final-SME09362-016271,final-SME09362,0.239700612507,501269.67,0.2586651601219726,0.2685499455294129,0.2507937144095919
final-final-SME09362-016272,final-SME09362,0.403511849121,383266.01,0.3101365601391853,0.3372880090428257,0.3160792814184534
final-final-SME09362-016273,final-SME09362,0.297459996475,35890.37,0.3011431031644304,0.330190785256491,0.3136056049557369
final-final-SME09387-016315,final-SME09387,0.61562463964,2227988.71,0.6640635299051451,0.7082636099843056,0.5797557860688434
final-final-SME09387-016316,final-SME09387,0.61562463964,1461390.41,0.6697019816023356,0.7082636099843056,0.5797557860688434
final-final-SME09425-016381,final-SME09425,0.479475692077,379467.79,0.43742529057064716,0.44574746421871286,0.4261351525201141
final-final-SME09430-016388,final-SME09430,0.76982022195,200487.09,0.5645254780331496,0.6998462662313943,0.5291816195124345
final-final-SME09430-016389,final-SME09430,0.76982022195,55842.35,0.5436966844266968,0.6142897458304096,0.5164586480266911
final-final-SME09453-016433,final-SME09453,0.441221093828,1234478.38,0.42603753147210527,0.4884800096826543,0.4197491212142377
final-final-SME09478-016478,final-SME09478,0.164409169527,585009.12,0.39063136698628964,0.5462065203660439,0.3272309650643713
final-final-SME09478-016479,final-SME09478,0.164409169527,531817.08,0.6993514065033853,0.7041676395823642,0.6298510197428445
final-final-SME09483-016486,final-SME09483,0.327802204856,142258.04,0.49410729674408543,0.4999006233963727,0.4956805806356407
final-final-SME09483-016487,final-SME09483,0.451050418833,79692.45,0.5579954594612774,0.5724138484751224,0.5999829674165584
final-final-SME09523-016558,final-SME09523,0.61070234155,735090.57,0.5809223343644805,0.48875942182320226,0.46531380907541997
final-final-SME09540-016591,final-SME09540,0.907861405519,655733.86,0.8659457096719249,0.8067074502578254,0.7798506944803629
final-final-SME09564-016638,final-SME09564,0.288032760633,790644.91,0.3664923030435176,0.5188605557798702,0.449066517865844
final-final-SME09564-016639,final-SME09564,0.288032760633,351755.23,0.39998010186966404,0.44443948357876495,0.4560861956772816
final-final-SME09564-016640,final-SME09564,0.288032760633,206441.8,0.6745338692346543,0.6145158339447403,0.5712020568933674
final-final-SME09605-016708,final-SME09605,0.592754998343,88663.97,0.4302748857254813,0.5381726494634206,0.40966449374051667
final-final-SME09605-016709,final-SME09605,0.672180339668,72083.42,0.4778707700675074,0.5318452926342371,0.46824844994890324
final-final-SME09659-016804,final-SME09659,0.346794040949,146268.68,0.2694867005516693,0.534851199842298,0.3624111585070214
final-final-SME09659-016805,final-SME09659,0.745964992111,273182.04,0.5515653843070488,0.722633069026285,0.552993537035607
final-final-SME09671-016825,final-SME09671,0.806495557417,275137.92,0.6827996691169228,0.6569932177473077,0.6537224542147271
final-final-SME09671-016826,final-SME09671,0.644048773459,241474.38,0.5514473147355238,0.5504570610134377,0.5007846051549303
final-final-SME09674-016829,final-SME09674,0.93208289904,206705.36,0.8418172201157426,0.7333324785310413,0.7279008816846921
final-final-SME09674-016830,final-SME09674,0.93208289904,43539.38,0.8400009014182411,0.7231309340191995,0.7151779101989487
final-final-SME09683-016845,final-SME09683,0.0512014376193,1559407.27,0.1427172970760309,0.40325238821085213,0.14659347241781756
final-final-SME09683-016846,final-SME09683,0.0512014376193,490684.54,0.12779388315845377,0.3891738185546344,0.20953895630029837
final-final-SME09739-016938,final-SME09739,0.1708117661,466848.03,0.2000648309925047,0.25826657475783626,0.20391771597746158
final-final-SME09762-016977,final-SME09762,0.286505020278,117933.24,0.5599421420222213,0.68590477810686,0.5863557167249359
final-final-SME09766-016981,final-SME09766,0.746095655413,20979.25,0.7761314881027276,0.7189978470223086,0.6850511172940348
final-final-SME09775-016997,final-SME09775,0.567281438738,141117.85,0.6834832825349535,0.653396416255035,0.6685134487682055
final-final-SME09781-017007,final-SME09781,0.755418052972,611757.01,0.7438273760146653,0.7350842902646815,0.7333911828589911
final-final-SME09781-017008,final-SME09781,0.755418052972,469122.68,0.7565126824505768,0.7350842902646815,0.7333911828589911
final-final-SME09781-017009,final-SME09781,0.755418052972,43640.39,0.7288063196862564,0.7371483301219814,0.7350750420796273
final-final-SME09792-017024,final-SME09792,0.433056318648,118505.43,0.4407703442993617,0.5002123400976907,0.45453821972196595
final-final-SME09792-017025,final-SME09792,0.605806986498,50927.26,0.6100357293281878,0.6094879038380498,0.6370773544304156
final-final-SME09792-017026,final-SME09792,0.564565749383,30349.51,0.6181656801514609,0.6000239875041555,0.6067676998000837
final-final-SME09820-017074,final-SME09820,0.4596759614,129146.26,0.4581896199733562,0.6286566997466151,0.5067704117653252
final-final-SME09820-017075,final-SME09820,0.536578014402,144133.75,0.5380415353779989,0.6397616784061357,0.5531125117377017
final-final-SME09831-017090,final-SME09831,0.199126907503,544253.29,0.2742550807646793,0.3863677503211269,0.23884828690328716
final-final-SME09831-017091,final-SME09831,0.624008675936,250931.58,0.5310923960468501,0.5686619480820971,0.5063191257002907
final-final-SME09831-017092,final-SME09831,0.644660606418,97358.41,0.5311600799501472,0.5686619480820971,0.5187488687219123
final-final-SME09877-017177,final-SME09877,0.643577732852,215575.99,0.4874640009796555,0.5597397274898133,0.4206708588701177
final-final-SME09896-017206,final-SME09896,0.221233558712,1229576.66,0.7032968727876568,0.7166387899732951,0.6152524212443147
final-final-SME09896-017207,final-SME09896,0.221233558712,105722.84,0.6888625061080007,0.722853569642594,0.6162260524066439
final-final-SME09899-017213,final-SME09899,0.254137009119,144574.69,0.5014857967092666,0.5053292042239771,0.5384306958871178
final-final-SME09905-017223,final-SME09905,0.574917686397,872533.99,0.4935355489472078,0.6749051605715097,0.5179295493254492
final-final-SME09915-017239,final-SME09915,0.835885579169,1168736.93,0.6449353735953374,0.7614645511585606,0.6318186390244442
final-final-SME09925-017254,final-SME09925,0.488229066885,851019.79,0.2978108761731209,0.30391311651925806,0.48803563643855796
final-final-SME09925-017255,final-SME09925,0.432403985018,520027.03,0.3064010018826801,0.29954911452740435,0.44392155538239486
final-final-SME09988-017361,final-SME09988,0.907179854333,32663.28,0.7040437010573536,0.6583911999403954,0.759326438284447
final-final-SME10011-017397,final-SME10011,0.630068241803,248734.86,0.7017495326847869,0.7820275308832435,0.6556211166317253
final-final-SME10012-017398,final-SME10012,0.479750527925,417273.97,0.23271084917351512,0.21768396276008536,0.28874145862846023
final-final-SME10049-017469,final-SME10049,0.306614125406,222691.18,0.3478189661456931,0.4819062644832654,0.32552273035081286
final-final-SME10049-017470,final-SME10049,0.717313390319,58843.02,0.8597704839150065,0.8497337862096027,0.7024427081106774
final-final-SME10093-017551,final-SME10093,0.765340444603,107496.9,0.6360032086519841,0.6985816949198806,0.5955835659591567
final-final-SME10093-017552,final-SME10093,0.765340444603,352367.38,0.598129129060184,0.7104233486668541,0.6046525553625395
final-final-SME10108-017577,final-SME10108,0.134811427307,1304144.9,0.5028234184623915,0.5039525628472892,0.5009977188039058
final-final-SME10108-017578,final-SME10108,0.181461008011,360617.16,0.3910072735424994,0.4043787631259473,0.3747481398883714
final-final-SME10150-017655,final-SME10150,0.207484183343,87114.73,0.7127350376885577,0.6730469491901174,0.6733626290953573
final-final-SME10151-017656,final-SME10151,0.795962978403,249057.77,0.742713776984434,0.7335618574719904,0.7355215282978486
final-final-SME10151-017657,final-SME10151,0.795962978403,183231.08,0.7547623376203269,0.7335618574719904,0.7355215282978486
final-final-SME10155-017663,final-SME10155,0.161905270832,500931.94,0.8002596053085036,0.692015793052543,0.6803011149535889
final-final-SME10155-017664,final-SME10155,0.161905270832,482772.8,0.6187739360787878,0.5774123033547139,0.5466085332364956
final-final-SME10155-017665,final-SME10155,0.161905270832,124551.04,0.4784900076264586,0.5465828294555726,0.5432857827408151
final-final-SME10182-017707,final-SME10182,0.87523991236,235559.93,0.7114928220754145,0.6373800013233244,0.6463983702576156
final-final-SME10182-017708,final-SME10182,0.798993927949,139543.91,0.5839453179972005,0.5263490562706636,0.5796355991081792
final-final-SME10189-017720,final-SME10189,0.315784651869,207396.97,0.5536824897969136,0.7006018049391679,0.550424854253124
final-final-SME10189-017721,final-SME10189,0.347744857478,412982.96,0.41020140475951233,0.576917058101286,0.43478133475235564
final-final-SME10248-017822,final-SME10248,0.34520872179,455017.29,0.38758790357846024,0.5795959001015062,0.45858719379205437
final-final-SME10251-017825,final-SME10251,0.534731579797,126822.57,0.3294719061055352,0.500864417810683,0.3691048068114929
final-final-SME10251-017826,final-SME10251,0.448113561925,54691.69,0.31517497105490505,0.5010884716777141,0.32204952910302453
final-final-SME10265-017851,final-SME10265,0.281938938262,75389.82,0.4230121747670243,0.5578852385604823,0.42983610861461136
final-final-SME10265-017852,final-SME10265,0.32280649751,180727.24,0.49478224974663726,0.6029001431734003,0.4945720279604616
final-final-SME10321-017957,final-SME10321,0.755701628967,1715766.79,0.689766445254793,0.7991721948357069,0.6641607883492502
final-final-SME10321-017958,final-SME10321,0.755701628967,1314395.67,0.6954048969519836,0.7991721948357069,0.6641607883492502
final-final-SME10386-018065,final-SME10386,0.652076726901,348513.18,0.5059639799038341,0.5225588489581499,0.5674175119432379
final-final-SME10386-018066,final-SME10386,0.669133859282,339386.23,0.6375069513044945,0.5968399621881914,0.5608859087289328
final-final-SME10421-018121,final-SME10421,0.748215286094,14550.99,0.646597431600477,0.6741649827028825,0.6356195188494861
final-final-SME10421-018122,final-SME10421,0.834277307453,69535.68,0.7748742873318271,0.7601906741862834,0.7328761083093218
final-final-SME10439-018155,final-SME10439,0.546474222964,1832723.09,0.4320231244410393,0.5888367481670805,0.4886660575359812
final-final-SME10439-018156,final-SME10439,0.680177963073,631528.83,0.6867375515000457,0.6976079650883668,0.61559617864542
final-final-SME10447-018168,final-SME10447,0.798235299986,517481.48,0.475391991338593,0.4981211206671991,0.6271865644427296
final-final-SME10541-018325,final-SME10541,0.717680368361,2120879.63,0.6719823637278246,0.5710596665308438,0.6696500188910608
final-final-SME10541-018326,final-SME10541,0.717680368361,1641592.11,0.6845487860728735,0.5710596665308438,0.6696500188910608
final-final-SME10550-018339,final-SME10550,0.537217648836,49016.9,0.4240881861889799,0.4767289632954828,0.44033066392782355
final-final-SME10550-018340,final-SME10550,0.664363203684,106941.81,0.542193922378258,0.5530845448716024,0.5624339792198593
final-final-SME10604-018445,final-SME10604,0.509396100246,144532.63,0.36590286718947673,0.5306579210287389,0.3712624428487726
final-final-SME10604-018446,final-SME10604,0.68043870237,310359.16,0.4332895086789484,0.5697269032640527,0.46757340675390713
final-final-SME10604-018447,final-SME10604,0.670641097231,11039.7,0.4355247159264082,0.5511656773093793,0.4518102508475289
final-final-SME10618-018468,final-SME10618,0.556491347967,113693.77,0.5460013525226401,0.5692191568500784,0.5705020751927764
final-final-SME10624-018481,final-SME10624,0.208608033927,287478.61,0.3254077091565987,0.48676115370062456,0.32984593885426927
final-final-SME10624-018482,final-SME10624,0.374059885576,214758.79,0.4467722447555713,0.6162734109244826,0.3924972591385691
final-final-SME10624-018483,final-SME10624,0.356711240553,346005.73,0.4209978225698626,0.6183312454752848,0.39072028470007814
final-final-SME10651-018532,final-SME10651,0.707285653757,642055.52,0.6567728000797036,0.6125651726241144,0.5922625008803002
final-final-SME10651-018533,final-SME10651,0.802422994943,468504.79,0.7392316118751265,0.6917579718453071,0.6982396324824632
final-final-SME10670-018561,final-SME10670,0.615631543783,711055.89,0.7305168191078136,0.6820687847406994,0.6924802104252441
final-final-SME10722-018641,final-SME10722,0.917579764023,955184.97,0.7570055378647309,0.7156364688109004,0.7329918474374565
final-final-SME10722-018642,final-SME10722,0.67553208037,902507.36,0.5373607013066826,0.5639889169907465,0.5633028145181961
final-final-SME10831-018824,final-SME10831,0.735412851849,588367.89,0.6045138121107092,0.6273780113330076,0.6135448207688882
final-final-SME10863-018875,final-SME10863,0.691364738495,202397.98,0.6965635684754983,0.7547505639100185,0.6665881270181806
final-final-SME10863-018876,final-SME10863,0.601611337748,352117.24,0.5742019217967272,0.637877614067747,0.5963131351309253
final-final-SME10898-018936,final-SME10898,0.504318774857,1393882.0,0.4283224348627644,0.5249448115112975,0.42762242000945216
final-final-SME10898-018937,final-SME10898,0.454735347099,577030.2,0.45288217045170914,0.5002269268370311,0.3890068616415422
final-final-SME10898-018938,final-SME10898,0.625969379314,262255.2,0.5047705512839201,0.5947068473032544,0.5728621545249394
final-final-SME10901-018942,final-SME10901,0.844472004778,629844.61,0.8057681604829307,0.7031372226508523,0.6964828506649944
final-final-SME10909-018958,final-SME10909,0.534074476256,256017.85,0.5177227874898535,0.6924249066271554,0.5567608051360483
final-final-SME10909-018959,final-SME10909,0.6721870009,318759.63,0.7554963128271509,0.770550014529599,0.6524241895910158
final-final-SME10909-018960,final-SME10909,0.681225087429,280362.81,0.7184886643962032,0.7684921799787968,0.6520336657692186
final-final-SME10923-018986,final-SME10923,0.528492162507,490327.89,0.4255584080423407,0.5573553548910476,0.4332880071111085
final-final-SME10923-018987,final-SME10923,0.630625315674,392134.25,0.4976310926729835,0.5523522939376139,0.5007651455466837
final-final-SME10931-019000,final-SME10931,0.562848523458,710886.29,0.5174724847350005,0.690264444331472,0.55110220362699
final-final-SME10947-019027,final-SME10947,0.262120101751,446330.09,0.34460343454617537,0.29785398925011075,0.28954854156543175
final-final-SME10947-019028,final-SME10947,0.597668820629,139950.39,0.4809655325810295,0.4616197358222042,0.46754224415652285
final-final-SME10962-019050,final-SME10962,0.585717995208,686612.52,0.49489959540635836,0.6261305383087573,0.48977073978865476
final-final-SME10963-019051,final-SME10963,0.359310590237,87608.94,0.3506123407606744,0.3739290452615268,0.515203714771036
final-final-SME10976-019072,final-SME10976,0.527586314188,273409.95,0.44554680841807065,0.4917542011477173,0.4901498426022393
final-final-SME11024-019159,final-SME11024,0.562813709052,56030.22,0.46493093408739167,0.4945566994844262,0.4997912342917296
final-final-SME11024-019160,final-SME11024,0.704497848932,70521.15,0.610544577407728,0.5810311525207519,0.5998310323038938
final-final-SME11024-019161,final-SME11024,0.665487677714,155746.59,0.5894372149852267,0.5810311525207519,0.5794027562335397
final-final-SME11131-019341,final-SME11131,0.928453268802,1155067.49,0.7636850277000933,0.6702892057885429,0.7994579002894782
final-final-SME11166-019398,final-SME11166,0.800494430639,240891.27,0.8619781150839265,0.7042305965019934,0.7264092150596116
final-final-SME11175-019414,final-SME11175,0.343734505207,398774.94,0.3640140016565438,0.3402134842549692,0.35009678424968843
final-final-SME11241-019529,final-SME11241,0.607093843468,869067.31,0.4975971962504838,0.5516419945013442,0.5230479424711684
final-final-SME11241-019530,final-SME11241,0.649646783827,672261.12,0.5749611387819423,0.5586324882964172,0.5881940810407469
final-final-SME11264-019566,final-SME11264,0.800792752189,186256.91,0.8186698711856111,0.6860470625008007,0.7136676768610194
final-final-SME11264-019567,final-SME11264,0.800792752189,209458.19,0.8471618887850361,0.6860470625008007,0.7136676768610194
final-final-SME11289-019611,final-SME11289,0.780435633388,1505097.42,0.8366907432485706,0.7419627696117053,0.7048027255365179
final-final-SME11289-019612,final-SME11289,0.780435633388,733027.64,0.8565809656492744,0.7419627696117053,0.7027644979963834
final-final-SME11292-019616,final-SME11292,0.197335817799,251482.74,0.47874551396329096,0.7132578683291837,0.5027689942123356
final-final-SME11292-019617,final-SME11292,0.197335817799,177783.94,0.5643503621701976,0.7119302940515649,0.5795449128109811
final-final-SME11301-019634,final-SME11301,0.401589566812,590609.04,0.37244820966301295,0.5801392719274501,0.420763380435271
final-final-SME11302-019635,final-SME11302,0.557801530275,351551.43,0.6083660756502788,0.6149597424880003,0.6003066839109407
final-final-SME11318-019660,final-SME11318,0.332969625541,607224.32,0.4466177502767513,0.5991609849581316,0.440121969479284
final-final-SME11318-019661,final-SME11318,0.396733039897,154184.75,0.5796828679698638,0.7113378158218976,0.5424857620099289
final-final-SME11318-019662,final-SME11318,0.396733039897,37881.57,0.554218721438347,0.7074790638573415,0.5439127950548842
final-final-SME11320-019664,final-SME11320,0.739512436011,225614.65,0.7114928220754145,0.7891361069714103,0.7059926898198018
final-final-SME11320-019665,final-SME11320,0.739512436011,250723.03,0.7261052151033344,0.7891361069714103,0.7059926898198018
final-final-SME11320-019666,final-SME11320,0.739512436011,85897.54,0.7048751073938337,0.7891361069714103,0.7059926898198018
final-final-SME11325-019674,final-SME11325,0.669534722126,561302.58,0.6860779995834999,0.6435451667487758,0.6231724245542322
final-final-SME11334-019687,final-SME11334,0.181739468998,303515.94,0.14718952812814873,0.20331314884655807,0.16756865794608808
final-final-SME11346-019706,final-SME11346,0.845304992154,28641.24,0.6975273979110894,0.6639696040025398,0.6168790487767185
final-final-SME11346-019707,final-SME11346,0.845304992154,73939.1,0.7044844416253072,0.6766074745425988,0.632534979776383
final-final-SME11346-019708,final-SME11346,0.664184249662,18362.93,0.46779512277910884,0.6031135732262429,0.48696154205899284
final-final-SME11359-019731,final-SME11359,0.219620874928,345471.38,0.5055486210198918,0.48721429674839184,0.49204129284987863
final-final-SME11359-019732,final-SME11359,0.256726866091,388735.79,0.5572488984715229,0.5690619265124641,0.5475689664315572
final-final-SME11423-019837,final-SME11423,0.72649333377,339937.06,0.7782686550022624,0.6825545405722764,0.6699238650065618
final-final-SME11479-019946,final-SME11479,0.418178615188,3176866.59,0.13730806419618857,0.2559719851648752,0.2869586339837618
final-final-SME11479-019947,final-SME11479,0.264778563518,2000000.0,0.14474358239657345,0.2559719851648752,0.19634526765270968
final-final-SME11479-019948,final-SME11479,0.164554341903,707663.36,0.015444236350633554,0.11899020768705533,0.15093437837750528
final-final-SME11488-019966,final-SME11488,0.193144168893,466634.96,0.25357866490458925,0.4769724164377503,0.35693425147022884
final-final-SME11501-019989,final-SME11501,0.673112902027,49678.0,0.6067117575190745,0.6395363593691111,0.5964273484720858
final-final-SME11501-019990,final-SME11501,0.744119296617,35939.47,0.6756796374323332,0.7112623009627347,0.6710159947914937
final-final-SME11504-019995,final-SME11504,0.255334618973,305282.88,0.30996560573865795,0.28944602666118807,0.33500963015688257
final-final-SME11504-019996,final-SME11504,0.437770351148,296694.95,0.44042776808364037,0.4075762426674979,0.3986304809312732
final-final-SME11562-020108,final-SME11562,0.35074758254,504913.62,0.6521774691077094,0.5977575628698424,0.6180027363175961
final-final-SME11562-020109,final-SME11562,0.35074758254,73103.63,0.6360219956434471,0.5977575628698424,0.6252883645955488
final-final-SME11576-020132,final-SME11576,0.207112808241,402780.98,0.8411451139168419,0.8377620175143514,0.740250204807867
final-final-SME11576-020133,final-SME11576,0.207112808241,257343.88,0.8434129866781375,0.8381859481365198,0.7463284452381098
final-final-SME11633-020231,final-SME11633,0.616762661113,233779.29,0.5379823564110469,0.7414328455779693,0.5697346818813819
final-final-SME11633-020232,final-SME11633,0.585307343356,13981.13,0.5245304996007638,0.733113925339351,0.5346007627403169
final-final-SME11659-020274,final-SME11659,0.746280964768,546696.94,0.6787459027322168,0.7706872627242629,0.6529612404074403
final-final-SME11661-020277,final-SME11661,0.1815223131,519540.4,0.5500188284373718,0.500785507031178,0.5068368268407101
final-final-SME11661-020278,final-SME11661,0.1815223131,463327.2,0.5260653088925212,0.500785507031178,0.5162781240752363
final-final-SME11664-020284,final-SME11664,0.497699784789,30486.93,0.6108710303072397,0.5879516589093913,0.5574233583351733
final-final-SME11688-020326,final-SME11688,0.262403018164,360982.32,0.3236477140158343,0.5094012959351489,0.4515832063706406
final-final-SME11688-020327,final-SME11688,0.311702319001,177910.32,0.4501612505395191,0.5665660753675879,0.5178103797156653
final-final-SME11688-020328,final-SME11688,0.311702319001,58857.02,0.42160338013108306,0.5665660753675879,0.45286023737860637
final-final-SME11724-020390,final-SME11724,0.821065458672,387377.84,0.805893725543167,0.8027406239774947,0.7079706614874643
final-final-SME11724-020391,final-SME11724,0.737539860089,150029.56,0.6362317697954573,0.7471156197680646,0.6430895716448518
final-final-SME11724-020392,final-SME11724,0.343972720369,54658.43,0.4114805302568748,0.5923867544596672,0.37510135766510044
final-final-SME11746-020431,final-SME11746,0.32741412243,797048.27,0.4232526233694753,0.6252500724425392,0.4434578601515221
final-final-SME11746-020432,final-SME11746,0.377005107577,245534.89,0.3690554145514439,0.6376666295980168,0.4718296850227233
final-final-SME11758-020455,final-SME11758,0.315631910307,443197.22,0.2334850404792771,0.24304353264825598,0.2868909272269918
final-final-SME11758-020456,final-SME11758,0.0479654247994,111322.72,0.11980347197273704,0.10923049020695695,0.11968528086250299
final-final-SME11760-020459,final-SME11760,0.404012976992,2163360.24,0.2950486513399747,0.3983696354859365,0.2711319593879727
final-final-SME11761-020460,final-SME11761,0.432204051154,741432.16,0.40626395944885646,0.449775686232008,0.47598300552116246
final-final-SME11761-020461,final-SME11761,0.512644726683,308405.76,0.5271319539339366,0.541161344569413,0.5094261227709759
final-final-SME11770-020477,final-SME11770,0.496546615268,150192.25,0.3766773033582498,0.6408154627605486,0.4714862900578789
final-final-SME11770-020478,final-SME11770,0.347564268639,63901.41,0.38746506366678113,0.5834848494252819,0.41879045328927217
final-final-SME11770-020479,final-SME11770,0.56828078839,10003.98,0.5227893085680293,0.6890920183793545,0.5206909654573416
final-final-SME11790-020508,final-SME11790,0.195122048109,158378.12,0.6506222590391301,0.6663085274216044,0.6609852291555768
final-final-SME11790-020509,final-SME11790,0.195122048109,118190.72,0.6590276061761113,0.6663085274216044,0.6609852291555768
final-final-SME11802-020531,final-SME11802,0.37920313419,89332.49,0.44054166672773765,0.5153839836359915,0.3625280322309879
final-final-SME11802-020532,final-SME11802,0.701521356211,92869.4,0.7033570631081679,0.702849969661815,0.615037696850295
final-final-SME11808-020540,final-SME11808,0.653382177062,425647.47,0.6359602269731996,0.6283485607837141,0.5171626568277912
final-final-SME11808-020541,final-SME11808,0.730554129551,245382.84,0.7156832715606445,0.6897099808443988,0.6233795464954631
final-final-SME11808-020542,final-SME11808,0.735603063605,203986.52,0.6720058722691695,0.6897099808443988,0.6240044505049396
final-final-SME11832-020590,final-SME11832,0.619868445173,189107.49,0.4351246118621742,0.6076588201831963,0.4755351404894053
final-final-SME11832-020591,final-SME11832,0.695437048817,219947.5,0.49428672670717555,0.693796628971369,0.5247116558967615
final-final-SME11832-020592,final-SME11832,0.676404687222,127201.98,0.4912499611630834,0.6415458557119268,0.521389542620908
final-final-SME11849-020622,final-SME11849,0.174173625239,29631.16,0.532417771436566,0.5157239871385698,0.49209809838122115
final-final-SME11919-020743,final-SME11919,0.314202310922,671648.89,0.6362655931286482,0.704520876544129,0.7105151460553063
final-final-SME11919-020744,final-SME11919,0.314202310922,563464.68,0.7645322739516116,0.7207900890102406,0.7281024123318383
final-final-SME11961-020816,final-SME11961,0.620684538118,44475.18,0.6086061566723149,0.576001151774148,0.5460994910006298
final-final-SME11961-020817,final-SME11961,0.442635425909,12619.8,0.38217905985629164,0.4890081355571018,0.4094302848688667
final-final-SME11969-020829,final-SME11969,0.793613895203,122237.54,0.7169966181419184,0.66139158457168,0.6683761429664087
final-final-SME11969-020830,final-SME11969,0.793613895203,55160.46,0.6689919284093109,0.6630316938068116,0.6683761429664087
final-final-SME11971-020833,final-SME11971,0.209493492054,139484.2,0.5277147367357645,0.515158142920198,0.49792025584064653
final-final-SME11971-020834,final-SME11971,0.257339605593,327374.73,0.6083435142511134,0.5925991607550923,0.5711381542248827
final-final-SME11971-020835,final-SME11971,0.257339605593,204937.39,0.36316650525166394,0.41643679205788753,0.4063843619302957
final-final-SME11984-020858,final-SME11984,0.797280133193,213699.57,0.7014364538245964,0.7935342512317352,0.6622344309241772
final-final-SME11990-020870,final-SME11990,0.879575456235,349141.14,0.6502707314846733,0.6206669701953771,0.7572929515629514
final-final-SME11990-020871,final-SME11990,0.879575456235,286696.08,0.661786194418961,0.6206669701953771,0.7580541653702382
final-final-SME12015-020913,final-SME12015,0.173619934429,654035.43,0.38164854027932826,0.4531241425870156,0.46549461278957904
final-final-SME12015-020914,final-SME12015,0.211013720172,287207.62,0.4927885139959152,0.5152916100590577,0.49410350693761496
final-final-SME12030-020938,final-SME12030,0.266224870904,332679.63,0.3523477824570619,0.4961255889855276,0.32578880398635834
final-final-SME12038-020951,final-SME12038,0.263186046103,647977.95,0.28886345091703486,0.41999828828214175,0.28141715567211767
final-final-SME12038-020952,final-SME12038,0.271866968316,885486.9,0.29995677996648595,0.44245115780446626,0.25283027207938075
final-final-SME12039-020953,final-SME12039,0.760654376514,375097.84,0.6646965203063151,0.6081091947466513,0.5879677939264013
final-final-SME12039-020954,final-SME12039,0.760654376514,64039.68,0.6744750117305608,0.5942097064488756,0.5752448224406579
final-final-SME12050-020970,final-SME12050,0.358340353257,83883.11,0.290416109482656,0.36218445343891126,0.33009234466123266
final-final-SME12050-020971,final-SME12050,0.611290861826,48934.8,0.4923298162812433,0.5424427169646383,0.5385720301535514
final-final-SME12077-021015,final-SME12077,0.266861035485,498057.72,0.3781053578688994,0.4793080846440632,0.4678310275899889
final-final-SME12077-021016,final-SME12077,0.217975933015,126005.83,0.37863785159156454,0.34827905083270333,0.3246954105948582
final-final-SME12077-021017,final-SME12077,0.308470024592,86829.42,0.49489903576857047,0.5497620363276297,0.5658998111362924
final-final-SME12121-021088,final-SME12121,0.0555203500804,160285.06,0.030470977052550148,0.23117113372346432,0.13268374419027626
final-final-SME12126-021096,final-SME12126,0.768707673766,135221.65,0.6698097598755492,0.6060615735556026,0.6074980816405031
final-final-SME12130-021102,final-SME12130,0.1989931718,931913.42,0.2659129139120986,0.3390682223291871,0.2939364569483629
final-final-SME12160-021157,final-SME12160,0.671565922611,312124.04,0.6087790829550662,0.642231832061648,0.63375216583109
final-final-SME12173-021175,final-SME12173,0.122843361701,85590.21,0.23820905370205464,0.43331230187006164,0.25144828120759866
final-final-SME12184-021189,final-SME12184,0.667567392204,155459.89,0.7575635757008778,0.7163136386966317,0.7193566941689994
final-final-SME12184-021190,final-SME12184,0.667567392204,290590.28,0.7416001214862736,0.7183714732474339,0.7231826256724883
final-final-SME12206-021228,final-SME12206,0.321506790357,515944.86,0.3112158686144782,0.45517681110367725,0.32478519269863265
final-final-SME12208-021232,final-SME12208,0.586858977136,110672.13,0.3685258849912855,0.5779237859092001,0.50020076239091
final-final-SME12220-021249,final-SME12220,0.0546288563736,83057.07,0.11970205935179605,0.13915075395879975,0.10153688576043599
final-final-SME12279-021352,final-SME12279,0.280267947312,290562.87,0.6013696680751858,0.5092210380840932,0.5447021355238391
final-final-SME12279-021353,final-SME12279,0.32575351194,608987.19,0.6758741397614183,0.5821627770107478,0.587349117105928
final-final-SME12327-021437,final-SME12327,0.300628269752,790283.36,0.3707867843865226,0.4183107826784869,0.3685480370435698
final-final-SME12345-021467,final-SME12345,0.0514362163302,521096.84,0.041517884533611785,0.35098435169580977,0.12369581488511473
final-final-SME12345-021468,final-SME12345,0.246906539948,176737.38,0.136274626577361,0.34118177614350825,0.2581144311657924
final-final-SME12345-021469,final-SME12345,0.162496151049,499265.17,0.09792438152933908,0.34901874439936487,0.172142341409635
final-final-SME12352-021479,final-SME12352,0.342280856326,858667.53,0.40742708690744434,0.6710351547049253,0.49140910309031904
final-final-SME12359-021489,final-SME12359,0.511596577019,150055.57,0.6331746214575837,0.6296008117279832,0.5920662757893784
final-final-SME12359-021490,final-SME12359,0.511596577019,190184.71,0.6454152013431347,0.6296008117279832,0.5920662757893784
final-final-SME12381-021524,final-SME12381,0.138979745129,165482.41,0.513359093036252,0.4984071980463758,0.5011657553736226
final-final-SME12428-021609,final-SME12428,0.300358817522,438192.47,0.30131898649007804,0.2902709921653786,0.3328530483573394
final-final-SME12436-021623,final-SME12436,0.758811216482,939028.66,0.7646433005450565,0.6523956915786735,0.6166669842973589
final-final-SME12436-021624,final-SME12436,0.758811216482,295896.17,0.8019242078828329,0.651589313175381,0.6134723546584943
final-final-SME12444-021635,final-SME12444,0.808078061464,398741.48,0.692424152535754,0.6368087727560756,0.6522811504762179
final-final-SME12444-021636,final-SME12444,0.808078061464,696535.74,0.702122441896662,0.6368087727560756,0.6522811504762179
final-final-SME12466-021673,final-SME12466,0.137841067322,165619.79,0.2121757052030637,0.3527709277930902,0.16647255677385253
final-final-SME12466-021674,final-SME12466,0.232376544816,426713.39,0.3126319895559632,0.4714851332744217,0.3681721467935467
final-final-SME12505-021737,final-SME12505,0.591962089468,665146.5,0.4809844258704306,0.5407588587654005,0.5399601238820775
final-final-SME12512-021752,final-SME12512,0.743331644887,1238982.11,0.5191662661313409,0.5547647485661196,0.6826663237587394
final-final-SME12529-021782,final-SME12529,0.389615397895,1463654.27,0.4382004242632457,0.49557679899688645,0.47781904265460934
final-final-SME12529-021783,final-SME12529,0.514661007685,391156.96,0.5387772529390155,0.5577647698406563,0.549391668480979
final-final-SME12533-021790,final-SME12533,0.578427039645,105839.48,0.3495161198341264,0.3250169929794773,0.4860075320881151
final-final-SME12533-021791,final-SME12533,0.542164961719,19131.85,0.281860563008755,0.2598483212156967,0.4570277112619183
final-final-SME12539-021803,final-SME12539,0.574351702233,950047.5,0.5999867522134257,0.7125796563384615,0.6276141635998913
final-final-SME12539-021804,final-SME12539,0.603143285037,302297.85,0.6972392014769042,0.7295920804794009,0.6428207206811103
final-final-SME12557-021835,final-SME12557,0.873427612358,538600.54,0.7041603938810119,0.6368642071603,0.6537151903740781
final-final-SME12585-021879,final-SME12585,0.245188659648,166421.22,0.7138980179865292,0.5953587995128484,0.5797856531203563
final-final-SME12615-021931,final-SME12615,0.294970536949,281143.19,0.5967779591270648,0.5576431606815347,0.643380872135865
final-final-SME12634-021964,final-SME12634,0.622232267371,304634.57,0.2699367374239618,0.3056962563652275,0.5127304046848644
final-final-SME12634-021965,final-SME12634,0.578632559871,20015.01,0.2664969227297421,0.29222486186933117,0.44788539287334894
final-final-SME12686-022059,final-SME12686,0.373516476829,88758.88,0.31304215235205063,0.4515048846385565,0.3486775118778222
final-final-SME12742-022155,final-SME12742,0.678751240783,303540.8,0.7639351560440764,0.6621678067073998,0.6858762361801491
final-final-SME12746-022161,final-SME12746,0.786912957792,1801839.46,0.5311387164891063,0.48765971839097855,0.530359587108381
final-final-SME12746-022162,final-SME12746,0.786912957792,1213446.03,0.5615257649097273,0.48765971839097855,0.530359587108381
final-final-SME12772-022204,final-SME12772,0.265069039625,1362502.42,0.5439776928624981,0.6012240707454215,0.7589311723158627
final-final-SME12772-022205,final-SME12772,0.332198724791,557513.13,0.6518389870000593,0.6740520787471886,0.7803197750423725
final-final-SME12798-022254,final-SME12798,0.805044113612,516390.54,0.8175170613820596,0.8095018477959103,0.7038204015498436
final-final-SME12846-022343,final-SME12846,0.233922226077,38077.91,0.7502180145982716,0.793011048587951,0.6676241564382356
final-final-SME12861-022363,final-SME12861,0.360372790044,83320.1,0.3761747959713766,0.40647994472241905,0.38321209645106047
final-final-SME12928-022480,final-SME12928,0.108647901141,788872.77,0.15759102315168258,0.2238069272450421,0.16924923568300512
final-final-SME12928-022481,final-SME12928,0.132631698597,426321.09,0.1626813521482764,0.2238069272450421,0.19925841832436614
final-final-SME12928-022482,final-SME12928,0.0748753055576,75823.48,0.030590999094679706,0.0882661330442992,0.04471900494960324
final-final-SME12973-022559,final-SME12973,0.400063955413,2410263.43,0.2770050260873974,0.49169203296809577,0.312774297962753
final-final-SME12973-022560,final-SME12973,0.402161296947,324257.86,0.26758188142811723,0.4818691717540974,0.315541111879258
final-final-SME13030-022659,final-SME13030,0.307080822889,429761.53,0.3667713836040266,0.4113882276787718,0.3049179628013827
final-final-SME13042-022679,final-SME13042,0.436404146251,187053.05,0.5688658986809023,0.7486847929234831,0.5834979862725189
final-final-SME13045-022683,final-SME13045,0.226200098622,148571.08,0.7142485774194934,0.6529072344775485,0.6524285604566029
final-final-SME13050-022689,final-SME13050,0.749509926621,214849.93,0.7327835496736851,0.688218652856637,0.6740580940659003
final-final-SME13051-022690,final-SME13051,0.580226003634,302393.88,0.5807166331248697,0.6295600774127557,0.5960301278243786
final-final-SME13083-022746,final-SME13083,0.126586993962,216262.29,0.1401220957572004,0.23372184321120693,0.2151592532781244
final-final-SME13083-022747,final-SME13083,0.126586993962,253031.09,0.14807547566674129,0.2358955406894376,0.23750741797319638
final-final-SME13083-022748,final-SME13083,0.126586993962,11293.45,0.1422328163162721,0.22448198074434358,0.25629220944163983
final-final-SME13086-022751,final-SME13086,0.407511716458,99437.26,0.4511896241674929,0.3827477913659375,0.37800473717731503
final-final-SME13097-022769,final-SME13097,0.456299999385,2319208.95,0.328795488180435,0.46985397937316387,0.39144745859764607
final-final-SME13146-022852,final-SME13146,0.415486081338,267009.64,0.33801704013727907,0.4618194695866818,0.38564998559609576
final-final-SME13146-022853,final-SME13146,0.585396941133,412021.14,0.5255661753618798,0.5645881668479263,0.5380063094068437
final-final-SME13146-022854,final-SME13146,0.57952588487,63501.48,0.5099596255399576,0.5685552118689954,0.5411760537880331
final-final-SME13179-022904,final-SME13179,0.277127976279,265098.41,0.18686491218352672,0.26438839247711576,0.19100838140076157
final-final-SME13179-022905,final-SME13179,0.350943977461,281893.67,0.20732253410027768,0.26438839247711576,0.19930979684218603
final-final-SME13185-022912,final-SME13185,0.444973350132,118761.08,0.4025745023939257,0.4585550756388605,0.48526421900981614
final-final-SME13198-022933,final-SME13198,0.636633338706,176206.53,0.46933530015620023,0.5245370482091634,0.5405900876336318
final-final-SME13198-022934,final-SME13198,0.619608636597,61765.02,0.6134918228572444,0.6146705774865064,0.5672587372501581
final-final-SME13241-023004,final-SME13241,0.21780473634,103580.64,0.31936449614501905,0.39868275155883465,0.41617187866909877
final-final-SME13241-023005,final-SME13241,0.519621183068,40350.58,0.6012067726458874,0.6188510727699303,0.61547622244361
final-final-SME13241-023006,final-SME13241,0.459020147306,20796.07,0.5267785340363015,0.5937833330017646,0.5529835691501459
final-final-SME13298-023108,final-SME13298,0.716851254675,209181.77,0.6863144121851752,0.8556802421119085,0.6756371857853471
final-final-SME13301-023113,final-SME13301,0.433397642337,1288393.89,0.6506829921234119,0.594643817562303,0.6868026547780681
final-final-SME13301-023114,final-SME13301,0.497517997339,479486.3,0.7569204937368623,0.6668809334642993,0.7768094024916363
final-final-SME13301-023115,final-SME13301,0.497517997339,985739.97,0.7179482278240754,0.6668809334642993,0.7488099861380988
final-final-SME13326-023160,final-SME13326,0.748202567982,175740.1,0.6342748392671087,0.6383257953920871,0.6316857542073764
final-final-SME13360-023215,final-SME13360,0.261474906916,379715.82,0.16630358208857873,0.2635329310977637,0.236394594678903
final-final-SME13360-023216,final-SME13360,0.225425978354,274219.14,0.17481033188250733,0.26263622148319044,0.20976486050841253
final-final-SME13365-023224,final-SME13365,0.187678743977,85203.49,0.43705746319052124,0.4040368171690042,0.41557690398171687
final-final-SME13365-023225,final-SME13365,0.187678743977,73450.27,0.8324042977415631,0.6708081199786127,0.6907374338677774
final-final-SME13365-023226,final-SME13365,0.187678743977,9409.29,0.8009765015785688,0.6680724912046085,0.6793500332437344
final-final-SME13383-023255,final-SME13383,0.213851912266,152617.8,0.23791082538350872,0.4022301733512466,0.32320887697191575
final-final-SME13383-023256,final-SME13383,0.371012801451,288835.95,0.453853042304701,0.5613806128395541,0.48210121661851674
final-final-SME13400-023282,final-SME13400,0.221324604155,1120224.42,0.4984945257450316,0.44446636909964393,0.4422292595032436
final-final-SME13400-023283,final-SME13400,0.266210083372,654530.64,0.5379119128642667,0.512602926351186,0.5025785558564851
final-final-SME13430-023336,final-SME13430,0.645556892982,139342.7,0.6531657234958839,0.6417127171436822,0.5610334508245673
final-final-SME13430-023337,final-SME13430,0.688043431111,33479.8,0.7447626400731907,0.7110773439074135,0.6332858632264964
final-final-SME13431-023338,final-SME13431,0.499736506273,1023680.9,0.34717648374863264,0.48889675257569665,0.5283102824670431
final-final-SME13431-023339,final-SME13431,0.63497646628,432817.33,0.5176736656845911,0.5949060590590854,0.6235085746517605
final-final-SME13431-023340,final-SME13431,0.56148788819,152556.63,0.49727761450004304,0.5953299896812538,0.531390917749593
final-final-SME13476-023417,final-SME13476,0.210973691909,240452.46,0.05737298093641903,0.27685537244803493,0.16911371396775576
final-final-SME13476-023418,final-SME13476,0.11667285741,200352.33,0.06562043167756292,0.27685537244803493,0.11452285788059191
final-final-SME13541-023531,final-SME13541,0.676171400346,1500550.19,0.7693015455099856,0.7490996741077474,0.7144028516762816
final-final-SME13553-023551,final-SME13553,0.786924778012,344191.05,0.7342595065402001,0.7358837563537836,0.6769440662696995
final-final-SME13553-023552,final-SME13553,0.786924778012,638393.9,0.7286569739111691,0.7358837563537836,0.6829305936024972
final-final-SME13554-023553,final-SME13554,0.244932910275,27345.23,0.749913176495985,0.5988125181288103,0.5924158292310365
final-final-SME13569-023576,final-SME13569,0.896968767459,309388.94,0.8822185485296355,0.8317624148568461,0.847667116637913
final-final-SME13569-023577,final-SME13569,0.348697635033,130342.05,0.5466580987348213,0.5232991686780174,0.5183216524368384
final-final-SME13572-023581,final-SME13572,0.623232671305,191728.07,0.39994853092963256,0.3541980599081213,0.4664215942445541
final-final-SME13583-023599,final-SME13583,0.490064957538,1165292.15,0.4297968341277729,0.46608784154006716,0.4522706640302534
final-final-SME13583-023600,final-SME13583,0.587709973521,865384.0,0.49639162751497246,0.5479558736653763,0.5206948027746046
final-final-SME13618-023656,final-SME13618,0.195112632374,175845.52,0.6420839274525704,0.6433690555723613,0.6763155650743342
final-final-SME13658-023718,final-SME13658,0.310410127137,70855.6,0.3770388181276867,0.3797850074038037,0.3748822328132724
final-final-SME13658-023719,final-SME13658,0.310410127137,27338.82,0.6780028491636737,0.645998889229597,0.631392299096326
final-final-SME13716-023833,final-SME13716,0.856203140697,306015.53,0.8018223340506488,0.8087197878740641,0.6735652933537484
final-final-SME13716-023834,final-SME13716,0.856203140697,125060.18,0.7732855314718056,0.7616509695833427,0.6735652933537484
final-final-SME13749-023896,final-SME13749,0.48733496504,1095742.52,0.46488633524967826,0.4758757819196855,0.41947062486577086
final-final-SME13749-023897,final-SME13749,0.640694023195,354097.54,0.6004509784619184,0.593498948274509,0.6141307250243938
final-final-SME13763-023923,final-SME13763,0.181039922448,38794.08,0.6272068152550034,0.5359426623004266,0.5176490485314236
final-final-SME13784-023956,final-SME13784,0.47887472502,1034499.84,0.3160655369879693,0.4810888463277766,0.42786804567518893
final-final-SME13784-023957,final-SME13784,0.722141706992,412083.16,0.5772974946005788,0.6461975995077246,0.56521412551389
final-final-SME13784-023958,final-SME13784,0.722141706992,748941.77,0.5456601520294883,0.6461975995077246,0.56521412551389
final-final-SME13820-024011,final-SME13820,0.109623057059,285963.2,0.11634270150034971,0.3668402109804658,0.18954507211693009
final-final-SME13820-024012,final-SME13820,0.144730840341,84422.06,0.12634205209276145,0.35034337214579425,0.19648540604474501
final-final-SME13910-024171,final-SME13910,0.481284069692,272398.32,0.44967506574979543,0.5539948846124509,0.5023586475280959
final-final-SME13948-024234,final-SME13948,0.926580565716,772001.38,0.6669708116348079,0.6272364353505192,0.633378984435062
final-final-SME13948-024235,final-SME13948,0.603499860762,333953.52,0.43411127976407604,0.4364130196053671,0.36691099347264977
final-final-SME13948-024236,final-SME13948,0.926580565716,338873.31,0.636841000505387,0.6297182005234898,0.6355090176961213
final-final-SME13962-024256,final-SME13962,0.329103478505,137372.45,0.4494793964428968,0.46173739329410307,0.4374151397008072
final-final-SME13963-024257,final-SME13963,0.557531340174,33723.57,0.5363487677164307,0.515014461682672,0.5217899913741759
final-final-SME14020-024363,final-SME14020,0.566363673805,120683.52,0.6166730478023847,0.5218701464879231,0.49630735932767683
final-final-SME14020-024364,final-SME14020,0.634645712241,84721.5,0.6778365985912538,0.6026384615358471,0.5773057414028
final-final-SME14037-024388,final-SME14037,0.455916198236,662914.88,0.4382388704234242,0.48300295789274816,0.45645832748603477
final-final-SME14037-024389,final-SME14037,0.599412447362,401220.48,0.5402532098055305,0.5609986487039995,0.5517953601488753
final-final-SME14052-024410,final-SME14052,0.503803584333,168249.05,0.44064426233469645,0.5698863775460313,0.44177627930905433
final-final-SME14132-024549,final-SME14132,0.27221346374,195637.91,0.24788387896595568,0.4270175873250737,0.25022245017707384
final-final-SME14132-024550,final-SME14132,0.546011546687,86050.74,0.4245532241430646,0.5865257157194559,0.42663016588925046
final-final-SME14143-024566,final-SME14143,0.742604663249,1047081.21,0.6674740379452911,0.6747613121658819,0.654734551382136
final-final-SME14196-024666,final-SME14196,0.343214415779,357718.27,0.42793714293049967,0.4961555687403274,0.49139770618738227
final-final-SME14221-024708,final-SME14221,0.666427134987,325072.62,0.5950603493438982,0.5426743206880723,0.5476254519456141
final-final-SME14221-024709,final-SME14221,0.69552618332,47683.02,0.6319274524414894,0.6164924311108021,0.611302099932989
final-final-SME14276-024816,final-SME14276,0.629930901373,934608.13,0.6867375515000457,0.619157929323266,0.6340427711409241
final-final-SME14295-024851,final-SME14295,0.212530955967,329478.27,0.5569817989748138,0.5968555582691267,0.7515747614873828
final-final-SME14297-024854,final-SME14297,0.87943387108,423276.42,0.7979392885448013,0.8078474842115497,0.6668795048678903
final-final-SME14297-024855,final-SME14297,0.87943387108,214782.19,0.8567819906163049,0.8013859882652032,0.6668795048678903
final-final-SME14344-024936,final-SME14344,0.718481916457,218027.12,0.5928591610967554,0.5890401571782247,0.5857634982017661
final-final-SME14380-024994,final-SME14380,0.0595671225079,247359.19,0.04052045481046444,0.22815274521244988,0.1497911527733119
final-final-SME14380-024995,final-SME14380,0.170506237889,544006.48,0.0937289186536971,0.410473978479713,0.24712571346171694
final-final-SME14391-025015,final-SME14391,0.485769448146,370013.52,0.45517987147473293,0.6063914812835739,0.4663752488903371
final-final-SME14444-025113,final-SME14444,0.202477560429,593457.32,0.7636754819418241,0.7050294404946482,0.7011967156521112
final-final-SME14488-025191,final-SME14488,0.338832874157,477287.92,0.36657134544831166,0.4318388465151965,0.41913876028159247
final-final-SME14488-025192,final-SME14488,0.481505431802,681085.79,0.4528555294140411,0.5165725990483576,0.4852984947926077
final-final-SME14511-025237,final-SME14511,0.317357501024,98788.19,0.4577352986179645,0.45126096608010646,0.47675913610882686
final-final-SME14511-025238,final-SME14511,0.356944446372,18950.92,0.38491487203708585,0.34625575032111394,0.33671066275138695
final-final-SME14572-025348,final-SME14572,0.425725297645,608227.15,0.311578560996591,0.5150450848769487,0.39015636132332393
final-final-SME14573-025349,final-SME14573,0.41946697574,613134.03,0.36379285478787654,0.4548671585307314,0.42314616366033486
final-final-SME14573-025350,final-SME14573,0.555447568233,433033.62,0.48896778030937255,0.5592372337727877,0.5265421710044718
final-final-SME14576-025355,final-SME14576,0.304955821169,1098512.48,0.2402575975103798,0.5022467160464784,0.44992794567900535
final-final-SME14586-025369,final-SME14586,0.191489967412,263812.98,0.2631300538927373,0.452502494252835,0.3228867301474771
final-final-SME14607-025412,final-SME14607,0.217269870079,60962.21,0.2656489267827087,0.330355272614087,0.28914258287863726
final-final-SME14628-025452,final-SME14628,0.678120954626,535037.88,0.5967825409248555,0.5623884370033119,0.5890594325230447
final-final-SME14628-025453,final-SME14628,0.482761718693,149824.86,0.439435460930236,0.47038751329782913,0.44518545039930646
final-final-SME14680-025542,final-SME14680,0.620281971486,1879041.62,0.6580815756887285,0.6100034133524848,0.5969027962268012
final-final-SME14680-025543,final-SME14680,0.699315142413,818633.72,0.7408762702041997,0.6775827492677134,0.6643974032219713
final-final-SME14680-025544,final-SME14680,0.710250523893,436727.08,0.7313657627479442,0.6775827492677134,0.6844712151020674
final-final-SME14704-025587,final-SME14704,0.630701121273,118252.89,0.6294585074127863,0.6105298539163552,0.6103573388911193
final-final-SME14704-025588,final-SME14704,0.742212329831,220767.26,0.7440713794029058,0.6946782435646488,0.7101956045191207
final-final-SME14704-025589,final-SME14704,0.317692271195,68175.92,0.36558817003281074,0.3753110992117239,0.4339319906137846
final-final-SME14727-025623,final-SME14727,0.845101375925,287409.51,0.8428524653368273,0.6845617826527023,0.7115837052472986
final-final-SME14727-025624,final-SME14727,0.845101375925,479270.33,0.7898221602370133,0.6845617826527023,0.7115837052472986
final-final-SME14738-025639,final-SME14738,0.722575906991,600838.55,0.7172852495985209,0.6696134740763331,0.653525223652466
final-final-SME14739-025640,final-SME14739,0.296707976524,706048.05,0.34670325968835775,0.4772117620740162,0.4168393772733762
final-final-SME14739-025641,final-SME14739,0.602557587951,243227.86,0.4933509343760751,0.5910546359138229,0.6074940290813846
final-final-SME14757-025668,final-SME14757,0.350427541198,174823.15,0.34182038529439673,0.3795662141822644,0.3653957385518299
final-final-SME14757-025669,final-SME14757,0.534237822504,148376.98,0.46657268906695365,0.47764495536626017,0.4838697975588782
final-final-SME14768-025687,final-SME14768,0.244954474704,874065.9,0.13030396617653797,0.20717713817918684,0.2397303017086119
final-final-SME14768-025688,final-SME14768,0.2430794173,523872.25,0.15359594534976365,0.20281313618733315,0.23857389960988185
final-final-SME14884-025891,final-SME14884,0.415877014664,295882.52,0.4577227014331819,0.5514352305106729,0.4678399605244275
final-final-SME14921-025949,final-SME14921,0.839487328373,307653.98,0.6980454954504351,0.6792696643512023,0.6679374658383193
final-final-SME14931-025966,final-SME14931,0.507231781663,688546.22,0.5061103399431793,0.5104057857462629,0.48140406871063524
final-final-SME14950-025998,final-SME14950,0.742096330195,511167.43,0.6290468907416786,0.5707789960712495,0.6066952094643024
final-final-SME14950-025999,final-SME14950,0.447575973333,254580.72,0.4703382476286056,0.5303210023368413,0.4629374479865373
final-final-SME14960-026018,final-SME14960,0.42826568214,229787.74,0.4210972611161478,0.40032556217144033,0.3942571315300399
final-final-SME14970-026034,final-SME14970,0.358915792026,96926.64,0.4212070809563923,0.43510743192411155,0.4075129821600936
final-final-SME14970-026035,final-SME14970,0.534821937921,12352.56,0.49893110172677557,0.46708056403883197,0.46569714381254834
final-final-SME14975-026041,final-SME14975,0.369654945156,163027.15,0.43868077837952696,0.4692730920076485,0.47235653235466485
final-final-SME14975-026042,final-SME14975,0.49003024569,393588.86,0.5387772529390155,0.5368740192937445,0.5579978896188974
final-final-SME14975-026043,final-SME14975,0.466115887996,19039.63,0.5342370267404684,0.526188651454052,0.5287668460783789
