facility_id,customer_id,economic_lgd,ead_at_default,frozen_v5,s1_same_spec,s1_captured_features
selection-selection-SME00044-000074,selection-SME00044,0.635489925938,633778.93,0.7007273149382299,0.8331463059760256,0.6932496305058573
selection-selection-SME00044-000075,selection-SME00044,0.362181346988,458241.14,0.44669145168537433,0.6265189415310116,0.49628602782618036
selection-selection-SME00075-000124,selection-SME00075,0.587712569009,63190.49,0.5564922354511792,0.6678655607261288,0.562960097822904
selection-selection-SME00085-000138,selection-SME00085,0.254126747644,1280849.64,0.42085781433481484,0.46463305756968515,0.487027268557405
selection-selection-SME00085-000139,selection-SME00085,0.309585559414,1170073.38,0.5201511235094469,0.547731108776662,0.5240373349949886
selection-selection-SME00144-000241,selection-SME00144,0.464267989902,220228.02,0.33028761267860407,0.47318502814865016,0.34542394811639376
selection-selection-SME00144-000242,selection-SME00144,0.541114256782,216811.73,0.4014279674430901,0.6314508695419612,0.38148267641360456
selection-selection-SME00144-000243,selection-SME00144,0.319607791318,209017.3,0.2849364616823986,0.4636284301141489,0.2728575493204981
selection-selection-SME00178-000302,selection-SME00178,0.138975881826,290835.89,0.7010534219809511,0.687901278927625,0.6948102862904325
selection-selection-SME00178-000303,selection-SME00178,0.138975881826,255015.5,0.6971385284022398,0.687901278927625,0.6992046675000392
selection-selection-SME00190-000324,selection-SME00190,0.163902403362,107762.78,0.319872882219692,0.43349007760461006,0.30130581269796913
selection-selection-SME00190-000325,selection-SME00190,0.33358350459,317661.69,0.3793270344019764,0.6006741773044438,0.40321215410857336
selection-selection-SME00190-000326,selection-SME00190,0.33358350459,11112.79,0.4123745342639792,0.5118617739185002,0.4352048047022697
selection-selection-SME00197-000339,selection-SME00197,0.221557523384,1006763.69,0.6075119229677283,0.5295127840977512,0.6091442008482555
selection-selection-SME00197-000340,selection-SME00197,0.221557523384,871929.29,0.609361353338924,0.551465452606072,0.6193043929619912
selection-selection-SME00262-000449,selection-SME00262,0.430779243369,512701.1,0.41420981893996917,0.4008863527262465,0.45590149807827896
selection-selection-SME00267-000458,selection-SME00267,0.105431658512,191021.47,0.20789104469672695,0.26503775322928647,0.20218308647514388
selection-selection-SME00267-000459,selection-SME00267,0.105431658512,289727.64,0.21660927626653945,0.26572617085941863,0.2620261284025415
selection-selection-SME00284-000489,selection-SME00284,0.174639757622,613705.34,0.6669708116348079,0.5837997408607528,0.5906819043578948
selection-selection-SME00284-000490,selection-SME00284,0.174639757622,293500.91,0.6742059959595966,0.5943860099566844,0.6030729923571134
selection-selection-SME00341-000590,selection-SME00341,0.182581781198,253824.38,0.3367606991245878,0.3962280232726575,0.3113574769114828
selection-selection-SME00341-000591,selection-SME00341,0.815532069867,348618.64,0.8274550510752261,0.8064053264366371,0.680936767147135
selection-selection-SME00363-000626,selection-SME00363,0.168261973527,558368.65,0.48489545304566917,0.4502363687082941,0.4413951959262269
selection-selection-SME00363-000627,selection-SME00363,0.217221634077,591720.09,0.5298262208262028,0.5270980736007911,0.5243774630582967
selection-selection-SME00393-000682,selection-SME00393,0.865680620876,1338786.68,0.7209078358669612,0.6547712372867333,0.6878392599889993
selection-selection-SME00393-000683,selection-SME00393,0.865680620876,174113.85,0.7546225125663384,0.6483494007440773,0.682972284886582
selection-selection-SME00440-000765,selection-SME00440,0.674457627728,38496.52,0.6103972599262354,0.6458181092579011,0.5452574213167908
selection-selection-SME00483-000837,selection-SME00483,0.398133236253,149084.71,0.40751612501792567,0.4527985212239875,0.41613970199523054
selection-selection-SME00483-000838,selection-SME00483,0.710130617891,139578.75,0.5311201263283464,0.5462807004613214,0.5543593946909298
selection-selection-SME00493-000850,selection-SME00493,0.848949106631,354853.91,0.68883196972691,0.813015350433258,0.6980446687016371
selection-selection-SME00493-000851,selection-SME00493,0.889192386339,32531.15,0.7419811968812121,0.811931929446446,0.7213282061329143
selection-selection-SME00509-000880,selection-SME00509,0.20672225844,288425.12,0.30279429581028827,0.4562639597459017,0.2791838362730721
selection-selection-SME00509-000881,selection-SME00509,0.592089215128,171234.37,0.5152873384502012,0.5745305368492445,0.5213763570639466
selection-selection-SME00542-000937,selection-SME00542,0.741137362652,14038.2,0.6846340317113557,0.5784111197540921,0.5859992000476447
selection-selection-SME00552-000951,selection-SME00552,0.320337336443,1090851.46,0.4061108682460409,0.37611895170677034,0.4279741642963963
selection-selection-SME00624-001075,selection-SME00624,0.689295884982,207825.08,0.6266434276584559,0.6021871083841849,0.6232998771770382
selection-selection-SME00624-001076,selection-SME00624,0.751913040302,125089.05,0.7304744208796525,0.6989953888266444,0.7059428930764451
selection-selection-SME00643-001109,selection-SME00643,0.0849605455412,397019.04,0.27916285452811596,0.2564224969960222,0.23529362815092156
selection-selection-SME00647-001116,selection-SME00647,0.833397706283,208708.56,0.8205107187615992,0.7979157395429786,0.7190752868230903
selection-selection-SME00647-001117,selection-SME00647,0.39241289173,38242.58,0.4397709394995779,0.5437175842293281,0.4086115174767855
selection-selection-SME00653-001126,selection-SME00653,0.68575746294,150512.36,0.5064776791967914,0.48505106609356624,0.6484254429541794
selection-selection-SME00659-001140,selection-SME00659,0.90553814949,73956.07,0.7452812738116131,0.7130265904444169,0.8251083114087813
selection-selection-SME00704-001213,selection-SME00704,0.859268339718,380210.36,0.7332343984528547,0.8251605978913213,0.833923407496302
selection-selection-SME00704-001214,selection-SME00704,0.936353014522,171670.35,0.9402570227673043,0.8367719731319432,0.8528273386775839
selection-selection-SME00704-001215,selection-SME00704,0.936353014522,56524.91,0.8555661951093838,0.8349280457365165,0.8528273386775839
selection-selection-SME00742-001282,selection-SME00742,0.705404003464,35892.26,0.6418848272571318,0.6459470292939199,0.5684606360758817
selection-selection-SME00773-001335,selection-SME00773,0.779614211354,560143.48,0.4773661086598841,0.5192240124014526,0.6518815462845977
selection-selection-SME00773-001336,selection-SME00773,0.825659572427,306523.16,0.5622319721987211,0.6162849747298947,0.7142401918118784
selection-selection-SME00785-001357,selection-SME00785,0.732993128362,915128.78,0.735468322138444,0.736435665115538,0.6532375324243752
selection-selection-SME00830-001427,selection-SME00830,0.418024169136,587261.74,0.37977463276947654,0.43212121045638385,0.4274950989493587
selection-selection-SME00870-001494,selection-SME00870,0.843984093045,571867.73,0.6639177506334324,0.5952743116589633,0.5947441933350763
selection-selection-SME00891-001531,selection-SME00891,0.326079588439,230666.09,0.6188436795029828,0.715029925826896,0.6380249009424334
selection-selection-SME00966-001658,selection-SME00966,0.193204602753,309581.23,0.27220868090765965,0.26661292170623824,0.275779724944785
selection-selection-SME00966-001659,selection-SME00966,0.414736477338,466116.73,0.3616370847771371,0.3409013563137188,0.3769719734326297
selection-selection-SME00966-001660,selection-SME00966,0.353457075311,641199.52,0.34023825583366535,0.3409013563137188,0.3339356478274271
selection-selection-SME00982-001689,selection-SME00982,0.828430874698,142739.11,0.6879850684480083,0.6394185815647082,0.6743712712158887
selection-selection-SME00982-001690,selection-SME00982,0.828430874698,166643.37,0.6718295949837461,0.6394185815647082,0.6781972027193776
selection-selection-SME00986-001695,selection-SME00986,0.668292834501,304483.57,0.4602628806097516,0.4634018279151702,0.620204796811361
selection-selection-SME00995-001710,selection-SME00995,0.296812243448,230496.68,0.3018689999530786,0.30833247200870856,0.29299063379230167
selection-selection-SME00997-001713,selection-SME00997,0.572738996341,399462.21,0.43463276410292606,0.44713942053890493,0.5459630052254927
selection-selection-SME00997-001714,selection-SME00997,0.709585543226,303733.16,0.8405773382533465,0.7695669493315003,0.7738648559611929
selection-selection-SME00997-001715,selection-SME00997,0.709585543226,81859.05,0.7807741183386157,0.7577252955845268,0.7640346527505234
selection-selection-SME01015-001746,selection-SME01015,0.726963564825,1355775.39,0.8219618515649746,0.7020733143672253,0.7126104621695066
selection-selection-SME01015-001747,selection-SME01015,0.726963564825,54206.14,0.7921015008133887,0.7068740902201335,0.7100703550802526
selection-selection-SME01033-001777,selection-SME01033,0.704649158847,89588.32,0.7511598070809504,0.7782656581140794,0.6924577147665975
selection-selection-SME01033-001778,selection-SME01033,0.704649158847,43956.55,0.7332088960890787,0.779905767349211,0.6924577147665975
selection-selection-SME01042-001790,selection-SME01042,0.332055504387,157144.22,0.37184739002587797,0.535206147935204,0.3829080753037377
selection-selection-SME01042-001791,selection-SME01042,0.462586638171,135719.23,0.48482191793647517,0.58132436545044,0.49392880706125103
selection-selection-SME01069-001834,selection-SME01069,0.91744528849,644016.55,0.7753914818131109,0.777280543356172,0.66022401534829
selection-selection-SME01078-001849,selection-SME01078,0.432697111361,231691.02,0.47341526979584775,0.6145881423515974,0.4778561562717475
selection-selection-SME01078-001850,selection-SME01078,0.433133480731,105639.36,0.47062200412515603,0.5490584234929851,0.4634321729927924
selection-selection-SME01078-001851,selection-SME01078,0.509725494495,15026.35,0.5583091326260745,0.653834416802378,0.5410327287783244
selection-selection-SME01091-001871,selection-SME01091,0.145744015032,505050.19,0.7416628837341329,0.8793640324452918,0.7310878141974468
selection-selection-SME01091-001872,selection-SME01091,0.145744015032,332533.04,0.7573261700123538,0.8774421362227182,0.7365288870855321
selection-selection-SME01091-001873,selection-SME01091,0.145744015032,167072.68,0.7360960623028532,0.8753843016719159,0.7365288870855321
selection-selection-SME01098-001883,selection-SME01098,0.366445013826,141291.4,0.15598474513490412,0.21062214270759255,0.4242600908704905
selection-selection-SME01098-001884,selection-SME01098,0.477796434618,59519.15,0.1531049968403709,0.21062214270759255,0.4639099542898873
selection-selection-SME01098-001885,selection-SME01098,0.474958473207,48823.28,0.13885320724505035,0.21226225194272408,0.4561703307516442
selection-selection-SME01136-001947,selection-SME01136,0.735107160799,169785.92,0.808605706585575,0.8056986247973511,0.6871862726813146
selection-selection-SME01165-001993,selection-SME01165,0.959034315907,154464.07,0.8114926803479781,0.6886869595697166,0.8125124831691135
selection-selection-SME01214-002077,selection-SME01214,0.778491705476,332679.1,0.513983925384337,0.5244192672095623,0.6341402086377402
selection-selection-SME01214-002078,selection-SME01214,0.821734940298,67625.95,0.5680354291489002,0.6114661805990902,0.7193863920092551
selection-selection-SME01219-002089,selection-SME01219,0.106731143345,320347.4,0.12058671938828318,0.16339845961696936,0.22719031643535154
selection-selection-SME01219-002090,selection-SME01219,0.0457616296717,367160.06,0.12253108138051576,0.16339845961696936,0.15241730798937664
selection-selection-SME01237-002121,selection-SME01237,0.16907755367,2928016.31,0.2663516855797149,0.4359233707422539,0.2962908756025205
selection-selection-SME01237-002122,selection-SME01237,0.295367339542,1308616.52,0.4453832874333814,0.5704366260322716,0.5020225126338463
selection-selection-SME01237-002123,selection-SME01237,0.295367339542,428745.83,0.4272699177290742,0.5852816166115391,0.5110263026488523
selection-selection-SME01254-002151,selection-SME01254,0.879436221015,94798.37,0.7200034220781791,0.6747571231721818,0.7556404182204899
selection-selection-SME01254-002152,selection-SME01254,0.879436221015,90205.14,0.7308097671009288,0.6747571231721818,0.7556404182204899
selection-selection-SME01282-002201,selection-SME01282,0.837534399977,478344.0,0.8099055781338718,0.7970954229849677,0.675463063788221
selection-selection-SME01301-002235,selection-SME01301,0.644991230501,325483.29,0.4030831102071666,0.47081180201985817,0.6234851881258651
selection-selection-SME01301-002236,selection-SME01301,0.698103604726,210387.19,0.47062883436863384,0.5649595280490466,0.6769878266112674
selection-selection-SME01314-002264,selection-SME01314,0.24638300676,454503.52,0.24252848592799803,0.25651191998633277,0.1639008628842517
selection-selection-SME01318-002271,selection-SME01318,0.709836499655,236462.52,0.7187612064650359,0.6439821316572558,0.721206015018257
selection-selection-SME01327-002288,selection-SME01327,0.641185650156,1381978.03,0.5994712752799959,0.6064808921662359,0.5734115698579417
selection-selection-SME01327-002289,selection-SME01327,0.542743555684,214080.32,0.39650653987346557,0.5228436421755774,0.4895150688425989
selection-selection-SME01337-002303,selection-SME01337,0.656307460841,3000000.0,0.5464834319473433,0.6447987441843263,0.6232049425175837
selection-selection-SME01396-002399,selection-SME01396,0.667154003328,748565.26,0.6250893591466129,0.5975857115319305,0.6202488531529128
selection-selection-SME01396-002400,selection-SME01396,0.700655528868,390846.46,0.711205199750394,0.680006545651918,0.6612981463220792
selection-selection-SME01412-002421,selection-SME01412,0.453864596931,260228.73,0.4183626816526491,0.6064707785377302,0.44378030239640465
selection-selection-SME01435-002457,selection-SME01435,0.239218889512,89725.69,0.3887115024077589,0.4218630583030447,0.6143144373209346
selection-selection-SME01491-002559,selection-SME01491,0.625299204256,301172.14,0.4313868838157182,0.538135794842656,0.40971196389805586
selection-selection-SME01491-002560,selection-SME01491,0.704902325144,543352.53,0.4682927702388362,0.5703563622326241,0.45825909217294786
selection-selection-SME01520-002616,selection-SME01520,0.468392634842,118177.87,0.475756545094734,0.49473475161382807,0.4706200087815587
selection-selection-SME01520-002617,selection-SME01520,0.591866439929,90370.72,0.638848009175095,0.5913154337119109,0.5519535632298016
selection-selection-SME01520-002618,selection-SME01520,0.471573647488,96643.88,0.46722495297423294,0.48232955325106114,0.47714339050481025
selection-selection-SME01545-002658,selection-SME01545,0.157186671085,284958.07,0.08158281307215164,0.15494477047329913,0.30569573711038145
selection-selection-SME01545-002659,selection-SME01545,0.131435516138,255701.28,0.07152624098158124,0.15494477047329913,0.2985847549930065
selection-selection-SME01557-002682,selection-SME01557,0.132383410956,303545.09,0.43329739405567147,0.418024815921098,0.37138220124670623
selection-selection-SME01577-002717,selection-SME01577,0.60504625464,504312.25,0.5027795124946681,0.6984534680430821,0.5129462172348833
selection-selection-SME01596-002747,selection-SME01596,0.224913651614,1832471.64,0.15344360941804983,0.2544418622827072,0.42631268369777797
selection-selection-SME01596-002748,selection-SME01596,0.215848657544,572641.97,0.17398494465641282,0.24249980987076472,0.4158418209831132
selection-selection-SME01618-002784,selection-SME01618,0.452969473061,96453.37,0.5444279350182245,0.6500352073058246,0.4997250777321179
selection-selection-SME01644-002831,selection-SME01644,0.848471062122,1174673.07,0.7492154883456723,0.7518810890664098,0.7540940538040093
selection-selection-SME01644-002832,selection-SME01644,0.848471062122,1190363.44,0.7865422382618569,0.7518810890664098,0.7540940538040093
selection-selection-SME01644-002833,selection-SME01644,0.848471062122,282901.92,0.7490486178662978,0.7499988522475267,0.7515539467147553
selection-selection-SME01667-002877,selection-SME01667,0.182838380899,84733.48,0.6766096742810284,0.664707487104614,0.6510024678881291
selection-selection-SME01667-002878,selection-SME01667,0.182838380899,105280.34,0.6888502541665793,0.664707487104614,0.6510024678881291
selection-selection-SME01667-002879,selection-SME01667,0.182838380899,38676.37,0.6642092985424481,0.6560346716987616,0.6510024678881291
selection-selection-SME01693-002927,selection-SME01693,0.183255320812,117060.86,0.2564459958328282,0.43853301749736684,0.23922974818963452
selection-selection-SME01693-002928,selection-SME01693,0.300225143499,80074.56,0.4671218747179241,0.5938167353661338,0.4611669336513469
selection-selection-SME01693-002929,selection-SME01693,0.239232296133,116207.74,0.31857415093086683,0.44397526231176687,0.30594254832646856
selection-selection-SME01703-002942,selection-SME01703,0.0968434311957,815875.67,0.408131928099795,0.6210773345345169,0.4383374626623297
selection-selection-SME01703-002943,selection-SME01703,0.0968434311957,80155.38,0.7297407915445115,0.7464712584635775,0.6805088731725865
selection-selection-SME01704-002944,selection-SME01704,0.151857652408,381137.28,0.17603914996718137,0.31135740189374045,0.20902252996452655
selection-selection-SME01704-002945,selection-SME01704,0.0701314942636,72202.87,0.0353903786126709,0.07704064708893761,0.023182872975826514
selection-selection-SME01715-002962,selection-SME01715,0.204546558076,294114.72,0.61291365378,0.586208558089577,0.5951955362525337
selection-selection-SME01719-002969,selection-SME01719,0.487759636555,99006.4,0.35536412761013775,0.4025013014678943,0.6386224774959325
selection-selection-SME01719-002970,selection-SME01719,0.656533438381,50558.34,0.4945249936230746,0.5671764675582971,0.7020667336872043
selection-selection-SME01778-003073,selection-SME01778,0.682957093385,1067605.12,0.7089407876022574,0.6764595169981464,0.6937014031988663
selection-selection-SME01778-003074,selection-SME01778,0.682957093385,854823.34,0.7234575892254351,0.6764595169981464,0.6937014031988663
selection-selection-SME01795-003097,selection-SME01795,0.41233851385,130305.69,0.3110912607752918,0.5565643605600114,0.35668195373684103
selection-selection-SME01803-003109,selection-SME01803,0.603619801205,129679.65,0.42879474425961867,0.5115026595515639,0.5542286731645343
selection-selection-SME01806-003115,selection-SME01806,0.461406696718,217250.9,0.39005972964082525,0.5824337250153601,0.41760456393436823
selection-selection-SME01826-003151,selection-SME01826,0.800761982859,675264.65,0.6430760405292251,0.7879781393592227,0.658041009501128
selection-selection-SME01833-003167,selection-SME01833,0.889486802169,584217.79,0.7951554487536814,0.7151051134074565,0.7055360233196063
selection-selection-SME01873-003238,selection-SME01873,0.0756661208401,2430296.96,0.17148214845653056,0.4070454387207413,0.1979452960041288
selection-selection-SME01879-003249,selection-SME01879,0.322427221181,2699656.41,0.31312053349415114,0.4448050206406666,0.3430711658157437
selection-selection-SME01879-003250,selection-SME01879,0.446321504985,949645.56,0.4278775379279815,0.5861748377298956,0.3976931289571717
selection-selection-SME01890-003268,selection-SME01890,0.212586437796,88657.84,0.554547286869578,0.6120528906385861,0.5277374995700812
selection-selection-SME01890-003269,selection-SME01890,0.212586437796,113637.92,0.6235666379063054,0.6104359598869011,0.5940400402383899
selection-selection-SME01907-003295,selection-SME01907,0.782490080395,669500.44,0.6582895704687145,0.5715138759262296,0.6632330715555292
selection-selection-SME01907-003296,selection-SME01907,0.548062374925,294308.72,0.42090163932119284,0.37163973285039753,0.5545515214385004
selection-selection-SME01918-003314,selection-SME01918,0.56829954508,184708.62,0.4576448891702111,0.5155312867998129,0.4958781621617007
selection-selection-SME01930-003334,selection-SME01930,0.410041652695,141773.28,0.44766490473995596,0.5729557840181014,0.4296509658031738
selection-selection-SME01930-003335,selection-SME01930,0.252272635,138251.65,0.4013916918763523,0.5248587855757879,0.3351576377793215
selection-selection-SME01945-003357,selection-SME01945,0.617522901828,308410.51,0.45212526160925487,0.594571595556332,0.502305694368852
selection-selection-SME01964-003383,selection-SME01964,0.331767061292,72964.04,0.41076931654862486,0.4957240180869044,0.39752099453107137
selection-selection-SME01964-003384,selection-SME01964,0.550835919943,31758.42,0.4951414458136174,0.5721802522917155,0.4942887025740204
selection-selection-SME02030-003490,selection-SME02030,0.849013474455,377129.25,0.5213927364720088,0.5472892669666047,0.6292788003128121
selection-selection-SME02071-003560,selection-SME02071,0.66057986265,325683.0,0.7172852495985209,0.6323069080282151,0.6373818062525238
selection-selection-SME02071-003561,selection-SME02071,0.66057986265,102634.85,0.7318976426264407,0.6337921878763135,0.6373818062525238
selection-selection-SME02071-003562,selection-SME02071,0.240503407356,78529.63,0.3922816308255758,0.3903888211869206,0.33368465974216693
selection-selection-SME02093-003598,selection-SME02093,0.273028621421,258371.58,0.4181615247786748,0.4174164797853968,0.40670410125687295
selection-selection-SME02093-003599,selection-SME02093,0.315924228674,586067.55,0.4970981581931824,0.4905640469831608,0.4872833841462095
selection-selection-SME02107-003622,selection-SME02107,0.575790950503,355778.07,0.5478829459093743,0.6505286934785286,0.5404418416950802
selection-selection-SME02107-003623,selection-SME02107,0.710079831218,143971.33,0.6592240481322078,0.7440561162459671,0.6653767039281665
selection-selection-SME02107-003624,selection-SME02107,0.368857288997,13314.32,0.3846756207544672,0.5460768382014478,0.43082548150606836
selection-selection-SME02112-003634,selection-SME02112,0.715193846762,438688.39,0.5855224506022799,0.7081595810455319,0.5624385313231423
selection-selection-SME02112-003635,selection-SME02112,0.715193846762,184704.31,0.5940637035367142,0.71572515727154,0.5720786123918289
selection-selection-SME02137-003682,selection-SME02137,0.301902289269,135229.2,0.29436662337629066,0.4986755911405155,0.3137411442466332
selection-selection-SME02150-003705,selection-SME02150,0.918750347104,146519.56,0.8977634617519239,0.7907212439910903,0.8159278274661405
selection-selection-SME02151-003706,selection-SME02151,0.52141048308,642612.34,0.41850232961721234,0.5771509711398566,0.43692863728345027
selection-selection-SME02151-003707,selection-SME02151,0.618971755127,1812849.3,0.4763093393125264,0.678049793986086,0.5004631279234417
selection-selection-SME02154-003711,selection-SME02154,0.297375266019,219946.73,0.6188444501962985,0.571591420547519,0.6130378130794838
selection-selection-SME02156-003714,selection-SME02156,0.56433540248,250603.05,0.443030948578158,0.6598825218533003,0.5547912248422289
selection-selection-SME02156-003715,selection-SME02156,0.730339921411,267265.81,0.6909323442565537,0.779261076744731,0.6927615028427485
selection-selection-SME02156-003716,selection-SME02156,0.723118098065,49365.89,0.6439134639496377,0.7055462100907197,0.6643563038912697
selection-selection-SME02181-003755,selection-SME02181,0.513781680045,124820.17,0.4049701714231555,0.5057000802839727,0.4843122080849232
selection-selection-SME02192-003769,selection-SME02192,0.75102684742,463298.38,0.42527857315138584,0.4172559812780152,0.5225843341885242
selection-selection-SME02192-003770,selection-SME02192,0.652283569237,1605532.67,0.4090538547445084,0.38607408070601335,0.5324164393820467
selection-selection-SME02197-003775,selection-SME02197,0.419147528359,237882.03,0.4305878491075415,0.5581601210260627,0.4564027849730932
selection-selection-SME02197-003776,selection-SME02197,0.46570891633,34613.48,0.3762596704164039,0.430679499975132,0.40066407685503175
selection-selection-SME02207-003797,selection-SME02207,0.229992111116,490202.92,0.19910781335991165,0.28154765574068724,0.23310189663783204
selection-selection-SME02236-003850,selection-SME02236,0.686982771576,499534.62,0.5387477902836959,0.6484765009367038,0.5742712823525378
selection-selection-SME02259-003891,selection-SME02259,0.53802091277,238335.23,0.2870039180375963,0.4024225219765666,0.33892487719735886
selection-selection-SME02259-003892,selection-SME02259,0.563518028049,538591.94,0.3862801036866513,0.5426528323824804,0.3608416842775691
selection-selection-SME02295-003956,selection-SME02295,0.314948129096,3866234.45,0.2513478751747919,0.48355254317487084,0.2847536641911906
selection-selection-SME02295-003957,selection-SME02295,0.513793608781,2000000.0,0.4337739958328079,0.5649908489174963,0.4547575627576792
selection-selection-SME02299-003963,selection-SME02299,0.232672764598,249865.31,0.1737169225700878,0.4201383620718401,0.19136646014653452
selection-selection-SME02299-003964,selection-SME02299,0.0538656148127,117230.84,0.0340101580674013,0.21186067925926522,0.0
selection-selection-SME02312-003985,selection-SME02312,0.169465170195,103262.71,0.39849537253480594,0.5443000051906179,0.3750052118736936
selection-selection-SME02325-004006,selection-SME02325,0.514093029965,256234.92,0.23769299655190038,0.2968332030555433,0.48486077930593036
selection-selection-SME02325-004007,selection-SME02325,0.676733876424,208216.13,0.31460149777478186,0.38501625542463297,0.5284235073164762
selection-selection-SME02327-004010,selection-SME02327,0.149222010707,674407.61,0.6467324175480876,0.7765240021326817,0.66022401534829
selection-selection-SME02327-004011,selection-SME02327,0.149222010707,683258.42,0.658943812690239,0.7765240021326817,0.66022401534829
selection-selection-SME02355-004064,selection-SME02355,0.581788901056,301119.52,0.6490045562640259,0.6356142351225794,0.6081863528985774
selection-selection-SME02378-004100,selection-SME02378,0.311388493448,206437.36,0.6245381510756481,0.5927026337020901,0.7248783082944338
selection-selection-SME02456-004241,selection-SME02456,0.252171702196,704090.55,0.33066789233541444,0.5456343068636548,0.3419342568017746
selection-selection-SME02456-004242,selection-SME02456,0.247079220585,1276976.88,0.33220070158451037,0.5986362213850573,0.34320098160627477
selection-selection-SME02456-004243,selection-SME02456,0.37251941269,42346.68,0.4149553580735188,0.6727555478550785,0.4314211971396131
selection-selection-SME02466-004259,selection-SME02466,0.367046623243,155597.94,0.38771816504928,0.5509882853139857,0.4495938116680261
selection-selection-SME02466-004260,selection-SME02466,0.314340310221,73705.4,0.39524659294827696,0.5495722299458852,0.3884113863467298
selection-selection-SME02476-004274,selection-SME02476,0.695604706106,343069.6,0.7447235311528412,0.6143745911946684,0.6355917601350719
selection-selection-SME02546-004404,selection-SME02546,0.880768707952,621626.57,0.7828550469337116,0.8340204312569426,0.7333911828589911
selection-selection-SME02546-004405,selection-SME02546,0.880768707952,640947.6,0.7974674399616314,0.8340204312569426,0.7333911828589911
selection-selection-SME02660-004611,selection-SME02660,0.635126912834,845736.99,0.5567450537606002,0.577294219091989,0.5993320374321184
selection-selection-SME02660-004612,selection-SME02660,0.635126912834,619358.02,0.5610517527813637,0.577294219091989,0.5993320374321184
selection-selection-SME02684-004651,selection-SME02684,0.609394692621,559453.92,0.3252830510155763,0.3588230833286843,0.5732802051513513
selection-selection-SME02684-004652,selection-SME02684,0.665926455792,512624.88,0.4513909196615392,0.4864373548562841,0.6121563671366415
selection-selection-SME02684-004653,selection-SME02684,0.653181293164,83258.28,0.4401658047684011,0.48686128547845264,0.5938080546704925
selection-selection-SME02710-004698,selection-SME02710,0.739869623414,220621.15,0.4424634154686077,0.447307171967763,0.6076873744787841
selection-selection-SME02710-004699,selection-SME02710,0.821581528803,138784.3,0.5613091323926661,0.5314116160798316,0.698658638681859
selection-selection-SME02715-004707,selection-SME02715,0.580408688552,137780.32,0.525416842246359,0.5131551456889664,0.49318504296775595
selection-selection-SME02715-004708,selection-SME02715,0.759009681542,55768.2,0.6925038915479119,0.6321912584371212,0.6403895619991454
selection-selection-SME02715-004709,selection-SME02715,0.759009681542,140668.14,0.685304291572955,0.6305511492019896,0.6403895619991454
selection-selection-SME02723-004724,selection-SME02723,0.714774546311,180642.66,0.679218961324034,0.600585372585462,0.6119216063121546
selection-selection-SME02727-004731,selection-SME02727,0.534333159861,129501.72,0.45629185191550836,0.4729101936717814,0.4590561449540198
selection-selection-SME02798-004861,selection-SME02798,0.662541218509,234844.61,0.678086597538144,0.6420791845343877,0.635866090930624
selection-selection-SME02825-004906,selection-SME02825,0.736549363102,573220.32,0.560593282302046,0.6419042147097299,0.6273489206111739
selection-selection-SME02825-004907,selection-SME02825,0.736549363102,301833.2,0.5883169244525339,0.6419042147097299,0.6281101344184606
selection-selection-SME02904-005052,selection-SME02904,0.46942176226,200268.99,0.41434915170495884,0.4260447412138607,0.4141842916353569
selection-selection-SME02904-005053,selection-SME02904,0.557213529695,291536.91,0.5098153279016328,0.5030878355056585,0.4767858486459443
selection-selection-SME02907-005058,selection-SME02907,0.427473646922,756440.29,0.3276367184120696,0.3568917382852131,0.39957445778974676
selection-selection-SME02907-005059,selection-SME02907,0.466194788135,219687.92,0.39374664415047106,0.34181561292545526,0.3941375108799923
selection-selection-SME02914-005070,selection-SME02914,0.808937452381,982302.12,0.6516584426522316,0.6555684559808825,0.777165969033651
selection-selection-SME02926-005094,selection-SME02926,0.761849960128,263505.36,0.7319393683151015,0.745159602738062,0.7076896488815944
selection-selection-SME02926-005095,selection-SME02926,0.761849960128,502114.21,0.7685007806036677,0.7447356721158936,0.7028086086900031
selection-selection-SME02929-005098,selection-SME02929,0.755789377272,337717.49,0.7440390581984699,0.8140205659874802,0.6997232880166595
selection-selection-SME02943-005126,selection-SME02943,0.795754086507,374280.33,0.46968864333773,0.5303774092680331,0.689484809247262
selection-selection-SME02943-005127,selection-SME02943,0.783027635868,425710.25,0.599892615493396,0.6358765316731722,0.7357991013244931
selection-selection-SME02966-005167,selection-SME02966,0.232064327907,211791.13,0.3226981799759926,0.34995322683473706,0.30616142610056135
selection-selection-SME02967-005168,selection-SME02967,0.286739931959,324926.78,0.3510956357371453,0.5370721443587779,0.3524668404514164
selection-selection-SME02967-005169,selection-SME02967,0.5844999184,22611.12,0.5124110138955462,0.5902806620977086,0.486007365315901
selection-selection-SME02999-005227,selection-SME02999,0.598176131475,288772.36,0.6064387968318928,0.7174963529465354,0.5813040984406325
selection-selection-SME02999-005228,selection-SME02999,0.598176131475,568486.05,0.6109476509998577,0.7099307767205273,0.5716640173719458
selection-selection-SME03019-005262,selection-SME03019,0.874834441739,280761.62,0.6711418116210975,0.6380305655377418,0.6059685834932134
selection-selection-SME03019-005263,selection-SME03019,0.874834441739,542751.58,0.683786872084611,0.6304964180654269,0.5831854184571462
selection-selection-SME03029-005285,selection-SME03029,0.218452824571,84660.9,0.2592826665733281,0.44419742465922635,0.30653565667609567
selection-selection-SME03029-005286,selection-SME03029,0.526467923518,124974.49,0.4998538296645306,0.6019018311748193,0.5504082397013673
selection-selection-SME03034-005295,selection-SME03034,0.796364615641,759942.96,0.7468612376535416,0.6340876370558814,0.6194808284480277
selection-selection-SME03036-005299,selection-SME03036,0.401655021115,188645.88,0.4180467739744951,0.5587079957882319,0.39762773541394375
selection-selection-SME03036-005300,selection-SME03036,0.534024521325,25678.06,0.5161018527146845,0.5924455193303758,0.47240538738005416
selection-selection-SME03062-005347,selection-SME03062,0.120781264574,221056.2,0.1439632216643255,0.36497584750893214,0.18903298067534485
selection-selection-SME03062-005348,selection-SME03062,0.255941743653,60806.37,0.22611687219693374,0.31859715439111114,0.30446397767371663
selection-selection-SME03112-005436,selection-SME03112,0.343533866451,663173.98,0.2660430647836049,0.4060888514525053,0.2774624754312757
selection-selection-SME03112-005437,selection-SME03112,0.20934429539,548809.69,0.14218869932123823,0.2879942036461225,0.19831547302480876
selection-selection-SME03118-005447,selection-SME03118,0.532444023766,235963.88,0.5498927612204951,0.6307404784191899,0.5250464234038995
selection-selection-SME03118-005448,selection-SME03118,0.593664342645,35984.98,0.5858559159488327,0.7329607378889683,0.611064872719846
selection-selection-SME03153-005516,selection-SME03153,0.836902398675,425485.13,0.7576422836647495,0.7087824406874543,0.7353541341749222
selection-selection-SME03153-005517,selection-SME03153,0.836902398675,62954.38,0.7952545892036167,0.7127494857085234,0.7359648548483527
selection-selection-SME03153-005518,selection-SME03153,0.836902398675,138083.14,0.7560204989494824,0.7127494857085234,0.7397907863518416
selection-selection-SME03158-005525,selection-SME03158,1.0,907463.53,0.6751270945115297,0.5977188031880033,0.6777580333978593
selection-selection-SME03158-005526,selection-SME03158,1.0,284973.91,0.657279484331126,0.5977188031880033,0.6806492804662054
selection-selection-SME03183-005569,selection-SME03183,0.140360789073,131197.97,0.1970847735918467,0.306601341295625,0.19868892121642703
selection-selection-SME03209-005608,selection-SME03209,0.867711756675,661656.86,0.7154628653868895,0.6842759632282958,0.7106888020482743
selection-selection-SME03217-005623,selection-SME03217,0.816890158123,251267.04,0.7219169935690122,0.6473990983634251,0.6743712712158887
selection-selection-SME03277-005732,selection-SME03277,0.424137734559,67258.72,0.4103684703656315,0.4088215107015737,0.4210407871261033
selection-selection-SME03277-005733,selection-SME03277,0.671689985781,237924.72,0.746825928885249,0.6664479617235022,0.6858762361801491
selection-selection-SME03278-005734,selection-SME03278,0.254090489536,231562.04,0.7586931769150506,0.8069813441245322,0.72201459949652
selection-selection-SME03283-005743,selection-SME03283,0.250534136984,770526.72,0.32340430906137174,0.49491455839478204,0.39469522781155886
selection-selection-SME03283-005744,selection-SME03283,0.478268448368,388528.2,0.4403610364743105,0.5634104152276305,0.5115300196829008
selection-selection-SME03284-005745,selection-SME03284,0.0710744240751,726816.43,0.6859056261856533,0.6915186517820855,0.666155876616963
selection-selection-SME03297-005764,selection-SME03297,0.742187348726,187242.85,0.47643431363113187,0.5210028713178892,0.516350159476703
selection-selection-SME03297-005765,selection-SME03297,0.41766644762,32278.09,0.29035986222811744,0.3789592048741077,0.38446948701828904
selection-selection-SME03347-005859,selection-SME03347,0.149696080268,92136.54,0.7062959783379603,0.6134684876057941,0.6311232988397397
selection-selection-SME03357-005875,selection-SME03357,1.0,1711278.76,0.7093143365392881,0.6555684559808825,0.777165969033651
selection-selection-SME03357-005876,selection-SME03357,1.0,696541.33,0.7102473937568387,0.6555684559808825,0.7751277414935165
selection-selection-SME03387-005932,selection-SME03387,0.5418108424,482419.56,0.5487972193257918,0.41488522872671174,0.4117110458031149
selection-selection-SME03387-005933,selection-SME03387,0.5418108424,55313.67,0.5813477244265365,0.42462984188480424,0.4213511268718014
selection-selection-SME03422-005998,selection-SME03422,0.407832285609,587186.07,0.3268694968069094,0.403568519417916,0.5572572165586127
selection-selection-SME03441-006030,selection-SME03441,0.300766141756,849797.1,0.19991602445415016,0.2979010946050817,0.23830878739302883
selection-selection-SME03508-006138,selection-SME03508,0.72464489248,220656.65,0.8578719927220283,0.7261707426324052,0.7613401957179682
selection-selection-SME03525-006173,selection-SME03525,0.735244913095,433222.46,0.42248503040098023,0.43616741193102854,0.5310609119022437
selection-selection-SME03532-006186,selection-SME03532,0.135529503402,360308.19,0.4865764950895558,0.42864568250881074,0.45876760732718763
selection-selection-SME03532-006187,selection-SME03532,0.184325656352,267125.03,0.5215895567890845,0.48507753025279304,0.5017084446126793
selection-selection-SME03549-006214,selection-SME03549,0.69719634393,1011029.09,0.6881750622063822,0.6968507426999534,0.6380454113806744
selection-selection-SME03600-006297,selection-SME03600,0.500746998429,569629.72,0.5007750545594943,0.5058294772357056,0.4985642913239381
selection-selection-SME03600-006298,selection-SME03600,0.723673085556,600000.0,0.6032324914228026,0.6026167125581586,0.6100533886689672
selection-selection-SME03645-006377,selection-SME03645,0.625965468811,1148719.36,0.44271467337091974,0.6255105264752715,0.4342891491708048
selection-selection-SME03645-006378,selection-SME03645,0.747716716152,259229.09,0.6197103096295423,0.696570406471081,0.5628938626578704
selection-selection-SME03664-006409,selection-SME03664,0.666127667046,295939.74,0.6061419665447902,0.76576298160956,0.5528732724276398
selection-selection-SME03664-006410,selection-SME03664,0.700194421822,87355.28,0.5720473025509939,0.7637051470587578,0.5831975646764075
selection-selection-SME03666-006414,selection-SME03666,0.437952615087,150247.68,0.4396694057565043,0.5288335691533278,0.40390940097633177
selection-selection-SME03666-006415,selection-SME03666,0.520984471054,125633.42,0.491411496308504,0.5702462857426321,0.46868079988891637
selection-selection-SME03667-006416,selection-SME03667,0.654727406401,50417.15,0.6276155303852741,0.6559050406881647,0.6727142761843901
selection-selection-SME03673-006425,selection-SME03673,0.389392922089,1313265.87,0.339334238350865,0.36964606554573626,0.3247878831407168
selection-selection-SME03704-006476,selection-SME03704,0.33922180675,587600.46,0.36699034937093544,0.46973757211428424,0.42101517632219526
selection-selection-SME03704-006477,selection-SME03704,0.622150312369,529488.98,0.716124190640586,0.6827481199227757,0.6666217752130695
selection-selection-SME03704-006478,selection-SME03704,0.636933092712,169518.15,0.6946863834148207,0.6806902853719735,0.6903375301678518
selection-selection-SME03741-006548,selection-SME03741,0.716585957324,1645061.53,0.7823224217248106,0.7186521390716611,0.7297293253637156
selection-selection-SME03741-006549,selection-SME03741,0.68385759561,703565.43,0.7753136691745925,0.7514984667609683,0.6885006657509928
selection-selection-SME03741-006550,selection-SME03741,0.752779135172,51049.38,0.8308846220670651,0.7472141208439165,0.7159845933190773
selection-selection-SME03800-006652,selection-SME03800,0.0742187337695,73760.37,0.1364077248893741,0.27974522834330234,0.26906324349470384
selection-selection-SME03808-006664,selection-SME03808,0.817290049778,168074.2,0.679218961324034,0.6976236717927381,0.6270475579498273
selection-selection-SME03824-006692,selection-SME03824,0.656226342416,462265.73,0.3674097206636295,0.42091167320200806,0.5447046926492605
selection-selection-SME03826-006695,selection-SME03826,0.697087495534,248435.34,0.7204512692188606,0.6833320589940767,0.6902359459551812
selection-selection-SME03838-006715,selection-SME03838,0.665689295378,86407.62,0.6647982642370368,0.6146818558534952,0.6124765983357255
selection-selection-SME03839-006716,selection-SME03839,0.829466165742,479656.26,0.711008732830563,0.7253028923462573,0.6264817554122875
selection-selection-SME03839-006717,selection-SME03839,0.829466165742,188807.2,0.7004937796743564,0.7272911960707574,0.6272429692195742
selection-selection-SME03902-006818,selection-SME03902,0.15642657073,343659.93,0.04939202470622006,0.06763411539921618,0.27871066800472943
selection-selection-SME03902-006819,selection-SME03902,0.495495624331,447600.34,0.2571361757837912,0.351995350313058,0.4659596882654037
selection-selection-SME03972-006931,selection-SME03972,0.644340825068,326523.85,0.6779767457108908,0.6328110205677946,0.6392930498796645
selection-selection-SME03972-006932,selection-SME03972,0.644340825068,328606.84,0.6925891387388107,0.6328110205677946,0.6392930498796645
selection-selection-SME03992-006961,selection-SME03992,0.613306823823,986576.82,0.8238709414564295,0.6972236016611385,0.7259426339421999
selection-selection-SME03992-006962,selection-SME03992,0.480515788739,483443.88,0.6486028094960246,0.5681514499672117,0.5862580383762507
selection-selection-SME04048-007062,selection-SME04048,0.17139671993,825380.55,0.7430201694752555,0.7731074972152412,0.6999260479274495
selection-selection-SME04048-007063,selection-SME04048,0.17139671993,434249.64,0.7571397107739682,0.7731074972152412,0.697887820387315
selection-selection-SME04061-007087,selection-SME04061,0.332468948441,377282.33,0.5854805682921947,0.6123167254296639,0.7308431449022726
selection-selection-SME04061-007088,selection-SME04061,0.332468948441,322710.52,0.8182970863302463,0.7408531036898669,0.84662919545842
selection-selection-SME04076-007114,selection-SME04076,0.53480635715,1263256.0,0.41466790624108096,0.44905671430942473,0.43293205529362033
selection-selection-SME04076-007115,selection-SME04076,0.564351536663,201842.76,0.40475048079625187,0.4788519759764773,0.47714326256431505
selection-selection-SME04091-007144,selection-SME04091,0.291068482263,1351087.07,0.5762890786687982,0.5924963539472153,0.6896526343227037
selection-selection-SME04091-007145,selection-SME04091,0.345034899851,380257.66,0.6866268340146051,0.6520456580903721,0.7410564099747171
selection-selection-SME04095-007152,selection-SME04095,0.0338093674012,336614.95,0.047322305598546534,0.17075003793408897,0.15074458706434982
selection-selection-SME04151-007256,selection-SME04151,0.622324277009,525691.25,0.6598863030963127,0.5596436538800871,0.5737100189254332
selection-selection-SME04151-007257,selection-SME04151,0.622324277009,414643.21,0.6704853928769552,0.5596436538800871,0.5737100189254332
selection-selection-SME04169-007290,selection-SME04169,0.548952166174,407732.43,0.26348639600133794,0.31536775979723825,0.4105125140919007
selection-selection-SME04182-007313,selection-SME04182,0.0765287406045,199441.27,0.086306286130279,0.3219255142640067,0.15694451093765543
selection-selection-SME04182-007314,selection-SME04182,0.0442941053389,80090.31,0.007297499396219468,0.1624721250741596,0.0
selection-selection-SME04183-007315,selection-SME04183,0.755334079668,301347.04,0.8314213821926548,0.7926747639020855,0.6740580940659003
selection-selection-SME04234-007411,selection-SME04234,0.789154286875,148946.57,0.8234541955221009,0.8230981698877988,0.7297750918667789
selection-selection-SME04252-007446,selection-SME04252,0.926129733271,180715.4,0.7059727699239831,0.7015858719615486,0.8078634145261903
selection-selection-SME04252-007447,selection-SME04252,0.926129733271,16589.95,0.701196736127067,0.6927694244826372,0.7840468125770088
selection-selection-SME04359-007637,selection-SME04359,0.413419307933,409278.53,0.3952506134935679,0.41876622930697094,0.4007176978065682
selection-selection-SME04362-007643,selection-SME04362,0.611886230114,830013.71,0.5192712036629107,0.5383287388294489,0.5514039460378051
selection-selection-SME04362-007644,selection-SME04362,0.495719863643,23684.72,0.44805921998298576,0.4320716360183739,0.4249451442592101
selection-selection-SME04398-007704,selection-SME04398,0.673917178948,301614.76,0.6180102295862528,0.6953114207349381,0.5964261350960287
selection-selection-SME04398-007705,selection-SME04398,0.723369385072,230831.64,0.6992282029842609,0.7861123363622632,0.6631677003717991
selection-selection-SME04404-007712,selection-SME04404,0.641755907972,217201.08,0.6738915018013701,0.573998210626314,0.5977015134647282
selection-selection-SME04404-007713,selection-SME04404,0.511220792773,41021.8,0.48443263809765374,0.46946483133721173,0.43541868240740755
selection-selection-SME04427-007750,selection-SME04427,0.588154724838,359471.0,0.5689432910268354,0.7089952481826015,0.5594973528548428
selection-selection-SME04427-007751,selection-SME04427,0.701679476559,258702.05,0.6488601784050995,0.7394709167566128,0.6217740574311054
selection-selection-SME04525-007931,selection-SME04525,0.671726866993,118313.1,0.7468152098572893,0.6870504695229441,0.674104972566958
selection-selection-SME04551-007971,selection-SME04551,0.834756769981,2000000.0,0.6702752760258421,0.6504903734810022,0.6271632985414594
selection-selection-SME04584-008027,selection-SME04584,0.138994566681,129959.92,0.43589749906638364,0.5450071972978369,0.4165882559062566
selection-selection-SME04629-008108,selection-SME04629,0.963120570451,195684.03,0.5696461095592734,0.5756665625468969,0.6358938657618117
selection-selection-SME04693-008214,selection-SME04693,0.312669896774,310020.0,0.3133880934913704,0.3448689680291076,0.39777785757650125
selection-selection-SME04693-008215,selection-SME04693,0.348642485416,597616.98,0.43649538854953623,0.4648930243016945,0.4324433146180477
selection-selection-SME04749-008317,selection-SME04749,0.859285404682,144295.97,0.7263441172635459,0.7399728420091202,0.6373348472795194
selection-selection-SME04753-008322,selection-SME04753,0.424056445618,403602.97,0.44184208308575734,0.4541125278087532,0.44151952373951375
selection-selection-SME04753-008323,selection-SME04753,0.468723960774,338974.64,0.44520042584050584,0.5178551595529917,0.48696718030382774
selection-selection-SME04753-008324,selection-SME04753,0.522825547428,128817.12,0.4811778164787312,0.5257885910705375,0.520433788109939
selection-selection-SME04786-008384,selection-SME04786,0.523517954238,93430.82,0.4930878160610374,0.5372041038551285,0.5451433288599197
selection-selection-SME04786-008385,selection-SME04786,0.621712520442,82152.54,0.5935869374990493,0.6317833010106001,0.6344659416465083
selection-selection-SME04790-008395,selection-SME04790,0.7699105844,177761.4,0.41727487394081103,0.4430743383771368,0.5599836329866049
selection-selection-SME04790-008396,selection-SME04790,0.875993067026,88965.14,0.5048451290550855,0.5431622127993039,0.6660040855776452
selection-selection-SME04791-008397,selection-SME04791,0.252259361355,161116.3,0.6816309276208247,0.6543524170812448,0.6611713181293053
selection-selection-SME04791-008398,selection-SME04791,0.252259361355,138494.57,0.6877468893771843,0.6543524170812448,0.6611713181293053
selection-selection-SME04804-008416,selection-SME04804,0.0486106015487,315173.49,0.10843241317107713,0.14498231785263047,0.09316878903720047
selection-selection-SME04804-008417,selection-SME04804,0.0486106015487,22416.93,0.10512811449065246,0.1354280277917435,0.10804475957455144
selection-selection-SME04849-008498,selection-SME04849,0.762599253605,513349.03,0.6830149510872692,0.6298399003039798,0.6455947273600223
selection-selection-SME04886-008560,selection-SME04886,0.204498892383,1673033.42,0.6301605992719272,0.5381385661872156,0.5730722997465915
selection-selection-SME04890-008565,selection-SME04890,0.888314341452,2482593.28,0.732533421329702,0.6887046585319567,0.796957929629598
selection-selection-SME04890-008566,selection-SME04890,0.888314341452,804165.69,0.7410985005763874,0.6878982801286643,0.7937632999907334
selection-selection-SME04896-008577,selection-SME04896,0.657578097322,14432.26,0.7630192890260017,0.8053607491687593,0.7121393183337237
selection-selection-SME04896-008578,selection-SME04896,0.657578097322,15183.7,0.7983384857014246,0.799279930463852,0.7121393183337237
selection-selection-SME04898-008581,selection-SME04898,0.291142229238,333925.65,0.23727813478286922,0.22657331417476034,0.17076408075509997
selection-selection-SME04898-008582,selection-SME04898,0.368949621539,211580.76,0.23574529661808893,0.22419132471208864,0.27160530534734256
selection-selection-SME04911-008600,selection-SME04911,0.359237961968,272093.47,0.3495214094947922,0.5080479166289419,0.3710429686562774
selection-selection-SME04929-008633,selection-SME04929,0.680807829669,197627.69,0.6702207885153652,0.6347926739434891,0.5947597151759192
selection-selection-SME04929-008634,selection-SME04929,0.765686071339,71346.03,0.8298980813521123,0.7319089426353402,0.7136172056463864
selection-selection-SME04929-008635,selection-SME04929,0.746164747055,40547.88,0.7939645258541411,0.7280501906707841,0.696609862509287
selection-selection-SME04981-008724,selection-SME04981,0.704699456397,665517.96,0.3982192003396211,0.49682316891572886,0.6155183558830751
selection-selection-SME04981-008725,selection-SME04981,0.784884403335,823790.67,0.5766898735841592,0.6009343546907668,0.6982852432570776
selection-selection-SME05014-008781,selection-SME05014,0.311916080989,699330.87,0.7366897538169223,0.834070134177029,0.6599287144444167
selection-selection-SME05014-008782,selection-SME05014,0.368730563076,162552.52,0.8809483948278559,0.8641376118194622,0.7298933983772787
selection-selection-SME05036-008814,selection-SME05036,0.539325592288,68191.57,0.46958559745658573,0.5500357276980888,0.47815891045987013
selection-selection-SME05040-008820,selection-SME05040,0.376087358899,134956.32,0.416851001191627,0.6129586009403493,0.41545896099890844
selection-selection-SME05055-008844,selection-SME05055,0.654622688794,2013051.22,0.6832378722526095,0.6324453639816097,0.5969842563948632
selection-selection-SME05055-008845,selection-SME05055,0.654622688794,849922.11,0.6977546738757872,0.6543980324899306,0.6071444485085989
selection-selection-SME05055-008846,selection-SME05055,0.654622688794,600000.0,0.6735834244214411,0.6543980324899306,0.6071444485085989
selection-selection-SME05073-008873,selection-SME05073,0.866595949876,159338.09,0.7980569350727807,0.6763291196499366,0.7976003405019055
selection-selection-SME05073-008874,selection-SME05073,0.863196907698,93668.07,0.79076123319037,0.6763291196499366,0.7983219544513394
selection-selection-SME05080-008888,selection-SME05080,0.619550230596,334446.01,0.5978709088423588,0.6869108280341576,0.5390604695528958
selection-selection-SME05080-008889,selection-SME05080,0.713001798366,479368.17,0.6852788806169104,0.7261340465843451,0.6467899663007607
selection-selection-SME05080-008890,selection-SME05080,0.701303211002,140067.53,0.6788009518343461,0.7376948043807092,0.6336322470630531
selection-selection-SME05170-009039,selection-SME05170,0.189255555062,133827.62,0.2826400521745019,0.21800050257438186,0.17819960547305796
selection-selection-SME05170-009040,selection-SME05170,0.686544014799,93217.43,0.6311553470349919,0.5528381524780218,0.5465324884231487
selection-selection-SME05184-009062,selection-SME05184,0.163347154424,204799.68,0.6007152508088197,0.7511060968029238,0.5917827546190636
selection-selection-SME05189-009070,selection-SME05189,0.79445235848,168944.82,0.7331815839282447,0.6566554934844759,0.7122083389330522
selection-selection-SME05189-009071,selection-SME05189,0.6838235782,58691.91,0.5249333108218789,0.527515562010026,0.6369022817465481
selection-selection-SME05189-009072,selection-SME05189,0.79445235848,65162.93,0.7292666903495334,0.6566554934844759,0.7197653473817976
selection-selection-SME05200-009088,selection-SME05200,0.565524133758,644009.64,0.45559947956557484,0.6833130502240425,0.4986801909990425
selection-selection-SME05200-009089,selection-SME05200,0.649790952326,618873.95,0.451724178105321,0.6833130502240425,0.5438806933271715
selection-selection-SME05229-009146,selection-SME05229,0.626266398925,223325.67,0.5733687781185663,0.5501643082175591,0.5221681767972886
selection-selection-SME05231-009148,selection-SME05231,0.556559773739,1908660.1,0.330506228974531,0.40460504214731285,0.3864499151212036
selection-selection-SME05231-009149,selection-SME05231,0.800932379947,1210916.2,0.6851711032516202,0.5794084863708999,0.6026046016221135
selection-selection-SME05245-009170,selection-SME05245,0.59146637864,46661.5,0.4098117804342007,0.47422785712823357,0.6537612399871066
selection-selection-SME05253-009182,selection-SME05253,0.685351345062,906190.12,0.4840701077445096,0.7393464270991701,0.5610109075565199
selection-selection-SME05314-009288,selection-SME05314,0.424138951716,95946.58,0.4016850567695963,0.5066249957690554,0.3601029535811741
selection-selection-SME05314-009289,selection-SME05314,0.702276503382,131177.6,0.5509755501005215,0.5870840571664032,0.48699947517847775
selection-selection-SME05314-009290,selection-SME05314,0.577997924592,40970.97,0.4369374698595397,0.568581929518061,0.4468336106024861
selection-selection-SME05341-009339,selection-SME05341,0.209609837295,214627.38,0.9450678714397075,0.7849454291090204,0.7708923907605629
selection-selection-SME05341-009340,selection-SME05341,0.209609837295,31938.15,0.8675366456451211,0.7821221074536214,0.7708923907605629
selection-selection-SME05453-009549,selection-SME05453,0.292474240763,442246.03,0.30333897634852114,0.36856377472193647,0.27874950264382586
selection-selection-SME05454-009550,selection-SME05454,0.88077360038,352053.26,0.8765329230347143,0.9451003874357545,0.8225746325754404
selection-selection-SME05454-009551,selection-SME05454,0.781986185091,316855.28,0.7151264469920846,0.951990253304402,0.8090685482560648
selection-selection-SME05475-009588,selection-SME05475,0.487998398619,102618.52,0.4355349324546003,0.6081691306520693,0.43192463664646713
selection-selection-SME05475-009589,selection-SME05475,0.613116655295,44619.09,0.517916303620586,0.6090105783786766,0.5205873935711217
selection-selection-SME05542-009708,selection-SME05542,0.139870432706,39106.69,0.33250956745284616,0.5632715993270597,0.43222425864407144
selection-selection-SME05611-009829,selection-SME05611,0.915253175639,144287.42,0.703477635739077,0.6637718401802473,0.7821905945802453
selection-selection-SME05628-009857,selection-SME05628,0.599090199431,545718.5,0.375621504636724,0.45928673538654685,0.5778228704603722
selection-selection-SME05638-009874,selection-SME05638,0.633279937533,157192.62,0.4704392923619419,0.4708365420077999,0.5503512094385326
selection-selection-SME05638-009875,selection-SME05638,0.518734248301,558272.22,0.35274068353686366,0.31764763548272573,0.4085241007700374
selection-selection-SME05650-009895,selection-SME05650,0.151816624971,82371.54,0.27088651801887526,0.5585273239240617,0.43758680161338004
selection-selection-SME05673-009940,selection-SME05673,0.493364933485,342393.47,0.22731993116947616,0.2869833287042598,0.4545432429770866
selection-selection-SME05673-009941,selection-SME05673,0.484812442263,1111997.51,0.23337572349665225,0.2958330590760156,0.45995996026755176
selection-selection-SME05696-009974,selection-SME05696,0.591056226065,754689.34,0.4493554287942556,0.4511546223143996,0.4309464202188401
selection-selection-SME05696-009975,selection-SME05696,0.731852171068,677464.75,0.5520212671242568,0.5151645581844121,0.4887509289810101
selection-selection-SME05739-010054,selection-SME05739,0.632485041552,1816362.0,0.6696406703982415,0.6245769674613895,0.630668092004763
selection-selection-SME05743-010060,selection-SME05743,0.203434485354,76028.17,0.6398015697645014,0.629201172730979,0.6151008915790642
selection-selection-SME05743-010061,selection-SME05743,0.203434485354,37382.05,0.5961922248020411,0.6247347403904063,0.5723547686381157
selection-selection-SME05756-010079,selection-SME05756,0.925269291655,181775.96,0.5263196269715388,0.5218365588863586,0.6742056176335244
selection-selection-SME05756-010080,selection-SME05756,0.887111577671,146994.43,0.5019431064723485,0.4969060487848695,0.7138871679230386
selection-selection-SME05780-010113,selection-SME05780,0.30449474256,433651.64,0.26935051851013564,0.4858289489649819,0.3351403589912809
selection-selection-SME05781-010114,selection-SME05781,0.723801862863,3349231.34,0.8183207482585606,0.7215615082448671,0.7387516351468545
selection-selection-SME05788-010125,selection-SME05788,0.636265602821,208684.09,0.5835342575600596,0.5062162101618378,0.4738666730024726
selection-selection-SME05796-010139,selection-SME05796,0.756436317817,346548.53,0.6154412144298484,0.6165252496727188,0.6147427789234758
selection-selection-SME05800-010145,selection-SME05800,0.488225951314,1068090.13,0.4531170769371835,0.5603328455962533,0.37845909720946624
selection-selection-SME05844-010227,selection-SME05844,0.469610701653,283136.98,0.33654570078648577,0.4538984586460313,0.46578856777998456
selection-selection-SME05844-010228,selection-SME05844,0.765092685398,187763.16,0.6897395583523571,0.654469661729949,0.6445153938729333
selection-selection-SME05893-010312,selection-SME05893,0.273250558757,350162.57,0.2164647875889926,0.20835014533999338,0.1832586465516235
selection-selection-SME05893-010313,selection-SME05893,0.435605361159,70344.68,0.4128948637744144,0.4322118107734533,0.3937143893802119
selection-selection-SME05919-010359,selection-SME05919,0.162925331161,42626.28,0.358990119434208,0.46947122690597615,0.39323169868479024
selection-selection-SME05919-010360,selection-SME05919,0.162925331161,21802.61,0.5990445622665859,0.5569223478435308,0.5279108772140313
selection-selection-SME05919-010361,selection-SME05919,0.162925331161,42852.23,0.5537876209078707,0.5707245405035632,0.5468971125460144
selection-selection-SME05931-010380,selection-SME05931,0.683171847915,446202.06,0.46505341999932037,0.5869135167436139,0.5068919185028594
selection-selection-SME05957-010425,selection-SME05957,0.681416382392,753426.69,0.7088451961975153,0.6393035160680117,0.6614214430656756
selection-selection-SME05957-010426,selection-SME05957,0.681416382392,180437.59,0.7261052151033344,0.6417852812409823,0.6670636970645537
selection-selection-SME05957-010427,selection-SME05957,0.681416382392,64059.59,0.7088201441098464,0.6417852812409823,0.6714580782741604
selection-selection-SME05996-010501,selection-SME05996,0.239789988494,1622872.15,0.6076834330443778,0.5638661443014179,0.5527828932208887
selection-selection-SME05996-010502,selection-SME05996,0.288690733723,1226243.48,0.6784902268759634,0.6213510764721851,0.6118185049557628
selection-selection-SME06007-010523,selection-SME06007,0.984220318659,206745.84,0.8553328102280763,0.7520326399634282,0.8875953225713696
selection-selection-SME06009-010526,selection-SME06009,0.185660766527,453189.76,0.45360580301255965,0.44474397009686484,0.4126114942136482
selection-selection-SME06048-010596,selection-SME06048,0.813417671371,968373.71,0.7062368583482757,0.5848605081867098,0.7039055903818007
selection-selection-SME06048-010597,selection-SME06048,0.901088691417,498285.86,0.819409881310923,0.6651589134712771,0.7917798856657224
selection-selection-SME06059-010615,selection-SME06059,0.755681212833,178034.68,0.7033634828809774,0.6648366121612633,0.6833404124148269
selection-selection-SME06059-010616,selection-SME06059,0.755681212833,231891.11,0.7156040627665283,0.6648366121612633,0.6833404124148269
selection-selection-SME06059-010617,selection-SME06059,0.755681212833,54279.58,0.6725485921074005,0.6664767213963949,0.6833404124148269
selection-selection-SME06095-010674,selection-SME06095,0.292970716264,202620.89,0.2880846258925115,0.24667374379549017,0.291484750647393
selection-selection-SME06095-010675,selection-SME06095,0.37367417372,27085.51,0.35718712685026055,0.3084664225535763,0.31783287769616675
selection-selection-SME06095-010676,selection-SME06095,0.37367417372,13945.38,0.30781541928215844,0.24874778637771358,0.36767054584421194
selection-selection-SME06099-010681,selection-SME06099,0.397299383201,377928.05,0.3428179543550847,0.6063184871676264,0.4422088340277523
selection-selection-SME06115-010711,selection-SME06115,0.188098327433,268392.13,0.3415338959405086,0.37625493783681685,0.3247233013362232
selection-selection-SME06115-010712,selection-SME06115,0.188098327433,258266.03,0.6599277402008549,0.6155726036296878,0.6126231547410597
selection-selection-SME06141-010754,selection-SME06141,0.713123437193,499600.99,0.7951700098447703,0.8006867380878079,0.6622472429598758
selection-selection-SME06207-010879,selection-SME06207,0.279404449074,283934.59,0.3211756002315583,0.3130802686775365,0.3181057361287363
selection-selection-SME06215-010893,selection-SME06215,0.525693164719,496570.54,0.44570684293693047,0.46848131789323116,0.45623861303699464
selection-selection-SME06215-010894,selection-SME06215,0.680263180015,682928.5,0.5511819889930237,0.5486509744460072,0.5741329864957284
selection-selection-SME06222-010907,selection-SME06222,0.967706907564,206561.37,0.8024091296638015,0.6982845129320462,0.8089101156398095
selection-selection-SME06233-010925,selection-SME06233,0.175391339432,298364.49,0.6331926054318419,0.7985227610267626,0.6537410886919494
selection-selection-SME06233-010926,selection-SME06233,0.175391339432,280700.35,0.6377014595998067,0.7985227610267626,0.6537410886919494
selection-selection-SME06274-010992,selection-SME06274,0.547968645474,115274.23,0.6357405175879499,0.5767392498177913,0.5595346886986013
selection-selection-SME06297-011027,selection-SME06297,0.480031785412,548675.35,0.4332303423473728,0.5822420618007469,0.4603549794468856
selection-selection-SME06297-011028,selection-SME06297,0.443615693613,401560.35,0.43830151607278106,0.6174820547357365,0.4560227795799704
selection-selection-SME06310-011047,selection-SME06310,0.553123562371,4392.59,0.5526225092953153,0.6131698805584394,0.598381615200304
selection-selection-SME06341-011099,selection-SME06341,0.589740845206,119709.57,0.5419083510341905,0.6974558815557046,0.5089420461384188
selection-selection-SME06341-011100,selection-SME06341,0.838790066055,24510.94,0.7364574959907637,0.733833968612832,0.674080211500466
selection-selection-SME06388-011184,selection-SME06388,0.608793470822,586169.56,0.7231637828678582,0.6648699571902,0.6505232139741431
selection-selection-SME06549-011469,selection-SME06549,0.561786560718,431217.2,0.41976476917296873,0.5832191513214052,0.45221117444164916
selection-selection-SME06549-011470,selection-SME06549,0.641032320134,154143.6,0.4987909259297447,0.6986282602780417,0.5111574345038303
selection-selection-SME06555-011478,selection-SME06555,0.626775056669,566470.9,0.6037851486122803,0.5654320255964415,0.5684827675650542
selection-selection-SME06639-011631,selection-SME06639,0.879668778757,1656051.54,0.6344283287724792,0.7740030961266309,0.6053329696263003
selection-selection-SME06639-011632,selection-SME06639,0.879668778757,1121484.86,0.6885899261908359,0.7740030961266309,0.6053329696263003
selection-selection-SME06647-011648,selection-SME06647,0.362302549549,117913.75,0.35011509927096485,0.38005835703580615,0.5631992110996739
selection-selection-SME06647-011649,selection-SME06647,0.41931819564,111021.31,0.47859291576046536,0.4889820458239036,0.577507170570097
selection-selection-SME06647-011650,selection-SME06647,0.41931819564,36181.71,0.460997784265788,0.48698256374355436,0.6353458886837654
selection-selection-SME06670-011691,selection-SME06670,0.523220247147,1056013.29,0.5376611362635205,0.5494171765204495,0.45207545899567
selection-selection-SME06704-011745,selection-SME06704,0.405589872733,188153.42,0.4680156755167352,0.5298421046837589,0.5065276451811346
selection-selection-SME06704-011746,selection-SME06704,0.414463423876,52961.62,0.4678819119922245,0.5188220323924447,0.5170111996531063
selection-selection-SME06715-011766,selection-SME06715,0.763719463293,381193.53,0.7247263280559509,0.5502596000879764,0.6641585845128661
selection-selection-SME06715-011767,selection-SME06715,0.763719463293,255027.94,0.6879434521099261,0.5482017655371741,0.6701145492774143
selection-selection-SME06765-011854,selection-SME06765,0.478064976483,218741.99,0.45844095191495204,0.6695552436330154,0.5360443344758846
selection-selection-SME06790-011901,selection-SME06790,0.441268654383,360155.11,0.3825252829335688,0.5116849493100007,0.35369080924930424
selection-selection-SME06790-011902,selection-SME06790,0.612566215607,62558.12,0.4178773160306522,0.6244755867684552,0.5250585171998229
selection-selection-SME06828-011969,selection-SME06828,0.511286504871,73857.48,0.7428423370994168,0.810207389946388,0.7264922579385182
selection-selection-SME06837-011984,selection-SME06837,0.246661590383,437559.18,0.6014954892813567,0.5702104944732693,0.5847074982743277
selection-selection-SME06837-011985,selection-SME06837,0.246661590383,95889.91,0.6097700398045047,0.5764710710008036,0.5943475793430143
selection-selection-SME06837-011986,selection-SME06837,0.246661590383,47855.33,0.44043600798946153,0.4887067577455696,0.4671101384058855
selection-selection-SME06882-012068,selection-SME06882,0.723694822659,367410.02,0.4334324420911647,0.44172336983428767,0.6302891156140147
selection-selection-SME06883-012069,selection-SME06883,0.181394520262,396473.97,0.22663367186558617,0.2914214254605466,0.20754549225557706
selection-selection-SME06883-012070,selection-SME06883,0.480838191507,428978.78,0.3865720448879283,0.39355935640489037,0.3996858890203862
selection-selection-SME06883-012071,selection-SME06883,0.444170985373,477521.11,0.35976986775592,0.39355935640489037,0.3795721105150797
selection-selection-SME06903-012101,selection-SME06903,0.379793525348,84156.85,0.4704439959754613,0.5352755208692764,0.623761685134479
selection-selection-SME06903-012102,selection-SME06903,0.379793525348,106069.43,0.6757784881679856,0.6636295757795598,0.7136449625208319
selection-selection-SME06925-012139,selection-SME06925,0.301558370351,330197.45,0.3854997759016094,0.5824464752503836,0.44939168941392227
selection-selection-SME06959-012202,selection-SME06959,0.181902055554,206840.27,0.47106913367375747,0.6195240680811376,0.5131582385066165
selection-selection-SME06959-012203,selection-SME06959,0.230279078661,284636.89,0.5368584191511272,0.6422869390360463,0.5707774336838453
selection-selection-SME07025-012308,selection-SME07025,0.807038805968,586391.39,0.7842309946641751,0.6773583372569046,0.6891149593908903
selection-selection-SME07049-012350,selection-SME07049,0.762825546086,300165.38,0.49594325659558225,0.4640398206734891,0.542044052619456
selection-selection-SME07056-012360,selection-SME07056,0.210276530644,90182.32,0.6406903453317279,0.5671081477714801,0.574157905237706
selection-selection-SME07056-012361,selection-SME07056,0.210276530644,123314.57,0.606542857197269,0.5671081477714801,0.574157905237706
selection-selection-SME07063-012373,selection-SME07063,0.869174227427,761831.52,0.7431214662465804,0.6081091947466513,0.7311491832818664
selection-selection-SME07063-012374,selection-SME07063,0.869174227427,100163.23,0.7649284507031467,0.5942097064488756,0.7250500570164534
selection-selection-SME07074-012395,selection-SME07074,0.663278181348,245877.67,0.5682087563099526,0.6297856639301277,0.5253234124217956
selection-selection-SME07074-012396,selection-SME07074,0.718399005732,124238.78,0.6120274524931641,0.7328837504464536,0.6140217256917152
selection-selection-SME07089-012421,selection-SME07089,0.851163847046,1637113.0,0.9012674189618415,0.9252675519101642,0.8335729113800944
selection-selection-SME07089-012422,selection-SME07089,0.851163847046,1580178.14,0.9319994828774378,0.9252675519101642,0.8335729113800944
selection-selection-SME07089-012423,selection-SME07089,0.851163847046,406295.42,0.9009918748051154,0.9230952312532203,0.8407869736688867
selection-selection-SME07129-012487,selection-SME07129,0.733794393985,217064.0,0.8552158473193519,0.8421315919512524,0.7323614081764074
selection-selection-SME07129-012488,selection-SME07129,0.733794393985,368214.8,0.883894025767037,0.8330525993278589,0.7299163351484844
selection-selection-SME07142-012508,selection-SME07142,0.894678628914,357138.43,0.7642341656445067,0.7647884867274563,0.675554221205157
selection-selection-SME07142-012509,selection-SME07142,0.739138976276,95846.2,0.4598906667173684,0.6955542625114298,0.5983753807890178
selection-selection-SME07153-012527,selection-SME07153,0.451752126033,620724.01,0.2612984657302978,0.35634916956531465,0.3173691323513683
selection-selection-SME07163-012544,selection-SME07163,0.283834324655,84817.74,0.6888502541665793,0.7302960604277614,0.6497012963008497
selection-selection-SME07187-012580,selection-SME07187,0.532934592308,249734.91,0.39232823971632325,0.4280907960573661,0.4062856267424249
selection-selection-SME07187-012581,selection-SME07187,0.613006064252,165360.76,0.48590515338192697,0.5041572255473783,0.48236636692578194
selection-selection-SME07187-012582,selection-SME07187,0.62509333547,109593.45,0.5101127812790858,0.5041572255473783,0.4901732628915406
selection-selection-SME07188-012583,selection-SME07188,0.347267119525,150364.09,0.32140605638829345,0.5272973622209376,0.3286789288977036
selection-selection-SME07188-012584,selection-SME07188,0.693704833154,51441.17,0.6725706359585006,0.6929183765373902,0.5905755220971319
selection-selection-SME07201-012605,selection-SME07201,0.621187089405,1089854.74,0.8009671587059864,0.7174439953209883,0.7196481403248
selection-selection-SME07201-012606,selection-SME07201,0.621187089405,285129.1,0.8293929866314032,0.7130799933291346,0.7164535106859353
selection-selection-SME07243-012685,selection-SME07243,0.527771679288,191614.63,0.4667239033252402,0.4190700364895587,0.39917711936598466
selection-selection-SME07243-012686,selection-SME07243,0.917540822459,22580.88,0.7423869285400384,0.6418443853741568,0.6300614504533565
selection-selection-SME07275-012743,selection-SME07275,0.781914689606,217669.72,0.5984689779348595,0.48786497311617144,0.623250265971933
selection-selection-SME07351-012867,selection-SME07351,0.361094585625,136666.67,0.40846844449985426,0.5886443437904324,0.4313657893482411
selection-selection-SME07351-012868,selection-SME07351,0.596460388066,420134.38,0.5260810606836356,0.7301136113304609,0.5560518358158708
selection-selection-SME07351-012869,selection-SME07351,0.5662342975,241806.34,0.5151843992379975,0.72048165412512,0.5402781141572032
selection-selection-SME07360-012885,selection-SME07360,0.415962006001,352041.81,0.3943176741630344,0.5063594675725734,0.37501534275736176
selection-selection-SME07361-012886,selection-SME07361,0.753077988541,201367.04,0.7526714505513938,0.6524479792113036,0.6598339183884974
selection-selection-SME07391-012937,selection-SME07391,0.257008144042,210895.0,0.5083592970483176,0.4944538239354396,0.4416099186981413
selection-selection-SME07391-012938,selection-SME07391,0.311470312976,263237.71,0.5161518548652017,0.5431959675398251,0.4670586768637422
selection-selection-SME07391-012939,selection-SME07391,0.311470312976,30459.61,0.7384273876695937,0.657625876212582,0.6296192920148146
selection-selection-SME07450-013039,selection-SME07450,0.294495080017,228781.26,0.5759050787605027,0.5711307123793067,0.7024752069763297
selection-selection-SME07450-013040,selection-SME07450,0.294495080017,123209.0,0.7798596704856522,0.698200672967047,0.8150407865985043
selection-selection-SME07484-013104,selection-SME07484,0.299384046743,539511.45,0.42796406773485796,0.3859517558489802,0.3157056462291938
selection-selection-SME07584-013282,selection-SME07584,0.414978718481,616544.81,0.39848507979803877,0.6604380942837126,0.3923641047603023
selection-selection-SME07584-013283,selection-SME07584,0.756098752396,122487.31,0.6979569314251407,0.8016539600086775,0.6706832526337595
selection-selection-SME07600-013313,selection-SME07600,0.197164528249,484887.44,0.7075056979402511,0.592935696370166,0.6190189080066723
selection-selection-SME07600-013314,selection-SME07600,0.197164528249,386059.3,0.7200721202853,0.592935696370166,0.6190189080066723
selection-selection-SME07604-013320,selection-SME07604,0.871912556352,847753.23,0.5997519030495856,0.6035388663754434,0.6696254394645134
selection-selection-SME07607-013325,selection-SME07607,0.415460887043,309426.78,0.3137648779360084,0.5305068816085633,0.3583356615583431
selection-selection-SME07607-013326,selection-SME07607,0.553507450347,382275.66,0.41779506356944535,0.6426556483567527,0.4081454868619928
selection-selection-SME07607-013327,selection-SME07607,0.59145069563,55242.24,0.385793839244816,0.6334795034608652,0.4496810762854713
selection-selection-SME07621-013351,selection-SME07621,0.635863653154,487830.78,0.5400843218836872,0.6902660788123407,0.5172167141647723
selection-selection-SME07637-013378,selection-SME07637,0.439972828353,65534.92,0.4504832597179474,0.4766179715998196,0.47813312760399346
selection-selection-SME07643-013388,selection-SME07643,0.197360666227,151179.47,0.7200034220781791,0.6573803145976165,0.6760673238512704
selection-selection-SME07643-013389,selection-SME07643,0.197360666227,137623.79,0.7333735994929558,0.6573803145976165,0.6760673238512704
selection-selection-SME07677-013454,selection-SME07677,0.295717653736,173220.57,0.22493517635697363,0.4307843258763432,0.3381351618602309
selection-selection-SME07688-013476,selection-SME07688,0.33306484083,489579.94,0.2802309324924128,0.48673834535261,0.339077006574905
selection-selection-SME07690-013478,selection-SME07690,0.683929876299,144212.24,0.6536109438002282,0.6110081317914969,0.6077794211158996
selection-selection-SME07690-013479,selection-SME07690,0.683929876299,177826.56,0.6496960502215169,0.6110081317914969,0.6121738023255062
selection-selection-SME07738-013560,selection-SME07738,0.32737524858,131885.01,0.40333384045511295,0.5886443437904324,0.4313657893482411
selection-selection-SME07738-013561,selection-SME07738,0.500952345037,135067.05,0.5056259341170795,0.6780620056999559,0.5111574345038303
selection-selection-SME07741-013566,selection-SME07741,0.084226791998,489095.13,0.08153465425701766,0.07731597775304538,0.1048132750075651
selection-selection-SME07741-013567,selection-SME07741,0.0509592536979,226221.0,0.08821174489852025,0.07188186666675697,0.04556408621163752
selection-selection-SME07741-013568,selection-SME07741,0.0509592536979,61860.49,0.08123479826721168,0.07046581129865653,0.10092394326655046
selection-selection-SME07746-013576,selection-SME07746,0.853958980858,107569.49,0.7973641366239536,0.6773496418316898,0.6642479363414815
selection-selection-SME07746-013577,selection-SME07746,0.853958980858,128315.02,0.7746194592795856,0.6773496418316898,0.6686423175510882
selection-selection-SME07852-013752,selection-SME07852,0.421742471513,1654956.32,0.33443034459484416,0.3562285195234937,0.4067382565997083
selection-selection-SME07854-013754,selection-SME07854,0.684234693491,155804.91,0.7371813474441273,0.6221783419629775,0.6514378537151472
selection-selection-SME07858-013760,selection-SME07858,0.759592059961,197089.15,0.6946046853274207,0.64686911648755,0.7115866798543518
selection-selection-SME07946-013914,selection-SME07946,0.236395576452,1209104.09,0.4506089586950385,0.4733522749583225,0.5478871754475761
selection-selection-SME07971-013956,selection-SME07971,0.431952352974,2409772.4,0.3447178787095801,0.6096747317506407,0.37605738187039073
selection-selection-SME07971-013957,selection-SME07971,0.438706761882,1352300.56,0.354212415311353,0.6161752509867696,0.3976502067480766
selection-selection-SME07971-013958,selection-SME07971,0.523793371064,251402.45,0.31089570332106437,0.611324222013502,0.4623949323567553
selection-selection-SME07976-013964,selection-SME07976,0.980303753776,403036.49,0.7805070335652208,0.6670650686450947,0.7814293807729585
selection-selection-SME08002-014008,selection-SME08002,0.139432362991,381801.55,0.6581328445600019,0.7711924397233206,0.66022401534829
selection-selection-SME08002-014009,selection-SME08002,0.139432362991,199757.47,0.670897609586541,0.7711924397233206,0.6609852291555768
selection-selection-SME08023-014047,selection-SME08023,0.950897762259,766940.2,0.7975876575654821,0.7350842902646815,0.8382370782151812
selection-selection-SME08037-014071,selection-SME08037,0.688998535894,684970.69,0.660651557917244,0.6696722756796027,0.6632580121732218
selection-selection-SME08060-014107,selection-SME08060,0.257388987933,2587093.08,0.342664072176174,0.3737393463975502,0.3605820448123343
selection-selection-SME08062-014111,selection-SME08062,0.509785652333,1473402.73,0.3980925952155309,0.4165062538544278,0.41523206445217326
selection-selection-SME08062-014112,selection-SME08062,0.577860188496,503270.18,0.3808951723102495,0.4165062538544278,0.46102613762388633
selection-selection-SME08072-014133,selection-SME08072,0.760526746189,67112.77,0.7357297399106865,0.7472354423073186,0.6049643865426886
selection-selection-SME08093-014173,selection-SME08093,0.745666868851,597716.97,0.7668100118392465,0.8726435782748049,0.731482293611587
selection-selection-SME08093-014174,selection-SME08093,0.745666868851,160494.3,0.8033714241278126,0.8177651314186434,0.7331209877750603
selection-selection-SME08093-014175,selection-SME08093,0.745666868851,115738.73,0.76127577779748,0.8177651314186434,0.7331209877750603
selection-selection-SME08098-014185,selection-SME08098,0.242403814369,528204.46,0.32758330778519773,0.3139914464545012,0.298786452196407
selection-selection-SME08116-014217,selection-SME08116,0.75533930415,205325.19,0.7087016456105074,0.7599190827755025,0.6810548174728471
selection-selection-SME08116-014218,selection-SME08116,0.75533930415,19703.74,0.7079590038916417,0.7550676904307977,0.6621290941926472
selection-selection-SME08148-014272,selection-SME08148,0.526243183527,289224.11,0.47999107300830407,0.6828458953970803,0.4986405536912972
selection-selection-SME08155-014286,selection-SME08155,0.486248959487,348456.28,0.46627511640700015,0.49435751877800194,0.4763918614911559
selection-selection-SME08198-014368,selection-SME08198,0.0414728023822,29367.74,0.049736699658513475,0.1472489362380746,0.0
selection-selection-SME08198-014369,selection-SME08198,0.182050926689,15000.0,0.17117248722679224,0.3394439521443098,0.1937363419953326
selection-selection-SME08216-014398,selection-SME08216,0.74670827079,2799837.99,0.6782405049229554,0.6087329498552938,0.7087056210759061
selection-selection-SME08216-014399,selection-SME08216,0.74670827079,476698.7,0.6672259734143455,0.626321616371761,0.7177094110909117
selection-selection-SME08223-014410,selection-SME08223,0.2553690219,94011.0,0.2570937555313105,0.2885855986309418,0.2983983779858187
selection-selection-SME08223-014411,selection-SME08223,0.127919546186,86203.18,0.26453028944017315,0.2885855986309418,0.23740154513656106
selection-selection-SME08233-014426,selection-SME08233,0.615735509049,65402.25,0.6407376170110914,0.6793144537344454,0.5905780388246279
selection-selection-SME08248-014448,selection-SME08248,0.184538376946,149161.75,0.6889134035089307,0.6402886913119729,0.6696196767687005
selection-selection-SME08267-014483,selection-SME08267,0.784333428221,292044.66,0.6907575751126833,0.597474509471026,0.5933654336883353
selection-selection-SME08267-014484,selection-SME08267,0.835755727806,398271.54,0.8059527051495241,0.6631889674800203,0.6319845745596858
selection-selection-SME08287-014522,selection-SME08287,0.957667180833,190869.19,0.7885861396777254,0.7226474856434367,0.8270555518555036
selection-selection-SME08287-014523,selection-SME08287,0.750138190873,75287.93,0.4769065840541315,0.48769490299860974,0.6334039843112386
selection-selection-SME08303-014550,selection-SME08303,0.322410278828,91752.95,0.7523171639719413,0.6305469294177815,0.6379215459672546
selection-selection-SME08303-014551,selection-SME08303,0.322410278828,80124.88,0.7834193176359033,0.6305469294177815,0.6379215459672546
selection-selection-SME08303-014552,selection-SME08303,0.322410278828,160280.82,0.73192539052209,0.6423885831647549,0.6477517491779241
selection-selection-SME08313-014568,selection-SME08313,0.301692897998,159603.35,0.4241941255912219,0.4806199155049771,0.403708463738016
selection-selection-SME08313-014569,selection-SME08313,0.335288390357,72395.66,0.6163629103084644,0.5786607617394691,0.5351470359214661
selection-selection-SME08313-014570,selection-SME08313,0.335288390357,60434.63,0.46660929537882545,0.4908240039550172,0.42796896194866874
selection-selection-SME08336-014614,selection-SME08336,0.709075022903,1226450.37,0.6306840420148602,0.5424845210194577,0.5513232243726921
selection-selection-SME08336-014615,selection-SME08336,0.756352438186,180429.75,0.6688792598426817,0.6469355791685711,0.6817576523861717
selection-selection-SME08348-014635,selection-SME08348,0.218030319971,521122.18,0.3025640942039289,0.49075866145488767,0.3432798526165328
selection-selection-SME08348-014636,selection-SME08348,0.264688394257,286922.71,0.40486484630657943,0.5644530512279602,0.5027195753768173
selection-selection-SME08348-014637,selection-SME08348,0.264688394257,698371.1,0.44523376453535796,0.6342553703418355,0.5133084865865938
selection-selection-SME08429-014780,selection-SME08429,0.281835858027,534182.59,0.3163314792175412,0.3236801653750585,0.3103187017219071
selection-selection-SME08429-014781,selection-SME08429,0.569206793055,348570.64,0.4248541490951713,0.44183915496725407,0.45438970227839376
selection-selection-SME08453-014829,selection-SME08453,0.270884604802,108012.21,0.5228864747004274,0.5774169761483284,0.4510707545496661
selection-selection-SME08453-014830,selection-SME08453,0.314384953361,178393.05,0.3784095211577799,0.48412275531375965,0.37323570334623196
selection-selection-SME08453-014831,selection-SME08453,0.314384953361,60131.24,0.6035867082901257,0.594827104207678,0.5481675782234195
selection-selection-SME08480-014876,selection-SME08480,0.574838962445,58564.05,0.5202596080124544,0.6604254768919022,0.5325992024158519
selection-selection-SME08501-014911,selection-SME08501,0.238477931426,169194.64,0.14553028523999753,0.23303092049293936,0.2447546112848534
selection-selection-SME08503-014914,selection-SME08503,0.920339350535,1854754.81,0.8002899152576716,0.8007311476328961,0.7117488540874561
selection-selection-SME08503-014915,selection-SME08503,0.920339350535,1169171.26,0.8256164372660505,0.8007311476328961,0.7117488540874561
selection-selection-SME08503-014916,selection-SME08503,0.920339350535,588217.91,0.7872771879106522,0.8007311476328961,0.7097106265473216
selection-selection-SME08507-014921,selection-SME08507,0.221524005626,213557.79,0.7608430441479066,0.7133004664849313,0.6345057441604239
selection-selection-SME08507-014922,selection-SME08507,0.221524005626,95862.13,0.7276613486409896,0.7014588127379578,0.6246755409497544
selection-selection-SME08541-014984,selection-SME08541,0.545301806935,475632.27,0.5592564001809506,0.4954106241601066,0.5198002504895379
selection-selection-SME08541-014985,selection-SME08541,0.390781502717,529498.34,0.358960437243355,0.3562107708127313,0.41315318619765473
selection-selection-SME08541-014986,selection-SME08541,0.618343907991,731810.6,0.609498047663276,0.5716423428124197,0.6026023106867544
selection-selection-SME08561-015019,selection-SME08561,0.800407440469,94021.44,0.6564230186909853,0.5977452092750843,0.7075525001086352
selection-selection-SME08618-015117,selection-SME08618,0.407700755976,144940.81,0.3179128298707986,0.3957124327170093,0.3971933720410522
selection-selection-SME08618-015118,selection-SME08618,0.575072299107,43244.3,0.39643589252176903,0.4518324241820322,0.48815279301257325
selection-selection-SME08726-015301,selection-SME08726,0.694463514181,365667.86,0.7582122792487486,0.6835428137691361,0.6027312670883429
selection-selection-SME08732-015312,selection-SME08732,0.677144793329,352865.11,0.5601053202974643,0.7978590090017416,0.6203948201310785
selection-selection-SME08732-015313,selection-SME08732,0.745150398262,27569.03,0.6615733116970286,0.7076277902178107,0.6130359848784881
selection-selection-SME08764-015362,selection-SME08764,0.108593096216,261927.18,0.11022457807622758,0.24223495566715958,0.18803061062520224
selection-selection-SME08769-015371,selection-SME08769,0.839987685332,805504.43,0.7570055378647309,0.6929657966755309,0.7175527982477569
selection-selection-SME08771-015373,selection-SME08771,0.884696863379,162279.94,0.8251321837341552,0.7075545547592659,0.8223886950731237
selection-selection-SME08771-015374,selection-SME08771,0.877970228871,139888.05,0.8113420963069811,0.7075545547592659,0.8116327683411934
selection-selection-SME08788-015402,selection-SME08788,0.530692435155,877455.5,0.44596643807964903,0.5585538643718362,0.4366732340319784
selection-selection-SME08807-015432,selection-SME08807,0.252351608247,514170.29,0.5840051364411601,0.5973015549914498,0.4897639499312088
selection-selection-SME08807-015433,selection-SME08807,0.27340031307,106709.78,0.33876841804367874,0.5254866365171232,0.3183918785599888
selection-selection-SME08861-015527,selection-SME08861,0.432540372016,268047.45,0.4608634720537323,0.5897022755109138,0.398737259176879
selection-selection-SME08861-015528,selection-SME08861,0.175761962728,326045.53,0.36255835268641157,0.4308640953921314,0.2596477226918061
selection-selection-SME08861-015529,selection-SME08861,0.481797141142,878124.68,0.5212814109318841,0.6500606973613425,0.47716979887977673
selection-selection-SME08865-015536,selection-SME08865,0.855047878677,1098587.59,0.46285702296637465,0.4142350463662894,0.5093221645337028
selection-selection-SME08865-015537,selection-SME08865,0.91721834427,1764405.66,0.5492140410082741,0.49334053873350436,0.5174184744286536
selection-selection-SME08946-015690,selection-SME08946,0.388942377461,290706.88,0.37778487388125515,0.4270206738157471,0.4369428839932905
selection-selection-SME08967-015730,selection-SME08967,0.867211517132,765854.05,0.820524340858638,0.8340204312569426,0.7333911828589911
selection-selection-SME08967-015731,selection-SME08967,0.588851214762,92028.47,0.5290806934931217,0.7456876065444605,0.5492649304500171
selection-selection-SME08967-015732,selection-SME08967,0.867211517132,129317.72,0.8150564612922416,0.834444361879111,0.7350750420796273
selection-selection-SME08971-015738,selection-SME08971,0.756608223301,121296.94,0.9279935976474447,0.9268867257839158,0.8239348380894819
selection-selection-SME08977-015748,selection-SME08977,0.574130581921,687512.28,0.42359514465333,0.5398594327674524,0.3843573252948521
selection-selection-SME08980-015752,selection-SME08980,0.701121031805,1118392.92,0.644730301251664,0.6472733559808094,0.6532844109254329
selection-selection-SME08980-015753,selection-SME08980,0.636326382534,1069266.3,0.45808200239815966,0.5407371992469394,0.5845112595137152
selection-selection-SME09073-015914,selection-SME09073,0.44227321398,59223.34,0.40442667599101995,0.5306013862195735,0.37002481644465346
selection-selection-SME09073-015915,selection-SME09073,0.660645113971,30004.27,0.46070061242809585,0.5477226358094187,0.4877651683857549
selection-selection-SME09106-015973,selection-SME09106,0.59929532783,63661.5,0.5722727380357495,0.648275660332905,0.536488016710885
selection-selection-SME09117-015991,selection-SME09117,0.456862111986,234435.69,0.2687870240023757,0.42641710140837613,0.3089305438638349
selection-selection-SME09140-016029,selection-SME09140,0.545941550553,128371.56,0.5250079504978493,0.7354482223753259,0.49359615641898663
selection-selection-SME09153-016048,selection-SME09153,0.396738924894,90315.56,0.1674100453451308,0.23052935602393193,0.3627780861306215
selection-selection-SME09153-016049,selection-SME09153,0.406294795377,76611.68,0.1634951517664196,0.2291133006558315,0.36511025477922837
selection-selection-SME09183-016102,selection-SME09183,0.238650941205,80231.92,0.17113008036794466,0.28960793265632206,0.2098219706077793
selection-selection-SME09183-016103,selection-SME09183,0.259588009462,135663.3,0.16760778671877183,0.28960793265632206,0.21044687461725567
selection-selection-SME09208-016142,selection-SME09208,0.611039298987,26461.38,0.5826401804625068,0.7099701568302128,0.5440593173471955
selection-selection-SME09216-016154,selection-SME09216,0.426321264643,205708.19,0.31543201984159636,0.30263530070498285,0.42089449601775725
selection-selection-SME09217-016155,selection-SME09217,0.195359466901,103048.75,0.6766096742810284,0.6963280409407643,0.6578838314455554
selection-selection-SME09225-016169,selection-SME09225,0.455674045793,410290.9,0.4121629245144062,0.5642561917008878,0.41058306783209664
selection-selection-SME09225-016170,selection-SME09225,0.643200335224,460370.23,0.4839365748419215,0.672974708504154,0.5100417885519454
selection-selection-SME09258-016222,selection-SME09258,0.148778355297,668247.29,0.052566952938208344,0.3292913178040432,0.1483203059828013
selection-selection-SME09258-016223,selection-SME09258,0.280147092486,514368.29,0.20189506421219774,0.49238451754048246,0.29556535166503267
selection-selection-SME09274-016252,selection-SME09274,0.842559031982,1238546.2,0.7536543561577643,0.6871684437610277,0.6997731868498863
selection-selection-SME09299-016298,selection-SME09299,0.501606187218,911451.07,0.44540976415069505,0.549352982735056,0.5137067509981809
selection-selection-SME09305-016308,selection-SME09305,0.226729889308,1400591.17,0.8115278037368127,0.7066969488706538,0.7096225823477773
selection-selection-SME09305-016309,selection-SME09305,0.226729889308,1222550.9,0.777650596294927,0.7066969488706538,0.7183075926477521
selection-selection-SME09308-016314,selection-SME09308,0.430020999143,650512.57,0.27689977223697154,0.4563736980649298,0.3362616082659067
selection-selection-SME09314-016324,selection-SME09314,0.28138898439,38240.04,0.20789210937894784,0.22544216154269087,0.4092481834507029
selection-selection-SME09314-016325,selection-SME09314,0.447333519704,177667.99,0.4310812418379853,0.421233474217385,0.6164451232319706
selection-selection-SME09355-016395,selection-SME09355,0.895590613787,133827.91,0.7627819291213617,0.7383201224977046,0.7458756293227764
selection-selection-SME09418-016503,selection-SME09418,0.32115493041,2652575.61,0.47151963247293605,0.5091327461264473,0.4961567968380312
selection-selection-SME09418-016504,selection-SME09418,0.361284787455,2000000.0,0.6227843770852303,0.6026120524696731,0.5824232209743594
selection-selection-SME09438-016541,selection-SME09438,0.77864428129,163465.64,0.7050707812235055,0.6748671925529597,0.6983445714765799
selection-selection-SME09454-016567,selection-SME09454,0.252069357371,853186.09,0.6732547560013515,0.637848159954644,0.7170350767763262
selection-selection-SME09458-016573,selection-SME09458,0.170911294678,93524.18,0.5423039156867504,0.4851482530700496,0.509584109031336
selection-selection-SME09458-016574,selection-SME09458,0.170911294678,264505.02,0.48085606597468644,0.4969899068170233,0.5194143122420055
selection-selection-SME09464-016583,selection-SME09464,0.708634330499,289152.15,0.5339113140866216,0.5158318050709781,0.592726838216982
selection-selection-SME09464-016584,selection-SME09464,0.677065119742,260020.44,0.5161430321919828,0.4894235902336547,0.5396631101517463
selection-selection-SME09464-016585,selection-SME09464,0.77241672158,13869.96,0.6510004165462262,0.5873134651113661,0.6049199585999061
selection-selection-SME09472-016598,selection-SME09472,0.732102446064,593101.27,0.7424649679053075,0.7558418707691905,0.6761835343036214
selection-selection-SME09473-016599,selection-SME09473,0.787614155678,228450.31,0.7629686583954961,0.7027439548534096,0.7029777328859846
selection-selection-SME09550-016734,selection-SME09550,0.785343530268,1124139.86,0.6640635299051451,0.5724735625491765,0.67552298668114
selection-selection-SME09557-016746,selection-SME09557,0.15598832762,225215.73,0.30704999167479047,0.4377963282950712,0.33483443197504775
selection-selection-SME09557-016747,selection-SME09557,0.709511863395,359427.4,0.6635151857096967,0.74667976271248,0.6442533700282957
selection-selection-SME09557-016748,selection-SME09557,0.673928193967,80979.54,0.6514622730527533,0.7446219281616778,0.6222972890321637
selection-selection-SME09611-016843,selection-SME09611,0.597814297674,1460383.22,0.4048849162744581,0.434393437301524,0.43456441649206196
selection-selection-SME09611-016844,selection-SME09611,0.675257805378,66560.6,0.4956158641539534,0.5119009612612804,0.5019547299753847
selection-selection-SME09686-016972,selection-SME09686,0.236088243514,279863.19,0.319728093112174,0.3327835500536536,0.3729707818071614
selection-selection-SME09686-016973,selection-SME09686,0.291583568187,521847.87,0.4236865198456211,0.4499368559505586,0.47341114522313615
selection-selection-SME09686-016974,selection-SME09686,0.291583568187,212220.38,0.4146197758912667,0.4524186211235294,0.41691864181697763
selection-selection-SME09688-016977,selection-SME09688,0.754368515585,865291.73,0.7681931475005066,0.7034055875603696,0.7035913088222933
selection-selection-SME09827-017210,selection-SME09827,0.721344419396,199122.21,0.5935230805528379,0.6184313029097115,0.6026490462142529
selection-selection-SME09827-017211,selection-SME09827,0.721344419396,120161.91,0.6110398072339429,0.6165873755142848,0.6026490462142529
selection-selection-SME09829-017213,selection-SME09829,0.640398791928,282218.07,0.37284746346845377,0.4071620062791325,0.4264508681538227
selection-selection-SME09829-017214,selection-SME09829,0.667719778919,232405.1,0.47147350491637197,0.4596063510172206,0.4517530888346164
selection-selection-SME09829-017215,selection-SME09829,0.527820664185,145628.11,0.3700801100604258,0.3764157702593764,0.3886683375352271
selection-selection-SME09834-017224,selection-SME09834,0.719139115161,85098.46,0.7001180146327856,0.7440930511848026,0.6643151804068549
selection-selection-SME09836-017228,selection-SME09836,0.284459889796,1695093.65,0.42330924376774626,0.5272920830589146,0.5173972948711808
selection-selection-SME09882-017302,selection-SME09882,0.53234607352,240508.07,0.3352879741424537,0.3849921833374621,0.4130075474330907
selection-selection-SME09893-017320,selection-SME09893,0.376952611698,101322.36,0.33986652738016176,0.3881856778010666,0.37344489717382845
selection-selection-SME09893-017321,selection-SME09893,0.506670510976,115649.39,0.427085587350031,0.45157874958825406,0.45555931963738366
selection-selection-SME09899-017331,selection-SME09899,0.31923950269,362491.71,0.6243181975819667,0.7740227063686358,0.6363600138237364
selection-selection-SME09899-017332,selection-SME09899,0.37682946493,702622.41,0.703848531929655,0.8005337660291628,0.7030486483255546
selection-selection-SME09899-017333,selection-SME09899,0.37682946493,186814.27,0.6967435616427926,0.8100366892747247,0.7269842309087107
selection-selection-SME09907-017345,selection-SME09907,0.745387192615,136392.74,0.8876648701192802,0.793923761070214,0.8197646489041315
selection-selection-SME09907-017346,selection-SME09907,0.745387192615,44785.67,0.8852990224723953,0.7955638703053456,0.8197646489041315
selection-selection-SME09907-017347,selection-SME09907,0.652043753319,12978.85,0.5993328947676678,0.6202645519933382,0.6487207529139472
selection-selection-SME09942-017410,selection-SME09942,0.436992586888,695539.14,0.33315638221534777,0.3986603346407669,0.3773111296114897
selection-selection-SME09963-017448,selection-SME09963,0.584645158285,241564.13,0.5553487011351418,0.5522406428127459,0.48383642603149013
selection-selection-SME09975-017469,selection-SME09975,0.538310090119,530333.59,0.48557693793588286,0.5178247249428745,0.5190977064724788
selection-selection-SME09975-017470,selection-SME09975,0.602241977762,183155.36,0.6510336103250998,0.6161770921181163,0.6031042995212199
selection-selection-SME09976-017471,selection-SME09976,0.37969655518,235602.87,0.39488010254826694,0.3870242382290188,0.3490709282730653
selection-selection-SME10035-017578,selection-SME10035,0.755219424476,216385.99,0.6415511131232495,0.6065504666805288,0.6922103267869236
selection-selection-SME10035-017579,selection-SME10035,0.755219424476,272099.67,0.6524700762299167,0.6065504666805288,0.6922103267869236
selection-selection-SME10035-017580,selection-SME10035,0.662116415699,78350.31,0.47185821162644176,0.5089474431203638,0.6651669294028695
selection-selection-SME10053-017611,selection-SME10053,0.334344672709,518854.58,0.3839169447660219,0.4155535329836608,0.3522915703212677
selection-selection-SME10053-017612,selection-SME10053,0.583531940395,582934.53,0.6704853928769552,0.6004569953181395,0.6085387598529407
selection-selection-SME10091-017681,selection-SME10091,0.754084161484,106504.36,0.6552637012047509,0.6528685207827666,0.6059685834932134
selection-selection-SME10091-017682,selection-SME10091,0.754084161484,69495.83,0.6471140117176286,0.6528685207827666,0.6059685834932134
selection-selection-SME10110-017716,selection-SME10110,0.245737387351,129823.78,0.651681228717062,0.6774633917802663,0.581437997542457
selection-selection-SME10114-017722,selection-SME10114,0.657382206825,1739446.06,0.4591116182447756,0.6007514191190302,0.502455395352549
selection-selection-SME10120-017734,selection-SME10120,0.237874549854,152658.67,0.3125157856651511,0.41684654277467176,0.3005969687731092
selection-selection-SME10120-017735,selection-SME10120,0.454291959975,57037.47,0.4251383986616907,0.5025022480561558,0.42147811022210996
selection-selection-SME10184-017847,selection-SME10184,0.733766532601,713006.87,0.6421976548171086,0.6502172271509411,0.6596945420246936
selection-selection-SME10206-017883,selection-SME10206,0.354307132425,211396.44,0.31164377373981206,0.46063341913705086,0.3501449295493083
selection-selection-SME10210-017889,selection-SME10210,0.749525514079,600721.14,0.7576005579760887,0.655416660224508,0.6549150480423583
selection-selection-SME10214-017894,selection-SME10214,0.405947251272,1670690.13,0.36556450007718644,0.42222795112255485,0.40748260453265905
selection-selection-SME10214-017895,selection-SME10214,0.496070259564,2000000.0,0.45874192226987914,0.46285957470065625,0.45093808166084726
selection-selection-SME10214-017896,selection-SME10214,0.515822294233,1254455.92,0.4479963625107281,0.46285957470065625,0.47204204220353274
selection-selection-SME10217-017899,selection-SME10217,0.8159252926,286629.16,0.8026700645289949,0.8079137212534651,0.69306639911044
selection-selection-SME10217-017900,selection-SME10217,0.8159252926,179387.47,0.8280948742933544,0.8058558867026628,0.69306639911044
selection-selection-SME10250-017957,selection-SME10250,0.613310318985,186493.06,0.6021998027890563,0.6809803268357955,0.5870821309944295
selection-selection-SME10250-017958,selection-SME10250,0.675071098092,37944.53,0.6375197143828643,0.7681139960693407,0.6590558772853691
selection-selection-SME10251-017959,selection-SME10251,0.523135049011,641807.75,0.6216890279777374,0.7358304657836149,0.5984248801892433
selection-selection-SME10315-018080,selection-SME10315,0.91632870428,235899.99,0.683786872084611,0.7034599210082904,0.6342709796553655
selection-selection-SME10317-018083,selection-SME10317,0.156651474951,138534.51,0.24805207761149084,0.3151014265662483,0.33207662582800407
selection-selection-SME10349-018133,selection-SME10349,0.698115206623,307902.12,0.5117094907261517,0.5334474222333635,0.6445323541790945
selection-selection-SME10349-018134,selection-SME10349,0.771762287354,28619.09,0.6098425137049486,0.6024460558087698,0.7037110781895399
selection-selection-SME10434-018266,selection-SME10434,0.129820683332,568252.81,0.13639721849652817,0.3741334782743724,0.1503376980030736
selection-selection-SME10434-018267,selection-SME10434,0.0699154063778,290757.57,0.13642755032564088,0.3717514888117006,0.1465205974343853
selection-selection-SME10435-018268,selection-SME10435,0.72823693536,54414.35,0.6499139003738952,0.7777649504941191,0.6885942215584008
selection-selection-SME10450-018291,selection-SME10450,0.176149877599,329227.94,0.40168157440037555,0.5540050817692274,0.4389119381014011
selection-selection-SME10461-018307,selection-SME10461,0.245032106387,600237.0,0.6738915018013701,0.5935701825568269,0.6453143810809441
selection-selection-SME10481-018339,selection-SME10481,0.739492747432,1413683.63,0.6887066727713171,0.6429180993294025,0.6426684219664152
selection-selection-SME10488-018351,selection-SME10488,0.679021883984,345126.9,0.6345240098870343,0.5898831179574217,0.5610119077354794
selection-selection-SME10502-018374,selection-SME10502,0.841413688774,311263.18,0.6779767457108908,0.6458898446769492,0.7233755450501356
selection-selection-SME10502-018375,selection-SME10502,0.841413688774,681469.2,0.6884285737191855,0.6434080795039786,0.7177332910512575
selection-selection-SME10502-018376,selection-SME10502,0.841413688774,228076.28,0.6709028365139144,0.6458898446769492,0.7233755450501356
selection-selection-SME10512-018393,selection-SME10512,0.117260130679,863873.7,0.1627880698571059,0.2804965420515852,0.26032483279523266
selection-selection-SME10512-018394,selection-SME10512,0.0617668463078,474723.55,0.17664924073805166,0.2761325400597315,0.219688946343118
selection-selection-SME10557-018465,selection-SME10557,0.397411894938,491301.02,0.39008634674923626,0.5886883296228838,0.40437258541960036
selection-selection-SME10557-018466,selection-SME10557,0.620499406232,215448.0,0.5145330636651192,0.7000098160979277,0.4844831713616286
selection-selection-SME10568-018485,selection-SME10568,0.426911294687,456580.11,0.3860087027153304,0.5345739630755919,0.4325686833782344
selection-selection-SME10568-018486,selection-SME10568,0.658717709175,438346.96,0.6202816186286094,0.7441348254150824,0.61785010112149
selection-selection-SME10596-018530,selection-SME10596,0.155642725465,140454.18,0.1157091251961635,0.12630454314342152,0.13620106026801893
selection-selection-SME10596-018531,selection-SME10596,0.160670634891,116517.0,0.08136175479870995,0.12630454314342152,0.138911154362156
selection-selection-SME10615-018559,selection-SME10615,0.194976013406,493254.78,0.37008037172592456,0.38140930060140615,0.39939002627726994
selection-selection-SME10615-018560,selection-SME10615,0.237022045526,70942.63,0.4343557377776843,0.43966430393415634,0.44055495022165553
selection-selection-SME10618-018565,selection-SME10618,0.548368010081,364038.11,0.302404215254573,0.26560272383395556,0.4901934462353994
selection-selection-SME10627-018580,selection-SME10627,0.31723810094,1013278.51,0.2516916255604763,0.24906354113653928,0.27074876836545186
selection-selection-SME10651-018620,selection-SME10651,0.700141329694,980062.3,0.5128115435547373,0.5137981899230147,0.6363385355155572
selection-selection-SME10694-018688,selection-SME10694,0.668719282325,84928.69,0.6719382055022518,0.6914349642232281,0.6169316053395885
selection-selection-SME10746-018780,selection-SME10746,0.159321095432,383397.24,0.11566134425126044,0.16259196791245803,0.396747903840945
selection-selection-SME10746-018781,selection-SME10746,0.128564026741,476423.27,0.0938540066361346,0.1609496675302321,0.3630636673047325
selection-selection-SME10747-018782,selection-SME10747,0.270225843935,802715.05,0.3018889293051475,0.3183042431498796,0.3007495240743393
selection-selection-SME10747-018783,selection-SME10747,0.509893420313,1221663.18,0.44816757828229886,0.43794431744905943,0.4286358842312312
selection-selection-SME10754-018794,selection-SME10754,0.41721716561,66554.78,0.3555086536725377,0.5255897481071462,0.42155914146454926
selection-selection-SME10754-018795,selection-SME10754,0.546647491633,236029.69,0.47968893642412436,0.597691096029312,0.4996890912983361
selection-selection-SME10785-018850,selection-SME10785,0.635109187155,1766560.48,0.5353642623218396,0.6297829912582119,0.5554766989920719
selection-selection-SME10808-018887,selection-SME10808,0.598480538781,114868.14,0.45196080615987444,0.6305367514614459,0.5319545646329303
selection-selection-SME10808-018888,selection-SME10808,0.662404415461,257497.74,0.5405455934136323,0.7387556925516994,0.6174221570455324
selection-selection-SME10841-018947,selection-SME10841,0.67371627787,309684.64,0.577288367536333,0.7584484401159863,0.6001578985824034
selection-selection-SME10841-018948,selection-SME10841,0.861342524421,672747.96,0.8377944604026971,0.8096530120693773,0.7155863454870489
selection-selection-SME10875-019003,selection-SME10875,0.138069875997,3992970.19,0.7119397466236967,0.6286391281742051,0.637401945632375
selection-selection-SME10875-019004,selection-SME10875,0.138069875997,2000000.0,0.44629209182532886,0.4181628907402639,0.37821329994386077
selection-selection-SME10875-019005,selection-SME10875,0.138069875997,600000.0,0.4257450126725648,0.53062298096155,0.5089095332381159
selection-selection-SME10885-019021,selection-SME10885,0.734725952137,167742.06,0.7340257652868283,0.7906169293512832,0.6740580940659003
selection-selection-SME10885-019022,selection-SME10885,0.734725952137,69101.86,0.745349972018734,0.7906169293512832,0.6740580940659003
selection-selection-SME10885-019023,selection-SME10885,0.734725952137,228727.4,0.7049792546210517,0.7906169293512832,0.6740580940659003
selection-selection-SME10904-019052,selection-SME10904,0.899070243504,384959.05,0.8258777528013522,0.6928595996692848,0.7227480043033353
selection-selection-SME10920-019083,selection-SME10920,0.518798828236,53441.9,0.4469866765434951,0.5085609510736896,0.5066161474805514
selection-selection-SME10920-019084,selection-SME10920,0.611462321954,143689.51,0.5365094590331893,0.5863975798099359,0.5824444953802462
selection-selection-SME10920-019085,selection-SME10920,0.390757953485,167242.06,0.30142358525017227,0.34155608967039974,0.3455697363759918
selection-selection-SME10927-019098,selection-SME10927,0.498166317836,808134.12,0.47061690467475437,0.4635010397510523,0.46065058054904634
selection-selection-SME10927-019099,selection-SME10927,0.567802057039,177026.01,0.5122525714399393,0.5280373914179958,0.5168747183419964
selection-selection-SME10954-019144,selection-SME10954,0.362568268871,60496.78,0.36158165454385055,0.3012617472365806,0.2820552930068959
selection-selection-SME10974-019178,selection-SME10974,0.512717346174,242792.94,0.38262853487994675,0.6114724662045551,0.4651510185061228
selection-selection-SME10986-019201,selection-SME10986,0.738567128355,59889.64,0.6510497536161307,0.5859417939140648,0.6135802934374193
selection-selection-SME10986-019202,selection-SME10986,0.738567128355,21913.97,0.6630449927967387,0.5667279915292429,0.5979243624377548
selection-selection-SME10992-019211,selection-SME10992,0.820921642281,426387.81,0.6655646711280011,0.6267652317675045,0.616500661101623
selection-selection-SME11015-019251,selection-SME11015,0.257002902029,396545.79,0.16795324886193314,0.27106314373854845,0.3015789251561044
selection-selection-SME11023-019262,selection-SME11023,0.228155592727,895896.04,0.7169956158304607,0.5802813110996569,0.6093303372381222
selection-selection-SME11039-019289,selection-SME11039,0.679166806235,1382755.95,0.6293743957380373,0.6441511280012716,0.656772752910574
selection-selection-SME11049-019301,selection-SME11049,0.833478384338,148301.01,0.7340257652868283,0.653587226480089,0.6609156558157329
selection-selection-SME11049-019302,selection-SME11049,0.833478384338,307914.26,0.7288686560949738,0.6521019466319906,0.6653100370253395
selection-selection-SME11068-019334,selection-SME11068,0.724900456402,619460.54,0.6831422808478673,0.630329255394824,0.639865987084142
selection-selection-SME11089-019373,selection-SME11089,0.335416839455,1157388.14,0.3131511107251759,0.5000163987174514,0.34167388300791246
selection-selection-SME11089-019374,selection-SME11089,0.476859158159,1064036.9,0.46479784046304656,0.64628373531168,0.47035467641530015
selection-selection-SME11089-019375,selection-SME11089,0.361970519392,274326.0,0.2894450829691403,0.520364167372336,0.3432090454694947
selection-selection-SME11098-019389,selection-SME11098,0.0671413691412,251560.46,0.05135238267006837,0.3024278744806993,0.2044013242875168
selection-selection-SME11140-019468,selection-SME11140,0.593861086606,257488.62,0.42528931999759284,0.4349120845582636,0.6187552270619825
selection-selection-SME11142-019470,selection-SME11142,0.856891061483,513253.02,0.6679985542530091,0.6090462111611501,0.6104523161198543
selection-selection-SME11142-019471,selection-SME11142,0.856891061483,394664.92,0.6256603920373047,0.6090462111611501,0.6104523161198543
selection-selection-SME11155-019494,selection-SME11155,0.441896208275,540630.79,0.3760932507120674,0.44868511526478977,0.4441353570122149
selection-selection-SME11155-019495,selection-SME11155,0.371048828241,682397.04,0.3816558493731855,0.4408614796027179,0.3887900368557389
selection-selection-SME11155-019496,selection-SME11155,0.504112127236,743948.39,0.5043519808151075,0.5439615828799842,0.5037568386848496
selection-selection-SME11156-019497,selection-SME11156,0.241210421489,593112.3,0.7563954943659035,0.6942722972013582,0.7165262042799654
selection-selection-SME11156-019498,selection-SME11156,0.241210421489,810126.76,0.7191231666375283,0.6780030847352466,0.6629140256623798
selection-selection-SME11162-019509,selection-SME11162,0.79453189517,452604.69,0.7752460276325001,0.7187285298510132,0.678454907198134
selection-selection-SME11171-019523,selection-SME11171,0.358554232975,508325.03,0.34646281792321654,0.6126499203437008,0.49669775474816413
selection-selection-SME11182-019542,selection-SME11182,0.762547981433,25958.03,0.7483651703094211,0.6957507774306083,0.6864140621425281
selection-selection-SME11184-019544,selection-SME11184,0.237660794169,715452.53,0.33419916363905994,0.4138447003603761,0.3836249880133925
selection-selection-SME11184-019545,selection-SME11184,0.345828557434,144822.84,0.4801382865142124,0.4918021209208483,0.4457702135593835
selection-selection-SME11185-019546,selection-SME11185,0.71117279777,170868.8,0.37670114535923627,0.36349179820872013,0.5409313894127253
selection-selection-SME11185-019547,selection-SME11185,0.786323648028,251907.34,0.44217947642059846,0.42687793908377736,0.5837364218751527
selection-selection-SME11192-019561,selection-SME11192,0.560421712307,589256.92,0.48243345544142535,0.6974625664170304,0.49686695738406245
selection-selection-SME11192-019562,selection-SME11192,0.820205113422,123751.57,0.675559187828344,0.7640291768621176,0.6839588598886059
selection-selection-SME11208-019592,selection-SME11208,0.181453102468,99156.62,0.09418816461127942,0.3877099932650278,0.2652791022301633
selection-selection-SME11208-019593,selection-SME11208,0.211358228136,54775.12,0.17608329363999392,0.3572905032636333,0.25629236524825216
selection-selection-SME11256-019678,selection-SME11256,0.720087470918,111276.91,0.7356810312995977,0.6696145925511138,0.6719311787124684
selection-selection-SME11256-019679,selection-SME11256,0.720087470918,178399.76,0.7417969930559574,0.6714585199465405,0.6719311787124684
selection-selection-SME11290-019738,selection-SME11290,0.476073347343,219450.98,0.3182042785200857,0.48292122181524166,0.476719727480878
selection-selection-SME11290-019739,selection-SME11290,0.635504336342,24556.71,0.6322470337094446,0.6154916470047931,0.5475447835767423
selection-selection-SME11296-019748,selection-SME11296,0.907330763906,350908.05,0.7314582684596491,0.7031372226508523,0.8061501566350738
selection-selection-SME11302-019760,selection-SME11302,0.48517444419,72851.6,0.3718927592394059,0.4741997195107493,0.40977750445113675
selection-selection-SME11302-019761,selection-SME11302,0.452353454819,41256.68,0.35595248757754383,0.46738617398910387,0.3835545102982514
selection-selection-SME11304-019763,selection-SME11304,0.84595234251,475169.69,0.6691053915730798,0.6469952376191089,0.6798340316443261
selection-selection-SME11304-019764,selection-SME11304,0.84595234251,349134.38,0.6997737342668681,0.6575815067150406,0.688712898905726
selection-selection-SME11368-019874,selection-SME11368,0.396621686492,115519.15,0.345239283087993,0.5277827675733601,0.3834366752612483
selection-selection-SME11368-019875,selection-SME11368,0.53494206787,563401.91,0.44451083330578706,0.6750346966956249,0.4649155935485858
selection-selection-SME11456-020026,selection-SME11456,0.727101712391,166960.88,0.637931196064625,0.6037550912179556,0.7193730437433344
selection-selection-SME11485-020072,selection-SME11485,0.174698912593,203149.41,0.3566556523170089,0.49509855791464935,0.33707171533366964
selection-selection-SME11485-020073,selection-SME11485,0.909878215862,135599.24,0.6785516741115699,0.6774388014428624,0.6501381458489268
selection-selection-SME11485-020074,selection-SME11485,0.271975633041,49610.36,0.3932925474370608,0.5419395236100394,0.3848490276375515
selection-selection-SME11490-020080,selection-SME11490,0.52377914784,423381.07,0.3252081020287139,0.4095028481799738,0.45013839086534474
selection-selection-SME11490-020081,selection-SME11490,0.804921887735,66813.16,0.6024001101221976,0.5865839881411524,0.6593449472293718
selection-selection-SME11490-020082,selection-SME11490,0.80693900716,221427.78,0.6019929087259195,0.5865839881411524,0.6633029641512871
selection-selection-SME11492-020086,selection-SME11492,0.7015207197,300750.17,0.5268422348009776,0.6297605084544431,0.553958914055276
selection-selection-SME11492-020087,selection-SME11492,0.743734865574,146459.92,0.6039153348824259,0.7265159661206764,0.6093105533468459
selection-selection-SME11519-020129,selection-SME11519,0.363749982547,224218.31,0.3775091619285013,0.4518494664735165,0.4109652701952082
selection-selection-SME11544-020174,selection-SME11544,0.434745349165,130266.74,0.3339031179763036,0.4249935202360191,0.4042059927644081
selection-selection-SME11544-020175,selection-SME11544,0.61524239061,445987.26,0.7042618338547332,0.6245929890067635,0.6057242583339508
selection-selection-SME11566-020212,selection-SME11566,0.662669859664,75829.11,0.7318976426264407,0.6428031411234639,0.6489686493587918
selection-selection-SME11566-020213,selection-SME11566,0.662669859664,51656.92,0.7007022205811583,0.6444432503585955,0.6533630305683985
selection-selection-SME11592-020252,selection-SME11592,0.864548702605,88416.5,0.7156040627665283,0.7121156077362171,0.6492363270480808
selection-selection-SME11592-020253,selection-SME11592,0.864548702605,361683.58,0.6982063736891229,0.7121851385625192,0.6530622585515696
selection-selection-SME11648-020343,selection-SME11648,0.446648534281,155821.88,0.4407039590313649,0.4721713293689759,0.462286488452407
selection-selection-SME11658-020359,selection-SME11658,0.426082412688,177154.96,0.43675071109604097,0.494736892188624,0.46430404266212966
selection-selection-SME11683-020407,selection-SME11683,0.687431516276,508632.73,0.7243942456781481,0.6409636634688964,0.6139057086425567
selection-selection-SME11689-020414,selection-SME11689,0.882841924172,203582.06,0.709057905358669,0.7029690478484071,0.7091682834702943
selection-selection-SME11689-020415,selection-SME11689,0.882841924172,221109.3,0.7261937791286288,0.7029690478484071,0.7091682834702943
selection-selection-SME11689-020416,selection-SME11689,0.882841924172,143033.13,0.6773313616016499,0.7029690478484071,0.7091682834702943
selection-selection-SME11690-020417,selection-SME11690,0.21396704094,252895.94,0.19405712179248,0.31891609485045197,0.3122080861582423
selection-selection-SME11777-020568,selection-SME11777,0.731092933915,358223.73,0.49376835539206626,0.540783990322095,0.6623654662406557
selection-selection-SME11779-020570,selection-SME11779,0.384388815734,276528.84,0.38561953058100623,0.5457879324881721,0.3798901130154494
selection-selection-SME11779-020571,selection-SME11779,0.625129472657,165794.88,0.4877129237952137,0.627570900239197,0.5140312731009141
selection-selection-SME11808-020617,selection-SME11808,0.145543160921,165982.79,0.2507386019713585,0.427543969465188,0.24667240983205288
selection-selection-SME11808-020618,selection-SME11808,0.196466894157,119735.2,0.34538152844440584,0.4494008105820538,0.3251062614718596
selection-selection-SME11881-020738,selection-SME11881,0.435974259131,76071.73,0.43110469510821964,0.502437627886824,0.4476583978749365
selection-selection-SME11881-020739,selection-SME11881,0.494987318093,54487.8,0.4653912846822805,0.5734007584883779,0.4855543486395276
selection-selection-SME11909-020787,selection-SME11909,0.207031757665,517269.35,0.2023250310889033,0.296629980724597,0.316730728897776
selection-selection-SME11909-020788,selection-SME11909,0.221329203344,37997.95,0.1788437073124253,0.29372511151213443,0.31837079263157075
selection-selection-SME11924-020816,selection-SME11924,0.653136850605,500947.21,0.8407289228697664,0.8506227527577646,0.7636589767370823
selection-selection-SME11924-020817,selection-SME11924,0.561472956761,314129.95,0.5450442790134388,0.7636944756898504,0.6810385509574751
selection-selection-SME11972-020900,selection-SME11972,0.46271186522,282523.45,0.4973654785335438,0.6182663703556515,0.49504837507056565
selection-selection-SME11972-020901,selection-SME11972,0.514356429765,100308.68,0.5275122915833014,0.714916794700117,0.5328109296551217
selection-selection-SME11984-020922,selection-SME11984,0.142952588792,78809.58,0.5930429056671163,0.5914325826946758,0.5815135662562579
selection-selection-SME11984-020923,selection-SME11984,0.189692739842,57290.47,0.617368284526381,0.6683537888317126,0.6547348112334223
selection-selection-SME11984-020924,selection-SME11984,0.189692739842,86001.14,0.3991177111010457,0.5357607439521472,0.48158202647334863
selection-selection-SME11987-020929,selection-SME11987,0.688814024223,277225.69,0.5281520586889508,0.5388532731183912,0.537462889216936
selection-selection-SME11987-020930,selection-SME11987,0.819934037855,142999.21,0.5966289998456823,0.6238920748077685,0.6394763009262706
selection-selection-SME12056-021052,selection-SME12056,0.476739379283,260551.16,0.3531467118219212,0.4144413147517519,0.4060505101593336
selection-selection-SME12056-021053,selection-SME12056,0.419275607035,49209.86,0.33302043172287027,0.35386285917922794,0.3922036293728811
selection-selection-SME12066-021067,selection-SME12066,0.378277391884,748235.37,0.43608567116949387,0.530373640759113,0.42177840890843593
selection-selection-SME12066-021068,selection-SME12066,0.415713687571,370928.32,0.4563370968928726,0.6000636252634807,0.4068843001339271
selection-selection-SME12066-021069,selection-SME12066,0.411407106236,79527.0,0.42240135011842134,0.546095114900821,0.4097577078994567
selection-selection-SME12090-021108,selection-SME12090,0.482853456311,375432.86,0.346894937965911,0.4266595858912289,0.4370339171499767
selection-selection-SME12090-021109,selection-SME12090,0.687817683348,722860.12,0.48499110453346994,0.5298443882310644,0.5451741157731029
selection-selection-SME12101-021125,selection-SME12101,0.514944698951,492274.21,0.45315649396571295,0.45568200434048334,0.4467016850527857
selection-selection-SME12107-021135,selection-SME12107,0.326043353878,835143.36,0.22967958296193813,0.44787051794061156,0.25268671474428583
selection-selection-SME12108-021136,selection-SME12108,0.845517740608,209461.39,0.8418613259473183,0.8140732566742941,0.7129688777692219
selection-selection-SME12108-021137,selection-SME12108,0.845517740608,98141.68,0.8892351549723241,0.8140732566742941,0.7129688777692219
selection-selection-SME12120-021158,selection-SME12120,0.375880133388,1500188.08,0.37299433035709517,0.4585539492095403,0.46306134013447803
selection-selection-SME12120-021159,selection-SME12120,0.41531107858,649336.16,0.6029412122409811,0.5439615828799842,0.574332529189203
selection-selection-SME12125-021166,selection-SME12125,0.466328069795,232343.99,0.44165765843601335,0.6377563068427556,0.49355134898578096
selection-selection-SME12212-021308,selection-SME12212,0.219740029115,496094.85,0.40399858214988027,0.34247628404528885,0.46162184656583105
selection-selection-SME12223-021328,selection-SME12223,0.802188603479,573046.16,0.7240521044510064,0.6474005056288433,0.7197520472864198
selection-selection-SME12223-021329,selection-SME12223,0.802188603479,619253.02,0.7334179486040098,0.6474005056288433,0.7197520472864198
selection-selection-SME12223-021330,selection-SME12223,0.802188603479,103853.66,0.7184852830197267,0.6453426710780411,0.7256131574927357
selection-selection-SME12227-021337,selection-SME12227,0.215760873281,168596.78,0.6214098749857785,0.5924821401610018,0.6027162365384586
selection-selection-SME12264-021400,selection-SME12264,0.252423957756,525158.94,0.27193847623396566,0.31029443052199934,0.2820044638365496
selection-selection-SME12287-021436,selection-SME12287,0.483962209358,800875.6,0.48114502014108895,0.5592300084009141,0.44478501922552693
selection-selection-SME12287-021437,selection-SME12287,0.616695060411,757461.09,0.5708655743817594,0.6659419175731699,0.536389062836333
selection-selection-SME12296-021453,selection-SME12296,0.204392887453,201507.81,0.2271340948544987,0.2436291204900171,0.44143759963926943
selection-selection-SME12296-021454,selection-SME12296,0.204392887453,121371.84,0.22009353766179274,0.2436291204900171,0.44516867658452597
selection-selection-SME12323-021495,selection-SME12323,0.602978494423,149766.84,0.4872724869459816,0.6256408673035139,0.4838612431622393
selection-selection-SME12323-021496,selection-SME12323,0.692732144258,16937.47,0.5846624348152243,0.636980448582723,0.5418086186329175
selection-selection-SME12389-021613,selection-SME12389,0.284812318532,2085982.22,0.46962248708650345,0.5469518874323731,0.5212412654952417
selection-selection-SME12389-021614,selection-SME12389,0.284812318532,2000000.0,0.8749842490904585,0.8279922338105357,0.8507687501848995
selection-selection-SME12526-021852,selection-SME12526,0.163775007183,308831.03,0.6277832950616135,0.666630654947175,0.6336897165734054
selection-selection-SME12531-021861,selection-SME12531,0.274937131568,148339.98,0.2795246178221837,0.32238788440824484,0.2654704770760392
selection-selection-SME12531-021862,selection-SME12531,0.699012627807,25121.17,0.6420397438875163,0.6182410235427026,0.5956449853738436
selection-selection-SME12531-021863,selection-SME12531,0.746211157825,55262.83,0.6106973759216904,0.6331331821513558,0.6480735961865588
selection-selection-SME12560-021916,selection-SME12560,0.676277874486,686510.87,0.5872776767130898,0.5399775541770938,0.5190440888375562
selection-selection-SME12575-021942,selection-SME12575,0.807027271083,128168.0,0.8299253797103959,0.8290132065750712,0.7498485603252978
selection-selection-SME12575-021943,selection-SME12575,0.451256812588,208876.52,0.5001982332917735,0.6545709473187729,0.5062370313680606
selection-selection-SME12582-021955,selection-SME12582,0.671543250956,287632.48,0.7576792244735534,0.7236066318920141,0.6775056307173062
selection-selection-SME12597-021982,selection-SME12597,0.612558920787,526816.48,0.34350965316036697,0.45926385984886287,0.5223404576596055
selection-selection-SME12597-021983,selection-SME12597,0.960071463978,1269611.04,0.6988023398413999,0.6789541422951482,0.7672347383403082
selection-selection-SME12597-021984,selection-SME12597,0.966773178772,792277.94,0.6616557583586596,0.6789541422951482,0.7765951432995651
selection-selection-SME12604-021996,selection-SME12604,0.862121616831,161471.25,0.6687412181306805,0.6738202693627242,0.5932453025364214
selection-selection-SME12604-021997,selection-SME12604,0.887465639013,84233.06,0.6595008625225122,0.6738202693627242,0.6230758136319435
selection-selection-SME12677-022128,selection-SME12677,0.547624694833,362261.87,0.261939592511075,0.3366807485236364,0.5880589694186521
selection-selection-SME12746-022242,selection-SME12746,0.271815035055,762284.9,0.2754919342751042,0.27186614695486266,0.21891873115219493
selection-selection-SME12746-022243,selection-SME12746,0.73626352565,150310.99,0.6503633004873618,0.5572982514863936,0.5536475087835965
selection-selection-SME12777-022293,selection-SME12777,0.450267495872,216726.7,0.40237237963331896,0.5743498248632953,0.42080535576142847
selection-selection-SME12780-022298,selection-SME12780,0.260644905936,2534699.5,0.2397359450340905,0.42158452916450273,0.24346254602587217
selection-selection-SME12780-022299,selection-SME12780,0.233361792191,2000000.0,0.2497352956265023,0.42158452916450273,0.23933276143841223
selection-selection-SME12780-022300,selection-SME12780,0.38400462065,569395.04,0.22879085778789562,0.4105860338246148,0.3219325970796968
selection-selection-SME12793-022322,selection-SME12793,0.58743690397,691186.1,0.6457984790021565,0.8133811650166397,0.6453157968262712
selection-selection-SME12800-022331,selection-SME12800,0.671955735306,2166101.91,0.7003951820573361,0.819865658540237,0.6871534895274706
selection-selection-SME12800-022332,selection-SME12800,0.40041944571,1735297.9,0.4433409555246863,0.6317608942767593,0.4283336304842631
selection-selection-SME12800-022333,selection-SME12800,0.671955735306,2850971.73,0.6725908870047027,0.819865658540237,0.6871534895274706
selection-selection-SME12801-022334,selection-SME12801,0.546186048257,438832.93,0.5068669305138124,0.5248268898563524,0.5531033559745783
selection-selection-SME12803-022336,selection-SME12803,0.779599238375,565942.74,0.804051033854714,0.6950131515739628,0.7277317336912171
selection-selection-SME12847-022407,selection-SME12847,0.742146887782,551758.04,0.7849288947826625,0.7722108358825772,0.6338656217549893
selection-selection-SME12847-022408,selection-SME12847,0.788157516269,228212.33,0.8820382228115948,0.8625690214569285,0.7135020192958286
selection-selection-SME12857-022425,selection-SME12857,0.326595456879,534896.82,0.46653005173640527,0.6219606434446755,0.3926879157901084
selection-selection-SME12857-022426,selection-SME12857,0.356862978578,241427.81,0.4563930227388149,0.6276791558697088,0.40334633542152054
selection-selection-SME12872-022451,selection-SME12872,0.928494809585,464063.88,0.7053646704182525,0.7074296851405647,0.6971331954619922
selection-selection-SME12872-022452,selection-SME12872,0.6347059007,147257.14,0.39581485562595703,0.49634888129852395,0.4367813820301706
selection-selection-SME12951-022583,selection-SME12951,0.678093100314,256197.98,0.6309094075733376,0.5943918746947245,0.6214581622593278
selection-selection-SME12963-022599,selection-SME12963,0.294417617765,658805.57,0.2886030310978321,0.29711660768952347,0.36380617409774524
selection-selection-SME12963-022600,selection-SME12963,0.420898672486,142555.64,0.39191978563193325,0.35846781845033504,0.37595685932507766
selection-selection-SME13001-022662,selection-SME13001,0.654881832957,356859.26,0.7320240955911882,0.698382090519268,0.7244772730326001
selection-selection-SME13029-022703,selection-SME13029,0.788998354853,768618.09,0.49265607006751555,0.54371844399538,0.6708255859092238
selection-selection-SME13051-022741,selection-SME13051,0.790102811141,871535.67,0.5101570909106755,0.5504570610134377,0.684821657172135
selection-selection-SME13052-022742,selection-SME13052,0.0879781645888,181061.54,0.09627852079142445,0.2063915474088687,0.15858731715936747
selection-selection-SME13052-022743,selection-SME13052,0.210191051529,64084.97,0.31019088125164496,0.3454549902220621,0.2543762154940327
selection-selection-SME13058-022752,selection-SME13058,0.795433281685,336513.86,0.668567544262406,0.6423982704962244,0.7229425102195147
selection-selection-SME13099-022822,selection-SME13099,0.775824788047,423499.57,0.8007714408003478,0.6647886593174065,0.6789488608611721
selection-selection-SME13099-022823,selection-SME13099,0.775824788047,397848.61,0.7754752632595092,0.6647886593174065,0.6876338711611469
selection-selection-SME13151-022914,selection-SME13151,0.372976552853,660857.29,0.31960242884993484,0.5103003085830904,0.3210046659497085
selection-selection-SME13151-022915,selection-SME13151,0.484255334644,272242.72,0.4132237548488526,0.6160748017836151,0.3888288148052926
selection-selection-SME13153-022918,selection-SME13153,0.608808461053,348359.58,0.5317197428011639,0.5535079438090231,0.5449294286068668
selection-selection-SME13204-023002,selection-SME13204,0.76132961344,1901253.86,0.6415870128004176,0.5934866005795989,0.5505423553244343
selection-selection-SME13204-023003,selection-SME13204,0.809496773809,739094.53,0.7067979740332658,0.6548154481304722,0.6478949391062346
selection-selection-SME13216-023027,selection-SME13216,0.529668235464,337583.1,0.44538298095193335,0.48753204197429334,0.48484277903495276
selection-selection-SME13226-023044,selection-SME13226,0.677403596404,310520.53,0.6319264302111944,0.7693171493226841,0.6537224542147271
selection-selection-SME13226-023045,selection-SME13226,0.677403596404,53538.24,0.6153434011938318,0.7709572585578157,0.6581168354243337
selection-selection-SME13236-023057,selection-SME13236,0.202347686854,215526.89,0.2879951632802114,0.41326436561012436,0.27661055530901946
selection-selection-SME13236-023058,selection-SME13236,0.310756662256,244521.1,0.583984362826912,0.6884984647167075,0.6266029120926311
selection-selection-SME13254-023087,selection-SME13254,0.75907347241,92395.2,0.7293384805065823,0.6510633070821218,0.6524285604566029
selection-selection-SME13288-023144,selection-SME13288,0.557688144141,119192.84,0.45728502678290306,0.6857251617773389,0.4955893579821448
selection-selection-SME13331-023213,selection-SME13331,0.573751201986,195528.82,0.4110460724410261,0.4667083640470482,0.4653519830918098
selection-selection-SME13331-023214,selection-SME13331,0.653873116909,180752.52,0.5347122211964882,0.5413876462734599,0.49303300655670584
selection-selection-SME13331-023215,selection-SME13331,0.651765607992,27603.78,0.5173428203041569,0.5227475850436781,0.4826430175014083
selection-selection-SME13333-023218,selection-SME13333,0.919629235392,98268.17,0.8186698711856111,0.794734442275162,0.7026234456290947
selection-selection-SME13348-023245,selection-SME13348,0.22168556646,146331.47,0.26004625660863767,0.36236842368675914,0.327132423744785
selection-selection-SME13393-023320,selection-SME13393,0.555919537095,1649137.97,0.5234336539996456,0.4736800862063945,0.4692588038556591
selection-selection-SME13393-023321,selection-SME13393,0.608891860627,206544.9,0.5748769215510969,0.5670732374513329,0.5625661172622136
selection-selection-SME13393-023322,selection-SME13393,0.598024844961,652164.94,0.5402447483709553,0.5564869683554012,0.5386003764182022
selection-selection-SME13480-023477,selection-SME13480,0.796280103812,478595.5,0.7283426125619568,0.6545058137621058,0.6598339183884974
selection-selection-SME13480-023478,selection-SME13480,0.796280103812,170360.56,0.7618444628480331,0.6524479792113036,0.6598339183884974
selection-selection-SME13487-023488,selection-SME13487,0.211569890914,436067.43,0.25550676333998906,0.4954308762629122,0.2843980708682734
selection-selection-SME13493-023496,selection-SME13493,0.0637139415858,235923.85,0.022837717872843395,0.034669934141255035,0.027065975239943835
selection-selection-SME13493-023497,selection-SME13493,0.203613794683,110519.81,0.1552090737703426,0.21011596164728083,0.17926341420402533
selection-selection-SME13493-023498,selection-SME13493,0.203613794683,44816.11,0.13064100197162612,0.21034001551431192,0.2704617641154239
selection-selection-SME13505-023519,selection-SME13505,0.245577078324,189182.84,0.30391852450304974,0.31200800444172705,0.376182181793609
selection-selection-SME13505-023520,selection-SME13505,0.327532084767,31542.37,0.43347746342092913,0.4261076819856892,0.44123080428101263
selection-selection-SME13512-023529,selection-SME13512,0.311187194983,1008315.93,0.4483192577373333,0.5907298962614823,0.45400265861735234
selection-selection-SME13529-023554,selection-SME13529,0.549999662735,498515.54,0.379869758395101,0.41937827804230565,0.498158862767308
selection-selection-SME13530-023555,selection-SME13530,0.713651207804,170914.3,0.7257098783890984,0.7082272836103285,0.7164535106859353
selection-selection-SME13530-023556,selection-SME13530,0.713651207804,26203.52,0.7223175568565587,0.7041428405807532,0.6967725181720376
selection-selection-SME13546-023583,selection-SME13546,0.592388873497,997879.82,0.47319291592865637,0.4866012059691716,0.5432923694746092
selection-selection-SME13546-023584,selection-SME13546,0.630995307006,1096956.34,0.5814570223192819,0.5538834042893072,0.5674080474296139
selection-selection-SME13615-023705,selection-SME13615,0.482842209694,350048.47,0.4667674334638959,0.4973308250542379,0.4827634627992712
selection-selection-SME13615-023706,selection-SME13615,0.326112679446,299196.2,0.3800144640181364,0.3805045709420399,0.3629451463509742
selection-selection-SME13780-023978,selection-SME13780,0.203838382888,119122.79,0.82322663476805,0.7109286397891871,0.7121603825325208
selection-selection-SME13780-023979,selection-SME13780,0.203838382888,32504.13,0.7970070835806018,0.7126531792892451,0.7121603825325208
selection-selection-SME13785-023984,selection-SME13785,0.548986182191,354015.06,0.3368333048282434,0.4129513007765383,0.5291126380879654
selection-selection-SME13785-023985,selection-SME13785,0.692650648018,140434.15,0.3958081111138227,0.49774560912921156,0.5746324178276053
selection-selection-SME13785-023986,selection-SME13785,0.666256144644,138543.46,0.37791180395391816,0.49774560912921156,0.5555117866180193
selection-selection-SME13789-023995,selection-SME13789,0.216997392855,200783.26,0.2618563167741701,0.26432097269944077,0.241198835217909
selection-selection-SME13789-023996,selection-SME13789,0.357117351174,36994.92,0.3644354426327197,0.34169792070712324,0.3240704299855878
selection-selection-SME13796-024007,selection-SME13796,0.505600114732,1014219.14,0.583942805797159,0.5171873666755432,0.49755806087109605
selection-selection-SME13796-024008,selection-SME13796,0.261586583997,1708817.34,0.3776758742910908,0.3632030952002725,0.3198738123377384
selection-selection-SME13820-024042,selection-SME13820,0.481270560185,419239.49,0.3722152691793733,0.5142421792565469,0.431405485086011
selection-selection-SME13820-024043,selection-SME13820,0.498105851079,57105.65,0.39550521910097763,0.48128415339430697,0.4463395120172403
selection-selection-SME13849-024095,selection-SME13849,0.780876887063,57933.31,0.560334281435983,0.5976457870598476,0.6151794536738361
selection-selection-SME13853-024099,selection-SME13853,0.627112085253,585880.12,0.527205850489074,0.6186425960545028,0.4666213638965268
selection-selection-SME13853-024100,selection-SME13853,0.712756460455,81902.18,0.622632840458583,0.6629078825791521,0.5869709536509015
selection-selection-SME13853-024101,selection-SME13853,0.674150562903,78880.54,0.5742685790928321,0.6518311117233934,0.5528482192379245
selection-selection-SME13854-024102,selection-SME13854,0.456854628966,64806.83,0.372944314794899,0.37542527633741757,0.4094886684636139
selection-selection-SME13869-024124,selection-SME13869,0.411798593899,391120.85,0.1595031191379483,0.23471916528342424,0.4148896174204602
selection-selection-SME13869-024125,selection-SME13869,0.0774502696627,316111.94,0.05318274304062111,0.04032265612003468,0.260345708556175
selection-selection-SME13871-024128,selection-SME13871,0.185779984808,497656.58,0.6546970750453533,0.6829395914794665,0.5939153433723587
selection-selection-SME13892-024169,selection-SME13892,0.54961520834,1459000.28,0.49114049965040335,0.5114602723101976,0.48982627747083246
selection-selection-SME13892-024170,selection-SME13892,0.659456960596,1114051.76,0.5651743342097847,0.596919866695721,0.5816632919944299
selection-selection-SME13940-024248,selection-SME13940,0.216833502186,118352.31,0.5034842318938587,0.47063813868779375,0.47839441888629186
selection-selection-SME13940-024249,selection-SME13940,0.254176830277,122323.09,0.5329848112455652,0.5175048672073986,0.5261585210515586
selection-selection-SME13953-024271,selection-SME13953,0.505109081635,144258.69,0.4727719915519794,0.5072427806126065,0.4772402719628828
selection-selection-SME13953-024272,selection-SME13953,0.624363772522,49033.38,0.555802194489713,0.5877703484397926,0.5360537970896833
selection-selection-SME13960-024282,selection-SME13960,0.680311842898,708753.06,0.5638204321214402,0.5556870625805288,0.6172877013036664
selection-selection-SME13962-024286,selection-SME13962,0.329554207864,919672.72,0.20344826584428427,0.20030601875513965,0.31693861082282376
selection-selection-SME13962-024287,selection-SME13962,0.500641416357,1439202.19,0.40471257138237504,0.3962434663033642,0.5619006641925043
selection-selection-SME13973-024306,selection-SME13973,0.888570759923,217535.86,0.7075056979402511,0.7215487973412119,0.678373911455639
selection-selection-SME13977-024311,selection-SME13977,0.707003128395,2388071.09,0.6096663268531718,0.5663590467615962,0.5921122651653058
selection-selection-SME13977-024312,selection-SME13977,0.601289097201,1114877.34,0.39871347584975886,0.3946312666713062,0.5200951398489263
selection-selection-SME13977-024313,selection-SME13977,0.780969116317,803649.34,0.676136334834989,0.6344482670720845,0.6455388215708808
selection-selection-SME13995-024344,selection-SME13995,0.456849582503,621545.79,0.527393054442802,0.7428426674138523,0.5363216438620458
selection-selection-SME13995-024345,selection-SME13995,0.724324905738,1103257.27,0.786734635957033,0.8244561005484142,0.7181132619090924
selection-selection-SME14018-024389,selection-SME14018,0.789541461937,225769.74,0.5778052733098733,0.6127053987135469,0.5425072266905935
selection-selection-SME14031-024414,selection-SME14031,0.681315752685,1138889.11,0.5354069604864519,0.5061854987838259,0.5922219488157667
selection-selection-SME14031-024415,selection-SME14031,0.783668928744,344791.34,0.6179568220142119,0.588264578547907,0.6825064672190695
selection-selection-SME14042-024436,selection-SME14042,0.450932331162,463554.16,0.3055162780887405,0.3373714685842245,0.4519026494587295
selection-selection-SME14042-024437,selection-SME14042,0.694624068589,326879.98,0.7362383687363869,0.6651864318086153,0.6597953860031857
selection-selection-SME14043-024438,selection-SME14043,0.413667473714,291288.28,0.40150683963936923,0.6074556426558876,0.3767110135112674
selection-selection-SME14043-024439,selection-SME14043,0.696754088051,205671.18,0.6966688707725107,0.8076307670279405,0.6796650144421277
selection-selection-SME14109-024554,selection-SME14109,0.674579255226,367918.62,0.6903707384059412,0.748756751036256,0.5967963493155216
selection-selection-SME14109-024555,selection-SME14109,0.498343061928,229739.96,0.3799234557910893,0.6936490734241658,0.46816440195826037
selection-selection-SME14122-024581,selection-SME14122,0.569246279696,431013.65,0.39718395645551796,0.4458213922705711,0.4403819780160514
selection-selection-SME14124-024584,selection-SME14124,0.211067784891,1157244.51,0.42700616968488464,0.482434569755378,0.38257161233245357
selection-selection-SME14140-024613,selection-SME14140,0.211784812955,128460.9,0.15633302120604253,0.223751816851127,0.2553907122252421
selection-selection-SME14149-024628,selection-SME14149,0.509551323543,74449.47,0.35672839662864364,0.512907973234447,0.4354065000109794
selection-selection-SME14187-024701,selection-SME14187,0.551667178696,238005.97,0.566057770955308,0.5643372742427738,0.5331440019593795
selection-selection-SME14187-024702,selection-SME14187,0.70308916432,191297.71,0.7952545892036167,0.6744720392626604,0.708284243264646
selection-selection-SME14199-024723,selection-SME14199,0.32843837354,3096593.74,0.4890819445345783,0.49557140089972995,0.5922715325302238
selection-selection-SME14199-024724,selection-SME14199,0.371710348156,800430.8,0.3285126239285642,0.3852854529039476,0.5260650109051467
selection-selection-SME14214-024751,selection-SME14214,0.121422439708,43153.08,0.13616762103978694,0.27669129739160714,0.21799447333093303
selection-selection-SME14214-024752,selection-SME14214,0.0838235488459,83678.53,0.1603312818473622,0.276467243524576,0.20663342678788732
selection-selection-SME14237-024793,selection-SME14237,0.373212878015,30816.52,0.43322255806747945,0.5970451150548491,0.43279822773509125
selection-selection-SME14237-024794,selection-SME14237,0.348282737914,17245.43,0.4288235473150776,0.5896646717322891,0.40810117063997114
selection-selection-SME14293-024892,selection-SME14293,0.838985746638,109181.49,0.6896845155745988,0.6348099849538048,0.6402795032214608
selection-selection-SME14293-024893,selection-SME14293,0.838985746638,92538.36,0.703503018305145,0.6348099849538048,0.6402795032214608
selection-selection-SME14293-024894,selection-SME14293,0.838985746638,40937.1,0.6731173168471034,0.6365345244538628,0.6402795032214608
selection-selection-SME14335-024965,selection-SME14335,0.919747640982,908792.31,0.88452296568182,0.7847622775899188,0.8151446508191023
selection-selection-SME14351-024998,selection-SME14351,0.299329427831,46941.01,0.2316370313132804,0.2842978283559889,0.4245865835298635
selection-selection-SME14351-024999,selection-SME14351,0.279235705685,15000.0,0.256087377917201,0.2748339120220943,0.4131891761268227
selection-selection-SME14388-025062,selection-SME14388,0.699600485703,99638.88,0.7346805240737542,0.6478981409030887,0.6631977801191821
selection-selection-SME14416-025116,selection-SME14416,0.37067040865,966418.94,0.2984524141510153,0.2801972765125167,0.4257325813813752
selection-selection-SME14416-025117,selection-SME14416,0.520229313095,697087.54,0.4022518811133761,0.3908531063166553,0.514518278705623
selection-selection-SME14438-025153,selection-SME14438,0.725314200709,204015.74,0.7064475539276357,0.619836830768072,0.63436686034487
selection-selection-SME14468-025200,selection-SME14468,0.488132976609,549807.06,0.42470283693872907,0.6299601450693446,0.4686826044552319
selection-selection-SME14468-025201,selection-SME14468,0.533674158795,136410.23,0.5776186581472096,0.6542424197235625,0.5109254163240045
selection-selection-SME14500-025253,selection-SME14500,0.833951823209,295826.22,0.7329539036997798,0.617137509237957,0.6290452542523477
selection-selection-SME14512-025275,selection-SME14512,0.215409805506,88431.67,0.6587252903198905,0.5802979259544305,0.6060139065567033
selection-selection-SME14631-025483,selection-SME14631,0.232753794762,321704.63,0.31428696683567864,0.5631474452276267,0.2991923065589539
selection-selection-SME14633-025485,selection-SME14633,0.637004308025,112426.16,0.5450045862165959,0.7548455606125944,0.5928677841268145
selection-selection-SME14633-025486,selection-SME14633,0.638330444483,38139.22,0.5108082033043796,0.7206428164988147,0.6135041336038183
selection-selection-SME14650-025513,selection-SME14650,0.346634058399,135801.54,0.39364295454926446,0.460098848902891,0.38092342516198485
selection-selection-SME14650-025514,selection-SME14650,0.386679696452,144575.45,0.45417845446257216,0.5555299633568197,0.433796150802092
selection-selection-SME14650-025515,selection-SME14650,0.388690285874,111413.55,0.43551089853851044,0.5555299633568197,0.4318261107773997
selection-selection-SME14673-025556,selection-SME14673,0.594828337343,269837.71,0.6217116846627007,0.6886682328566047,0.6329456502289944
selection-selection-SME14690-025583,selection-SME14690,0.784382026117,430686.35,0.5712836682217688,0.5727010735016921,0.556766298094093
selection-selection-SME14690-025584,selection-SME14690,0.848891620079,172139.8,0.6888764368139605,0.6601856495329653,0.6461484008451673
selection-selection-SME14747-025693,selection-SME14747,0.713466314646,265604.44,0.6623012094981737,0.6400601408551968,0.6404017745171697
selection-selection-SME14747-025694,selection-SME14747,0.773807145648,677758.11,0.8178662094461621,0.6531860139830955,0.6753248699305943
selection-selection-SME14770-025737,selection-SME14770,0.281912873579,147839.86,0.46842803908477304,0.5772480953494554,0.4688832360417379
selection-selection-SME14770-025738,selection-SME14770,0.281912873579,147396.09,0.6541956154682708,0.6542424197235625,0.5109254163240045
selection-selection-SME14850-025873,selection-SME14850,0.724477072622,201192.39,0.5468804310024521,0.48193332111305476,0.5757372873841492
selection-selection-SME14850-025874,selection-SME14850,0.766083743164,299763.37,0.5864041351021277,0.5581650397653676,0.5956438611606869
selection-selection-SME14879-025923,selection-SME14879,0.463220320089,58327.44,0.4149847595887813,0.47603327161202996,0.4390416889631733
selection-selection-SME14887-025936,selection-SME14887,0.830652364866,316541.88,0.7425513956889437,0.7490034588210837,0.6611999191481291
selection-selection-SME14914-025978,selection-SME14914,0.620412601988,304704.47,0.4532269789341074,0.5879348708884183,0.45691578210167966
selection-selection-SME14920-025989,selection-SME14920,0.629157442413,107870.75,0.519193198294207,0.4880980377268575,0.6062299202473181
selection-selection-SME14920-025990,selection-SME14920,0.719744101152,58083.95,0.56601540664362,0.5964264964904537,0.6665739048674384
selection-selection-SME14925-026000,selection-SME14925,0.347711825743,311358.27,0.2845241017039534,0.37535334583811925,0.2995842187439379
selection-selection-SME14925-026001,selection-SME14925,0.384139758168,215737.08,0.34930058359886046,0.33891149891509714,0.2973113348255943
selection-selection-SME14925-026002,selection-SME14925,0.405718960627,32866.6,0.4817810822712539,0.4906649746086115,0.46214495713425724
selection-selection-SME14935-026018,selection-SME14935,0.704827350502,76551.04,0.6959194582797965,0.6774388014428624,0.6532390500602343
selection-selection-SME14935-026019,selection-SME14935,0.573286227802,161950.26,0.5652217023047426,0.6408834814358148,0.5236559004015393
selection-selection-SME14990-026111,selection-SME14990,0.895984204802,855470.31,0.7301253421022267,0.6547268699119174,0.6568156594976382
