facility_id,governed,existing_enhanced,state_oracle_calibration,normal_scenario,downturn_scenario,canonical_proxy,canonical_no_industry,capture_required_proxy
development-development-SME00011-000021,0.2577092523619341,0.3004019957460307,0.31721936325285677,0.31721936325285677,0.48251361005532395,0.3208476650789359,0.35474939614512874,0.3533029208515862
development-development-SME00053-000093,0.5921439835296846,0.6156249115167219,0.6976955020060874,0.577757893712643,0.6976955020060874,0.690521768754465,0.6147099150155506,0.6185403037646006
development-development-SME00053-000094,0.6672310322135465,0.6604563654161978,0.7472321134463868,0.6367144942082047,0.7472321134463868,0.7406218105455709,0.6681343416435035,0.6749445123607158
development-development-SME00076-000131,0.3909485839150067,0.4110451229269289,0.4266991435903059,0.4266991435903059,0.5989938462993748,0.4304811093668289,0.4808220737784886,0.48138395641723664
development-development-SME00092-000156,0.2572155948370152,0.4859441961744857,0.4820192345652993,0.31679066944715106,0.4820192345652993,0.4768413477525617,0.3866128901691838,0.39387207976473215
development-development-SME00092-000157,0.3482292998612053,0.5883112553905663,0.5647756248972898,0.3926851577066097,0.5647756248972898,0.5593827017061496,0.4635314626336948,0.47638127830556176
development-development-SME00113-000190,0.5508593525918991,0.7306756556501187,0.7104850162628339,0.5501148639592037,0.7104850162628339,0.7008929232528286,0.6212114112748884,0.6159257325758396
development-development-SME00132-000228,0.3851985352704322,0.4655047031673137,0.42216353433783704,0.42216353433783704,0.5945260409462764,0.42594698844814455,0.4877128061015785,0.4773629787994814
development-development-SME00132-000229,0.4944547490224227,0.5509094078150185,0.5068978998639064,0.5068978998639064,0.6735310719484153,0.510555591854131,0.5648821943605895,0.5590242177628957
development-development-SME00140-000242,0.4781392414111629,0.4955442580212718,0.4901516296757446,0.4901516296757446,0.6185441265049351,0.4929699173034859,0.535604781863062,0.538666817709589
development-development-SME00141-000243,0.6309220122554011,0.5681698035794475,0.6079779843020846,0.6079779843020846,0.7234405574217248,0.6105124528210913,0.6426380244742366,0.6367958588924949
development-development-SME00173-000304,0.6772381405578797,0.7741729677444359,0.7537533569802771,0.6447313883215064,0.7537533569802771,0.750336856852631,0.6824547572426908,0.6797684069498541
development-development-SME00207-000359,0.431456540660807,0.4561131862570201,0.4541618181938852,0.4541618181938852,0.5839240076780836,0.4570101713469395,0.4941560349625501,0.47487437657652437
development-development-SME00226-000389,0.5945978251213117,0.5608261137542315,0.5727121546455811,0.5727121546455811,0.7133037604608728,0.5757982195872159,0.6175935584860354,0.622050579145871
development-development-SME00226-000390,0.585589630449197,0.5608261137542315,0.5657097677391237,0.5657097677391237,0.7074283750725143,0.5688205709989106,0.6109509470439045,0.6154436957902123
development-development-SME00231-000399,0.2780787089435027,0.4632021854731534,0.5024229715692371,0.33471991161286124,0.5024229715692371,0.4971675397255789,0.3597566012587275,0.36303651229625855
development-development-SME00270-000464,0.5791209491682495,0.5226784658938828,0.5676877050732335,0.5676877050732335,0.6889457406733218,0.570349387258218,0.6145484498273739,0.6113292325722741
development-development-SME00283-000488,0.6785516079665694,0.6564454022791435,0.6392529418198465,0.6392529418198465,0.7668630051180827,0.6420540545908455,0.6823949380314196,0.6838431373189728
development-development-SME00335-000587,0.5741912801634905,0.6276733670391352,0.6856178698023228,0.5638837502388925,0.6856178698023228,0.6783795942656974,0.602100465670395,0.6011199596084247
development-development-SME00335-000588,0.6475045204931511,0.6442979414780103,0.7343360288931073,0.621039463265342,0.7343360288931073,0.7275994478728633,0.6541602944059862,0.6538484820426224
development-development-SME00343-000602,0.5623722085488799,0.5654989303867626,0.5477414056508043,0.5477414056508043,0.6921325008438496,0.550910871524499,0.5945428097862991,0.5942904433731592
development-development-SME00365-000643,0.2198183579312984,0.2188808794681339,0.283595519981115,0.283595519981115,0.4427299592702826,0.28708861056251295,0.3227061416878891,0.33863758641717134
development-development-SME00365-000644,0.2930068759191967,0.2675590262829347,0.34733012203375374,0.34733012203375374,0.516446623492909,0.35104232450258893,0.38508261106960584,0.38657077405223766
development-development-SME00365-000645,0.2773795694064276,0.3401578111126899,0.334125062857676,0.334125062857676,0.5017548663051573,0.3378046314677113,0.37077740495772804,0.37302075149985237
development-development-SME00407-000717,0.4690418722938538,0.6814155658161902,0.6277858592604396,0.47606107306792567,0.6277858592604396,0.6230311501153841,0.5358214134650136,0.5390410447708525
development-development-SME00459-000817,0.5435422463906237,0.4525994292713374,0.5332341720766535,0.5332341720766535,0.6795472093501398,0.5364458256616266,0.5818736173898328,0.5810226414665697
development-development-SME00497-000887,0.3051382965319226,0.2820669313941518,0.35745742485925225,0.35745742485925225,0.5275194579778623,0.36119038228062195,0.42342728085041603,0.38913821365650597
development-development-SME00547-000969,0.695441454091534,0.6680409200955322,0.6530246818597782,0.6530246818597782,0.7774590833938996,0.6557560870662332,0.6872140944816624,0.6902874910175603
development-development-SME00547-000970,0.7126659356016336,0.6715531408333509,0.6672473559321139,0.6672473559321139,0.7882351806082797,0.669903106835111,0.7001179173738696,0.7031836926650483
development-development-SME00547-000971,0.6797882598068102,0.6715531408333509,0.6402558845198304,0.6402558845198304,0.7676401260500919,0.6430520403758191,0.6756784227113903,0.6791204178954618
development-development-SME00553-000981,0.6245922016732536,0.7639411529009671,0.7326598794056876,0.5961866723251514,0.7326598794056876,0.7283831200043757,0.6549668717655994,0.6553731581587897
development-development-SME00553-000982,0.6435132981380975,0.7639411529009671,0.7447296542223131,0.6111477630226468,0.7447296542223131,0.7405435020738107,0.6675028621200191,0.6688224131802729
development-development-SME00553-000983,0.6223305890560681,0.7022196834309616,0.7312105009844223,0.594407001027208,0.7312105009844223,0.7269233909568172,0.6574152705021459,0.6534457632453678
development-development-SME00591-001053,0.493852347243828,0.7283953792993667,0.6454153650851335,0.4950972234599722,0.6454153650851335,0.6407047369762494,0.5365742229759545,0.514511511607828
development-development-SME00591-001054,0.588626584515445,0.7438504603488598,0.7094126516199424,0.5680683537804728,0.7094126516199424,0.7049832433313978,0.607069217612954,0.6092683599379063
development-development-SME00591-001055,0.5459290977738607,0.7458886878889943,0.681152129698642,0.5350705217653872,0.681152129698642,0.6765742649041361,0.5764410302926626,0.5768054251233433
development-development-SME00596-001066,0.6131127435179399,0.6388437091508988,0.587170746144773,0.587170746144773,0.7252869631791737,0.590202474908303,0.6323543807505185,0.6371856609853284
development-development-SME00596-001067,0.6312549221830848,0.6388437091508988,0.6014398806610537,0.6014398806610537,0.7369211283045357,0.6044137703621983,0.6477249916593804,0.6508650005233221
development-development-SME00599-001071,0.5668637770884938,0.6164720546786233,0.6806542783419496,0.5582365635500667,0.6806542783419496,0.6733753564307762,0.5969175434342634,0.6081244601846381
development-development-SME00599-001072,0.5542524323041259,0.6107877240708429,0.6720610432212282,0.5485341384267481,0.6720610432212282,0.6647161691933429,0.5867370461372503,0.5903116236017418
development-development-SME00676-001205,0.336344813665726,0.3448216455428642,0.35897352647644776,0.35897352647644776,0.6133928569316878,0.3645581740920646,0.5167377955978096,0.47661648813477075
development-development-SME00713-001272,0.6942327873852221,0.6672004203589323,0.652033666548235,0.652033666548235,0.7767019436809757,0.6547702054558198,0.691786630579926,0.6959263995060845
development-development-SME00713-001273,0.66775411396931,0.6708335877612522,0.630529855853352,0.630529855853352,0.7600674486369956,0.6333732789823159,0.6718354981956863,0.6761369589498455
development-development-SME00735-001311,0.2560374420967003,0.3548111689226859,0.2938834539276946,0.2938834539276946,0.5411123815889467,0.29931026815169404,0.3773038275441741,0.3984330417731473
development-development-SME00739-001315,0.581514280586764,0.5761184782012208,0.5736763552239905,0.5736763552239905,0.7297732821631984,0.5771027706983034,0.6186347384144152,0.6266787596991211
development-development-SME00739-001316,0.615519104894487,0.5901672846565116,0.5999907248294951,0.5999907248294951,0.7506407343960747,0.6032975773992791,0.6449299052712837,0.6361060917730769
development-development-SME00756-001336,0.7467025236968725,0.8524848480423869,0.809500793477351,0.6959765149109808,0.809500793477351,0.8059432012142091,0.7562010314009431,0.7516490143343506
development-development-SME00756-001337,0.7722190226171511,0.8524848480423869,0.8254836634112266,0.7181679961812454,0.8254836634112266,0.8221206348831211,0.7750988505530244,0.7707957820384068
development-development-SME00756-001338,0.7345476795300225,0.8570645983343388,0.8019054016564674,0.6856126950362637,0.8019054016564674,0.7982610531650565,0.7420541024192797,0.7381966133506008
development-development-SME00766-001355,0.4711386517312576,0.5863425312735498,0.657593513595131,0.4889973738578831,0.657593513595131,0.6475094061084355,0.5531371010270283,0.5648137477485132
development-development-SME00774-001370,0.5759309700427653,0.5558649215196594,0.5652257153703761,0.5652257153703761,0.6867933111397126,0.5678941925754483,0.5977348781321976,0.597577233393177
development-development-SME00791-001399,0.4700654822966765,0.6804540468814627,0.6285219090831536,0.4768471295658071,0.6285219090831536,0.6237687670333744,0.5232661170991266,0.5260263879606216
development-development-SME00794-001403,0.4747881195127586,0.4784183814090782,0.49180288475257766,0.49180288475257766,0.6601167648703563,0.49549746923086024,0.5404996992547552,0.5023521689329982
development-development-SME00794-001404,0.604647135726248,0.574080554550037,0.5915509005290053,0.5915509005290053,0.7440233962629809,0.5948977576967538,0.6339678581642428,0.6270112583062474
development-development-SME00807-001427,0.5832875723678254,0.6117905221891299,0.563923311482478,0.563923311482478,0.7059218335871978,0.567040259029169,0.6058930936653767,0.609206146544024
development-development-SME00807-001428,0.5754496140607047,0.6169461172060233,0.557849343890414,0.557849343890414,0.7007762477437817,0.5609866699394369,0.598181733171483,0.6030681094167978
development-development-SME00808-001429,0.5026180845706519,0.5208078472104153,0.5089299728258353,0.5089299728258353,0.6361043849068378,0.5117215228072177,0.5505156322446731,0.5625467504658723
development-development-SME00808-001430,0.4185004652038991,0.4101101210126973,0.44410348879646505,0.44410348879646505,0.5740140244720936,0.4469550982319833,0.48464360543676044,0.4539272838465117
development-development-SME00808-001431,0.5866299206583507,0.5764337038898362,0.5734901298041503,0.5734901298041503,0.6939979381018169,0.5761353440772504,0.6100752701039482,0.612954584115491
development-development-SME00827-001463,0.6072096364057338,0.73016090961022,0.7077482549771532,0.5894521247875925,0.7077482549771532,0.7040411237552097,0.6292336911686036,0.6310922934895475
development-development-SME00868-001523,0.6386592692827033,0.6788264644532638,0.7416423244915885,0.6072967613358513,0.7416423244915885,0.7336068196375958,0.6513870160367705,0.6519606518248828
development-development-SME00960-001671,0.2728580410657066,0.3777305273462133,0.32653918316727587,0.32653918316727587,0.44989178627440046,0.32924684228889095,0.37797880492568986,0.3748492750768522
development-development-SME00960-001672,0.4154039993775175,0.5059324149275668,0.4416936658752642,0.4416936658752642,0.5716241456662717,0.4445457130953494,0.4883009815844801,0.4642079445797949
development-development-SME00977-001700,0.2803957876708679,0.3016058334020525,0.33292290691797916,0.33292290691797916,0.4570504229144153,0.3356475758140161,0.3738187008032122,0.39214984790781804
development-development-SME00977-001701,0.6195411133551356,0.5638908776237211,0.5990661712404699,0.5990661712404699,0.715927129479005,0.6016313351005342,0.6349437027213584,0.6329559840800207
development-development-SME00977-001702,0.5805723387908751,0.5569301667646012,0.5688084466025735,0.5688084466025735,0.6899238313979574,0.5714669975220409,0.6060141077534636,0.6106445999085999
development-development-SME01003-001747,0.4798838732328732,0.4956663380296418,0.4914912865023574,0.4914912865023574,0.6198081008460151,0.49430791285691,0.5277614344258452,0.5358985392058445
development-development-SME01003-001748,0.5417067288341535,0.5404760037277833,0.5388989594710771,0.5388989594710771,0.6634446554637693,0.541632807653589,0.5705790654200757,0.5810741547073817
development-development-SME01025-001787,0.5602887323984411,0.6302650888456954,0.5461337294795664,0.5461337294795664,0.6907483085706906,0.5493081009507104,0.5927773913761683,0.5720011514144931
development-development-SME01036-001805,0.4846340494905578,0.4298033956429572,0.4993644977314401,0.4993644977314401,0.6668703713689415,0.5030413460123377,0.5677500884020934,0.575791085819835
development-development-SME01052-001830,0.3116665929223174,0.4813219237391287,0.5333651095497132,0.36286586997130327,0.5333651095497132,0.5280220518068611,0.4116881034106853,0.40962652293944235
development-development-SME01057-001837,0.4108954468200957,0.487324893640083,0.584569439187474,0.4311897469633198,0.584569439187474,0.5754495270541896,0.49489582424665157,0.4973218316926187
development-development-SME01057-001838,0.7293073138193322,0.6812051042507062,0.7986320251896708,0.6811816664426835,0.7986320251896708,0.7916484608320774,0.7249495901389935,0.7231176390478978
development-development-SME01225-002106,0.5390352279434352,0.5814246573023146,0.5297683603301864,0.5297683603301864,0.6765087225291034,0.532989393937981,0.5847414569775619,0.5917344142620817
development-development-SME01225-002107,0.5508371783859043,0.5814246573023146,0.5388487614101588,0.5388487614101588,0.6844433469878718,0.5420446445757123,0.593392617676838,0.6003309726225766
development-development-SME01238-002133,0.642147065345066,0.6954423588438002,0.7438612786364924,0.6100629010076966,0.7438612786364924,0.7359056658049884,0.6728066385168816,0.6753623606031309
development-development-SME01238-002134,0.5608284354226876,0.5782064934488441,0.6911070616205126,0.5465501154488459,0.6911070616205126,0.6825117474154558,0.6197998669101328,0.6184574789240532
development-development-SME01245-002145,0.4188946555095901,0.440427698370606,0.44858875233997814,0.44858875233997814,0.6201610027081904,0.4523548598806684,0.503579767373092,0.46216059198369247
development-development-SME01260-002170,0.4590382708985811,0.5167088156639231,0.4754640048956083,0.4754640048956083,0.6045712856605822,0.4782979824333714,0.5127802385506186,0.5112465857962485
development-development-SME01260-002171,0.4138266845511267,0.5449411016796357,0.44046518388470524,0.44046518388470524,0.5704034938156494,0.4433174029807727,0.4741520525928764,0.4896368816415908
development-development-SME01267-002184,0.76717296911996,0.7343860562249016,0.7195061325994896,0.7195061325994896,0.8122634556896872,0.7215422080906866,0.7502733881465866,0.7504804482268367
development-development-SME01267-002185,0.7255384040462024,0.7409979704706854,0.6841870537234592,0.6841870537234592,0.7851362539582563,0.6864029455323911,0.7183189508694876,0.7260322119072598
development-development-SME01281-002208,0.5902018835222047,0.5818047486427091,0.5762540515383723,0.5762540515383723,0.6963943543618013,0.5788911988593004,0.6197865322583866,0.5967898433975762
development-development-SME01281-002209,0.7123217103967951,0.7183866933384591,0.6732500927772853,0.6732500927772853,0.7765535357319642,0.6755176615400423,0.7071366605050082,0.7157139253496931
development-development-SME01283-002211,0.6448885117355895,0.60386606132467,0.6122405171962857,0.6122405171962857,0.7456032770625304,0.6151679048973949,0.66702475756821,0.6659953396606979
development-development-SME01314-002265,0.6276120045606666,0.659373421863871,0.6053819553654104,0.6053819553654104,0.7212585858546763,0.6079255126769153,0.6406177095490422,0.6372506382216652
development-development-SME01342-002316,0.4317451239332075,0.4415943392292301,0.44734202039129667,0.44734202039129667,0.6004025973847558,0.45070178627395174,0.4986054547576689,0.5073295461209558
development-development-SME01433-002471,0.4746848642961207,0.5686032376761122,0.49172352974719213,0.49172352974719213,0.6600455247288133,0.4954182923513071,0.5503700818581849,0.5519590194663242
development-development-SME01482-002550,0.0882789293297648,0.3000462301876551,0.3084062661543098,0.13599042054077765,0.3084062661543098,0.3030031463446634,0.198530086119857,0.1921145910618884
development-development-SME01482-002551,0.016225015598279,0.1641586982810898,0.10295750252294002,0.03893286144794864,0.10295750252294002,0.10095111613039702,0.06470238278992968,0.07135732861045438
development-development-SME01482-002552,0.0683256631318851,0.3169429295447162,0.2649023884207621,0.11283938976081319,0.2649023884207621,0.26013708046748124,0.17398087156942793,0.1723310960610865
development-development-SME01525-002618,0.518785807559461,0.718281287609163,0.689729144582922,0.5255395862882326,0.689729144582922,0.6799086044648799,0.5861625969364139,0.5985995952719311
development-development-SME01542-002645,0.7408976481261698,0.7330617965373399,0.6910115447737623,0.6910115447737623,0.8058726554972523,0.6935328108543751,0.7310717443205766,0.7336739914331776
development-development-SME01542-002646,0.7140652162768534,0.6838574559167857,0.6684113786172496,0.6684113786172496,0.7891097359736878,0.6710607755495244,0.7121460687343439,0.7140154141640865
development-development-SME01542-002647,0.7241847690928129,0.7261477642698965,0.6768707699745592,0.6768707699745592,0.7954323037433462,0.6794732624254315,0.7198311884322237,0.7216674392822617
development-development-SME01588-002725,0.7137423594976869,0.7120362811855121,0.6744201458420165,0.6744201458420165,0.7774759372186644,0.6766822785131358,0.7153663792012317,0.7193734675006954
development-development-SME01589-002726,0.2821809088976334,0.3180452844803704,0.3382023032119909,0.3382023032119909,0.5063222464490776,0.34189263066649933,0.3703643753081062,0.3720689232775998
development-development-SME01589-002727,0.380451175547924,0.4110714444881424,0.4184097056210833,0.4184097056210833,0.5908066136616652,0.42219391486220437,0.4491055820693606,0.45964124787923755
development-development-SME01595-002735,0.2897510741706506,0.3426288556846546,0.34459429289824794,0.34459429289824794,0.5134266014916086,0.3483002571735956,0.40062560379769663,0.39224650379969317
development-development-SME01595-002736,0.4505393133476744,0.5113139322151903,0.4731265762458099,0.4731265762458099,0.6431376449972597,0.47685841497061265,0.5289439206624387,0.5501448151509882
development-development-SME01627-002790,0.5245013423903314,0.5604082647546715,0.5299168801758285,0.5299168801758285,0.6934751626074924,0.5335070766061154,0.5794522849285291,0.5942413833593121
development-development-SME01627-002791,0.6558482745691867,0.6595849901630978,0.6315929762513771,0.6315929762513771,0.7748081586434887,0.6347366301767102,0.6767952479504141,0.6835452132454635
development-development-SME01673-002863,0.5398669026804817,0.546349099775287,0.5374870555510498,0.5374870555510498,0.6621750454654011,0.5402240271652949,0.58380835749509,0.5943764908125124
development-development-SME01673-002864,0.4275432840718318,0.476590861707904,0.4511278054374046,0.4511278054374046,0.5809457509454972,0.45397738246659025,0.5004779510150508,0.49797026721523874
development-development-SME01752-003004,0.1829884308636624,0.2636913525316938,0.23041364485920865,0.23041364485920865,0.45895299986756605,0.2354302124358086,0.30592650386934445,0.3173822929449833
development-development-SME01752-003005,0.036368041232499,0.1094610164259378,0.07099874726129023,0.07099874726129023,0.17798941670265794,0.07334725272241162,0.1072024366925046,0.12395491294744507
development-development-SME01756-003011,0.270815442869404,0.4307244052866265,0.4954305983375252,0.3285205282747979,0.4954305983375252,0.48550617385173467,0.38538679380607116,0.38365833937553906
development-development-SME01756-003012,0.3995771175220199,0.5133025740688225,0.6056240223731965,0.4334837767460931,0.6056240223731965,0.5953886131612204,0.4886353490035537,0.4895300660403028
development-development-SME01789-003070,0.498935211230226,0.6218791258597985,0.633485667633202,0.5061066504600609,0.633485667633202,0.6259117481175374,0.5457207286737756,0.5496650832639012
development-development-SME01795-003078,0.2905301760030982,0.3421979584640752,0.3452496792561371,0.3452496792561371,0.5141511927730344,0.34895716261853893,0.42812809660455026,0.41724747134252016
development-development-SME01795-003079,0.4205365465923336,0.4720280581091162,0.44986771327068753,0.44986771327068753,0.6213778951189606,0.4536324583724025,0.5218096942603505,0.5316896915521268
development-development-SME01833-003146,0.7720889994182292,0.8398406460660525,0.8254020107690873,0.7180532823955394,0.8254020107690873,0.8220379461800612,0.7532118811426558,0.760466825289928
development-development-SME01833-003147,0.7329811757791713,0.8060367944167338,0.8009268561273235,0.6842858563924611,0.8009268561273235,0.7972715929231686,0.7268879545345901,0.7334391946961983
development-development-SME01843-003163,0.4116639176605838,0.47534793582077,0.4429475944929034,0.4429475944929034,0.6147677482596201,0.4467191436528326,0.4940046754518384,0.4933160127479613
development-development-SME01843-003164,0.5372476371814284,0.5781724054523958,0.5396805746387721,0.5396805746387721,0.7017536904498758,0.5432381708251567,0.5978388754491777,0.6006869225303367
development-development-SME01889-003251,0.6492206017702566,0.7094493417000235,0.7708732224604075,0.6263623268460431,0.7708732224604075,0.7663445802116324,0.680799602262395,0.6877938292915295
development-development-SME01914-003289,0.6493080254937449,0.4482573219643159,0.6224660325803069,0.6224660325803069,0.7355177338098753,0.6249475811033041,0.6619078784584379,0.6539371132710163
development-development-SME01914-003290,0.7369950843606445,0.5057011410387672,0.6937667898436468,0.6937667898436468,0.7925821599073858,0.6959358428783565,0.7243289682440975,0.7264258314973736
development-development-SME01914-003291,0.7179638928890447,0.498804625411212,0.6779047595350586,0.6779047595350586,0.7802170116426299,0.6801505711003927,0.7101812361689874,0.6841388846428365
development-development-SME01917-003295,0.5515928598391158,0.4704127239842134,0.5464903500233792,0.5464903500233792,0.6702402859364599,0.549206730823899,0.58576116262323,0.5838436212065138
development-development-SME01925-003309,0.8238326201382327,0.7440806765107417,0.7653118994126248,0.7653118994126248,0.8582201100058833,0.7673512869695076,0.7991724822017912,0.8004158513742541
development-development-SME01936-003331,0.2758131665924017,0.3100680329968265,0.4527103668951561,0.3290472115085935,0.4527103668951561,0.4488350453305117,0.4015108951296652,0.4015804454398347
development-development-SME01947-003354,0.4402648166678206,0.4951212194189257,0.46097944829647497,0.46097944829647497,0.590581961746326,0.4638242964706313,0.49842378116695035,0.5021736152819443
development-development-SME01949-003357,0.1758177937603532,0.1844719660979723,0.22385702295669221,0.22385702295669221,0.44969316300529877,0.22881425344222892,0.29559924407408955,0.23869145654786406
development-development-SME01949-003358,0.1904694355031045,0.1893755764744822,0.23718054639678712,0.23718054639678712,0.46834712376985954,0.24225478298418335,0.3106161077081053,0.30260578024183793
development-development-SME01949-003359,0.1546629024861775,0.2248832061674462,0.20406750130825474,0.20406750130825474,0.42076229639968726,0.20882407412274395,0.27290575678451584,0.2814142949760585
development-development-SME01963-003381,0.2483950924848168,0.2540284063665207,0.3090919620798498,0.3090919620798498,0.4730855699087496,0.3126917141478209,0.3347020479136409,0.3386899890042465
development-development-SME01963-003382,0.3453697978925217,0.3144522382358707,0.3903792527544225,0.3903792527544225,0.5623949756083269,0.39415509476597776,0.41309467343407935,0.42089693201430367
development-development-SME01963-003383,0.310635696187663,0.3095761019851893,0.3620136591113006,0.3620136591113006,0.532447104827962,0.36575476924841094,0.38484716961826687,0.3931544436040534
development-development-SME01966-003387,0.6799130029880208,0.6065764946040769,0.6403570986626795,0.6403570986626795,0.767718503010109,0.643152753229641,0.679091993561328,0.6822170004503259
development-development-SME01966-003388,0.6964055061788386,0.6044464613430176,0.6538157649108157,0.6538157649108157,0.7780628827972141,0.656543059135708,0.6943169963066291,0.6941987887343695
development-development-SME02022-003488,0.656599933434768,0.52547138327349,0.6282468986542546,0.6282468986542546,0.7402897821604381,0.6307063030599656,0.6686075175603132,0.6383879710830542
development-development-SME02022-003489,0.6389349956532996,0.515577663502993,0.6142774884480146,0.6142774884480146,0.7287125653925574,0.6167894028471986,0.6579237481077308,0.650558971434939
development-development-SME02058-003561,0.7739937176527005,0.7041781830726989,0.7197355185068773,0.7197355185068773,0.82659842283209,0.7220812194517302,0.7536629805228068,0.7570765029045057
development-development-SME02058-003562,0.8111520036929677,0.7034169692654121,0.7534011137722778,0.7534011137722778,0.8501010033871541,0.7555237308195039,0.7827723496468342,0.7848278397023478
development-development-SME02073-003586,0.5466684820053269,0.5464458292047671,0.542707951091514,0.542707951091514,0.6668608250951146,0.5454331766100922,0.5808021013076705,0.5502527538109975
development-development-SME02085-003604,0.2723434153698981,0.3180089966899615,0.3298283322392591,0.3298283322392591,0.496911143286222,0.33349589405798713,0.3833102401559534,0.39485989005871636
development-development-SME02085-003605,0.3574782390989576,0.3961951822635287,0.40011632054299606,0.40011632054299606,0.5723940452923204,0.4038979136437391,0.45450748874844615,0.46356440898865814
development-development-SME02100-003628,0.2273119070504375,0.4001447685526674,0.4509121545301558,0.29036914195804314,0.4509121545301558,0.4458811022597454,0.35886068516728525,0.35677147192699477
development-development-SME02100-003629,0.3257822924699218,0.4491801990386232,0.5457495912824061,0.37446841526651814,0.5457495912824061,0.5403820294329844,0.44905445716946885,0.4511231478305753
development-development-SME02105-003637,0.6377228634087595,0.6144069807368622,0.6173253299352361,0.6173253299352361,0.764014600227219,0.620545242046894,0.6580944806568793,0.6719923325895232
development-development-SME02105-003638,0.6082519105191773,0.5787787521236757,0.594346148889089,0.594346148889089,0.7462228347107163,0.5976799276936471,0.6390651742014624,0.6069088201710798
development-development-SME02164-003736,0.4173810118886544,0.5239199702712735,0.4362238022474207,0.4362238022474207,0.5895382404716988,0.43958914052708997,0.48021931669755813,0.4865997558758527
development-development-SME02211-003811,0.5075395798723398,0.555503758188437,0.5169256500174523,0.5169256500174523,0.6822940557911711,0.5205555796747234,0.5696143301532988,0.567210941630139
development-development-SME02211-003812,0.6579366895721277,0.647178382517809,0.6332446369181075,0.6332446369181075,0.7760454192811517,0.6363791945293747,0.6798671161148307,0.6727399170057079
development-development-SME02211-003813,0.6340995097849564,0.6592873580231033,0.6144865604324219,0.6144865604324219,0.7618442024946501,0.6177211436809245,0.6621257220491129,0.6560352293902505
development-development-SME02220-003828,0.3866946256956716,0.4906362961061363,0.42334478868045605,0.42334478868045605,0.5956923919718076,0.4271279156545586,0.46349643850956823,0.4806911617013968
development-development-SME02220-003829,0.495218406225704,0.5387278197988046,0.5074833973143832,0.5074833973143832,0.674045942045347,0.5111395389944137,0.5441706532023534,0.5483279439902448
development-development-SME02220-003830,0.4541844253413729,0.5694317800870164,0.47593986285354817,0.47593986285354817,0.6457228948809306,0.47966669604380663,0.5131508650217671,0.5291995554398143
development-development-SME02274-003929,0.4719965991810776,0.5389749812457345,0.48965706317790303,0.48965706317790303,0.6581876908689936,0.49335640538751174,0.5425975845849804,0.550621619466492
development-development-SME02307-003985,0.7394002237551012,0.8346862427521712,0.804936995955049,0.6897354173871747,0.804936995955049,0.8013268409310275,0.7448998015659283,0.7460769373949024
development-development-SME02320-004009,0.2896272497723776,0.2657758495772377,0.34068201303206586,0.34068201303206586,0.4656829165020333,0.3434258532751181,0.38397175853954457,0.3962730702775906
development-development-SME02320-004010,0.6526692916944232,0.6095562113558433,0.6251281463963716,0.6251281463963716,0.7377185755312304,0.6275995697370594,0.6541733435796516,0.6400431418296306
development-development-SME02337-004040,0.7375773618487762,0.8187232983170383,0.8037980964957491,0.6881844574924113,0.8037980964957491,0.7969237429628264,0.7388035218704121,0.7394707536361915
development-development-SME02337-004041,0.712045407584772,0.8187232983170383,0.7878473169756486,0.6667315863408257,0.7878473169756486,0.780645810665844,0.7208385065641314,0.7206938439275206
development-development-SME02347-004060,0.565984227185109,0.5653609493128866,0.5505302298917919,0.5505302298917919,0.6945275059236072,0.5536910512130628,0.5919781408802365,0.5978092952093017
development-development-SME02349-004062,0.6025749843985243,0.6115157336685161,0.5789300138024163,0.5789300138024163,0.7184813998792731,0.581993245334846,0.6235927996192778,0.6245345493888779
development-development-SME02349-004063,0.6174585143500694,0.6144069807368622,0.5905789087396436,0.5905789087396436,0.7280829300876178,0.5935971994630121,0.6334426244836813,0.6351634192147337
development-development-SME02363-004086,0.3858639748632099,0.4317882910098615,0.4226890403329077,0.4226890403329077,0.5950451572090438,0.4264723541849919,0.4713883152257885,0.43375772383752487
development-development-SME02439-004216,0.7248399654095891,0.7888846576472381,0.7958415747191944,0.6774210480400716,0.7958415747191944,0.7921305451946637,0.7312032981807874,0.7253972156418734
development-development-SME02439-004217,0.4935764372957931,0.5540005438460031,0.6452216432041474,0.49488564938185975,0.6452216432041474,0.6405104556480756,0.5715282656668277,0.5668736530117654
development-development-SME02455-004242,0.617926913508605,0.6908179235765213,0.7148588480860804,0.5978053077331075,0.7148588480860804,0.7078576173078597,0.6372428129948683,0.6414243550095325
development-development-SME02493-004304,0.7715967063020785,0.8137255912960956,0.8250928825934194,0.7176191146531022,0.8250928825934194,0.8217248995492317,0.7594048016560118,0.7593094428845113
development-development-SME02493-004305,0.7794835474003993,0.8162464224164238,0.8300502950321487,0.724605947468893,0.8300502950321487,0.826745909399222,0.7664089148250572,0.7664735807496494
development-development-SME02497-004312,0.680450034990138,0.6030427181605833,0.6407929316640609,0.6407929316640609,0.7680558977842289,0.6435864254564847,0.6839056776691765,0.6871030317366241
development-development-SME02497-004313,0.467356905390796,0.3457212070306813,0.47476696491604575,0.47476696491604575,0.6265725440471676,0.47809918288869346,0.5305713126854974,0.5413272838687151
development-development-SME02532-004376,0.4883853898080451,0.4304275904178415,0.4980159851489467,0.4980159851489467,0.6259394202139545,0.5008239766067459,0.5369727162018119,0.5371266625375825
development-development-SME02532-004377,0.5694482672437748,0.5292877413132694,0.560227479593397,0.560227479593397,0.6824073657857944,0.562909396918153,0.5961915313411008,0.6008024872535949
development-development-SME02532-004378,0.5427715098568069,0.5292877413132694,0.5397161973277053,0.5397161973277053,0.6641787100628815,0.5424482195908582,0.5749059236668979,0.580630313573517
development-development-SME02567-004432,0.6814589881243944,0.6212822026460929,0.6416121789934885,0.6416121789934885,0.7686896681656931,0.644401601462427,0.6882242577739597,0.6890262839933121
development-development-SME02567-004433,0.6937594750105102,0.6220434164533797,0.6516458253078609,0.6516458253078609,0.7764054068536442,0.6543843683987428,0.697407694554036,0.6981950917253759
development-development-SME02572-004440,0.6083331807378826,0.633135432732046,0.7222048344613731,0.5834290405085851,0.7222048344613731,0.7178559172331594,0.6340582014593736,0.6356968131224621
development-development-SME02572-004441,0.6200349336467155,0.6556867128450004,0.7297377372027929,0.5926022896053358,0.7297377372027929,0.7254402246923743,0.6451666956497178,0.6440274569072568
development-development-SME02660-004585,0.3221308739006588,0.4982730585226352,0.5425784863333696,0.3714786586819922,0.5425784863333696,0.5324049400732805,0.432160948227765,0.42864377554657407
development-development-SME02660-004586,0.4091296441494057,0.50138812045274,0.6128640739048788,0.4409669435510673,0.6128640739048788,0.6026431202567295,0.4968533251414029,0.49461728344684175
development-development-SME02660-004587,0.4052210533930391,0.6109122397022251,0.609914113473155,0.43790846903911285,0.609914113473155,0.5996867076091839,0.4952015911977017,0.5033633041700627
development-development-SME02675-004613,0.680093686212195,0.6213584824456491,0.650879702254473,0.650879702254473,0.7891008844829058,0.653913735063138,0.7038410757303004,0.6961450141705234
development-development-SME02744-004731,0.6106568830244011,0.7298807151273499,0.7100388858733222,0.5921356202373488,0.7100388858733222,0.7030283918031167,0.6315594871746224,0.6403712525394818
development-development-SME02744-004732,0.4356498364347734,0.7234132990363356,0.5871014131925586,0.45740936805861554,0.5871014131925586,0.5793899617034074,0.4994908376283384,0.5089746211579323
development-development-SME02768-004771,0.6172660821974115,0.5901296264168238,0.5972893416879684,0.5972893416879684,0.7144213115508335,0.5998604544058452,0.6326129631374731,0.6331755217110663
development-development-SME02790-004808,0.3211460770943241,0.321189066309276,0.36673539134505617,0.36673539134505617,0.4941313089909467,0.36953180349835996,0.4131866580341414,0.3796680327775848
development-development-SME02790-004809,0.4776711789474889,0.4543700876606456,0.4897921717900355,0.4897921717900355,0.6182046796923143,0.49261089867210317,0.524630596163189,0.5368130613711823
development-development-SME02790-004810,0.3709000674859169,0.3290438700803771,0.4067445862560367,0.4067445862560367,0.5362692709688598,0.40958772604557503,0.4452183961732715,0.4586340312322482
development-development-SME02806-004835,0.3990599143790287,0.374137727866542,0.4330777965160732,0.4330777965160732,0.6052290589843558,0.43685661369851236,0.48311032924114117,0.4562586246147922
development-development-SME02806-004836,0.4913701352995472,0.4786050345533138,0.5045325144404946,0.5045325144404946,0.6714469196887979,0.5081963796570805,0.5520787374900586,0.5669424816521192
development-development-SME02811-004844,0.6410350009385911,0.6872243034393197,0.7431541105049301,0.6091804125241994,0.7431541105049301,0.73895568002451,0.6490555603039333,0.6510376976019755
development-development-SME02811-004845,0.6544359922374425,0.6872243034393197,0.751656254899311,0.6198487971696195,0.751656254899311,0.747525709453304,0.6580914487627781,0.6608069094232875
development-development-SME02816-004852,0.7016610622116862,0.707719503179781,0.6581384385969888,0.6581384385969888,0.7813529525641263,0.6608430665841968,0.6980758894198726,0.6978605353850887
development-development-SME02816-004853,0.6725145157908758,0.707719503179781,0.634368345616398,0.634368345616398,0.763065856626316,0.637193328477218,0.6728864888628879,0.6723210511501359
development-development-SME02817-004854,0.3063479171575784,0.3934479008582291,0.3584616680539265,0.3584616680539265,0.5286084188367294,0.36219648507574587,0.40880567922428424,0.4114871094896898
development-development-SME02821-004860,0.2098325860757124,0.1592874355084823,0.2744628012039842,0.2744628012039842,0.43155965926377315,0.277911165729646,0.3054988393607571,0.28900982037810685
development-development-SME02821-004861,0.3226262083541618,0.3054384251137545,0.37188469623631376,0.37188469623631376,0.5430099679095293,0.37564099234286974,0.4007899182979108,0.41264172743007266
development-development-SME02856-004921,0.4409267316241544,0.4745404533503229,0.46569580610542577,0.46569580610542577,0.6362612405459019,0.46943981346937186,0.5330689371452555,0.5297072731394366
development-development-SME02856-004922,0.4087766439193451,0.4480840159486422,0.4406909084249411,0.4406909084249411,0.6125983491175359,0.44446437358206126,0.5085941302383021,0.49760070113019006
development-development-SME02926-005033,0.2407734481235025,0.2736560479385905,0.2810414158736363,0.2810414158736363,0.5255070805370406,0.28640757491831176,0.3500780613746761,0.3638699463075501
development-development-SME02952-005077,0.4710547041527084,0.4637350280408733,0.4889328202835149,0.4889328202835149,0.6575353422568,0.4926337406131152,0.5361794712908562,0.535168040510039
development-development-SME02952-005078,0.5873199139860424,0.5303673127244566,0.578153001797457,0.578153001797457,0.7333726280785702,0.5815601600281491,0.6222017584412112,0.639759855449468
development-development-SME02954-005080,0.459007180610227,0.467426434655165,0.4683504342784489,0.4683504342784489,0.6205282564634235,0.4716908231958099,0.5162470229376753,0.4836838695531767
development-development-SME02966-005101,0.7820087389083666,0.7193548790200401,0.7324689149519007,0.7324689149519007,0.8220000329571514,0.7344341734241908,0.772529749830026,0.7572320819144518
development-development-SME02987-005131,0.3493114854945111,0.4788689300463363,0.3935567763610659,0.3935567763610659,0.565673434447532,0.3973348339578318,0.44233576674911246,0.4564709494555856
development-development-SME03031-005206,0.2276071639622182,0.3408944977049581,0.29063469114560614,0.29063469114560614,0.45123116574507643,0.29415987422561657,0.3306799013573246,0.3451040676158996
development-development-SME03051-005239,0.283723963066101,0.5359298945401365,0.5077798652053204,0.3395087784242108,0.5077798652053204,0.5025066326950343,0.4078546277600683,0.4174932712945222
development-development-SME03051-005240,0.4161176161509143,0.5019775981973587,0.6180963000240021,0.44642391683624255,0.6180963000240021,0.6127164786330488,0.5165355776931702,0.5103348068184359
development-development-SME03061-005259,0.2860630148295472,0.3316530428231518,0.34148569235268394,0.34148569235268394,0.5099800581530172,0.34518423859336456,0.38699560244909204,0.40481900692393746
development-development-SME03100-005319,0.4597081944523418,0.5013701882252666,0.4801988197180063,0.4801988197180063,0.6496178464488483,0.4839176627869648,0.53898854707349,0.5570865342028235
development-development-SME03100-005320,0.5718523628977857,0.5619777975662454,0.5662377603200106,0.5662377603200106,0.7237467486960716,0.569695171338264,0.6183718821093913,0.6113980582462278
development-development-SME03117-005346,0.0389895198875646,0.1061115243197764,0.07474484118272709,0.07474484118272709,0.18624888775944895,0.07719241781431432,0.11202253195006431,0.11809792696455056
development-development-SME03117-005347,0.0486635649486043,0.0673791333261168,0.08800150988136402,0.08800150988136402,0.2146929894399964,0.09078245922184881,0.12948112465347644,0.12440127546787391
development-development-SME03122-005356,0.7375773618487762,0.7047468886773504,0.6881844574924113,0.6881844574924113,0.8037980964957491,0.6907222419926593,0.7246030617467838,0.7255608636359625
development-development-SME03122-005357,0.7514868219741646,0.7047468886773504,0.7000906808228464,0.7000906808228464,0.8124925962133603,0.7025579661806578,0.7351232422553564,0.7361435002281088
development-development-SME03122-005358,0.7124597767084457,0.7047468886773504,0.6670759718543593,0.6670759718543593,0.7881063223423024,0.6697326562228794,0.7047977773408245,0.7058963545278887
development-development-SME03126-005363,0.39971335910614,0.654282902791497,0.5593803636828398,0.42944295131054433,0.5593803636828398,0.5553084211980603,0.4858117481242574,0.4993301142209614
development-development-SME03161-005426,0.369508633202991,0.3874137419625562,0.4056408396317146,0.4056408396317146,0.5351310880535872,0.4084832235252689,0.4434299786805489,0.44083567967083825
development-development-SME03161-005427,0.4539022867739525,0.4543536344609657,0.4715069088927142,0.4715069088927142,0.6007703551734447,0.4743443143515148,0.5057266828131074,0.48023691313272837
development-development-SME03161-005428,0.4283159376637122,0.4614223872027862,0.45172712041858976,0.45172712041858976,0.5815348030312362,0.45457647217143937,0.4855339063740497,0.4872431066956158
development-development-SME03205-005504,0.4265902595300819,0.6603031671893689,0.5802184988498976,0.45038840178725464,0.5802184988498976,0.5761499193824404,0.5009421670925639,0.5094172027608186
development-development-SME03205-005505,0.4984262726664709,0.703641637565763,0.6331231604496534,0.5057164590352571,0.6331231604496534,0.6291305246809152,0.5483986416611076,0.5542140440531896
development-development-SME03214-005519,0.5159079674380949,0.636424779010668,0.6878347673164896,0.5233355356165268,0.6878347673164896,0.6826797361515354,0.5666927755972145,0.5828340944203552
development-development-SME03214-005520,0.6330004991141739,0.6684809608247356,0.761185003736114,0.6136263424498625,0.761185003736114,0.7565608514544975,0.6505754779404118,0.6576909489141951
development-development-SME03257-005598,0.5539279722572666,0.72427393330666,0.671839080143781,0.5482847630570259,0.671839080143781,0.667967169323501,0.5845289466701216,0.5819895637929742
development-development-SME03303-005671,0.8298505530549863,0.6937589435850108,0.7710515057438319,0.7710515057438319,0.862096954599006,0.7730500046312868,0.8007286996790126,0.8023044058419355
development-development-SME03321-005700,0.7849226462293267,0.7386007105695382,0.7294643906600211,0.7294643906600211,0.8334760160948461,0.7317475044271302,0.7630160291981115,0.7664938358545046
development-development-SME03324-005705,0.7246153233608069,0.6656719840856418,0.677232342392581,0.677232342392581,0.7957012518263797,0.6798328016871259,0.7163876414904424,0.7164740260097219
development-development-SME03365-005779,0.4591961857289274,0.4815311732444534,0.4798042555331359,0.4798042555331359,0.6492579516591939,0.4835238596148483,0.534614734625144,0.49281659579466125
development-development-SME03365-005780,0.5638767843564383,0.6051652246853932,0.5601068744363974,0.5601068744363974,0.7187362891737823,0.5635888794444079,0.6055539581460218,0.6187913105737777
development-development-SME03365-005781,0.5405328685463804,0.6178919258514313,0.5421979656614335,0.5421979656614335,0.7038710845367834,0.5457467816897636,0.5885170659322638,0.6016396237432258
development-development-SME03388-005816,0.7324273948610402,0.7074740530823607,0.6838172670520007,0.6838172670520007,0.8005809356887045,0.6863802953505025,0.7224089650011453,0.7224941061021539
development-development-SME03414-005857,0.3052957559291115,0.6051559405739473,0.4800146910559376,0.35371346772922624,0.4800146910559376,0.4760566984520051,0.41359319349781276,0.42719328307831217
development-development-SME03414-005858,0.6947051020500252,0.8014138120604092,0.7651128435578618,0.6588438317807801,0.7651128435578618,0.7617826148271956,0.6976799432659884,0.7075667863685051
development-development-SME03425-005875,0.6638940503787765,0.6399457486432178,0.6274255335148317,0.6274255335148317,0.7576331524779335,0.6302836640958543,0.6693363779377433,0.6721351156085843
development-development-SME03425-005876,0.6747783036662003,0.6316134286867865,0.6361977478512463,0.6361977478512463,0.7644903911233848,0.6390138436371636,0.6774922055458177,0.6802497819186661
development-development-SME03425-005877,0.6550542275966377,0.6443401298528245,0.6203428173554685,0.6203428173554685,0.7520475055464259,0.6232338094493283,0.6622917856796589,0.665221872249719
development-development-SME03454-005932,0.5413767090287259,0.5640058714106677,0.538645680611222,0.538645680611222,0.6632170347280169,0.5413800920040108,0.5851572684158964,0.5482707215119547
development-development-SME03454-005933,0.5464219200602244,0.5789921539116591,0.5425186252193207,0.5425186252193207,0.666691331934651,0.545244286077093,0.577618135218058,0.5953149551621977
development-development-SME03454-005934,0.6004688307633257,0.5907978913213359,0.584213312961174,0.584213312961174,0.7032590443714907,0.586826433823022,0.6185629546705024,0.6270480492838918
development-development-SME03475-005971,0.5947141159969327,0.5775376031911648,0.5728026802359291,0.5728026802359291,0.713379406875732,0.5758884185712805,0.6089760295034207,0.6134422663340648
development-development-SME03475-005972,0.593082681014095,0.5586118799109648,0.57153301269459,0.57153301269459,0.7123177081204454,0.5746233160619423,0.6124241334104346,0.612546659584346
development-development-SME03500-006016,0.3067012840878951,0.433752515120833,0.3548744584394895,0.3548744584394895,0.4812815234468965,0.3576491647203668,0.38031163954389724,0.39077517123135125
development-development-SME03500-006017,0.4463792844269038,0.5343418310643542,0.46570341682600797,0.46570341682600797,0.5951675862672391,0.4685452282712471,0.48679336146736013,0.4969781583939917
development-development-SME03505-006025,0.3779088383427145,0.3901057063395162,0.4163959053993004,0.4163959053993004,0.5888031038199362,0.4201803405200601,0.4704122399478741,0.42806191170700336
development-development-SME03537-006075,0.6346883290585067,0.6686645975341071,0.6041531711334236,0.6041531711334236,0.7391121754234412,0.6071155972987847,0.6542408525812347,0.6579481020250005
development-development-SME03539-006078,0.3114744494436022,0.3682068689298864,0.358807858393524,0.358807858393524,0.48556146517900023,0.36159017146163375,0.40484609638530344,0.4194529648819978
development-development-SME03539-006079,0.715229974396268,0.6758700832903854,0.6756467484671544,0.6756467484671544,0.7784418320032555,0.6779031584543194,0.7093858837094162,0.7147062099641935
development-development-SME03539-006080,0.5322987698213661,0.5211712996589771,0.5316814545334334,0.5316814545334334,0.6569355882443982,0.534430853322918,0.5727920408723457,0.5487052572396698
development-development-SME03540-006081,0.2842717273331805,0.2428799300291811,0.31718907431597293,0.31718907431597293,0.5682460705030571,0.32269991680043103,0.40567492998300014,0.3731607537213681
development-development-SME03540-006082,0.2466955823890098,0.2767624276375623,0.28604607892727085,0.28604607892727085,0.5316459331011829,0.29143713407058075,0.37137033054233837,0.37160581811445537
development-development-SME03547-006093,0.4228734658488729,0.6050675726397734,0.593714909211919,0.44047990605674275,0.593714909211919,0.5889128733077784,0.496918073408973,0.5076669669216939
development-development-SME03547-006094,0.4281258087722406,0.6454362529470813,0.597682867159861,0.4445443028993722,0.597682867159861,0.592883853430976,0.5080746904459809,0.5120975224786061
development-development-SME03597-006180,0.2018090059715535,0.2193203310070454,0.247304524479003,0.247304524479003,0.4821022539191104,0.252458466899666,0.3259280658797058,0.33401247176080145
development-development-SME03631-006239,0.6721692879040418,0.6398571987233738,0.6340895921891927,0.6340895921891927,0.7628485405915135,0.6369159236353831,0.669243427587962,0.6703946224545221
development-development-SME03631-006240,0.6565160936193181,0.6454994527222518,0.6215116435994477,0.6215116435994477,0.7529723241556284,0.6243972795882767,0.6591029566762302,0.6615575035224042
development-development-SME03638-006252,0.6287435034083901,0.5932901895270424,0.6062689937743801,0.6062689937743801,0.7220047625629823,0.6088094590922093,0.6409997815502283,0.6433278064632513
development-development-SME03638-006253,0.4213998549438273,0.3784438896600542,0.4463577886359778,0.4463577886359778,0.5762441867872459,0.4492088682392399,0.4793222988337612,0.4588178371936657
development-development-SME03651-006279,0.2844972647042724,0.3445913627335665,0.3401628221488671,0.3401628221488671,0.5085085009621774,0.34385810462642846,0.3899614363998135,0.3871813281955564
development-development-SME03693-006350,0.4110785406531502,0.4617401951923033,0.4424902613215366,0.4424902613215366,0.6143286554303891,0.4462622108672503,0.4913308882078088,0.45271160847957326
development-development-SME03707-006371,0.8381276278165302,0.7613559580854283,0.7790444677905781,0.7790444677905781,0.8674577582904003,0.7809851893194618,0.8071087580356322,0.8122088137642003
development-development-SME03707-006372,0.8542853652844331,0.7613559580854283,0.7950079911576711,0.7950079911576711,0.8780336710767528,0.7968304515995149,0.8222631354215306,0.8261514126723037
development-development-SME03865-006656,0.4506891721686789,0.4670950431253569,0.4690293160180374,0.4690293160180374,0.5983825858455348,0.4718686931542863,0.5004556788112351,0.4856929433902106
development-development-SME03876-006676,0.5927417123833798,0.8429927024116309,0.7120956878003817,0.5712677364861928,0.7120956878003817,0.7076824606356165,0.6251688860707534,0.626736570771124
development-development-SME03876-006677,0.7444685154094745,0.8330307339616043,0.8081042941764339,0.6940623218442586,0.8081042941764339,0.8045304785700639,0.737538231363071,0.7386646724137542
development-development-SME03876-006678,0.5769271308860473,0.8074962142285548,0.7017481795034275,0.5589933684395892,0.7017481795034275,0.6972745689438141,0.6190166244213968,0.6151939013377503
development-development-SME04000-006886,0.6935306848131164,0.6667481046251558,0.6514583982539883,0.6514583982539883,0.7762620579985148,0.6541979088861616,0.7003342531452399,0.7013366307152471
development-development-SME04000-006887,0.405075620927494,0.3467719749388905,0.4266641023406561,0.4266641023406561,0.5800756776274998,0.43003157283356513,0.4916332952113762,0.4929168527536922
development-development-SME04038-006956,0.4766542871707972,0.4597494989062511,0.4932368839271322,0.4932368839271322,0.6614028121674411,0.49692822077836435,0.5422255944676682,0.5055520171207142
development-development-SME04070-007016,0.413985904556829,0.4761851757750711,0.4447607108096558,0.4447607108096558,0.6165058012108048,0.44853061228642827,0.4894945812298398,0.4999788648876553
development-development-SME04070-007017,0.5170828190813287,0.5687917821629205,0.5242353277024112,0.5242353277024112,0.6886088016233132,0.5278434180450768,0.5619273394356261,0.5676945210105881
development-development-SME04117-007100,0.079082473697143,0.1488573333305373,0.1255327071748261,0.1255327071748261,0.28912656374040935,0.12912368447739106,0.17159223948989744,0.1714806882207206
development-development-SME04159-007180,0.5896389441907793,0.5893236413599666,0.5688550567968732,0.5688550567968732,0.7100733056003008,0.5719548769050798,0.6128765975143082,0.6146438739625688
development-development-SME04170-007201,0.5519926022802327,0.565756516601485,0.5467974921596025,0.5467974921596025,0.6705141480135707,0.5495131424440785,0.5845187958828185,0.5914511274160837
development-development-SME04179-007215,0.521026737542107,0.408700404123754,0.5159381602097058,0.5159381602097058,0.6642592011484325,0.5191938906062215,0.5621387805187634,0.5622500189216795
development-development-SME04179-007216,0.6544359922374425,0.5844203364741892,0.6198487971696195,0.6198487971696195,0.751656254899311,0.6227420451127437,0.6590791978725875,0.6610044438730676
development-development-SME04242-007328,0.4350296150129045,0.4806389488226717,0.4611279265387748,0.4611279265387748,0.6319992665742276,0.46487864870284457,0.5133483040517934,0.5236319663124935
development-development-SME04246-007335,0.3318717839223785,0.4809961585750728,0.3794373302492307,0.3794373302492307,0.55098934402282,0.38320299358526994,0.43243198108724423,0.43023070422821236
development-development-SME04246-007336,0.4982660157482377,0.5500690680540473,0.5098196418689658,0.5098196418689658,0.6760963763722362,0.513469509853504,0.5446374197398185,0.5457313735145731
development-development-SME04383-007567,0.3233258399214494,0.5291704149037172,0.5436187105344037,0.37245795303797996,0.5436187105344037,0.5333812075952019,0.4404174726162284,0.4278193828770247
development-development-SME04383-007568,0.4693456133623041,0.7387540366890901,0.6563497511631334,0.4876183768520538,0.6563497511631334,0.646257554997892,0.547512395120222,0.5675797348546328
development-development-SME04383-007569,0.3273310739275128,0.6111234672161122,0.5470879778605388,0.37573419763588484,0.5470879778605388,0.5368389298056429,0.43655908266392784,0.4461862096012884
development-development-SME04486-007761,0.3825694621964374,0.6678317098463697,0.5924697112166867,0.4200857211447366,0.5924697112166867,0.5821590440354563,0.490204379882879,0.5066906172616314
development-development-SME04486-007762,0.5355020232186805,0.7415935805973654,0.7006259376710039,0.5383431445004914,0.7006259376710039,0.6909194453864058,0.5989625853985121,0.6044226056352442
development-development-SME04486-007763,0.504754722378968,0.7399097213767292,0.6804393675821198,0.5147921041025669,0.6804393675821198,0.6705316388974176,0.5818212234415676,0.5844533201294879
development-development-SME04527-007835,0.6118449391000144,0.5908262957605599,0.5861775719327468,0.5861775719327468,0.7244701447363592,0.5892131718047505,0.6315797101708553,0.6345005074286613
development-development-SME04537-007851,0.0086575180801688,0.1009348240250653,0.06584761341177052,0.024275442900097387,0.06584761341177052,0.06454483629623149,0.038145837420971856,0.03826582806119341
development-development-SME04560-007889,0.8541615758750503,0.8181670885100789,0.7948837399794332,0.7948837399794332,0.8779520183476542,0.796707135481231,0.8191848755679978,0.8249288782800261
development-development-SME04560-007890,0.8872664758803975,0.8181670885100789,0.8293744125538712,0.8293744125538712,0.9002278531829359,0.8309296854867861,0.8501021693036961,0.8550015407981411
development-development-SME04602-007960,0.4105720401615876,0.5309476604686336,0.6139484254037352,0.44209447143720604,0.6139484254037352,0.6085629139982236,0.49803467036942495,0.48979812004318213
development-development-SME04602-007961,0.2953666644211871,0.4945781510676978,0.5186225129140062,0.3493081999101176,0.5186225129140062,0.5133165880705405,0.4127070261938617,0.41767537381709907
development-development-SME04704-008127,0.7508913145026659,0.7420522816839175,0.699577470850113,0.699577470850113,0.8121201118916787,0.7020478452152346,0.7264407111539247,0.7323323998313931
development-development-SME04716-008147,0.0571363072020344,0.2982322937719931,0.23741016134567233,0.09900318375941304,0.23741016134567233,0.23307280198216088,0.15419794876346987,0.16641716213844782
development-development-SME04729-008169,0.2995403034823117,0.4812595745681245,0.5224446035414274,0.35279699261681263,0.5224446035414274,0.5171282339004342,0.40511754060765226,0.3957374810529907
development-development-SME04746-008199,0.4808113592841344,0.548746986639163,0.4964298822513435,0.4964298822513435,0.6642574799742978,0.5001137925571412,0.5502206900862231,0.5627465876211202
development-development-SME04746-008200,0.5976704985564035,0.6607211719835467,0.5861491366840956,0.5861491366840956,0.7397509625562887,0.5895207832845195,0.6309688603569861,0.6520571365634616
development-development-SME04807-008303,0.1142686128263458,0.2221641832037987,0.16397339049560067,0.16397339049560067,0.35720004148985574,0.168214824327762,0.2188307643577878,0.22819758230835258
development-development-SME04807-008304,0.040086293758843,0.1072875349421798,0.07629100130973783,0.07629100130973783,0.1896288800872904,0.07877883159111451,0.10899690110943298,0.13094629261193988
development-development-SME04807-008305,0.1106166185967978,0.2112111577810819,0.1601627671446195,0.1601627671446195,0.35078308864228186,0.1643469905762086,0.22083222216894305,0.22397941507169103
development-development-SME04810-008309,0.0796633443396957,0.2493932692778007,0.29038095410016196,0.12620334295943364,0.29038095410016196,0.2852360017908293,0.18359975234379317,0.17426707212321924
development-development-SME04810-008310,0.2642266182884484,0.4189005032838493,0.5492026521338921,0.3006995105377819,0.5492026521338921,0.5414151298076267,0.4018861436429919,0.39342278815248344
development-development-SME04821-008326,0.704243921595614,0.6807950397198115,0.6703682967698571,0.6703682967698571,0.8032065622801416,0.67328417152441,0.7117940391357405,0.7238531307879509
development-development-SME04835-008346,0.5474988423233428,0.6882226237690129,0.6674314352479607,0.5433455931140554,0.6674314352479607,0.6600533269675504,0.5957529562461568,0.6008891485564174
development-development-SME04835-008347,0.6090646007214087,0.743692636035937,0.7089812662221487,0.5908957346102093,0.7089812662221487,0.7019599346697343,0.6387242573295131,0.6415292475909764
development-development-SME04835-008348,0.5972646448615474,0.7033925657142809,0.7011202774357219,0.5817268435145305,0.7011202774357219,0.6940211783903212,0.6311777564493986,0.6332379802502132
development-development-SME04860-008397,0.445313283894148,0.4419775712912062,0.46908893719749006,0.46908893719749006,0.6394099008056728,0.4728275782889591,0.5306425108207256,0.4842601339299901
development-development-SME04860-008398,0.3246711753958448,0.3054461037478378,0.37355946869287127,0.37355946869287127,0.5447869789745486,0.3773180089944731,0.4346667023410613,0.410980110404221
development-development-SME04891-008451,0.6658282594432677,0.782614964471504,0.7588532796694659,0.62898015299903,0.7588532796694659,0.7547833517521292,0.6765629404604114,0.6797183963500304
development-development-SME04938-008533,0.8408900814826811,0.7364590873492641,0.7865539441585545,0.7865539441585545,0.8614098158760488,0.7881970727083939,0.8134741605043163,0.8094949595274223
development-development-SME04940-008536,0.3572331714893241,0.431669567222435,0.39991993822537975,0.39991993822537975,0.5721937599626855,0.40370144565281046,0.4380534893918685,0.4314265596128981
development-development-SME04972-008590,0.4529078850642904,0.6396850206247493,0.6448188946317078,0.47495489693366244,0.6448188946317078,0.6347188304631697,0.5385045125340262,0.5452858230812037
development-development-SME04972-008591,0.5854654570035203,0.7414540641344011,0.7322246504471214,0.5767224415170774,0.7322246504471214,0.7229785340844606,0.6300124789552197,0.6441264260821097
development-development-SME05027-008685,0.5011550503788447,0.553805272278518,0.5078084473959019,0.5078084473959019,0.6350650373412399,0.5106018012276965,0.5506130464031119,0.550668566095138
development-development-SME05027-008686,0.4597426208491813,0.5512262233154911,0.47600639138671375,0.47600639138671375,0.6050910538768405,0.47883987244060333,0.5203546866529662,0.5167333696332908
development-development-SME05066-008754,0.4527093872358333,0.4413524315500472,0.46350605977239,0.46350605977239,0.6159334201770574,0.4668519261942359,0.5191119422582162,0.4845351186596847
development-development-SME05066-008755,0.8627442742824134,0.7074643541397729,0.8035754939115117,0.8035754939115117,0.883639056669093,0.8053329342131266,0.8339130551290418,0.8336708728960105
development-development-SME05115-008836,0.3818234602537015,0.4675555612490186,0.41949566887517725,0.41949566887517725,0.5918846569161351,0.4232797042678453,0.4761903024746737,0.47020021317310856
development-development-SME05115-008837,0.4700693269228498,0.5407653855465153,0.48817502306087684,0.48817502306087684,0.6568520872775437,0.49187757963470835,0.5411119403982685,0.5005603811770691
development-development-SME05117-008840,0.5525023623089935,0.575142284726092,0.5401313213478818,0.5401313213478818,0.6855572721434815,0.5433235028849774,0.5877070387671759,0.592153501702146
development-development-SME05117-008841,0.5433266482037847,0.5847823657947786,0.5330683312446494,0.5330683312446494,0.67940209830386,0.536280439860096,0.5797094184003168,0.5850250571189561
development-development-SME05121-008848,0.7219108040215855,0.7042247428023979,0.6749634108911065,0.6749634108911065,0.7940118077906074,0.6775765902619435,0.7143102370752851,0.7143970441421037
development-development-SME05121-008849,0.7384033072124032,0.7074193724412625,0.6888868635924708,0.6888868635924708,0.8043141224233024,0.6914205569429459,0.7279648172848769,0.7272999174887489
development-development-SME05189-008966,0.2696330494010476,0.3849851970253552,0.49428135315721583,0.32750715118581997,0.49428135315721583,0.48430621979230964,0.3900076806190893,0.3820030276379369
development-development-SME05189-008967,0.3668455395213177,0.4865835079936697,0.5799871072859769,0.40760247389894816,0.5799871072859769,0.5696764016266508,0.4652768498559824,0.47166849546131573
development-development-SME05190-008968,0.4923366551196519,0.6340029869547714,0.6287736578324035,0.5010468614389259,0.6287736578324035,0.6211790594648956,0.5497586142751765,0.5578847176247339
development-development-SME05190-008969,0.5463632453165612,0.6818028155369433,0.6666509933319767,0.54247357180447,0.6666509933319767,0.6592674397673131,0.5917634808627834,0.5806284236642698
development-development-SME05192-008972,0.3673331544197573,0.4303548595218111,0.39708318381540075,0.39708318381540075,0.5500630167103321,0.4004411773196107,0.46146255165066924,0.464596538383643
development-development-SME05210-009004,0.7166349997548137,0.7276603089025353,0.6705526514712383,0.6705526514712383,0.7907156280714375,0.6731902964943385,0.7098573757930071,0.710046644370957
development-development-SME05210-009005,0.508824417312096,0.6500371141738586,0.5065778912848011,0.5065778912848011,0.6558539153986824,0.5098545840999448,0.5554053516361461,0.5587733610995647
development-development-SME05210-009006,0.693271719432565,0.722779268710944,0.651246289083267,0.651246289083267,0.7760997960189443,0.6539868938893645,0.6925117690378637,0.6926028090434528
development-development-SME05224-009029,0.3574429568309382,0.2893314438597436,0.4000880491771806,0.4000880491771806,0.5723652155247266,0.4038696300206901,0.44430666666048824,0.4128639908904408
development-development-SME05256-009082,0.658379282983055,0.7826216015432748,0.7541503817326565,0.6230027389946696,0.7541503817326565,0.7463061515619202,0.6864051723616564,0.6874618340328122
development-development-SME05273-009112,0.2704360798426303,0.285985249046183,0.32447840868643746,0.32447840868643746,0.44756989793420715,0.32718033621175663,0.37043142567550447,0.34104047389594233
development-development-SME05273-009113,0.6332263614719917,0.6400688075489607,0.6097873700484289,0.6097873700484289,0.7249581097874378,0.6123154326603437,0.6471786084934577,0.6540408462627827
development-development-SME05307-009167,0.300356055496536,0.3737181712999925,0.3534774603413658,0.3534774603413658,0.5231877708881402,0.35720269725416154,0.3883441894275974,0.39408029695335534
development-development-SME05307-009168,0.431420202615792,0.4463138149345805,0.4583283220126587,0.4583283220126587,0.6293738893068671,0.46208286856319875,0.4898489161892325,0.4769751767935973
development-development-SME05307-009169,0.4105494001941733,0.4334299860971032,0.4420767783626851,0.4420767783626851,0.6139314230076315,0.4458490846168198,0.4741785869162432,0.45105535306049527
development-development-SME05325-009201,0.7565990829454292,0.6529612404074403,0.7045097944562224,0.7045097944562224,0.8156915100001356,0.7069502957400734,0.7481467874941947,0.7479457621892833
development-development-SME05325-009202,0.4069906371341603,0.3764041604214811,0.4281541744508694,0.4281541744508694,0.581558066282655,0.4315214762876119,0.49909460699401365,0.49440360666559274
development-development-SME05342-009230,0.6105065111031592,0.6429739430713636,0.5851295988756856,0.5851295988756856,0.7236072544077036,0.5881692614178333,0.6294487421197479,0.6303832459169385
development-development-SME05342-009231,0.6030251475487066,0.6176767247703271,0.5792814030064459,0.5792814030064459,0.7187729030831717,0.5823433200074396,0.6237301301960755,0.6245103365706383
development-development-SME05382-009300,0.6558565651901432,0.6650868122707005,0.6209842033659659,0.6209842033659659,0.7525551435412415,0.6238722596155424,0.6659076150330898,0.6720221057931741
development-development-SME05382-009301,0.3801008297813527,0.3531614574205484,0.4071397450298218,0.4071397450298218,0.5603928395593961,0.41050373678083796,0.4660140562861127,0.4796840064877298
development-development-SME05385-009304,0.4122003017425667,0.4448264719742001,0.44336656477409825,0.44336656477409825,0.6151697628777222,0.4471377417476716,0.4995976926098352,0.49943490027597864
development-development-SME05388-009308,0.3527895986358819,0.4410201364887129,0.3963542756024758,0.3963542756024758,0.5685473853382206,0.40013401135600796,0.44752218199537386,0.4556885692235477
development-development-SME05388-009309,0.3878407385748206,0.3443517572470741,0.424249164373114,0.424249164373114,0.5965840436093197,0.4280320120470387,0.471288627613436,0.43826332065442036
development-development-SME05460-009434,0.4513267201376255,0.6323512178213578,0.643697125310608,0.473734492565347,0.643697125310608,0.6383708836034276,0.5375876259385219,0.5439023897178978
development-development-SME05483-009471,0.6395640222796367,0.6350028464561748,0.6080138545643942,0.6080138545643942,0.742218229225143,0.6109597161843168,0.6518951066339809,0.6581506587816454
development-development-SME05531-009544,0.3014082138692491,0.5283744874660273,0.5241444592657798,0.3543544483850732,0.5241444592657798,0.5139889437091566,0.4135467326952521,0.42168093709340676
development-development-SME05531-009545,0.4041240220678413,0.5967314231765005,0.6090830679645423,0.43704920740463893,0.6090830679645423,0.5987933428027391,0.49592721956481367,0.5151647279081425
development-development-SME05536-009550,0.8508624555848222,0.8429750279570865,0.8757796756802801,0.7915838468052483,0.8757796756802801,0.873141170215394,0.8222691846878871,0.8233959580635093
development-development-SME05536-009551,0.8204033068388662,0.8429750279570865,0.8560180449612468,0.762066884119228,0.8560180449612468,0.8530738296167788,0.7963075722082126,0.7975648989435157
development-development-SME05542-009562,0.4289315864638808,0.5326101977484692,0.5820038014571186,0.45220455944989746,0.5820038014571186,0.5779361889168054,0.5079341220148333,0.5121191552446512
development-development-SME05542-009563,0.4502016068726945,0.5485609871127909,0.5980195865459114,0.4686532189126963,0.5980195865459114,0.59396553930232,0.5230483226621507,0.5315058720074036
development-development-SME05570-009609,0.3760544403607179,0.3868513438226025,0.4108267260482307,0.4108267260482307,0.5404670792030448,0.41367240482522566,0.4476146232599903,0.45301320003202955
development-development-SME05684-009809,0.5962255118284976,0.6445826562043099,0.5739795234310849,0.5739795234310849,0.7143621035351088,0.5770610001406151,0.6193158352506869,0.6187226651067795
development-development-SME05684-009810,0.58935077239308,0.6302465333428868,0.5686310944049081,0.5686310944049081,0.709885288402396,0.5717317035303721,0.6151426904445289,0.6136520393799356
development-development-SME05727-009890,0.8468242941043338,0.9339325653718494,0.873130298415455,0.7875743026498511,0.873130298415455,0.8680130053458972,0.8157601204804952,0.8210709164634958
development-development-SME05727-009891,0.8740033350106791,0.9356372551576456,0.8911869103191971,0.8152308001118266,0.8911869103191971,0.8866438076076159,0.841458525009212,0.8453063740983203
development-development-SME05797-010005,0.4860127116540191,0.5332756834741028,0.5004225383499851,0.5004225383499851,0.6678098998473602,0.5040967852226501,0.5582189032126225,0.5731815188144587
development-development-SME05797-010006,0.5893362569253909,0.5947716516257954,0.5797091249305137,0.5797091249305137,0.7346189945133411,0.5831094838271953,0.6302392370103185,0.6254919299279814
development-development-SME05819-010038,0.7035601006448832,0.6844463909942097,0.6597046562957561,0.6597046562957561,0.7825411897224475,0.6624009873971883,0.7020380483088552,0.699072743912881
development-development-SME05863-010113,0.3807271288977321,0.4123462901223408,0.4186281400965623,0.4186281400965623,0.591023588331213,0.4224123172941209,0.4621399086694138,0.4640125305280891
development-development-SME05870-010123,0.5834366020862877,0.5727672776682136,0.5751580139298341,0.5751580139298341,0.7309668512178532,0.5785781056740251,0.6180192319771088,0.6134466419981472
development-development-SME05912-010193,0.2213479995016996,0.254024473500121,0.2644093572710956,0.2644093572710956,0.5045607240753117,0.26968081504755664,0.34174628678253627,0.34609882117495605
development-development-SME05912-010194,0.2099251336541316,0.2560601836786252,0.25445905080523007,0.25445905080523007,0.49161292117967814,0.2596647118465949,0.32817830847577256,0.3322250654481958
development-development-SME05913-010195,0.433763328501037,0.6338393908294964,0.6310796746073681,0.46014607981486827,0.6310796746073681,0.6257230051616398,0.5285390973932,0.538495871206295
development-development-SME05913-010196,0.5626199453119549,0.7043195755014893,0.7179436591883959,0.5591414122573884,0.7179436591883959,0.712967158547425,0.6177430260402688,0.6216182488389048
development-development-SME05926-010214,0.4315952914287748,0.496825242725786,0.4584641965277438,0.4584641965277438,0.6295015417889288,0.4622185626000276,0.5134567007955234,0.5125171817105414
development-development-SME05926-010215,0.532348361980768,0.5923073950377675,0.5359271974603744,0.5359271974603744,0.6985837531736924,0.539497600481259,0.5855642231269459,0.5871795371358876
development-development-SME05957-010272,0.4011482152641079,0.6258172753695488,0.5770239524660631,0.42360530242550504,0.5770239524660631,0.5678476441598125,0.49417476767869317,0.5007330862603553
development-development-SME05961-010279,0.7310183183255569,0.793144221516541,0.7997007688650974,0.6826260475035709,0.7997007688650974,0.7926982712039738,0.7203807136940217,0.72456219614956
development-development-SME05994-010342,0.1423137850193631,0.4986070496779727,0.402617237908757,0.19216702642751846,0.402617237908757,0.39602220772140795,0.2906721423672465,0.29742919455420486
development-development-SME06021-010389,0.4683914469527138,0.5716811817192645,0.4868843724354794,0.4868843724354794,0.655686783439757,0.49058968044190565,0.5375596992824067,0.5616468387598368
development-development-SME06027-010402,0.0344375041632755,0.0550990989127917,0.06819160123159479,0.06819160123159479,0.17173406577971803,0.07046441665296663,0.10130601647156384,0.09258021709779501
development-development-SME06050-010434,0.2542673847735638,0.3410735741809514,0.3142256877478792,0.3142256877478792,0.4790544895727674,0.3178437727945195,0.3722052929372256,0.3878165147183372
development-development-SME06055-010444,0.648906079139859,0.6833314595255238,0.7481529058728923,0.6154373605970397,0.7481529058728923,0.7439939030319626,0.6549862474542401,0.6550486444198228
development-development-SME06093-010505,0.6125945857979685,0.6058516830262141,0.5936453771627319,0.5936453771627319,0.7113249777065301,0.5962285106825306,0.6346706359434102,0.6306411271488305
development-development-SME06118-010548,0.7311261696876641,0.5556295393747679,0.6827171689320258,0.6827171689320258,0.7997681365765085,0.6852865036055813,0.7312690433528787,0.731625742153431
development-development-SME06118-010549,0.7390130107859848,0.5556295393747679,0.6894057324172832,0.6894057324172832,0.804695061178695,0.6919363981250399,0.7419495172317617,0.7389630385236117
development-development-SME06126-010561,0.1106783699424956,0.1741373329743075,0.1602275005800571,0.1602275005800571,0.35089267603666685,0.16441270858131096,0.2135746395157418,0.20962922381740395
development-development-SME06170-010637,0.4762308787129735,0.5267523988353771,0.49291156347887916,0.49291156347887916,0.661111274101974,0.49660364187244277,0.5552672364229081,0.5381346547869097
development-development-SME06170-010638,0.6101443943356957,0.6196551436850369,0.5958148442267983,0.5958148442267983,0.7473753750110613,0.5991416832501989,0.6476368654118305,0.6354415556006049
development-development-SME06170-010639,0.351859381854619,0.3566062329464151,0.39560665935116224,0.39560665935116224,0.5677804715125226,0.39938597151206645,0.45583594217399603,0.4142690480538132
development-development-SME06238-010743,0.6582503475424728,0.6294573402215984,0.629558291341346,0.629558291341346,0.7413686430732908,0.6320125915436294,0.6585468440691506,0.6373323107391056
development-development-SME06238-010744,0.6198577739560548,0.6354519919581288,0.5993136051132525,0.5993136051132525,0.7161366169021218,0.6018779360273717,0.6296017670285418,0.6313054309517627
development-development-SME06267-010788,0.424870857986328,0.4756874449439563,0.44905388772649296,0.44905388772649296,0.5789044878010147,0.4519041815418058,0.4929220200211434,0.5052198600110016
development-development-SME06267-010789,0.6566430555763824,0.6551683145444125,0.6282811485252484,0.6282811485252484,0.7403179762219021,0.630740420002529,0.6668498630303841,0.6737042878519222
development-development-SME06279-010808,0.3176834076884733,0.6327405097888713,0.538685740948727,0.3678263556418313,0.538685740948727,0.5285264913208909,0.4260381529870759,0.4395488524409659
development-development-SME06279-010809,0.4397879000886589,0.6487463731694023,0.6354407983175389,0.46481424718686887,0.6354407983175389,0.6252953929424718,0.5178788174301944,0.5397374053610742
development-development-SME06312-010867,0.4932475246030863,0.5438112335493549,0.5017454365569483,0.5017454365569483,0.6294256661816845,0.5045480895183381,0.539996771115443,0.5500157096367412
development-development-SME06312-010868,0.5526133265907468,0.5864469186917901,0.5472744574983693,0.5472744574983693,0.6709392658397392,0.5499889697007385,0.5786832285206628,0.5547880331077546
development-development-SME06312-010869,0.5296837799043627,0.617268885229974,0.529676178925877,0.529676178925877,0.6551187428768197,0.53242971386527,0.560323130699417,0.5739961492571115
development-development-SME06330-010901,0.4857190631934636,0.5811489661415157,0.6240213903067723,0.4959702027940774,0.6240213903067723,0.616362365962031,0.536734406157853,0.5420938596837005
development-development-SME06330-010902,0.5677572602675777,0.6466129557617548,0.6812606345781923,0.5589247348377051,0.6812606345781923,0.673943454218148,0.5930534022135578,0.6002229745658999
development-development-SME06331-010903,0.7192019236771203,0.7526115445890289,0.7923194784406338,0.6726961920152623,0.7923194784406338,0.7885707571657419,0.7111787464829085,0.7130319938258568
development-development-SME06331-010904,0.7352800577442643,0.7500907134687007,0.8023629109255873,0.686233697695432,0.8023629109255873,0.7987236859445555,0.7227843137940342,0.7244019126691785
development-development-SME06346-010930,0.6826838576741061,0.7976273639482608,0.7694588714783344,0.6426074921170377,0.7694588714783344,0.7619163251543383,0.6868928313397342,0.6851373399799047
development-development-SME06346-010931,0.6909850678961006,0.7941151432104421,0.7746667088672812,0.6493750999373745,0.7746667088672812,0.7672169060419589,0.6881273778591207,0.691381998822611
development-development-SME06346-010932,0.3768596806023954,0.6585228266504654,0.5577884652396083,0.4045921003722435,0.5577884652396083,0.5486794536979297,0.45654010150529545,0.46804681793177805
development-development-SME06360-010956,0.2614231756496602,0.543647886038444,0.4862143399642255,0.32043735577128296,0.4862143399642255,0.48101926694707337,0.3888854742622875,0.3980306683593643
development-development-SME06361-010957,0.6683631113122777,0.6113097439875087,0.6376190995429706,0.6376190995429706,0.7479704529335136,0.6400413739098195,0.6811204536060572,0.6470551174997795
development-development-SME06361-010958,0.7592771722300171,0.7150871787144948,0.7126948000540857,0.7126948000540857,0.8071006989016958,0.7147670627117858,0.7436804588941623,0.7485665892903538
development-development-SME06361-010959,0.7372633966307185,0.7036997780904518,0.6939923181670331,0.6939923181670331,0.7927566537652104,0.6961602509664765,0.7270385889232505,0.7315202001520005
development-development-SME06381-010990,0.0824979699810485,0.1443794730937995,0.12945589383822673,0.12945589383822673,0.29642932365543523,0.13312105467734814,0.1990742485333761,0.18678163344469245
development-development-SME06414-011052,0.7369168450997899,0.8242323608621611,0.8033854401834846,0.6876231387276358,0.8033854401834846,0.7997577133815736,0.7393384822004265,0.7381707574816527
development-development-SME06414-011053,0.7108525408075516,0.8283640285173379,0.7871016528015677,0.665740838173868,0.7871016528015677,0.7832984813511922,0.718414265870259,0.7192285970068907
development-development-SME06476-011162,0.5779904474740608,0.5667360418121998,0.5709618135520521,0.5709618135520521,0.7275806818312948,0.5743996859327837,0.618572624847892,0.5931058059004253
development-development-SME06476-011163,0.7537939222987984,0.6516271295160991,0.7114812674551407,0.7114812674551407,0.8319058559151816,0.714124655005928,0.7457928473468446,0.7451619554550722
development-development-SME06476-011164,0.7194038861395352,0.6792296393492835,0.6827696072528711,0.6827696072528711,0.8120117240157766,0.6856065445167407,0.7195934924028278,0.7199381293559949
development-development-SME06539-011279,0.3167030301213981,0.3648095806749404,0.3670196380228559,0.3670196380228559,0.537823095807269,0.3707688701332778,0.42655879410211417,0.42917150694704476
development-development-SME06539-011280,0.4052210533930391,0.4502058866906095,0.43790846903911285,0.43790846903911285,0.609914113473155,0.4416840898236751,0.4901345567040535,0.4890575697926881
development-development-SME06540-011281,0.6303637704237723,0.5527443276198855,0.607539910906008,0.607539910906008,0.7230727401750453,0.6100759215870687,0.644045436699537,0.640106621255859
development-development-SME06545-011290,0.7202572423776881,0.623052282725435,0.6735788168204103,0.6735788168204103,0.7929787950091755,0.6761997135985893,0.7034716508734931,0.7085961846437536
development-development-SME06545-011291,0.6719603950593228,0.623052282725435,0.6339209515864248,0.6339209515864248,0.7627170358155142,0.6367480981849312,0.6628177719229831,0.6698382995678664
development-development-SME06613-011405,0.4330500557923616,0.3604413633222234,0.45539636185763055,0.45539636185763055,0.5851331581601518,0.4582441576160433,0.4869572112943868,0.462543143120993
development-development-SME06613-011406,0.4681764187996481,0.3889021645169789,0.482495894567594,0.482495894567594,0.611287379600164,0.48532294021114597,0.5092502596746851,0.5126159087083517
development-development-SME06613-011407,0.3584973173199203,0.3040839150392852,0.39687840450442285,0.39687840450442285,0.5260471623596648,0.39971373149894684,0.42502797198990044,0.43269140556995667
development-development-SME06630-011432,0.3980076684845193,0.6082190021568805,0.6044245526301388,0.4322515640733835,0.6044245526301388,0.5941871965330368,0.48925772226514713,0.4995417229740239
development-development-SME06632-011435,0.4594854778995055,0.5695492525529211,0.6049013390664751,0.47580838563795413,0.6049013390664751,0.600855860001176,0.5271421350834139,0.5366865990759482
development-development-SME06641-011451,0.4028925322284648,0.4194316683240928,0.42496432413172436,0.42496432413172436,0.5783812777682861,0.42833191268243925,0.47092774551373723,0.47415267948446493
development-development-SME06641-011452,0.5079616138577097,0.5410692919205146,0.5059162287522009,0.5059162287522009,0.6552562015753611,0.5091943252775349,0.5564908942248199,0.5546933497315887
development-development-SME06719-011577,0.6748289622970349,0.5903999809496081,0.6427970351922465,0.6427970351922465,0.7521844408759567,0.6451981503639475,0.6775195264784458,0.6736045900128516
development-development-SME06719-011578,0.7870483569579494,0.6262748741707944,0.7369247363821992,0.7369247363821992,0.8253202986710239,0.7388650687668655,0.7594063025622909,0.7423735820758076
development-development-SME06719-011579,0.7578455552860021,0.6410709488487175,0.7114659464192883,0.7114659464192883,0.8061658152042042,0.7135446618827029,0.7346702419375719,0.7414832638073697
development-development-SME06748-011636,0.202580588939688,0.1497797560417671,0.2677494339453289,0.2677494339453289,0.42324529230864594,0.2711626556258245,0.3239227462021341,0.32211318780984977
development-development-SME06748-011637,0.3721238235223381,0.3711722666364651,0.4118040584825541,0.4118040584825541,0.5842132413522162,0.41558853716308775,0.46083059594666176,0.4620442842825497
development-development-SME06767-011665,0.7467025236968725,0.8481033300489208,0.809500793477351,0.6959765149109808,0.809500793477351,0.8059432012142091,0.7436420719573398,0.7438463828562323
development-development-SME06767-011666,0.7251001728727487,0.8358421117749273,0.7960041127958057,0.6776396768297691,0.7960041127958057,0.7922948410264393,0.7251446798865675,0.7275504975868969
development-development-SME06773-011675,0.0783839785473508,0.0871482488541731,0.12472437121662297,0.12472437121662297,0.2876112756873056,0.1282998305224851,0.17143390676242198,0.13592200985109776
development-development-SME06773-011676,0.0892526277239895,0.1561625786575073,0.13707861955263936,0.13707861955263936,0.31037851974147157,0.14088264998006186,0.1867741913007698,0.19824317691058305
development-development-SME06787-011699,0.6658282594432677,0.66022401534829,0.62898015299903,0.62898015299903,0.7588532796694659,0.6318309412858121,0.6681778303183739,0.6711879277318478
development-development-SME06788-011700,0.260950499457057,0.3804649325349001,0.3200284963519564,0.3200284963519564,0.4857451525940383,0.32366607030317457,0.3594971880236576,0.3856586680682534
development-development-SME06789-011701,0.3053326793518799,0.3236935048049358,0.3576188700072063,0.3576188700072063,0.5276946318239105,0.3613521287812324,0.421043382137725,0.3715981827329104
development-development-SME06789-011702,0.3988003993994082,0.4863412457767804,0.4328740566990227,0.4328740566990227,0.6050307631818138,0.43665299338064684,0.49594381916471386,0.5129953779236146
development-development-SME06846-011801,0.4988458401996714,0.4637875974637854,0.5060381324284814,0.5060381324284814,0.6334220214191038,0.5088342805460264,0.5413130273623334,0.5391679113395154
development-development-SME06846-011802,0.5649564892544251,0.563279060520143,0.5567679176809084,0.5567679176809084,0.6793588498117621,0.5594588576955519,0.5884210091031384,0.5922143735626864
development-development-SME06901-011900,0.7754558937506709,0.6856027271030358,0.7210295265637962,0.7210295265637962,0.827517275712104,0.7233669926411944,0.7608188235896637,0.7596081850053584
development-development-SME06914-011925,0.7715479811365189,0.8128667948127879,0.8250622884516792,0.7175761563270424,0.8250622884516792,0.8216939179421225,0.7535682940827919,0.7566896053284156
development-development-SME06937-011966,0.3650133098265804,0.4638845522924719,0.4061412340067371,0.4061412340067371,0.5785113812859811,0.4099248558340727,0.46941786713639794,0.47536509398488547
development-development-SME06937-011967,0.5208305629465547,0.5259306517123751,0.5271055744101384,0.5271055744101384,0.6910717704410222,0.5307047247737022,0.5862273081471003,0.5372868928574904
development-development-SME06952-011991,0.6239784615721199,0.8385234794979007,0.7188603411678098,0.6025361348569006,0.7188603411678098,0.7152150055478538,0.6434068539591942,0.6523189261531382
development-development-SME06956-011997,0.3166199404698427,0.4001923103110385,0.36695123924182055,0.36695123924182055,0.537749908064841,0.3707003662318423,0.4251423504793134,0.4215728275318509
development-development-SME06971-012024,0.7375773618487762,0.6982396324824632,0.6881844574924113,0.6881844574924113,0.8037980964957491,0.6907222419926593,0.7300767150662951,0.7318673096727202
development-development-SME07009-012087,0.6302997760091265,0.5992994018216636,0.6074896985120348,0.6074896985120348,0.7230305706334159,0.6100258857382349,0.6431117083327053,0.6408713514821096
development-development-SME07009-012088,0.7238652342807438,0.681315106316411,0.682795928104916,0.682795928104916,0.7840494477936284,0.6850184998972817,0.7098362933689578,0.7146479828003501
development-development-SME07013-012094,0.0879984339276366,0.1640859560708863,0.13567629406794016,0.13567629406794016,0.30783577076186863,0.1394552915572592,0.19117098153295564,0.18895040963818271
development-development-SME07027-012117,0.7627345864285247,0.6569825889158265,0.7098459112275813,0.7098459112275813,0.8195341575270029,0.7122536300202578,0.7398905008165398,0.7463399575292763
development-development-SME07027-012118,0.7809609324136424,0.6569825889158265,0.7259223050898905,0.7259223050898905,0.8309802036809719,0.7282283851421357,0.7542202132117796,0.7608758023413269
development-development-SME07030-012123,0.4495774908306572,0.6777372451316623,0.6136365794896883,0.46109521885194954,0.6136365794896883,0.6088562807618114,0.530128163144314,0.5275195848354064
development-development-SME07050-012158,0.3402060306948125,0.397071310589301,0.38620468814319886,0.38620468814319886,0.5580648462290443,0.38997711542046704,0.43368883158992,0.4334032197759148
development-development-SME07050-012159,0.4187451016475381,0.4746414789991372,0.4484722209016992,0.4484722209016992,0.6200500192597391,0.4522384502238913,0.4914493607467796,0.49473166792046597
development-development-SME07128-012294,0.436705427617799,0.4614561727917599,0.4624267635649825,0.4624267635649825,0.6332138437264109,0.4661756361773546,0.5174911756994396,0.5129921360423055
development-development-SME07128-012295,0.5706212371189723,0.5798034061225142,0.5652908694232265,0.5652908694232265,0.722975477357655,0.5687521353897109,0.6216239667434706,0.62312446491058
development-development-SME07161-012353,0.7252222127709093,0.7898809122167172,0.7849308629723174,0.6839240120178536,0.7849308629723174,0.7817655383737572,0.7230810314576746,0.7308511807631751
development-development-SME07161-012354,0.8073817591286778,0.8406937337346699,0.8387998966562684,0.7552023493857694,0.8387998966562684,0.8361801399738836,0.7861080961068283,0.7914271225016065
development-development-SME07181-012391,0.206091975947129,0.2418808701975612,0.25108917066194786,0.25108917066194786,0.4871545498515385,0.25627093870866774,0.31323993917293513,0.27990792465340036
development-development-SME07187-012404,0.4093775862149602,0.6235683015773608,0.6130506327035667,0.4411608044959207,0.6130506327035667,0.607663997081066,0.4944218938084809,0.49249694425766155
development-development-SME07187-012405,0.5708607791179878,0.71822084870536,0.7231256056005791,0.565475091930402,0.7231256056005791,0.7181851976561633,0.6112838918075576,0.6111640020640685
development-development-SME07285-012589,0.675908109796832,0.7521181286870333,0.7652010345405388,0.6371117528219284,0.7652010345405388,0.757539731697205,0.6886228610982061,0.6883030959478795
development-development-SME07335-012680,0.3416514294292122,0.5378290233198599,0.38737458149232973,0.38737458149232973,0.5592809767317276,0.39114802370116336,0.43710527039035624,0.4635900585623963
development-development-SME07358-012720,0.8542917688841887,0.7395018722914979,0.7950144195054177,0.7950144195054177,0.8780378952394523,0.7968368315641582,0.8249754528518489,0.8261570142172578
development-development-SME07372-012745,0.6474775721825322,0.6623705535509022,0.6142999052548929,0.6142999052548929,0.7472467814964093,0.6172181640761758,0.6621406756633501,0.6633892107390065
development-development-SME07372-012746,0.6273391269892958,0.665413309851999,0.5983505900010093,0.5983505900010093,0.7344182562906062,0.6013373519217606,0.6493736373423398,0.648961177459944
development-development-SME07424-012842,0.3668406004467178,0.5408843403550739,0.5329426522904706,0.40352228675879726,0.5329426522904706,0.5288869128757576,0.4588503913320221,0.4351880861887054
development-development-SME07430-012852,0.3632658383820378,0.4240850751473967,0.404746233732704,0.404746233732704,0.5770996729297684,0.4085294888082242,0.4421990957254194,0.4134148454205783
development-development-SME07430-012853,0.5126828282482453,0.5126773967404518,0.5208653763887265,0.5208653763887265,0.6857051155014847,0.5244837015149965,0.5533787100261245,0.5603495244268287
development-development-SME07441-012875,0.2173239737297418,0.3234011885109734,0.26091933744345874,0.26091933744345874,0.5000557295122741,0.2661685159527516,0.3443701511120275,0.3560787931701612
development-development-SME07450-012890,0.6072410326767101,0.5743419352494049,0.5825749924463158,0.5825749924463158,0.7214994884840668,0.5856244633892657,0.6255109930196501,0.6272893176124574
development-development-SME07450-012891,0.6234949531967272,0.5743419352494049,0.5953230276401061,0.5953230276401061,0.7319568857354367,0.5983222177899241,0.6384923890123945,0.6393000866457325
development-development-SME07450-012892,0.5988747203813459,0.5760313854123713,0.5760437352008357,0.5760437352008357,0.7160825741117377,0.5791176665975505,0.6202888976179175,0.6211167234609439
development-development-SME07462-012910,0.5792689731380832,0.596204028548198,0.5678019902112295,0.5678019902112295,0.6890455289060348,0.570463354180977,0.6115271708814857,0.6120469102407653
development-development-SME07465-012914,0.6701024066578474,0.6542614486539712,0.7615470459790835,0.6324219551355488,0.7615470459790835,0.7575005598004121,0.6762805417131872,0.6759106162159727
development-development-SME07465-012915,0.6560440502307248,0.653959474112515,0.7526737453823154,0.6211341196917473,0.7526737453823154,0.7485515931822487,0.6643035066348623,0.6648651614828422
development-development-SME07465-012916,0.6550893633429228,0.6668713928606276,0.7520697387637498,0.6203708987554116,0.7520697387637498,0.7479425971496809,0.6645287443900973,0.6652833026425863
development-development-SME07482-012944,0.4813202704702415,0.5158257755926657,0.496820647103174,0.496820647103174,0.6646059990144023,0.5005036300896075,0.5545562300515359,0.5515891574193018
development-development-SME07494-012966,0.5732899940423222,0.6094421651403441,0.5673437341103303,0.5673437341103303,0.7246464127618807,0.5707966165139183,0.6190128825225141,0.5762943625373959
development-development-SME07494-012967,0.6965626644766411,0.6826765402975609,0.6641362496561303,0.6641362496561303,0.7987319415254408,0.6670907009092063,0.7009386304840499,0.6922104552552896
development-development-SME07512-012999,0.7195410893111442,0.806332075733204,0.6729797685411079,0.6729797685411079,0.7925313777018438,0.6756039937045341,0.7129330672336993,0.7193338920132258
development-development-SME07512-013000,0.9132082051945228,0.8235521476938497,0.8586134836090429,0.8586134836090429,0.918518064615872,0.8599284229058554,0.8782080360968856,0.8812972928879851
development-development-SME07512-013001,0.4723627694294931,0.4908077861583477,0.4786109932229613,0.4786109932229613,0.6301710028499061,0.48193782080666525,0.5317949643789228,0.5006441771507406
development-development-SME07529-013030,0.0881788716014015,0.1297498833792821,0.13587839936621562,0.13587839936621562,0.30820288117007105,0.13966101881064347,0.18729536449225812,0.17962495493060415
development-development-SME07529-013031,0.0742339236729773,0.125531334201486,0.11987766983906203,0.11987766983906203,0.2784485408900654,0.12335838978017934,0.16749194262643877,0.1534759815067882
development-development-SME07558-013083,0.3867529382248038,0.4983763962654925,0.4233908134500841,0.4233908134500841,0.5957377966958118,0.4271739268138359,0.4892509845476194,0.4668848462147094
development-development-SME07603-013159,0.441879392188034,0.673071691244057,0.6079567284077861,0.45516394242477926,0.6079567284077861,0.6031685505823773,0.5101470757225216,0.5093655958839909
development-development-SME07603-013160,0.5439727341099276,0.7142458633689656,0.6798368834842689,0.5335653242334115,0.6798368834842689,0.6752530660482098,0.5849118022655372,0.5850650746912707
development-development-SME07609-013173,0.768588449217041,0.7149673296198927,0.7149715281037865,0.7149715281037865,0.8232047110307611,0.7173473074358138,0.7441965727216566,0.7497321481961972
development-development-SME07618-013192,0.511707675929628,0.435154893621646,0.5087891251886065,0.5087891251886065,0.6578480141444448,0.5120610517647209,0.545272510278998,0.5553996588165675
development-development-SME07618-013193,0.5227677156699249,0.4249947015079103,0.5172741956291779,0.5172741956291779,0.6654513122047588,0.5205267668048511,0.5553637128056712,0.5649912739925249
development-development-SME07637-013228,0.3637363636265299,0.3194627187685114,0.40512198375512964,0.40512198375512964,0.577480200538767,0.40890534370136633,0.4658696138510736,0.4578936097491037
development-development-SME07650-013249,0.7192019236771203,0.7240604213679763,0.7923194784406338,0.6726961920152623,0.7923194784406338,0.7885707571657419,0.7119548101844504,0.7124655840170455
development-development-SME07650-013250,0.6927498933913081,0.6912196811758596,0.7757728091785685,0.650819001479322,0.7757728091785685,0.7718570415107645,0.6965451059459828,0.6937356989470999
development-development-SME07654-013258,0.3893385156305759,0.4925417169803993,0.6542100605979646,0.4003944917958828,0.6542100605979646,0.646256058905654,0.4806684483529606,0.47380931532622556
development-development-SME07659-013267,0.2155011118234167,0.4529598084338437,0.49799512949763175,0.25933299616661265,0.49799512949763175,0.49051600195094597,0.33811949201813224,0.3532759575179536
development-development-SME07673-013296,0.2655897377525924,0.4958123353639409,0.49032766626728685,0.3240327221438193,0.49032766626728685,0.4851163615659107,0.3872745065653488,0.3957832039815683
development-development-SME07679-013305,0.3678850266514345,0.3939008004102668,0.40435195378305056,0.40435195378305056,0.5338002805209834,0.4071934174720283,0.4604296678897005,0.4156136197086425
development-development-SME07679-013306,0.4305615235646596,0.4924664686521661,0.4534681875167747,0.4534681875167747,0.583243958277751,0.45631683878650453,0.5042273272293832,0.5144044635559284
development-development-SME07712-013363,0.2582156046653372,0.3249930719100383,0.3140052910913838,0.3140052910913838,0.4356862182576676,0.3166762559844574,0.34959613005301815,0.3594439946273641
development-development-SME07712-013364,0.276163795635387,0.347956399013635,0.3293443312789384,0.3293443312789384,0.45304375243835676,0.3320596032521609,0.35943899698964854,0.3673526088794862
development-development-SME07718-013373,0.6287894689046637,0.6000655154688005,0.6063050369818572,0.6063050369818572,0.7220350685397462,0.6088453763642405,0.6362725225784199,0.6472036888232038
development-development-SME07718-013374,0.6705051914227751,0.6636050993876573,0.6393323555936583,0.6393323555936583,0.7493670668083238,0.641747679486385,0.6674188081039258,0.6713649313283702
development-development-SME07749-013425,0.6048743658496588,0.6810087606984344,0.7061945568088247,0.5876359512581896,0.7061945568088247,0.6991033047569772,0.6453514365710296,0.649253546464153
development-development-SME07749-013426,0.6682096153067956,0.7863526784885313,0.7478703528901273,0.6374964122640635,0.7478703528901273,0.7412686437244371,0.6891103469014634,0.6945230453180877
development-development-SME07778-013472,0.3642313775849792,0.3914999024970036,0.40551718514192386,0.40551718514192386,0.577880206220849,0.4093006505451483,0.4568388189152216,0.4174394075109528
development-development-SME07784-013483,0.6583025089765436,0.6178341020033732,0.6229412662592406,0.6229412662592406,0.7541018532414409,0.6258203150250808,0.6711738404058039,0.6718243851524158
development-development-SME07794-013500,0.0412789530486287,0.2070802908051729,0.19325618185362026,0.07795889037201356,0.19325618185362026,0.18964302740493225,0.131446210976002,0.13432895093996808
development-development-SME07794-013501,0.2214060395480095,0.3996566262808099,0.504625265922813,0.2644595773585748,0.504625265922813,0.4970990203804662,0.351258283665639,0.33562898825762666
development-development-SME07864-013620,0.0832701818241707,0.3171315804251978,0.29805648251859324,0.1303362933626348,0.29805648251859324,0.28802476757082857,0.21198560340964517,0.1962833138729554
development-development-SME07864-013621,0.1022014815870955,0.3486038398007278,0.3354826989783845,0.15123990740609175,0.3354826989783845,0.32446273068753667,0.22688093170421972,0.22639395901054615
development-development-SME07869-013629,0.4253963672366185,0.5993982480816559,0.6249632849150474,0.45364920536496095,0.6249632849150474,0.6195946919438237,0.5048770226159457,0.515853904933125
development-development-SME07898-013682,0.6123534561914683,0.5758961466181765,0.5934574471929914,0.5934574471929914,0.7111649921292118,0.5960411941079446,0.6352632040304269,0.6316810587699435
development-development-SME07898-013683,0.5631703303823139,0.5446826337138932,0.5553929864528528,0.5553929864528528,0.678144368562612,0.5580874484349134,0.5946538656889976,0.6006213981816446
development-development-SME07921-013721,0.4705028444719654,0.4539587061278138,0.48850843185719744,0.48850843185719744,0.6571527857546934,0.4922102704210977,0.5397973246004187,0.5481827039167713
development-development-SME07952-013771,0.6486341568149094,0.6580431941137904,0.6152207750801116,0.6152207750801116,0.7479804577286532,0.6181349248965843,0.6619144725847944,0.662360058960367
development-development-SME08051-013950,0.6410604124060854,0.5881901902991871,0.615952116109914,0.615952116109914,0.730108655658713,0.6184579164563638,0.657094294955161,0.6246847479849671
development-development-SME08142-014115,0.3628790130879796,0.6528990956505811,0.5767866087701724,0.40443725153083243,0.5767866087701724,0.5713855725547016,0.4565920248661176,0.47813489981599266
development-development-SME08171-014161,0.5187688444666455,0.8027685343271128,0.6474978711520482,0.5213088131106252,0.6474978711520482,0.6435433935526255,0.5712398126039789,0.5808596568012101
development-development-SME08185-014183,0.3087659388151285,0.6012785057397202,0.5307772578510335,0.36046623418668167,0.5307772578510335,0.5206506136478448,0.42398722887222734,0.4405242471879347
development-development-SME08185-014184,0.4397592308761426,0.6677930592250975,0.6354201282693852,0.46479205113701333,0.6354201282693852,0.6252746321586984,0.5224951224324967,0.5398722899103059
development-development-SME08208-014224,0.1097742878622674,0.4874287412064051,0.3492844514354082,0.15927871010298442,0.3492844514354082,0.34333010436663053,0.22449955373366423,0.2443363959971846
development-development-SME08247-014289,0.2777074331699765,0.4290960614437963,0.5020683062733149,0.3344040683311131,0.5020683062733149,0.49203993789122136,0.3649282760486506,0.3767098170232025
development-development-SME08293-014373,0.2132766252332268,0.4312575859290538,0.4954634216629156,0.257392499317687,0.4954634216629156,0.4880028213216479,0.3361262731799213,0.3485654795237568
development-development-SME08310-014402,0.5524927231620044,0.5533921515619896,0.5513677829544646,0.5513677829544646,0.7115255148297668,0.5548833353845398,0.6051575809131973,0.5960023886448421
development-development-SME08310-014403,0.6918020760478549,0.6461952983676198,0.660289993369606,0.660289993369606,0.7959534893965908,0.6632678835254274,0.7003493655480604,0.6983930129717324
development-development-SME08393-014556,0.6709436182606842,0.6328632621724259,0.6331004163195155,0.6331004163195155,0.7620768366563739,0.635931521397169,0.6779947563869997,0.6550241590977091
development-development-SME08393-014557,0.6678331208697632,0.6831265949861595,0.6305934700939099,0.6305934700939099,0.7601172447318123,0.6334365899067911,0.682681459738369,0.6823581134855659
development-development-SME08410-014583,0.4696259146570849,0.492910709126306,0.48783397940673673,0.48783397940673673,0.6565443629094375,0.4915372673576651,0.5308513320104579,0.5270814020827325
development-development-SME08410-014584,0.3081580787880177,0.3295285222870559,0.35996267386170494,0.35996267386170494,0.5302330354770206,0.36370020421092686,0.4106111291234401,0.4227832274162779
development-development-SME08437-014628,0.6289532749476163,0.6390936807495516,0.7354505005530898,0.5996233792630294,0.7354505005530898,0.7273263804348474,0.6386006872494806,0.641493122223611
development-development-SME08451-014645,0.4272221454350051,0.4325596476649432,0.4438454005176061,0.4438454005176061,0.5970019729122387,0.4472072735533903,0.5147628501668372,0.5111724062775336
development-development-SME08480-014694,0.5180210428029909,0.5235226567093517,0.5207356525338295,0.5207356525338295,0.6469734843022555,0.5235066440497835,0.5703665762947552,0.5581518360632458
development-development-SME08480-014695,0.5983682757609821,0.608877275353044,0.5825830049860546,0.5825830049860546,0.7018573040153768,0.5852011430358899,0.625230110872182,0.6210392171134873
development-development-SME08492-014720,0.7187875545534466,0.7254323074489712,0.7920605897861899,0.6723498499693544,0.7920605897861899,0.7849004260392254,0.7134122296471848,0.7121884041126774
development-development-SME08492-014721,0.7352800577442643,0.7291569455418324,0.8023629109255873,0.686233697695432,0.8023629109255873,0.7954169661940927,0.7227843137940342,0.7244019126691785
development-development-SME08533-014785,0.4423976193081801,0.5175971406186175,0.4668340122361607,0.4668340122361607,0.6373190716764443,0.47057625532357805,0.5074620134575338,0.5223685345037281
development-development-SME08537-014791,0.8381276278165302,0.8758696467640718,0.8674577582904003,0.7790444677905781,0.8674577582904003,0.8621695641120394,0.8120099892175163,0.8126137124947572
development-development-SME08537-014792,0.8709149186262694,0.8775535059847079,0.8891058039513873,0.8120034421390477,0.8891058039513873,0.8844941413996501,0.8401035517926118,0.841135394933163
development-development-SME08560-014832,0.2539715704492423,0.2520625712396557,0.3139678726418828,0.3139678726418828,0.47875584933052956,0.3175850615537862,0.34462737871226734,0.3467121917873895
development-development-SME08560-014833,0.3387389840611639,0.3177231330838465,0.38501615500924086,0.38501615500924086,0.5568272249040896,0.3887875047730657,0.41213886995951265,0.4170307238179523
development-development-SME08560-014834,0.2844034303505161,0.2576528386160168,0.3400834835098359,0.3400834835098359,0.508420152053189,0.34377856820689634,0.36725905194542535,0.35200521913327687
development-development-SME08574-014862,0.6464456420062638,0.5579799542927159,0.6134787563924112,0.6134787563924112,0.7465919152613829,0.6164006652110323,0.6624849459250204,0.6622697845488746
development-development-SME08604-014921,0.623782552757865,0.6011364700140952,0.5955493578489272,0.5955493578489272,0.7321411816730635,0.5985476253228148,0.6315408672537508,0.6350369410164147
development-development-SME08604-014922,0.6221511177750273,0.5897490693900522,0.594265848112212,0.594265848112212,0.7310954196233259,0.5972693342817499,0.6348250193963121,0.6341272812961118
development-development-SME08719-015120,0.5227910514905988,0.6888883366151843,0.6923564709017608,0.5286070271114554,0.6923564709017608,0.6872249363817542,0.5794524707188644,0.6035204484454886
development-development-SME08720-015121,0.658379282983055,0.7722895827625413,0.7541503817326565,0.6230027389946696,0.7541503817326565,0.7500405133853215,0.6590366718675411,0.6622758782760003
development-development-SME08734-015140,0.6421425761501942,0.6985730391461712,0.73081912807085,0.6168053770867176,0.73081912807085,0.7272461968572348,0.6605693976232081,0.6559752650885029
development-development-SME08734-015141,0.4998618082218258,0.5947082665960444,0.6341452733384872,0.506817027730957,0.6341452733384872,0.630155096196001,0.5486957849249098,0.534489978593769
development-development-SME08734-015142,0.6859508902279784,0.7833841298047802,0.7594226004570892,0.6517509465702149,0.7594226004570892,0.7560484161181534,0.6847827841226809,0.693072890986599
development-development-SME08741-015149,0.2980725929388236,0.3742883513097661,0.328397910536673,0.328397910536673,0.5807806011751786,0.3339378527610916,0.4003043760674659,0.4212530868595855
development-development-SME08741-015150,0.3127242346815747,0.3742883513097661,0.34018460707795056,0.34018460707795056,0.5936191119840292,0.34574763721801993,0.4123907454832369,0.43556274405985757
development-development-SME08756-015175,0.3280953695000417,0.6160912804531397,0.5477469990253391,0.3763583298285919,0.5477469990253391,0.537495864183965,0.43461982332424376,0.4435078667918485
development-development-SME08756-015176,0.4638114192022309,0.7171603938793316,0.6524937739878311,0.48335940141851247,0.6524937739878311,0.6423774736066844,0.527226843300755,0.544972796730266
development-development-SME08786-015231,0.4401110272395004,0.4455286301815421,0.4650644042655018,0.4650644042655018,0.6356737133237041,0.4688093747020211,0.4974616237224116,0.503925023931888
development-development-SME08797-015249,0.3626245324756533,0.6310455006249605,0.5765805413830514,0.4042339455345967,0.5765805413830514,0.5711795917032801,0.4778595660263257,0.49136556264676373
development-development-SME08797-015250,0.4333615132838141,0.7164239650204308,0.6307875414228418,0.45983444715659033,0.6307875414228418,0.625430260908029,0.5297027261354174,0.5440612596866379
development-development-SME08809-015270,0.0998552322174059,0.2109732959369764,0.14871456872588956,0.14871456872588956,0.3310809862448193,0.1527176143157955,0.2083370649617494,0.22603641094851662
development-development-SME08809-015271,0.0236334966376912,0.0791868197361746,0.05156277374797201,0.05156277374797201,0.13347266491279847,0.05336074199814613,0.08237788169654563,0.06518747368463523
development-development-SME08824-015295,0.5753173976186049,0.5609949992941135,0.564752360928259,0.564752360928259,0.6863788732167868,0.5674221313841145,0.6043070803906403,0.609863897555246
development-development-SME08824-015296,0.6579927402882285,0.643722204647878,0.6293535264500619,0.6293535264500619,0.7412002757928401,0.6318086256004055,0.6588792502277127,0.6601453582008917
development-development-SME08861-015364,0.2961824628869402,0.4921589047445855,0.5790900097352089,0.3268691579495755,0.5790900097352089,0.5640930308450343,0.4406362309241181,0.42073165499632326
development-development-SME08861-015365,0.278667588277391,0.5120524402271149,0.5630257187947253,0.3126052084337055,0.5630257187947253,0.5481357876848943,0.4256130923762404,0.424429161618069
development-development-SME08878-015390,0.6824177361301895,0.6511225596772005,0.642391175244249,0.642391175244249,0.7692917682325441,0.6451767147423068,0.6858694631660446,0.6905511757318795
development-development-SME08878-015391,0.5454215129784645,0.5927447628300807,0.5346799507908668,0.5346799507908668,0.6808110710138712,0.5378876111941095,0.5883084877667746,0.5913246551175699
development-development-SME08894-015417,0.2023087390786248,0.2644282282075905,0.2674963934310867,0.2674963934310867,0.42293017501737123,0.27090825249135914,0.33888197164901857,0.329695286032202
development-development-SME08894-015418,0.3573328535974928,0.356287980731459,0.39999982075732615,0.39999982075732615,0.5722752369377108,0.4037813631836806,0.45714889542576975,0.4131376347514811
development-development-SME08900-015425,0.1364429380038452,0.4425062081953693,0.39362374399290295,0.1864075945098792,0.39362374399290295,0.3871300619408486,0.2510704833893584,0.2673449748229646
development-development-SME08983-015559,0.6948973489860693,0.6432602673798921,0.6525784479017868,0.6525784479017868,0.7771182608654345,0.6553121669484971,0.6933148140780946,0.6935109766063932
development-development-SME08983-015560,0.7109754830532132,0.6432602673798921,0.6658429045180748,0.6658429045180748,0.7871785079528427,0.6685062893607239,0.7055311893654652,0.7057223049467078
development-development-SME09014-015614,0.5613481604273858,0.7519318147601194,0.6769040667630671,0.5539907606024249,0.6769040667630671,0.6730522437648823,0.610255394577714,0.6102582755346909
development-development-SME09014-015615,0.6433528131528307,0.7825669451880742,0.7316134083663816,0.6177601216919352,0.7316134083663816,0.7280455057386677,0.6637625936427418,0.6534955051336895
development-development-SME09014-015616,0.6156012853687071,0.8255072231521924,0.7133185359224348,0.5959900400638122,0.7133185359224348,0.7096417281559915,0.6433966718565335,0.6438891448251838
development-development-SME09026-015636,0.532710908480328,0.5238304678811447,0.5362049195028402,0.5362049195028402,0.6988188380556387,0.5397743866140343,0.6051064072844337,0.5767926704514738
development-development-SME09030-015640,0.8004508471423845,0.8262914407461851,0.8432943628668405,0.7435282425532923,0.8432943628668405,0.8373622982111849,0.7802914465236562,0.7825044173819706
development-development-SME09051-015680,0.0909354471579142,0.1164783839932126,0.13895122602703022,0.13895122602703022,0.31375775287054863,0.14278832775819236,0.1996784903929317,0.15180291589486244
development-development-SME09051-015681,0.008518851759799,0.024078194230231,0.023981399636791162,0.023981399636791162,0.06508360385217138,0.024883616171821315,0.03880491494070018,0.03379143216963983
development-development-SME09051-015682,0.0058421022542558,0.0162879306440513,0.018030555273174945,0.018030555273174945,0.049450236159295044,0.01872023496704939,0.029151651634032084,0.027750260145508014
development-development-SME09080-015726,0.6072410326767101,0.5095882114963642,0.5825749924463158,0.5825749924463158,0.7214994884840668,0.5856244633892657,0.6255109930196501,0.6272893176124574
development-development-SME09080-015727,0.427411888623308,0.3306780266570265,0.443992162480321,0.443992162480321,0.5971450023383175,0.4473539535848235,0.4969448550788902,0.4643612890376767
development-development-SME09084-015734,0.3749396165139017,0.5145662626856471,0.5864527224334821,0.41404076427247577,0.5864527224334821,0.5761403824190736,0.4863343618209026,0.47827832020734423
development-development-SME09084-015735,0.3697187782374359,0.5026084183240416,0.58229220038692,0.409891056304196,0.58229220038692,0.571980507186418,0.4711706941903953,0.48347544376220974
development-development-SME09273-016072,0.3208102610111885,0.3919581362814041,0.37039540494636514,0.37039540494636514,0.5414260940382727,0.3741496249119839,0.44701024520636795,0.4299657002857017
development-development-SME09284-016089,0.8302787877247331,0.7091581780660899,0.7764391865865576,0.7764391865865576,0.8541847108658306,0.7781457446378434,0.7948171662684387,0.780161317069264
development-development-SME09284-016090,0.4453744461029534,0.5012050942065612,0.46492754464481567,0.46492754464481567,0.5944159836844616,0.4677698888214109,0.49692989616978944,0.47170375013449267
development-development-SME09319-016148,0.4776538304250385,0.533143258407896,0.482672146489055,0.482672146489055,0.6339545079726362,0.48599287953961545,0.5292406399003625,0.5336615883590927
development-development-SME09326-016158,0.5570236355933348,0.5631249308908637,0.5548445069010743,0.5548445069010743,0.7144039717071609,0.5583469270319817,0.5901786728275891,0.6052619300223276
development-development-SME09353-016205,0.5369483919495646,0.7364809924046831,0.6750982588261127,0.5281643274575637,0.6750982588261127,0.6663616097688122,0.5706461568559436,0.5732863326396738
development-development-SME09362-016222,0.2670076278410143,0.3974705185524785,0.4917183385069375,0.3252527337126119,0.4917183385069375,0.48650168568893,0.4080206585391276,0.4111178635176639
development-development-SME09362-016223,0.4187251204622551,0.5296362637987331,0.6200351894954953,0.44845665123401574,0.6200351894954953,0.6146583089907373,0.5125776228168493,0.5218483509938352
development-development-SME09444-016365,0.5830805655714633,0.7415675917336295,0.7307459221293694,0.5748835482689901,0.7307459221293694,0.7214783904641316,0.6347679263639663,0.6443505989347631
development-development-SME09444-016366,0.6449696442775161,0.772780934016027,0.768342358783913,0.6230158495482793,0.768342358783913,0.7597012865816752,0.6715407521616115,0.6649584046814033
development-development-SME09444-016367,0.720986375908571,0.7839218731062578,0.812929175174907,0.6840724030166742,0.812929175174907,0.8052673887752818,0.7275762019842569,0.7260780631237111
development-development-SME09572-016584,0.1224959205337945,0.2105556460080623,0.1724318027954627,0.1724318027954627,0.3712002827484217,0.17679488289493006,0.23200795367919744,0.2414393174369559
development-development-SME09572-016585,0.1356664491106752,0.1589225020455301,0.18564060966539775,0.18564060966539775,0.39241538737156134,0.1901794325104236,0.2476164589473791,0.24237598636950364
development-development-SME09578-016594,0.4373302659030331,0.5496174433225888,0.4629108870685926,0.4629108870685926,0.633666006161335,0.46665905811750363,0.5133952924540379,0.5237672681818623
development-development-SME09578-016595,0.3638656933574052,0.3610128515122686,0.40522524631939233,0.40522524631939233,0.5775847402428325,0.4090086342995671,0.44677251162109877,0.4770868200590234
development-development-SME09637-016700,0.3824635942263176,0.5066985439657216,0.42000199735659394,0.42000199735659394,0.5923867263457185,0.42378593926067515,0.48599010234877926,0.49119329844142606
development-development-SME09637-016701,0.496824578439612,0.5717553676297213,0.5087147311958934,0.5087147311958934,0.6751274327424344,0.5123675837336205,0.5665592836046354,0.5228111406872805
development-development-SME09637-016702,0.4706537727759525,0.5970463547862885,0.48862450184733836,0.48862450184733836,0.6572574365086769,0.49232608975257264,0.5478787203547033,0.5566810687725416
development-development-SME09664-016741,0.4075827469157415,0.4402565391227641,0.4397570442158087,0.4397570442158087,0.6116986070922261,0.44353125837408447,0.4827902432185929,0.48344909381204293
development-development-SME09664-016742,0.3774019008205485,0.4913155292599269,0.41599405671828876,0.41599405671828876,0.5884026231866482,0.41977852186846665,0.45161929002286977,0.46832552156855917
development-development-SME09674-016758,0.5898978381467495,0.6133436264598915,0.5690562816897361,0.5690562816897361,0.7102421932372163,0.5721553919769594,0.6184435811395566,0.6222317881008697
development-development-SME09674-016759,0.5389714615773299,0.5722836086631967,0.5297193403788447,0.5297193403788447,0.6764656576207513,0.5329405047031873,0.5798529913473599,0.5847485399571875
development-development-SME09679-016766,0.3108874238205951,0.4885284424061988,0.4850369314419321,0.35832487713614364,0.4850369314419321,0.4810660643310564,0.4073513597811289,0.4056600891149709
development-development-SME09739-016868,0.6532467519153615,0.6817867216290407,0.7509034110675044,0.6188989718916188,0.7509034110675044,0.74676669267173,0.666781293297606,0.6686194930264862
development-development-SME09739-016869,0.4497258886037171,0.4688324784642551,0.6137455899308658,0.4612094787866462,0.6137455899308658,0.6089654557101566,0.522824744272809,0.5301527122800027
development-development-SME09739-016870,0.6366179592909175,0.6594535704632217,0.7403421876793115,0.6056800111747512,0.7403421876793115,0.7361221818504228,0.6598259403176727,0.6579660120065789
development-development-SME09823-017007,0.7027582173876609,0.6794385078334443,0.659043028570078,0.659043028570078,0.7820394833619487,0.6617428700355581,0.7006835371758582,0.7011249841096457
development-development-SME09823-017008,0.7192507205784786,0.678373911455639,0.6727369860297427,0.6727369860297427,0.792349965314327,0.6753625583019566,0.7122704130044493,0.7123576317504009
development-development-SME09872-017088,0.3122281961177786,0.5912822291334923,0.5338644184189663,0.3633298433230261,0.5338644184189663,0.5285202533414951,0.42412521869256525,0.4332852474644159
development-development-SME09888-017112,0.6143495794193894,0.7001744399888207,0.726083327656267,0.5881401336677636,0.726083327656267,0.7178812652429377,0.6400265802629588,0.6400006990568079
development-development-SME09888-017113,0.6252338327068132,0.7001744399888207,0.7330708003425669,0.5966918905318866,0.7330708003425669,0.7249617498139687,0.6474955325293041,0.6475929332670132
development-development-SME09888-017114,0.6032682549744971,0.651130486549384,0.7189302978067111,0.5794711914561609,0.7189302978067111,0.710638099682825,0.6379382372130622,0.6331363749822204
development-development-SME09909-017148,0.5884113760341362,0.6310319909882389,0.7092721579567404,0.5679011466121102,0.7092721579567404,0.7048419125278019,0.6231193466809573,0.6264994223494205
development-development-SME09909-017149,0.4416707321258543,0.6065243607304,0.6078020833586391,0.4550030557828977,0.6078020833586391,0.6030137099359332,0.5123339829704124,0.5214000891593713
development-development-SME09911-017152,0.6482790823366645,0.622082128163519,0.614938005952236,0.614938005952236,0.7477552502900459,0.6178534192802121,0.6537927921132722,0.6564844900090385
development-development-SME09911-017153,0.6627519579808465,0.622082128163519,0.6265084162552872,0.6265084162552872,0.7569123708866173,0.6293708565148216,0.6683907090235064,0.6676040723547827
development-development-SME09927-017183,0.5214460999503895,0.559075564292182,0.5275769863458621,0.5275769863458621,0.6914754017698744,0.5311746488869249,0.5801590689892218,0.578842644107161
development-development-SME09963-017248,0.6830982267977799,0.6710331149748868,0.6429443896502817,0.6429443896502817,0.7697190429191023,0.6457271647005561,0.7036444280369694,0.7040360238965262
development-development-SME09963-017249,0.664447620323953,0.6710331149748868,0.6278702817625496,0.6278702817625496,0.7579824243237981,0.6307263165827706,0.6912101415571106,0.6918172301378677
development-development-SME09965-017251,0.7194695750537293,0.7258077811130444,0.7811947358091362,0.6791504589874764,0.7811947358091362,0.7751272126264842,0.7163608567010862,0.7072331753903058
development-development-SME09965-017252,0.8126521970098461,0.7916554554002088,0.8423194092229134,0.7600248851169822,0.8423194092229134,0.8374262006239568,0.7871852228417546,0.7802806873711592
development-development-SME10086-017458,0.2694259002084577,0.2818530810321656,0.32732949009024986,0.32732949009024986,0.4940796904927675,0.3309897509179757,0.3894838228682873,0.3829012505810453
development-development-SME10088-017460,0.666045736068802,0.5887871627377433,0.6291550624131783,0.6291550624131783,0.7589904234141631,0.6320050217222429,0.6656321999375048,0.6697687852978128
development-development-SME10088-017461,0.682123870135946,0.5880259489304566,0.6421523514917,0.6421523514917,0.7691072321915244,0.6449390826356055,0.677396334864571,0.681138981274736
development-development-SME10105-017490,0.7711266427952498,0.8672715058712588,0.8247977491564112,0.7172047888867656,0.8247977491564112,0.8214260308961623,0.7532051209238892,0.757776711834431
development-development-SME10107-017494,0.4802882965948842,0.5266572619007113,0.49602822392156787,0.49602822392156787,0.6638990545279828,0.49971308321351016,0.5387887461843253,0.5623883023308893
development-development-SME10107-017495,0.6252898219155568,0.5806228170160388,0.6076013000911886,0.6076013000911886,0.7565480579704639,0.61087076532701,0.6421908055553379,0.6162449842613061
development-development-SME10139-017551,0.3398521114179384,0.3614682222003123,0.38191884923872643,0.38191884923872643,0.510338606473023,0.3847377352477154,0.42711104073808986,0.4497196336201228
development-development-SME10231-017721,0.3312942762063718,0.6049041414123437,0.5504949968054847,0.37896699329474703,0.5504949968054847,0.5451196999446883,0.43057126259962125,0.45261128941489603
development-development-SME10231-017722,0.4244036613595594,0.5161395371448312,0.6242328900502242,0.45287725501875,0.6242328900502242,0.618862994824884,0.49802219302626743,0.5067782868576335
development-development-SME10291-017829,0.1336480818947365,0.3168614844023091,0.18364105837809772,0.18364105837809772,0.38925321436869414,0.18815436102157249,0.2657841039906898,0.28359277527106685
development-development-SME10291-017830,0.1682262670538395,0.2651020799222914,0.21683546749875518,0.21683546749875518,0.4396000776377942,0.22172527617261167,0.29708659586841046,0.29800939298656204
development-development-SME10312-017862,0.5605139839075391,0.6149402807407286,0.55752406152317,0.55752406152317,0.7166136267926481,0.5610161670945587,0.6066107793023733,0.6175062109989187
development-development-SME10385-017987,0.4529250216410212,0.4198604803292552,0.4749681212098722,0.4749681212098722,0.6448310398864031,0.47869670795707886,0.5197004614156436,0.5300244519909518
development-development-SME10385-017988,0.4363357031773128,0.4010925416151626,0.46214026187877866,0.46214026187877866,0.6329461147292017,0.4658895465622486,0.5071209179182048,0.5069267556143208
development-development-SME10432-018064,0.6643084195024502,0.6959360733089182,0.7578946018119137,0.6277584314909119,0.7578946018119137,0.7538164307058252,0.6692078146648206,0.6721030057941124
development-development-SME10432-018065,0.6597438760480319,0.6856515360435969,0.7550127340256677,0.6240958150302857,0.7550127340256677,0.7509100960347991,0.6662349668559344,0.6690489505218723
development-development-SME10432-018066,0.6421725931707638,0.6959360733089182,0.7438775083106791,0.6100831646137418,0.7438775083106791,0.7396846983849142,0.6512691623598653,0.655674280448655
development-development-SME10446-018090,0.2730555708717948,0.2619457645259386,0.3267070456563333,0.3267070456563333,0.45008068165062304,0.3294151664616693,0.36948233329397073,0.33874061803697636
development-development-SME10489-018175,0.0430214584649058,0.0939212496141016,0.08037152424400973,0.08037152424400973,0.1984689344778494,0.08296382892185324,0.10853162701932523,0.09525682808957044
development-development-SME10489-018176,0.0227374805237286,0.1311878611852459,0.050099069339960604,0.050099069339960604,0.13000250787780102,0.05185299482475564,0.07048692812744406,0.07593749210518744
development-development-SME10499-018193,0.516953721957022,0.5401060195493563,0.519917605420075,0.519917605420075,0.6462245229103567,0.5226901134065393,0.5677980744730482,0.5686596438790982
development-development-SME10499-018194,0.5919137856039876,0.6300618830011077,0.5775796019720307,0.5775796019720307,0.6975413417582008,0.5802128297337079,0.6197228137220222,0.625681277013546
development-development-SME10512-018215,0.1969648177497879,0.2832767941178382,0.4166836394542085,0.26250127728623507,0.4166836394542085,0.4118519154768477,0.3224038882487079,0.3351895892244354
development-development-SME10512-018216,0.3456198963546502,0.5445208445203754,0.5626036778679444,0.39058109554538717,0.5626036778679444,0.5572128820339183,0.4464249333205995,0.46298192608087774
development-development-SME10521-018233,0.2431425224132512,0.2645947412632174,0.30447116694581666,0.30447116694581666,0.4676726406232431,0.30805353122296086,0.3635265708764277,0.3586965518507401
development-development-SME10521-018234,0.3604418502062751,0.3276900741679166,0.40248900661015535,0.40248900661015535,0.5748094329435184,0.40627153703472146,0.4605963624850459,0.4295779494544978
development-development-SME10598-018359,0.7372315498133456,0.7191946138458548,0.6878905358563349,0.6878905358563349,0.8035820496616747,0.690430029752353,0.7257326664787837,0.7259148920603924
development-development-SME10600-018362,0.4066378692154601,0.4818539809060962,0.43901766004912246,0.43901766004912246,0.6109854067600546,0.44279244895731495,0.5088076438618196,0.5104797040508986
development-development-SME10600-018363,0.3902632029266973,0.4134720711401662,0.42615913702628827,0.42615913702628827,0.5984634099419721,0.42994131287423726,0.4802850735032097,0.4394452116965257
development-development-SME10624-018403,0.7706680675421812,0.7141712276618283,0.7168008115154,0.7168008115154,0.8245098621684838,0.7191650858487763,0.7542796976987394,0.7577110441535236
development-development-SME10648-018441,0.297186634197615,0.3956029874132727,0.5202932851396075,0.3508310480788266,0.5202932851396075,0.5101573744590902,0.43176160548605896,0.45620405334793324
development-development-SME10648-018442,0.5165528464515489,0.6846701816983037,0.6882597519364243,0.5238294355675149,0.6882597519364243,0.6784248115462139,0.5894906174067205,0.5951087632749393
development-development-SME10699-018525,0.4427873909568148,0.7061877846762229,0.6375990425061784,0.4671355528177228,0.6375990425061784,0.6322571050834334,0.5274251929360247,0.5413845527769583
development-development-SME10718-018555,0.3154539970018512,0.2990620043356303,0.36599099134445073,0.36599099134445073,0.5367216504678235,0.369738625483256,0.4230621142804478,0.3922499825668965
development-development-SME10718-018556,0.3373740957592258,0.3042083905561356,0.38390936371841283,0.38390936371841283,0.5556728004099971,0.38767966790659464,0.4371844997982992,0.4506571263726505
development-development-SME10722-018562,0.4755379103247005,0.4853905458574873,0.4881536340389585,0.4881536340389585,0.6166557696076744,0.4909743282987909,0.5308467687528943,0.5270322998063227
development-development-SME10722-018563,0.5240009178367273,0.5452776307262667,0.5253192843401822,0.5253192843401822,0.6511585795931436,0.5280815277551296,0.5625775852904946,0.56220828606046
development-development-SME10722-018564,0.4951947121736361,0.5718632804664301,0.503238661647489,0.503238661647489,0.6308177944979975,0.5060390954777376,0.5456084024059835,0.5513403118321711
development-development-SME10766-018640,0.648906079139859,0.6270665746141605,0.6154373605970397,0.6154373605970397,0.7481529058728923,0.6183505415733197,0.6574111526942064,0.6579947009090036
development-development-SME10800-018701,0.3754197253073331,0.429684876905244,0.414421816352699,0.414421816352699,0.5868335377567742,0.41820635075549295,0.4671145187102101,0.4635227238870382
development-development-SME10825-018750,0.2263761408276277,0.2935160070932482,0.289526867806063,0.289526867806063,0.4498994345313405,0.29304713598210963,0.35886076141387424,0.36434288772728785
development-development-SME10826-018751,0.5088415568472316,0.5395465644579847,0.5179230336868164,0.5179230336868164,0.683159283389406,0.5215500624438839,0.5679666290776879,0.5668981290126448
development-development-SME10826-018752,0.6285211996330581,0.6213263770767231,0.6101241205141571,0.6101241205141571,0.7584938925413988,0.6133809205855154,0.652236365395086,0.6532711867671861
development-development-SME10858-018807,0.4592203499338901,0.5010429582993612,0.4756042218200723,0.4756042218200723,0.6047056833161487,0.4784380716216052,0.5160360601257714,0.5247231061600011
development-development-SME10858-018808,0.5034155970821671,0.5560082900423537,0.5095413020915727,0.5095413020915727,0.6366704206583581,0.5123318578548046,0.5422444070543194,0.5471661745528884
development-development-SME10878-018841,0.5827508234897893,0.7348804196645944,0.6913904904776446,0.570491340306148,0.6913904904776446,0.6876017865395783,0.6289576676994866,0.6286460909982289
development-development-SME10878-018842,0.4364207098007722,0.5803164160651949,0.5876839790122611,0.45800599272415354,0.5876839790122611,0.5836201663499443,0.5185074185240177,0.5047246418159055
development-development-SME10913-018902,0.7567791378032546,0.6964828506649944,0.7046658788095249,0.7046658788095249,0.8158042204868898,0.707105428012573,0.7445398995087669,0.7463545253182777
development-development-SME10913-018903,0.747595425058541,0.7003087821684832,0.6967428078864409,0.6967428078864409,0.8100590387580009,0.699230162984087,0.7418394534486313,0.742178484791654
development-development-SME10936-018944,0.4941152630318272,0.5277134810240524,0.5024108947400732,0.5024108947400732,0.6300463326182925,0.5052125644973962,0.5469515062786816,0.5434223028182895
development-development-SME10936-018945,0.5677938600862112,0.5821390128394858,0.5589529268489382,0.5589529268489382,0.6812854660778681,0.561638194993834,0.5975232070909688,0.5687104811593766
development-development-SME10936-018946,0.357395456576124,0.4015234165574355,0.3959987644975268,0.3959987644975268,0.5251305016106061,0.39883327886590686,0.436951256171913,0.4098912074003016
development-development-SME10941-018954,0.3177611441035973,0.4420085645918573,0.49114728566261784,0.3639671745501729,0.49114728566261784,0.48354036232127384,0.42116894419775,0.43139939913051517
development-development-SME10941-018955,0.7955176533904927,0.7821180932043179,0.8309174181792499,0.7444773238668271,0.8309174181792499,0.8257472452229471,0.7752263125907857,0.782250673283452
development-development-SME10968-018996,0.3493114854945111,0.5006439742846418,0.565673434447532,0.3935567763610659,0.565673434447532,0.5602796904933851,0.47653627232963036,0.4661042861086229
development-development-SME11024-019094,0.5704692753295518,0.5753769930723343,0.5539962412580428,0.5539962412580428,0.6974932577143197,0.5571460815998389,0.6078370093087586,0.6130713048482586
development-development-SME11025-019095,0.4181581189578077,0.4523881602209367,0.4480147897767355,0.4480147897767355,0.6196141926398634,0.45178149332998396,0.4997263015129161,0.4955661058366673
development-development-SME11025-019096,0.586129097258645,0.6373664653003444,0.5772343173114679,0.5772343173114679,0.7326356542611913,0.580645464193692,0.622891737858807,0.6329662709637434
development-development-SME11058-019151,0.7136944227151795,0.7276603089025353,0.6681027942837293,0.6681027942837293,0.7888779979277878,0.6707538780353041,0.7121611600119688,0.7091197331630819
development-development-SME11058-019152,0.6866526063799182,0.7012593951390336,0.6458381575499675,0.6458381575499675,0.7719497945259619,0.6486063790191434,0.691843235221792,0.6886674234070898
development-development-SME11061-019155,0.2712322783638316,0.3998323837435986,0.49583500732984664,0.3288774965375088,0.49583500732984664,0.4858489098594958,0.38942812284222683,0.3840251248944735
development-development-SME11076-019182,0.1531299693718131,0.4465326303842446,0.4185638070202628,0.20260521392917613,0.4185638070202628,0.4117961567022677,0.2815244705376734,0.28101548590300485
development-development-SME11076-019183,0.0524427895820715,0.2697896136027415,0.22505199882677818,0.09297131030431072,0.22505199882677818,0.22091289095019062,0.14645057569270095,0.14536975655103357
development-development-SME11112-019247,0.4028517724664584,0.5717344533055486,0.5618476463720823,0.43189889079757066,0.5618476463720823,0.557775348417187,0.47846495665521194,0.4756423178826312
development-development-SME11112-019248,0.4744846885744087,0.648891999663067,0.6158899410267259,0.4873445097654478,0.6158899410267259,0.6118616200588018,0.5299048137437555,0.5284121811879393
development-development-SME11112-019249,0.4473784155085966,0.6803054844691455,0.5959141531293278,0.46647471132229706,0.5959141531293278,0.5918578159076042,0.5093310146232856,0.5199122033403856
development-development-SME11120-019263,0.6826838576741061,0.6845147266873914,0.6426074921170377,0.6426074921170377,0.7694588714783344,0.6453919513482611,0.6783812239351357,0.6807803006897238
development-development-SME11120-019264,0.6973252961187764,0.6845147266873914,0.6545710550778396,0.6545710550778396,0.7786388738932499,0.6572944135871263,0.6895597867724121,0.6909940988636398
development-development-SME11120-019265,0.664447620323953,0.6849593832140501,0.6278702817625496,0.6278702817625496,0.7579824243237981,0.6307263165827706,0.6640513845716174,0.6675670892043498
development-development-SME11138-019296,0.2359974122274738,0.327378296750859,0.29813983762926266,0.29813983762926266,0.4601930369650327,0.30169699663779487,0.33969433757620043,0.3641479056558502
development-development-SME11138-019297,0.4334039491613785,0.4793433602300406,0.4598673605387043,0.4598673605387043,0.6308184012678939,0.4636198321778962,0.4999518600910938,0.470302464024142
development-development-SME11146-019312,0.6662426285669415,0.6610321076566344,0.6293134364486752,0.6293134364486752,0.7591145789977786,0.6321626446434462,0.6702679668618394,0.6746697036147815
development-development-SME11157-019332,0.3951384109004859,0.4277818217402016,0.4299967424794157,0.4299967424794157,0.602224269067052,0.4337772337022336,0.4727845393205914,0.4825457114066356
development-development-SME11157-019333,0.5036621914305185,0.4940010131578542,0.5139550075096876,0.5139550075096876,0.6797102464229869,0.5175934283722722,0.5531764035382676,0.5235026633748873
development-development-SME11230-019453,0.5187409859851945,0.5349303579929164,0.525505259267901,0.525505259267901,0.689699682729365,0.5291094193521245,0.5723097867218399,0.537099455742364
development-development-SME11267-019511,0.2666271151808634,0.2629052888837539,0.32492549719121383,0.32492549719121383,0.49134557933746686,0.328578511737262,0.38536624332276925,0.3988548716616602
development-development-SME11267-019512,0.4947729710934767,0.5304259856506186,0.5071418859852287,0.5071418859852287,0.6737456753656909,0.5107989330085484,0.5531887744319168,0.5663684227761386
development-development-SME11267-019513,0.3763899733006866,0.4679398186212608,0.4151916010015015,0.4151916010015015,0.5876022154610163,0.41897611110623884,0.45942893374367666,0.4667867332373775
development-development-SME11317-019593,0.4460711400400731,0.4144507491342299,0.4654655057987415,0.4654655057987415,0.5949371817111222,0.46830748201525074,0.49715475991634867,0.5089960496621428
development-development-SME11317-019594,0.4756604943983577,0.4505544101954718,0.4882478008167087,0.4882478008167087,0.6167448561815476,0.4910683835632044,0.518264754345293,0.5208647389530581
development-development-SME11332-019617,0.4681208233423544,0.5094658919231629,0.4866761698733276,0.4866761698733276,0.6554986109134492,0.4903819175503234,0.5302908472343363,0.4976156730654855
development-development-SME11363-019667,0.6611849507614735,0.6231701076191597,0.6252510873641715,0.6252510873641715,0.755923011579815,0.6281194097070264,0.6612983248852531,0.6650947689775286
development-development-SME11432-019775,0.518188218280588,0.5265484614721844,0.5208637852955978,0.5208637852955978,0.6470907398534378,0.5236345380506525,0.5635227169559206,0.5617921992328972
development-development-SME11432-019776,0.6029760095613728,0.6171409074977838,0.586160558940887,0.586160558940887,0.704930355661932,0.5887676228808739,0.6242731088359378,0.6343134488001727
development-development-SME11496-019892,0.547084473199669,0.7184225851944599,0.6671467262622698,0.5430273873770236,0.6671467262622698,0.6597666262747139,0.5954488977831498,0.6057802302219203
development-development-SME11529-019950,0.6721692879040418,0.6478263207096479,0.6340895921891927,0.6340895921891927,0.7628485405915135,0.6369159236353831,0.6722795669441666,0.6738219473075335
development-development-SME11532-019955,0.5787081063689626,0.6525868250547114,0.7029185157547302,0.5603729419539754,0.7029185157547302,0.6984514622142647,0.6176095710900398,0.6159220166096488
development-development-SME11542-019975,0.3248594515358212,0.5267374011941904,0.5449502351138855,0.3737135381959333,0.5449502351138855,0.5395840671380624,0.4458339789128086,0.42995729723794457
development-development-SME11542-019976,0.4702962441156924,0.6510356234416966,0.6570095022385594,0.48834954308129264,0.6570095022385594,0.6517240833539203,0.5565651584066016,0.5602432211860137
development-development-SME11657-020179,0.5709205126091231,0.4763298838008165,0.5543451542551345,0.5543451542551345,0.69779114974746,0.5574938746580322,0.607206033434335,0.5772032940873528
development-development-SME11657-020180,0.7564633609424243,0.6538524273073707,0.7043921611048174,0.7043921611048174,0.8156065530499541,0.7068333796540816,0.741196996200677,0.7486423970218937
development-development-SME11657-020181,0.716032951055483,0.6517121410502692,0.6700505795534494,0.6700505795534494,0.7903394246225994,0.6726909874603436,0.7094472943689593,0.7175767698246891
development-development-SME11662-020188,0.5929925412550253,0.6363462331146479,0.7122590182443043,0.5714628804888693,0.7122590182443043,0.7078467880439938,0.6328569436113864,0.6340198744051744
development-development-SME11662-020189,0.5818804647836221,0.6487373211138665,0.7049999296336926,0.5628319329105038,0.7049999296336926,0.7005447084986549,0.6240804417743623,0.6265810438224904
development-development-SME11676-020207,0.3635341830036605,0.5674048437169427,0.5773167282432669,0.40496053913397895,0.5773167282432669,0.571915477932556,0.47140181460194425,0.4835925121878461
development-development-SME11676-020208,0.435791613201217,0.5756766949505665,0.6325518796607732,0.4617185889957056,0.6325518796607732,0.6271983535178892,0.521240123803888,0.5286504146314149
development-development-SME11722-020289,0.3770005972461395,0.3356412089619907,0.404702937628917,0.404702937628917,0.557901946137093,0.4080657421612973,0.45671935348300374,0.41984905827635466
development-development-SME11725-020292,0.0589871813162288,0.4179254770772675,0.24214063415256395,0.10134234448886588,0.24214063415256395,0.23772833651635095,0.16108264390463922,0.15615996854950173
development-development-SME11725-020293,0.0656434483385186,0.4854069200890057,0.2585432423910459,0.10958642320229106,0.2585432423910459,0.25387527502600055,0.16913178623833913,0.18207133833260042
development-development-SME11850-020508,0.7206104164597715,0.7020005980891174,0.6738743767341419,0.6738743767341419,0.793199435635666,0.6764936289917646,0.714271932505014,0.7147002024211284
development-development-SME11850-020509,0.7371029196505893,0.6988059684502528,0.687781232087616,0.687781232087616,0.80350168856662,0.6903213612916241,0.7269584479840636,0.7263144095997714
development-development-SME11850-020510,0.7062166342606114,0.7036870086418441,0.6618995037528576,0.6618995037528576,0.7842029246380143,0.6645841327337055,0.7019043569739485,0.7020969969634384
development-development-SME11929-020651,0.3886673836201339,0.3431151837551812,0.4207747794875419,0.4207747794875419,0.550620547421039,0.4236249672346373,0.46557516500740614,0.4458631204782256
development-development-SME11956-020694,0.6991171794070242,0.7947706587784169,0.779760754186431,0.6560439625315104,0.779760754186431,0.7723609796310845,0.7004308576105541,0.7024508597072079
development-development-SME11986-020751,0.7175103075934083,0.6878979536751398,0.6712830612243295,0.6712830612243295,0.7912625587362541,0.6739166787780899,0.7192122416568987,0.7214670826859465
development-development-SME11989-020754,0.3469080182023645,0.6642349750293829,0.5636771135516043,0.3916201815272133,0.5636771135516043,0.5533860084345535,0.4531200332220257,0.472498892749754
development-development-SME11998-020771,0.745460215955966,0.6536592475042642,0.694911518576543,0.694911518576543,0.8087241797396195,0.6974097705987226,0.7328999177401226,0.7363271470871182
development-development-SME12005-020784,0.5655774488344836,0.6986224682199302,0.6797807644938119,0.5572460131937743,0.6797807644938119,0.6759408045425476,0.6015004264224155,0.6068822384612896
development-development-SME12005-020785,0.3949056785898995,0.5947304019504545,0.5555824409709594,0.42567495097268865,0.5555824409709594,0.5515114361852136,0.46459391161126107,0.48713185165273026
development-development-SME12031-020827,0.6770083058751225,0.6564405597757692,0.638002444926044,0.638002444926044,0.7658928600256463,0.6408097115770027,0.6749783751645253,0.67727636837666
development-development-SME12031-020828,0.6942327873852221,0.6564405597757692,0.652033666548235,0.652033666548235,0.7767019436809757,0.6547702054558198,0.6885045274910898,0.6910310769681556
development-development-SME12051-020862,0.1543073921499389,0.1867049377112464,0.20372873809247366,0.20372873809247366,0.4202537435083783,0.20848158392794403,0.27418892117976074,0.2220427643668457
development-development-SME12084-020913,0.3151684368812845,0.4434927446353707,0.3657556806077553,0.3657556806077553,0.5364694521202775,0.3695029440539898,0.4354987529934946,0.44263882073139227
development-development-SME12084-020914,0.4423849563605707,0.5396914753140809,0.46682421523661455,0.46682421523661455,0.6373099735344805,0.47056647366434945,0.5271725829876075,0.534082905165725
development-development-SME12183-021085,0.2702418942843226,0.2886254292413704,0.32802911375063715,0.32802911375063715,0.4948735178052555,0.33169144240159065,0.38613871200872374,0.3800175030655315
development-development-SME12197-021107,0.6803204445436414,0.6743872051345563,0.6406877471429316,0.6406877471429316,0.7679744853636993,0.6434817627463542,0.6791435406000865,0.6827720222311238
development-development-SME12197-021108,0.7124192631934706,0.6705848264099443,0.667042295567737,0.667042295567737,0.78808099937818,0.6696991632963912,0.703216624894949,0.7067500187005471
development-development-SME12197-021109,0.674747920106342,0.6744107579134332,0.6361731769350368,0.6361731769350368,0.7644712771746182,0.6389893925044635,0.6772847211556928,0.6802815244235791
development-development-SME12209-021125,0.1960886117787826,0.2122247359341695,0.2422166936728642,0.2422166936728642,0.47523377448048987,0.24733154985302083,0.3755851465901886,0.33048139205686755
development-development-SME12209-021126,0.0889859782791166,0.1258230676827103,0.1367809587476292,0.1367809587476292,0.30983966392857837,0.14057969480876567,0.23838951582070653,0.20458988550815996
development-development-SME12237-021174,0.3785371366933288,0.4026866683068992,0.41689381725132246,0.41689381725132246,0.5892990039410289,0.4206782082134551,0.47083389157134625,0.4662523707594878
development-development-SME12240-021178,0.3076231610935555,0.504868403137884,0.529753566754511,0.35951933941275743,0.529753566754511,0.5195714816302363,0.42663332287636435,0.4175992589863696
development-development-SME12264-021220,0.4979499310030446,0.5563499311026502,0.4982392422554988,0.4982392422554988,0.6482864759566664,0.5015328635554989,0.5432037414177193,0.5451397220495584
development-development-SME12264-021221,0.4822646269747252,0.5563499311026502,0.4862098774346424,0.4862098774346424,0.637235234308832,0.4895249690892583,0.5262121053176094,0.5309138003875884
development-development-SME12283-021255,0.4506998272552624,0.6336826903692953,0.643251741734856,0.4732505097992047,0.643251741734856,0.6379242904169841,0.538919896948999,0.553863140758367
development-development-SME12283-021256,0.5659602815158132,0.6883909910745615,0.7200484043093993,0.561707737306659,0.7200484043093993,0.7150863685318247,0.6161152628862668,0.5948281518792178
development-development-SME12295-021278,0.6480243624776486,0.7129263964511553,0.7475936751697303,0.6147351884345245,0.7475936751697303,0.7396939479788879,0.6600561353859662,0.6575408611581309
development-development-SME12295-021279,0.6685161423325876,0.7108881689110208,0.7605476896467814,0.6311435487796143,0.7605476896467814,0.7528533568620539,0.6720700468321315,0.6726390348525888
development-development-SME12309-021302,0.8555827420917198,0.9134302266813812,0.878890066713248,0.7963121190821651,0.878890066713248,0.8739800058334686,0.8334907748384104,0.83381042329065
development-development-SME12309-021303,0.9058549885539976,0.9065161944139376,0.9132376548148995,0.8500845914963128,0.9132376548148995,0.9094825919375301,0.8773260272662526,0.8774392695947598
development-development-SME12327-021335,0.349354739495294,0.4106136097308018,0.38956331500831926,0.38956331500831926,0.5183976306794594,0.392391300808514,0.4329058304354452,0.43073123392178037
development-development-SME12331-021342,0.49366189372676,0.5330134967950864,0.5020632158249095,0.5020632158249095,0.62972210846463,0.5048654004274593,0.5492630742647118,0.5609495294435349
development-development-SME12351-021380,0.5327906524771889,0.5429707646329067,0.5362660064501552,0.5362660064501552,0.6988705351997337,0.5398352674498794,0.5834857592543031,0.5775161547909697
development-development-SME12351-021381,0.7073472114623796,0.5872925333817731,0.6728956033031361,0.6728956033031361,0.8050116321751576,0.6757956245566498,0.7039817359427669,0.7150830985532204
development-development-SME12355-021387,0.820263358589944,0.8604559235126318,0.8559282848864734,0.7619348426077381,0.8559282848864734,0.8503394619969723,0.7965528921852875,0.798041560999889
development-development-SME12409-021477,0.7270627920787119,0.6657162761784473,0.6792903296233194,0.6792903296233194,0.7972300374574119,0.6818791726446561,0.7192188741276226,0.7185624845731005
development-development-SME12409-021478,0.7435552952695297,0.6705973163700386,0.693281077044423,0.693281077044423,0.8075335116922969,0.6957889823423143,0.7306524918843426,0.7308324507738853
development-development-SME12522-021681,0.2598036876823548,0.2665869519186354,0.29702428291805727,0.29702428291805727,0.5448566288902952,0.302464342513883,0.3816957970735416,0.3935794816291788
development-development-SME12522-021682,0.274696930666701,0.2287249517768037,0.3093454497344986,0.3093454497344986,0.5592792675889555,0.3148316378218793,0.3974991735988299,0.37209994210795333
development-development-SME12522-021683,0.2436256395984583,0.2329852669685389,0.28345536486910605,0.28345536486910605,0.5284773486208484,0.2888337354311401,0.3768825672655362,0.34497657213378863
development-development-SME12644-021908,0.3736055264901927,0.4757483047809905,0.41298143954970157,0.41298143954970157,0.5853929714206787,0.41676596979213726,0.45548611244414033,0.4670700889611952
development-development-SME12644-021909,0.5302213688531288,0.5219467163177569,0.5342979279473631,0.5342979279473631,0.6972028947183656,0.5378737837308916,0.567837408611869,0.5700161787078377
development-development-SME12644-021910,0.4973667301749984,0.5203887506652533,0.5091303232510414,0.5091303232510414,0.6754920504980501,0.5127820568741803,0.5454586627756197,0.5180198130980176
development-development-SME12646-021912,0.1834841742941596,0.2277605446961894,0.2308643391626677,0.2308643391626677,0.4595837647811236,0.23588485939059148,0.33918643955493266,0.26749200161381403
development-development-SME12646-021913,0.2718353306340298,0.3117443128288685,0.3069898195871141,0.3069898195871141,0.5565541005923428,0.3124678961324974,0.4200723345016486,0.4215747129939323
development-development-SME12649-021918,0.7809036576364803,0.8066069952729527,0.8309441452476021,0.7258712274616569,0.8309441452476021,0.8246965399492735,0.7717430002831192,0.7707254576846376
development-development-SME12649-021919,0.4833382255175569,0.6589635761666508,0.6379969875232768,0.4870334751479477,0.6379969875232768,0.6290207407449033,0.5637548131470862,0.5631386304504337
development-development-SME12650-021920,0.6599730265118569,0.6735645581438022,0.6242794547152379,0.6242794547152379,0.7551575082983357,0.6271523017138193,0.6676795653641837,0.6681288670901927
development-development-SME12650-021921,0.6814437656699854,0.6646856908824024,0.6415998145874205,0.6415998145874205,0.7686801073166571,0.644389298596015,0.6837405602262414,0.6841768243156116
development-development-SME12700-022010,0.7248399654095891,0.684769328098226,0.6774210480400716,0.6774210480400716,0.7958415747191944,0.6800204453058977,0.7150893084628589,0.7166467053363779
development-development-SME12748-022089,0.7076837699669984,0.6700554538261501,0.663113635793508,0.663113635793508,0.7851204413697842,0.6657917539012453,0.705504263010778,0.7078398834231396
development-development-SME12748-022090,0.5136492883892696,0.5099444368626395,0.5102783292670637,0.5102783292670637,0.6591880224543514,0.5135469809120178,0.5620162242404223,0.5681438994976035
development-development-SME12806-022186,0.0888158087925808,0.19496702496015,0.13659086290629327,0.13659086290629327,0.3094952870444503,0.14038621241163532,0.2143003362690474,0.22248826653766968
development-development-SME12825-022215,0.6248096072407299,0.6230977459887792,0.5963578409828368,0.5963578409828368,0.732799126372924,0.5993528040533002,0.6335853389254424,0.6358019047157931
development-development-SME12825-022216,0.6560558480527156,0.6074418149891148,0.6211435539630711,0.6211435539630711,0.7526812083606045,0.6240308795710765,0.6617071110498037,0.6594633364781272
development-development-SME12854-022269,0.4084642715360076,0.5469156050053359,0.582696297222369,0.42930019649146195,0.582696297222369,0.573521337640132,0.48957027366754036,0.49256522856359625
development-development-SME12876-022309,0.7828161292773173,0.6980523556832267,0.7275787707665506,0.7275787707665506,0.8321485380648415,0.7298741360619592,0.7607720146424817,0.7659128070087531
development-development-SME12876-022310,0.8029731434093414,0.6980523556832267,0.7458413878608411,0.7458413878608411,0.8448954112598127,0.7480156794706905,0.7764634876859904,0.7818864516845534
development-development-SME12889-022331,0.5015182542956556,0.6535419945601503,0.635323175354991,0.5080868760487266,0.635323175354991,0.6313358796001175,0.5525128536980863,0.5587704202253556
development-development-SME12889-022332,0.3527508142845081,0.6114746422303832,0.521250774142743,0.39228495425225496,0.521250774142743,0.5172092791528945,0.4344082743475834,0.44256187341373276
development-development-SME12903-022355,0.6658282594432677,0.6532375324243752,0.62898015299903,0.62898015299903,0.7588532796694659,0.6318309412858121,0.6790730195280466,0.6813013304674949
development-development-SME12903-022356,0.680469697887938,0.6511993048842407,0.640808892218542,0.640808892218542,0.768068250365456,0.6436023068139205,0.6876062656502033,0.6896741666079751
development-development-SME12912-022370,0.5794575172393838,0.5579799542927159,0.5609536426429416,0.5609536426429416,0.7034105841117614,0.5640806527528981,0.6070749027196022,0.6101400434726015
development-development-SME12912-022371,0.492139025856927,0.4117316691466379,0.4937833892043596,0.4937833892043596,0.6442115915438745,0.4970853729805676,0.5429667095630796,0.5136103500444876
development-development-SME12912-022372,0.5602591110866095,0.5587411681000026,0.54611087767785,0.54611087767785,0.690728614692724,0.5492853184671992,0.5949876300809036,0.599676807722024
development-development-SME13016-022551,0.6558123590607484,0.6809558891765177,0.6209488576597196,0.6209488576597196,0.7525271779413083,0.6238370759067868,0.6703508760510386,0.6753613466234386
development-development-SME13028-022572,0.5770078164615257,0.5532119050101242,0.5702051905124647,0.5702051905124647,0.7269681823122828,0.5736462264856563,0.6001170174772066,0.6176601103538567
development-development-SME13056-022620,0.5788659666826527,0.5620233381048833,0.5674908491325451,0.5674908491325451,0.6887738291988161,0.5701530788626133,0.6087652506650317,0.6041715418964183
development-development-SME13056-022621,0.673011118013943,0.6535785426969868,0.641339308569526,0.641339308569526,0.7510001952445099,0.6437464268030347,0.6739877627068191,0.6852340030123679
development-development-SME13056-022622,0.6571434979384159,0.6598184799690386,0.6286786820699464,0.6286786820699464,0.7406451530461992,0.6311364091775828,0.6632366142870665,0.6749835955447085
development-development-SME13067-022644,0.5805754374142096,0.5260758539683263,0.5729529415183606,0.5729529415183606,0.7291897064967576,0.5763824265164033,0.6195736987403035,0.6140571915627888
development-development-SME13067-022645,0.73488459446537,0.6188597834763262,0.6955868046519118,0.6955868046519118,0.8209762704009975,0.6983391740558643,0.7318366960081875,0.738162551086317
development-development-SME13078-022664,0.5346542303456195,0.5439811455832918,0.533488000398235,0.533488000398235,0.6585692422886594,0.5362336041148702,0.5753432801304632,0.5741434571397154
development-development-SME13078-022665,0.5962604463219129,0.6229263285256776,0.5809480547296,0.5809480547296,0.7004493190856876,0.5835711747962053,0.6204780853296741,0.5898484809043544
development-development-SME13082-022672,0.4749286780285573,0.682992953741016,0.6320083516547627,0.4805806747277961,0.6320083516547627,0.6272629532372253,0.5324718517224644,0.5366689839245263
development-development-SME13082-022673,0.6253900410547043,0.7816142427555912,0.7331708228999213,0.5968149098499818,0.7331708228999213,0.728897739226313,0.6427269285213248,0.6473206877048192
development-development-SME13115-022734,0.7324333241347589,0.7279413215084053,0.6838222829040886,0.6838222829040886,0.8005846394010652,0.6863852824003842,0.7592258314299951,0.7521821754050573
development-development-SME13159-022812,0.4533535373958244,0.4369281785846454,0.46400175894318146,0.46400175894318146,0.6164048383295788,0.46734709238299904,0.501303662057881,0.5116292798357619
development-development-SME13159-022813,0.4376682333675056,0.4369281785846454,0.4519156584483349,0.4519156584483349,0.6048285103548737,0.4552721816821199,0.4908218819724173,0.4994732158452195
development-development-SME13169-022832,0.7319222559867492,0.6725579345660648,0.6833900480915853,0.6833900480915853,0.8002654029435197,0.6859555279654233,0.7261884490209708,0.7282866432402898
development-development-SME13189-022870,0.2663348675262404,0.4784656162440488,0.49105906324858706,0.3246740818432861,0.49105906324858706,0.48110721002538903,0.357100963972126,0.3719288727836576
development-development-SME13196-022882,0.4410291380782352,0.3758696668196393,0.45450831609579956,0.45450831609579956,0.6073263449101187,0.4578627579092973,0.524734619132683,0.4922689384000578
development-development-SME13215-022912,0.7674790139135155,0.8500811805591992,0.8225087001898422,0.7139974590945662,0.8225087001898422,0.819108205100514,0.7560744559204055,0.7586286846840309
development-development-SME13215-022913,0.7249856897286474,0.8500811805591992,0.7959326012276471,0.6775434807553264,0.7959326012276471,0.7922225559020891,0.7229494154426475,0.7262375283932028
development-development-SME13271-023014,0.5852903677050312,0.5779532469620382,0.5765874049491171,0.5765874049491171,0.7321161799584746,0.5800013491685349,0.6124699310724581,0.6213777902884441
development-development-SME13271-023015,0.3609809838239617,0.4000179737667265,0.4029202132138017,0.4029202132138017,0.5752475183869277,0.4067028946327754,0.4429137824315458,0.4535324305376386
development-development-SME13277-023022,0.223902987307671,0.5703373099432965,0.447210587634586,0.2872959219705007,0.447210587634586,0.43764573828650016,0.3498815428306503,0.3708256853972146
development-development-SME13319-023098,0.4584647745963876,0.5222692368058981,0.47924054391126675,0.47924054391126675,0.6487434373556531,0.4829612279018289,0.5507498730349836,0.5450648297457261
development-development-SME13319-023099,0.572066516673903,0.615171981655558,0.5664024919069484,0.5664024919069484,0.7238808319247456,0.5698592301764739,0.6242355133453332,0.622728118291211
development-development-SME13319-023100,0.5423235984849338,0.6102984386134315,0.5435703809710668,0.5435703809710668,0.7050225100578689,0.5471143461490566,0.6034883934594812,0.5764529441226593
development-development-SME13320-023101,0.1506349397697317,0.3766475751086111,0.41495369057992515,0.20021634437501276,0.41495369057992515,0.40822431135713994,0.2678019948203009,0.26748106183535436
development-development-SME13320-023102,0.1589463532898073,0.3990451371545039,0.42682863506452523,0.2081322327997213,0.42682863506452523,0.419975188044209,0.2746441982916741,0.2924657922165783
development-development-SME13320-023103,0.043394888250379,0.2085356559710725,0.19957305716603643,0.08088494707950662,0.19957305716603643,0.1958536421871171,0.11904402808722878,0.12992895996115275
development-development-SME13330-023121,0.2793033303606301,0.3422200035377867,0.3357609070274228,0.3357609070274228,0.5035907278427569,0.3394448661313504,0.3945215014397917,0.38627646097170654
development-development-SME13330-023122,0.4458172306143876,0.5499914519163772,0.4694785119617772,0.4694785119617772,0.639770472235544,0.4732165164137185,0.5258269531444082,0.5478789045700445
development-development-SME13330-023123,0.426408573021669,0.4776739421844715,0.45443606714105433,0.45443606714105433,0.625706986774946,0.4581955603023894,0.5104792582737707,0.5168462460348258
development-development-SME13337-023133,0.781318026760154,0.8131672365092258,0.8312050341000934,0.7262408448839598,0.8312050341000934,0.8279156955358852,0.7626816956602267,0.763839002627003
development-development-SME13358-023169,0.181739138848047,0.3897646491655617,0.4573581350082836,0.22927641246014,0.4573581350082836,0.4437160634311371,0.2981189151878041,0.2960841977269253
development-development-SME13358-023170,0.1330865032309076,0.3989838730276075,0.3883678734757347,0.18308318498333429,0.3883678734757347,0.3760893428560161,0.2530848322571104,0.2491614771727454
development-development-SME13358-023171,0.159356793583309,0.5027372490360419,0.42740408049838813,0.20852009868781304,0.42740408049838813,0.4143121461092992,0.28315907639778837,0.29628264444890395
development-development-SME13367-023185,0.8497355750911794,0.9367051719590516,0.8750393063757679,0.790461723957786,0.8750393063757679,0.8723888376245436,0.8195551795373868,0.8238098005182175
development-development-SME13387-023213,0.5926350924696487,0.5477712047231669,0.5711847912402005,0.5711847912402005,0.7120262536901708,0.5742763406757084,0.6166210585630849,0.6209844851561432
development-development-SME13419-023263,0.5513464155634312,0.7671913644444072,0.6847841449838197,0.5392409475464643,0.6847841449838197,0.6802231527476669,0.5852709782924553,0.5870766634119096
development-development-SME13423-023272,0.4858925006488604,0.466034383439821,0.4961032898391212,0.4961032898391212,0.6241462887409374,0.4989139057904876,0.5333484225208613,0.5408520759428522
development-development-SME13423-023273,0.3099281983013616,0.2878179582901649,0.3575352057304328,0.3575352057304328,0.4841787202382882,0.3603151022110348,0.39281137176831654,0.3792311713854544
development-development-SME13435-023293,0.6844968096373011,0.6174628513292107,0.6440821912854617,0.6440821912854617,0.7705970029443222,0.6468592626660312,0.6843251542796974,0.6859890024119155
development-development-SME13440-023301,0.7398286945345741,0.6380787377737628,0.6997159911210236,0.6997159911210236,0.8238353764220625,0.7024404815437166,0.7376879995271884,0.7278835556761136
development-development-SME13440-023302,0.715145464000201,0.6323267662859107,0.6792718124813025,0.6792718124813025,0.8095414462155263,0.6821313043214837,0.7191253745596715,0.7161384006394242
development-development-SME13454-023326,0.5071305444115274,0.4150479400327798,0.5052789170550809,0.5052789170550809,0.65468003815227,0.5085583558194742,0.5575399240131612,0.5294671368530484
development-development-SME13454-023327,0.430760524697883,0.3525842242327635,0.44658116190756936,0.44658116190756936,0.599663881239293,0.4499414138270219,0.5087693631037244,0.4743516273350402
development-development-SME13454-023328,0.6055109566502233,0.6072023037435875,0.5812227930652714,0.5812227930652714,0.7203813178804326,0.5842774010717117,0.628764189970491,0.633406605095509
development-development-SME13470-023361,0.574422987163212,0.7303485592286565,0.7253546981958393,0.5682155469351329,0.7253546981958393,0.7159558584943455,0.6457352821619132,0.6311766723730676
development-development-SME13564-023529,0.8539507965261148,0.7244097891258007,0.7946722470971339,0.7946722470971339,0.8778130102065688,0.7964972336798314,0.8187101416466056,0.8242322627799452
development-development-SME13564-023530,0.8368185056188105,0.7268548621537236,0.7777723836629038,0.7777723836629038,0.8666075306770592,0.7797223651799051,0.8031749596132547,0.8091207613516402
development-development-SME13571-023539,0.3948652642305676,0.5345272131336753,0.6020143034391308,0.4297819452785194,0.6020143034391308,0.5917734172425566,0.5008031690668973,0.4947952823542634
development-development-SME13571-023540,0.3717261112048713,0.5650663874059061,0.5838960933486771,0.41148787816777255,0.5838960933486771,0.5736447507445444,0.4832777756525664,0.4941165663644854
development-development-SME13596-023586,0.4244542446181647,0.4320097785085315,0.45291659565905196,0.45291659565905196,0.6242701317711558,0.4566779022986209,0.5126931683650232,0.5125054758560537
development-development-SME13596-023587,0.5521500406166402,0.5165756450403285,0.5511049018693196,0.5511049018693196,0.7113073426825544,0.5546214356857665,0.6030188035855135,0.6121696894774411
development-development-SME13597-023588,0.4028301453595654,0.4002430483579217,0.4360352850651856,0.4360352850651856,0.6081011551403335,0.4398122278364946,0.4943089030216681,0.4610094344095366
development-development-SME13597-023589,0.5840641529171682,0.5777575273014608,0.5756418383791573,0.5756418383791573,0.7313561138545265,0.5790598544382948,0.6232157862566857,0.620792917722478
development-development-SME13642-023657,0.7301077627086381,0.7771952410373152,0.7991320073254491,0.681857099346429,0.7991320073254491,0.7954568788810704,0.738172052761513,0.7322679099196714
development-development-SME13704-023771,0.355040918123583,0.3903801222352953,0.39816196189703007,0.39816196189703007,0.570398326085816,0.4019426471101713,0.4577724988329853,0.4530145925873671
development-development-SME13704-023772,0.4497232700898556,0.4765300957961483,0.4724964334035012,0.4724964334035012,0.6425572191758586,0.47622936344491806,0.5296407584751626,0.5279241612891271
development-development-SME13704-023773,0.4331339516261472,0.4825988027022189,0.45965794275513516,0.45965794275513516,0.6306220256568859,0.46341070067736134,0.5171057963831531,0.5163267636052822
development-development-SME13770-023884,0.6668650893687905,0.705015022256052,0.7469934105462375,0.636422205241108,0.7469934105462375,0.7435283608715124,0.6680739422590924,0.6683308516621644
development-development-SME13779-023900,0.6826838576741061,0.6765456047011174,0.6426074921170377,0.6426074921170377,0.7694588714783344,0.6453919513482611,0.6774609900016181,0.6805940833029587
development-development-SME13779-023901,0.6973252961187764,0.6800578254389361,0.6545710550778396,0.6545710550778396,0.7786388738932499,0.6572944135871263,0.6886597459726487,0.6917240883077476
development-development-SME13814-023970,0.6944829798623955,0.6794385078334443,0.6522387333068116,0.6522387333068116,0.7768586831679679,0.6549742114035627,0.6902947753631595,0.6939181728015698
development-development-SME13814-023971,0.7109754830532132,0.6794385078334443,0.6658429045180748,0.6658429045180748,0.7871785079528427,0.6685062893607239,0.7053950602127879,0.70735661706978
development-development-SME13814-023972,0.6791773847858961,0.678373911455639,0.6397603535002878,0.6397603535002878,0.7672562761728144,0.6425589608202582,0.6803153970619963,0.6819921481872013
development-development-SME13855-024047,0.1404320606299561,0.2243086389833172,0.19032849998730983,0.19032849998730983,0.39976163197913467,0.19492567520633305,0.2522248379167285,0.2496198558709599
development-development-SME13894-024106,0.664447620323953,0.8062154722604068,0.7579824243237981,0.6278702817625496,0.7579824243237981,0.7539050061929611,0.6848990435401634,0.686960880592206
development-development-SME13902-024120,0.3439352426789446,0.6016230252793783,0.5611960574379238,0.3892208795578797,0.5611960574379238,0.5509098422168123,0.44013279615575784,0.4558030272736071
development-development-SME13902-024121,0.4539229854710656,0.6721709587950052,0.6455378721236905,0.4757381612036306,0.6455378721236905,0.6353817763862897,0.5272224649138542,0.5400010319081363
development-development-SME13924-024153,0.3684535310660269,0.3664443303020975,0.4088836958009574,0.4088836958009574,0.5812784996251428,0.4126678588533433,0.4655167326980625,0.4641376105208296
development-development-SME13929-024161,0.2041644914653767,0.5185565170447406,0.4848902145965961,0.24938851121894928,0.4848902145965961,0.47751012772466556,0.33462498429465726,0.3531580473062136
development-development-SME13936-024172,0.3863163030473384,0.4689474485604736,0.41201584973919636,0.41201584973919636,0.5653541004773246,0.41538171071695806,0.46057598817607726,0.4649315414206534
development-development-SME13936-024173,0.5890448316315676,0.6170292157916107,0.5683933437000872,0.5683933437000872,0.7096856427924922,0.5714947892538488,0.6136133008022013,0.6145667989641133
development-development-SME13937-024174,0.3723936926296284,0.3919778728234135,0.41201856681754534,0.41201856681754534,0.5844283249398449,0.4158030581251984,0.47034178511274893,0.46943396997117587
development-development-SME14026-024334,0.7936421726376862,0.8741456514654302,0.8389816544537417,0.737325102599312,0.8389816544537417,0.835795969709103,0.7738902860319217,0.7764079211717776
development-development-SME14026-024335,0.7822173697730779,0.8742774167047873,0.8317713844606082,0.7270437253624583,0.8317713844606082,0.8284894582114427,0.7656469964292774,0.767595759351795
development-development-SME14043-024363,0.6651128433697593,0.6617992127910428,0.6284049282394171,0.6284049282394171,0.7584020665544078,0.6312584386516519,0.6695189729093057,0.6700905683304359
development-development-SME14064-024406,0.2684124768500843,0.3638633776755699,0.3264597993996511,0.3264597993996511,0.4930917232390544,0.33011746399019243,0.38913891888980384,0.41017488481939657
development-development-SME14064-024407,0.2921685808871668,0.3256950479950102,0.34662645328367536,0.34662645328367536,0.5156710371530561,0.35033707712090445,0.4037565894991486,0.42839766558754505
development-development-SME14068-024414,0.299112141140997,0.3726208879092501,0.3524396513454778,0.3524396513454778,0.5220540351414715,0.3561627826120592,0.4064977033381656,0.41545756944540374
development-development-SME14068-024415,0.4007588501320099,0.438121789415189,0.43441105754448733,0.43441105754448733,0.6065252975649842,0.4381890620633432,0.48289383989915935,0.4869878142719465
development-development-SME14069-024416,0.3824847304536641,0.6300551233437482,0.5456641612980176,0.41590545661278505,0.5456641612980176,0.5415978191050248,0.4674913295219957,0.45307368539963544
development-development-SME14069-024417,0.5931490262506731,0.7311458419163772,0.6983683604875272,0.5785364442842255,0.6983683604875272,0.6946131012306882,0.6263392431631716,0.6278755290421393
development-development-SME14112-024489,0.2071014894777398,0.5201257841132486,0.48833444727146563,0.2519782356857302,0.48833444727146563,0.480927582059005,0.3318558142334132,0.35499020266376896
development-development-SME14142-024547,0.6683241207164977,0.7536296358523964,0.7604266846978293,0.6309888788667117,0.7604266846978293,0.7563703987438637,0.6773155001585165,0.678932212757408
development-development-SME14142-024548,0.6431528944553873,0.7459775762835719,0.7445006267589097,0.6108615103883357,0.7445006267589097,0.7403126813039195,0.6639247293125843,0.6606988464610074
development-development-SME14172-024598,0.6143495794193894,0.4850492046473831,0.5881401336677636,0.5881401336677636,0.726083327656267,0.5911680644779738,0.6348260099446993,0.6394483266727149
development-development-SME14172-024599,0.6252338327068132,0.4850492046473831,0.5966918905318866,0.5966918905318866,0.7330708003425669,0.5996854844232464,0.6428483461431395,0.6474182455193926
development-development-SME14215-024680,0.4685119261439933,0.4329941531095013,0.4827538778835646,0.4827538778835646,0.6115328507647347,0.4855806488783454,0.5377487979655762,0.5314425619141887
development-development-SME14217-024682,0.5748490523846773,0.629510384527867,0.7256208836622835,0.56854344061543,0.7256208836622835,0.716281104334687,0.6183956177268481,0.6232170007742532
development-development-SME14286-024808,0.6484027347523751,0.6058713781065402,0.6217497938698086,0.6217497938698086,0.7349246371588765,0.6242340454303766,0.6517624967765381,0.6563229306689539
development-development-SME14286-024809,0.7425227154405619,0.6870804751483602,0.6984243139392448,0.6984243139392448,0.7961783275804897,0.7005700696026282,0.724603818714838,0.7058524096043219
development-development-SME14286-024810,0.7086104637831011,0.6877720318509131,0.6701995391123805,0.6701995391123805,0.7741438841806968,0.6724811760375462,0.6942174782380575,0.6954266454280895
development-development-SME14306-024844,0.1355141040696306,0.4560132006239728,0.39217778192032554,0.18548998253010274,0.39217778192032554,0.3857006571565105,0.2619095305202703,0.27396668213355
development-development-SME14306-024845,0.1471683336232787,0.425508063707895,0.4098707850878037,0.19687865447626743,0.4098707850878037,0.4031960969458244,0.27718461223953783,0.27299962836759356
development-development-SME14306-024846,0.1172128922128406,0.5056498237908404,0.3622809786787864,0.16701995885098242,0.3622809786787864,0.3561619431543592,0.23921463565030288,0.2644417310135473
development-development-SME14320-024872,0.729666919047824,0.8238754649451288,0.7988566441278021,0.6814850462938637,0.7988566441278021,0.7918363896291688,0.7296882820709665,0.7308598093996947
development-development-SME14320-024873,0.7568459599541693,0.8207738365678019,0.8158460505424285,0.7047238127572497,0.8158460505424285,0.809199584070929,0.750360504485829,0.7514696547470274
development-development-SME14357-024937,0.7390638239613895,0.749811007416922,0.6894489892269585,0.6894489892269585,0.8047268094882631,0.6919794023166552,0.7342646527122922,0.7343352319664187
development-development-SME14363-024946,0.4252439670409302,0.5175001179133027,0.45353071153647306,0.45353071153647306,0.6248512204661584,0.457291293210784,0.49328835267707727,0.5114166465496652
development-development-SME14369-024957,0.4204401323287141,0.4470912055759558,0.44979263045698475,0.44979263045698475,0.6213065157106848,0.45355745685053495,0.5239160305115698,0.5196262111952167
development-development-SME14382-024976,0.6910268211055243,0.6491139407782164,0.6494092393975316,0.6494092393975316,0.774692881677537,0.6521592859167284,0.691463495502779,0.6916348343032224
development-development-SME14382-024977,0.5224498238022282,0.563854635810654,0.5170302309461402,0.5170302309461402,0.6652337696985821,0.5202833821034789,0.5639924394833254,0.5639559219218571
development-development-SME14414-025029,0.4588221785687402,0.5008660695199917,0.4795160121027052,0.4795160121027052,0.6489949135730883,0.4832361694559235,0.5087016434204513,0.5104883725642451
development-development-SME14447-025084,0.4918306243869735,0.6275287831340826,0.6284112181803815,0.5006587516824805,0.6284112181803815,0.6244077469216365,0.5429468137154345,0.5530813746536495
development-development-SME14456-025098,0.4526197268057001,0.4386165129597777,0.46343705857501927,0.46343705857501927,0.6158677761756173,0.4667829986892069,0.5089442983897475,0.478678751217543
development-development-SME14456-025099,0.5800789053303498,0.6010941357847456,0.5614352301012954,0.5614352301012954,0.7038184162103236,0.5645606212395587,0.6028040056406141,0.6076017682892215
development-development-SME14500-025174,0.3946345845655276,0.4274377563477995,0.42546226781637886,0.42546226781637886,0.5553676153632428,0.42831376336954835,0.4724047020562855,0.47911046951017267
development-development-SME14507-025186,0.4652879429190175,0.5378836878125536,0.484496112996529,0.484496112996529,0.653525100822955,0.4882063944918301,0.531019602214266,0.5302660891310353
development-development-SME14507-025187,0.6315725205022044,0.6299310155110798,0.6125091915688059,0.6125091915688059,0.7603278589037377,0.6157538945817356,0.6500757977111284,0.6201062648377351
development-development-SME14507-025188,0.566243359707776,0.6299310155110798,0.561925280040136,0.561925280040136,0.720226500344415,0.5654000809954709,0.6026572500489684,0.5704492211870383
development-development-SME14508-025189,0.822077282223555,0.7062035064584489,0.7636486167996357,0.7636486167996357,0.8570923319164118,0.7656997589824547,0.7904711240662826,0.7963005490137662
development-development-SME14508-025190,0.4857954893338954,0.5437209271358605,0.4889183603842606,0.4889183603842606,0.6397374855083873,0.49222892513579414,0.5384869314583445,0.54661559398868
development-development-SME14589-025327,0.4561634685863325,0.4695808663976217,0.4732495395231068,0.4732495395231068,0.6024461345202803,0.4760854775585766,0.5120168642405754,0.5213166593134637
development-development-SME14592-025332,0.4256148046308089,0.4659114889744672,0.45381903421251946,0.45381903421251946,0.6251238669816361,0.45757927178627567,0.5097121740348024,0.5134372392545394
development-development-SME14626-025385,0.7688478805096185,0.696529729166052,0.715199486850738,0.715199486850738,0.8233674925986737,0.7175738355069716,0.7555455466991966,0.7548525946248039
development-development-SME14626-025386,0.7503848748327788,0.696529729166052,0.6991412713421546,0.6991412713421546,0.8118033602525473,0.7016142676552809,0.7411635990202983,0.7404418566929247
development-development-SME14726-025573,0.3971279394943923,0.5351979595968979,0.5573407428527142,0.4274175261518981,0.5573407428527142,0.549615545969065,0.45798347427261366,0.4619232945271209
development-development-SME14726-025574,0.4476884806765924,0.5418622253820127,0.5961456839410171,0.466714036628305,0.5961456839410171,0.588449715630994,0.49897666070048596,0.5077728053094073
development-development-SME14792-025687,0.4396241862757686,0.433264011420873,0.4646874956691011,0.4646874956691011,0.6353227526337634,0.4684330356767835,0.5203047921199657,0.5188808426977678
development-development-SME14792-025688,0.4751636042196372,0.4917991828765398,0.4920914465453495,0.4920914465453495,0.6603757540850391,0.49578538188888505,0.536399921562622,0.5097877816376852
development-development-SME14799-025699,0.7423173705524119,0.7066689568049741,0.6922231906145337,0.6922231906145337,0.8067598488672708,0.6947373347806525,0.7320177369237284,0.7351865656849813
development-development-SME14813-025723,0.7593671611553277,0.7859497769451778,0.8174246351351154,0.7069127501459548,0.8174246351351154,0.8108536304201506,0.7419921812703463,0.7474250962457996
development-development-SME14813-025724,0.7295513088396172,0.7842450318893714,0.7987844308954196,0.681387501186391,0.7987844308954196,0.7918040434129684,0.717680226886549,0.7241074198617361
development-development-SME14846-025778,0.2039784379176946,0.197261910362405,0.26904896545345813,0.26904896545345813,0.4248616387046065,0.2724691413992006,0.3312291200622446,0.33402909552205584
development-development-SME14846-025779,0.404815007309135,0.4711296901719502,0.43759047226553865,0.43759047226553865,0.6096066753176118,0.4413663248177142,0.5002478788713036,0.5056546946350221
development-development-SME14851-025787,0.7141133654625418,0.690130173730506,0.6747259219650115,0.6747259219650115,0.7777168263058502,0.6769866303291445,0.720772901120869,0.7269358286969663
development-development-SME14869-025821,0.3129786136505502,0.3611040914946402,0.3600444584192986,0.3600444584192986,0.48690318252702286,0.36282907887184335,0.388088402882046,0.39882279813492716
development-development-SME14869-025822,0.3621442660278828,0.3970634716398347,0.3997861181685176,0.3997861181685176,0.5290710676771461,0.40262399563528317,0.4247257588462477,0.42432785814221335
development-development-SME14932-025936,0.614789640170043,0.5323099107289575,0.7263665520677468,0.588485151356853,0.7263665520677468,0.722045663086158,0.6476794945492803,0.6481552672154223
development-development-SME14932-025937,0.6501772174702232,0.5661137623782762,0.7489588134420864,0.616450234699104,0.7489588134420864,0.7448062964607928,0.6690132690724659,0.6715118744599625
development-development-SME14932-025938,0.6037925175028024,0.5664856995330219,0.7192696501597777,0.5798805269209677,0.7192696501597777,0.714901512589006,0.6341068035423327,0.6378012575118823
development-development-SME14945-025960,0.5961660690394008,0.5711029045258721,0.5808748735261758,0.5808748735261758,0.700386244121314,0.583498215430421,0.6282746382137883,0.6301209525354549
development-development-SME14945-025961,0.6829856727886301,0.609654674260953,0.6493576605348879,0.6493576605348879,0.7574939448440633,0.6517313128876723,0.6845450775360578,0.6769346554885336
development-development-SME14951-025973,0.6927686685023475,0.6414968124825016,0.6508343723270223,0.6508343723270223,0.7757845745637995,0.6535770996494465,0.6865640076173453,0.6888969951200077
development-development-SME14951-025974,0.6759984019695465,0.5717743081096177,0.6371848272640651,0.6371848272640651,0.765257819214253,0.6399961015797381,0.6742135444833781,0.6765148183194987
development-development-SME14996-026044,0.3626227175765022,0.3943595250051619,0.4042324954986804,0.4042324954986804,0.5765790714367515,0.4080155999217997,0.4550618022792084,0.41624559828170704
development-development-SME15004-026060,0.4327931907121922,0.5720386350640925,0.6303740791591144,0.4593936152461861,0.6303740791591144,0.6202076302323865,0.5341107096655191,0.5182380940990757
development-development-SME15004-026061,0.4972923073801235,0.5911267537400661,0.6754420111814733,0.50907327472046,0.6754420111814733,0.6655497742350553,0.5796404521946231,0.5653233225782869
development-development-SME15006-026064,0.0892503214747251,0.1225682122875554,0.13707604619631733,0.13707604619631733,0.310373863204571,0.1408800308967527,0.19518875930685203,0.19114398742101252
development-development-SME15026-026098,0.5440432425381756,0.5532046524681571,0.6650547505294783,0.5406923876322562,0.6650547505294783,0.6576163629322921,0.5777068738598207,0.576727253517898
development-development-SME15026-026099,0.5782925093930849,0.5969292065083381,0.6883871125267282,0.5670481595513248,0.6883871125267282,0.6811295617546052,0.5998032444851352,0.5994770462536283
development-development-SME15079-026188,0.434513729122583,0.5923359526984588,0.5862419579307533,0.45652985062782164,0.5862419579307533,0.5821770759935653,0.5021680295066544,0.5114656090286813
development-development-SME15100-026227,0.6599730265118569,0.6803182053140845,0.6242794547152379,0.6242794547152379,0.7551575082983357,0.6271523017138193,0.6622827875739028,0.6640051142181601
development-development-SME15100-026228,0.6517733546995172,0.6849004237521248,0.6177230532767425,0.6177230532767425,0.7499702531315123,0.6206259538072149,0.6574906795873434,0.6578642922989888
development-development-SME15152-026313,0.5104707283562498,0.5430581078459228,0.5149488614985789,0.5149488614985789,0.6416620446450093,0.5177302872450413,0.5645128340493943,0.5584299669003557
development-development-SME15152-026314,0.5459829538090787,0.5443610364312995,0.5421815719980563,0.5421815719980563,0.6663895070312456,0.5449080061372492,0.5858560056044729,0.5554798488768108
development-development-SME15152-026315,0.3583478298377877,0.3930996483688431,0.39675909626077216,0.39675909626077216,0.5259228838956932,0.3995943141561604,0.44613947952468364,0.4461404451465338
development-development-SME15198-026390,0.2335666593795389,0.4868323558387702,0.5178851757181675,0.27491091219225816,0.5178851757181675,0.5102709158349213,0.3551932832703275,0.3766688596818438
development-development-SME15198-026391,0.079960939325555,0.2051454117575964,0.2910216126598857,0.1265463762101228,0.2910216126598857,0.28586733345140763,0.18726359310858728,0.18923383895460538
development-development-SME15198-026392,0.2254110918768101,0.4567617392438552,0.5090496315653582,0.26791709175209694,0.5090496315653582,0.5014930871075145,0.3447248948290144,0.36044052752084277
development-development-SME15228-026441,0.2642096227802383,0.2892868474997006,0.3228435181110919,0.3228435181110919,0.4889696293573419,0.3264900798302938,0.35483412154251465,0.3284383099164806
development-development-SME15228-026442,0.4204694844461635,0.4154634064502912,0.4498154887393392,0.4498154887393392,0.6213282473113212,0.453580290401591,0.4798007275580055,0.4827329365055883
development-development-SME15228-026443,0.4232093898937689,0.4062686107888318,0.4519482343447426,0.4519482343447426,0.6233528455646417,0.4557106621116978,0.4819145659741898,0.48446726076798435
development-development-SME15254-026488,0.5898422242540025,0.6666062593442666,0.5690130545445643,0.5690130545445643,0.7102059160838406,0.5721123173880225,0.6084191888344627,0.6162866282379349
development-development-SME15265-026507,0.1939334725618824,0.4280108435176842,0.472609218743594,0.24028975442262862,0.472609218743594,0.4653288559940317,0.33409168433268055,0.32232588839964593
development-development-SME15265-026508,0.1996618430165286,0.4348619184721404,0.47954058244330733,0.24539929774826527,0.47954058244330733,0.47220312799363034,0.33455325469404484,0.34450138616600645
development-development-SME15265-026509,0.1817241371655964,0.4323000569158177,0.45733893718567675,0.22926274358944004,0.45733893718567675,0.45019154887375323,0.3172876695397436,0.32508332248266536
development-development-SME15269-026517,0.4199534075152801,0.6095943111349772,0.5914979080113716,0.4382179317765705,0.5914979080113716,0.5866944627533717,0.5057768161347258,0.5095453700526518
development-development-SME15330-026627,0.3598811385026749,0.455320923143767,0.40204040289688836,0.40204040289688836,0.5743533854524884,0.4058227699263396,0.4790040603257617,0.49152632102330124
development-development-SME15330-026628,0.4585955867265791,0.5470290413285998,0.4793413693747973,0.4793413693747973,0.6488354923161205,0.4830618608478769,0.5531728192758933,0.5697392905968478
development-development-SME15380-026717,0.8254962166295958,0.8481301825489356,0.8592901835348035,0.7668927281603266,0.8592901835348035,0.8537636876556839,0.797366854395222,0.8024703483301299
development-development-SME15386-026727,0.5161867121674706,0.5356773444056121,0.5193297388875411,0.5193297388875411,0.6456859198645366,0.5221033282352883,0.5544528877254378,0.5495475115031591
development-development-SME15402-026751,0.5091864194362297,0.5628925942598485,0.5181872080263048,0.5181872080263048,0.6833882626050461,0.5218134642305787,0.5634358788296138,0.5838781071310986
development-development-SME15477-026890,0.8008652162660582,0.8297499002109522,0.8435572556821733,0.7439076781935311,0.8435572556821733,0.8376321206291757,0.7755450108722357,0.7787281179123469
development-development-SME15477-026891,0.8225062240966694,0.8322707313312804,0.8573677986604362,0.7640546196001017,0.8573677986604362,0.8518194240251292,0.7943323891488461,0.797479387151929
development-development-SME15500-026926,0.4577860416379992,0.6356742571187833,0.6482655576474153,0.4787173562022467,0.6482655576474153,0.6429523032730367,0.5350354274332361,0.547119302177737
development-development-SME15500-026927,0.586129097258645,0.6978603780566517,0.7326356542611913,0.5772343173114679,0.7326356542611913,0.7277657303911971,0.6265975819062121,0.636105932035759
development-development-SME15547-027009,0.3798846228501236,0.3550961475532079,0.41796115201024875,0.41796115201024875,0.5903608471466181,0.42174542242969226,0.4730495434930776,0.430659596962006
development-development-SME15549-027011,0.8743442319256358,0.7434917129477893,0.8155884920546861,0.8155884920546861,0.8914171449320941,0.8172529736989446,0.8452319287631702,0.8443638622692431
development-development-SME15549-027012,0.4850722368185042,0.589126589029161,0.48836360113100274,0.48836360113100274,0.639225633694974,0.4916751077250102,0.5405917964476374,0.5443983424731254
development-development-SME15572-027060,0.4110086612318249,0.6517364033476938,0.6142762136494118,0.44243566052933053,0.6142762136494118,0.6088911221958985,0.502965978839416,0.5221938326535878
development-development-SME15572-027061,0.599497623199775,0.7492939403974658,0.7408719114009693,0.5875628186020413,0.7408719114009693,0.7360675536961819,0.6400079112957926,0.6323203961213555
development-development-SME15578-027070,0.1200289629072827,0.1878148210180415,0.16991324992732365,0.16991324992732365,0.367066222584965,0.17424086873165806,0.24605030076176604,0.24251742057160083
development-development-SME15585-027081,0.3115822249748357,0.5787446841705629,0.5332900515878888,0.36279615121710157,0.5332900515878888,0.523152533588634,0.41956432715704206,0.41895940642485596
development-development-SME15593-027093,0.2638949580332383,0.3840323053547795,0.48865938502243883,0.32257214500415454,0.48865938502243883,0.4834545892945347,0.3791128805116261,0.37780462730430125
development-development-SME15611-027120,0.5585059583141398,0.5391734956462648,0.5447586232127053,0.5447586232127053,0.6895622945353387,0.547937145364845,0.5824499151897075,0.5834417973547037
development-development-SME15619-027135,0.5643406753445827,0.5525523574964406,0.5604632642267452,0.5604632642267452,0.7190286309042001,0.5639438633437626,0.6124486224665124,0.5721773238443894
development-development-SME15619-027136,0.7304473248751723,0.6476547631233304,0.6918960501572273,0.6918960501572273,0.8184088808688954,0.69467307805489,0.7272023004665972,0.7252193236537693
development-development-SME15619-027137,0.6985323154756263,0.6640372022509533,0.6657311662398331,0.6657311662398331,0.799880295577961,0.668675815193805,0.7082271317441791,0.7054540629152273
development-development-SME15632-027156,0.2626331538449249,0.3648542530045785,0.44001504317199597,0.3178060007858165,0.44001504317199597,0.4327054504304957,0.3614223223661017,0.3704834967653612
development-development-SME15632-027157,0.4580797234892661,0.579339701409539,0.6038633606208615,0.47472576333819966,0.6038633606208615,0.5961393557082849,0.5133276173028806,0.5193329808821698
development-development-SME15636-027162,0.3885202292760089,0.6954620757625138,0.5971119162267559,0.4247851142683683,0.5971119162267559,0.5917115868424055,0.502773724022879,0.4961430522573903
development-development-SME15636-027163,0.4386168822554182,0.7646991559902174,0.6345958695929907,0.46390749064438097,0.6345958695929907,0.6292468846531676,0.542520499919553,0.5445565835089032
development-development-SME15636-027164,0.3433753869321603,0.6588346741087593,0.5607273230718427,0.38876852410068746,0.5607273230718427,0.5553385260627404,0.4599402592205329,0.454337281527063
development-development-SME15648-027183,0.0436279704949678,0.1442037486169789,0.08120477498853583,0.08120477498853583,0.2002599368737351,0.08381810285461959,0.12150744000399671,0.11790971705727316
development-development-SME15648-027184,0.0217705424438215,0.0673310558177259,0.0485018690609844,0.0485018690609844,0.1261963450204191,0.05020730657289465,0.07541450517815275,0.08646793143851127
development-development-SME15648-027185,0.0063262459128075,0.0,0.01915086492821827,0.01915086492821827,0.05241856272076956,0.01988110963416021,0.0322925578214026,0.023885237776349676
development-development-SME15679-027236,0.4922320283513567,0.5647640671694547,0.6286987327309125,0.500966617079523,0.6286987327309125,0.6210587927789122,0.5560347803944091,0.5421396840902678
development-development-SME15679-027237,0.5348720301517045,0.5738676387831845,0.6587201633300005,0.5336550593085067,0.6587201633300005,0.6512397432340661,0.5834834083333102,0.5793443892850536
development-development-SME15707-027284,0.6169553657499595,0.6454190438138756,0.7515113836217969,0.6011078571342009,0.7515113836217969,0.7425684334423275,0.6469157741345992,0.6464936912229358
development-development-SME15709-027286,0.6582711213962792,0.6513023253353883,0.6229161350841238,0.6229161350841238,0.7540820129499393,0.6257952999878397,0.664233736007788,0.642186679779654
development-development-SME15709-027287,0.521752779884885,0.5134802671353804,0.5164953080519035,0.5164953080519035,0.6647565601429749,0.5197497260495345,0.5606866821346466,0.5310952242729866
development-development-SME15714-027296,0.4116653857633195,0.513134992455823,0.6147688490165948,0.4429487413425351,0.6147688490165948,0.6093843982767817,0.48933151947014375,0.49348208962370954
development-development-SME15726-027314,0.3140618486153756,0.5495458949871093,0.5354908020519864,0.3648433335914974,0.5354908020519864,0.5253441529385389,0.4105064268002534,0.4117088202050504
development-development-SME15731-027321,0.7187875545534466,0.6817836439909047,0.6723498499693544,0.6723498499693544,0.7920605897861899,0.6749775681403188,0.7134122296471848,0.7133076323632075
development-development-SME15762-027383,0.5366643608441024,0.5575452298432031,0.5350299332287015,0.5350299332287015,0.6599612628266635,0.537772246286073,0.5772168332875378,0.5826730904920647
development-development-SME15762-027384,0.6383043664016391,0.6949500404149705,0.6137809180105904,0.6137809180105904,0.7282981542914279,0.6162946358534858,0.6516558104492542,0.660532332127483
development-development-SME15782-027422,0.4229245561529225,0.6014975487497926,0.6231427371221147,0.4517266094561147,0.6231427371221147,0.6129503837546486,0.5047784641017838,0.5182651821245812
development-development-SME15812-027473,0.3731054561397894,0.5642025914319051,0.5849951370884257,0.412584176891458,0.5849951370884257,0.5795921703766047,0.46195085635472166,0.4732124129206127
development-development-SME15832-027506,0.0717305676032944,0.1406185018794119,0.11691611157076,0.11691611157076,0.2727836886574158,0.12033749268661866,0.18245067983045785,0.15203226006415643
development-development-SME15832-027507,0.3073336035581044,0.3455337419465197,0.33586077018023175,0.33586077018023175,0.5889493067179286,0.3414162061197342,0.4177706416239929,0.4108747893504687
development-development-SME15886-027598,0.4418539446877195,0.744992301987624,0.6369283123560078,0.4664133558491357,0.6369283123560078,0.6267294362003362,0.5312121194459162,0.545624707138497
development-development-SME15925-027658,0.5348357958637457,0.6327205535099262,0.6586950569266361,0.5336272663519095,0.6586950569266361,0.6547757172951866,0.5686160733405252,0.5767226344005165
development-development-SME15926-027659,0.8138230531254791,0.846977354822829,0.8518060436576678,0.7558902292210994,0.8518060436576678,0.8460691069522386,0.7916531198240375,0.7932374007723468
development-development-SME15926-027660,0.513356719191327,0.7020975002609442,0.6589862500769302,0.5100539225133928,0.6589862500769302,0.6500782786267236,0.5759190478393899,0.5778435462670465
development-development-SME15926-027661,0.7960987321478151,0.846977354822829,0.8405361967448246,0.7395564163484383,0.8405361967448246,0.8344963730508359,0.7772074425179856,0.778875367074392
development-development-SME15928-027665,0.7045626594441803,0.7596968004954902,0.7831683799283223,0.6605324407652537,0.7831683799283223,0.7758764824591614,0.7142566872117061,0.7088005629263368
development-development-SME15928-027666,0.7366614780940095,0.7558944217708782,0.8032259035223555,0.6874062188098172,0.8032259035223555,0.7963392985711641,0.7377035198460404,0.7326705823608414
development-development-SME16005-027807,0.2722467503876681,0.3094652825310847,0.32974565414104984,0.32974565414104984,0.49681763135374735,0.33341297815101306,0.3655729819259608,0.37807946996558306
development-development-SME16005-027808,0.3210505444450243,0.2996138652872929,0.370592579003431,0.370592579003431,0.5416359890015034,0.3743470782001057,0.4000174528534727,0.40467781682263587
development-development-SME16027-027848,0.7743378047092931,0.7401041138068052,0.7200398252794731,0.7200398252794731,0.8268146191176683,0.7223835921495041,0.758729353646787,0.7603830544696051
development-development-SME16034-027862,0.8405963840464641,0.731072401839877,0.7814517100533273,0.7814517100533273,0.8690636589451552,0.783374841682527,0.8102124056430764,0.814315468070316
development-development-SME16034-027863,0.865698513843069,0.731072401839877,0.8066048156700173,0.8066048156700173,0.8856093839337543,0.8083390104459702,0.8316825740240417,0.8362398945205267
development-development-SME16050-027894,0.5185546593324344,0.5521102585058315,0.5211446478193833,0.5211446478193833,0.6473477067518453,0.5239148760520007,0.5572054489441344,0.5582503982430637
development-development-SME16071-027932,0.1548276677885886,0.4244978293655317,0.42099772414739195,0.2042244309592793,0.42099772414739195,0.414204542984378,0.2863798642045447,0.28220823663699035
development-development-SME16071-027933,0.1701635648107497,0.4952837316341226,0.4422051093187822,0.21863543535467667,0.4422051093187822,0.4351989450655308,0.29097054247599174,0.3120738340899473
development-development-SME16083-027954,0.281485244385329,0.2923627627853077,0.3376126874224456,0.3376126874224456,0.5056634818653231,0.34130149702197027,0.3953203683334615,0.38913315599503806
development-development-SME16083-027955,0.4590414062504663,0.4567667905983442,0.47968497127194626,0.47968497127194626,0.649149110655441,0.483404804589042,0.5352716730864884,0.5308236368839467
development-development-SME16138-028050,0.8264125684109579,0.8582400065204171,0.8598801337115363,0.7677653726813211,0.8598801337115363,0.8569934669535471,0.8051453390830019,0.8056959943083972
development-development-SME16138-028051,0.8599318375399789,0.8582400065204171,0.8817695633304108,0.800709782921619,0.8817695633304108,0.8792293344800183,0.8333015635783111,0.8338602206782919
development-development-SME16187-028129,0.5363975530806854,0.5228920063753454,0.527740998664233,0.527740998664233,0.6747255708253833,0.5309673928182599,0.5965059941065126,0.5646490610246228
development-development-SME16226-028196,0.4289250576786139,0.6594985719778175,0.5819988295162503,0.4521994967754704,0.5819988295162503,0.5742352447443849,0.5136134720989762,0.5126277134453971
development-development-SME16226-028197,0.642393850157148,0.7487022024580442,0.7309840633936587,0.6170035611130851,0.7309840633936587,0.7241666378097982,0.6758429991696367,0.664346844140081
development-development-SME16243-028225,0.5599326871131479,0.5560725455768707,0.5458590620943388,0.5458590620943388,0.6905115630892668,0.5490342659726323,0.5909511519367139,0.5927614063504063
development-development-SME16243-028226,0.5474231047607472,0.5575741585114035,0.5362202924497786,0.5362202924497786,0.6821552375777924,0.5394236466991827,0.5870895013175164,0.5838852701450572
development-development-SME16280-028287,0.7703919474615338,0.7251530329512536,0.7165576718525237,0.7165576718525237,0.8243365336925543,0.7189234785807774,0.7580169676642698,0.7569861576887474
development-development-SME16280-028288,0.8057612938199875,0.7515539467147553,0.7484081921014155,0.7484081921014155,0.8466675059491455,0.7505650393889624,0.786566247450192,0.7855339769063125
development-development-SME16299-028322,0.23533932696499,0.2427013550993455,0.2764230575044705,0.2764230575044705,0.5197757528196787,0.2817647862450274,0.35763683962691317,0.33197590705165814
development-development-SME16311-028342,0.5919309004489559,0.6644956247006965,0.7115675546862064,0.5706370330291568,0.7115675546862064,0.7031878666338149,0.619310991263343,0.6243714662610274
development-development-SME16311-028343,0.603218284234115,0.6644956247006965,0.7188979470031918,0.5794321791019985,0.7188979470031918,0.7106053527854312,0.6276002471833801,0.6326081264078272
development-development-SME16338-028387,0.7271822472831135,0.696529729166052,0.6793908910346637,0.6793908910346637,0.7973046526912014,0.6819791645227878,0.7310170170159782,0.7316975232960159
development-development-SME16422-028535,0.266470526631349,0.3278675217221193,0.32479079617949,0.32479079617949,0.4911920859669528,0.32844339822267715,0.35743409711257434,0.35848387953466815
development-development-SME16422-028536,0.4225458862545473,0.3747958513900429,0.45143193995061387,0.45143193995061387,0.6228632798855473,0.45519495442792013,0.4781546034163039,0.4823899516626891
development-development-SME16457-028601,0.4194787194983942,0.4928248670024217,0.4448643184033815,0.4448643184033815,0.5747672989188773,0.4477157619988791,0.48699147553143435,0.45478705225866467
development-development-SME16457-028602,0.5559075136581082,0.5995855101377254,0.54980638593715,0.54980638593715,0.6731925814893929,0.5525147824318578,0.5858187483755364,0.5924496682776573
development-development-SME16467-028622,0.119141018559935,0.2036761217033296,0.16900309236715386,0.16900309236715386,0.36556508179208314,0.17331773875663467,0.2236169044359944,0.22675228256830476
development-development-SME16487-028654,0.2277922520672232,0.2904936859328009,0.2908011054491458,0.2908011054491458,0.4514310163589366,0.29432702247500214,0.3414006507170254,0.343909353338694
development-development-SME16487-028655,0.3371224166060297,0.3794524451793684,0.38370516808109845,0.38370516808109845,0.5554596139639639,0.38747527491596445,0.42165880733185257,0.4386850551718393
development-development-SME16487-028656,0.3238255744475206,0.3321658009793208,0.3728672431988798,0.3728672431988798,0.5440530240078842,0.37662486751505064,0.41484878066960207,0.3829720308043028
development-development-SME16502-028683,0.4375845735028518,0.6376911089935567,0.6338499265208022,0.4631078999762253,0.6338499265208022,0.6236374688046584,0.533203795956008,0.5337093210947119
development-development-SME16504-028685,0.2584339687825569,0.4295158719375718,0.5434995949713596,0.2958832348555893,0.5434995949713596,0.5357398623564529,0.4013341413337325,0.3848320962115929
development-development-SME16519-028710,0.7202740166660598,0.6839907990429811,0.6735928526329913,0.6735928526329913,0.7929892745897472,0.6762136713498744,0.7140145684003489,0.7133268048909182
development-development-SME16519-028711,0.7367665198568776,0.6807961694041165,0.6874954394508133,0.6874954394508133,0.8032915265549767,0.6900372287896458,0.7266982601315869,0.7260538008275446
development-development-SME16524-028721,0.6135039232922623,0.6621821622939219,0.587477287953153,0.587477287953153,0.7255388863611245,0.5905078178070666,0.6405916849884152,0.6435276253746361
development-development-SME16524-028722,0.6317302692773801,0.6621821622939219,0.6018152712838488,0.6018152712838488,0.7372246657000854,0.6047875837661812,0.6539093250994183,0.6567888652056075
development-development-SME16549-028759,0.7622176445854446,0.7232578296618174,0.7093949175635097,0.7093949175635097,0.8192102328347786,0.7118054255916951,0.7491286848502692,0.751933585503229
development-development-SME16549-028760,0.7997361903785869,0.7232578296618174,0.7428743605420954,0.7428743605420954,0.8428410742802472,0.7450686862190001,0.7830996572030073,0.7834706648498742
development-development-SME16549-028761,0.7491082783636667,0.7219808159289697,0.698042751519687,0.698042751519687,0.8110050004590864,0.7005223365145273,0.7395542864270749,0.7422228172032073
development-development-SME16592-028832,0.2471235895117821,0.2597386925876986,0.30797593487947833,0.30797593487947833,0.4717817458887482,0.31157156470147424,0.334749247643283,0.3371897505622207
development-development-SME16592-028833,0.3436422833310374,0.327338598526335,0.38898419253476674,0.38898419253476674,0.5609508387101322,0.39275895728558363,0.41169313242662076,0.43341861043217333
development-development-SME16592-028834,0.3292498629938811,0.3202213579197185,0.37730047003363804,0.37730047003363804,0.5487406678626143,0.38106367894670806,0.3999398901429051,0.41288135179948027
development-development-SME16600-028849,0.7002858260833087,0.6833816854602431,0.6570056501293793,0.6570056501293793,0.7804922726508026,0.6597162510526301,0.693631850134793,0.6951110742514768
development-development-SME16600-028850,0.7175103075934083,0.6776240552915298,0.6712830612243295,0.6712830612243295,0.7912625587362541,0.6739166787780899,0.7040399263517338,0.7051126267996796
development-development-SME16600-028851,0.6910316341774961,0.6847085024586897,0.6494131748655138,0.6494131748655138,0.7746958987170053,0.6521632012246874,0.6856351642429968,0.687886301271399
development-development-SME16633-028909,0.3944880956677927,0.5995131038609233,0.6017242322928584,0.4294853058747161,0.6017242322928584,0.5963266567277443,0.47398438992542336,0.47869232083875957
development-development-SME16652-028944,0.4069530241923681,0.3722982574177572,0.4351039683787847,0.4351039683787847,0.565057889737008,0.43795653015447467,0.4861628600350507,0.4596986011215577
development-development-SME16692-029008,0.4300062772782999,0.6540225860240212,0.6283419122227515,0.45723080912972525,0.6283419122227515,0.6181073792230858,0.5413827241377975,0.549091183525406
development-development-SME16692-029009,0.5632044133823196,0.7456950823338891,0.7183123609976223,0.5595903597915736,0.7183123609976223,0.7088188475449441,0.6201685333203767,0.6379955817824962
development-development-SME16692-029010,0.5381675288575182,0.7235510551545745,0.7023472370947412,0.540385415087409,0.7023472370947412,0.6926599428043243,0.5999957013305993,0.6131609084546712
development-development-SME16697-029019,0.0999257390283586,0.4254796149922079,0.3312141645631374,0.1487907068359672,0.3312141645631374,0.32036731853419675,0.21636689648690643,0.19393076328934117
development-development-SME16715-029047,0.7187875545534466,0.7626145397308345,0.7920605897861899,0.6723498499693544,0.7920605897861899,0.7849004260392254,0.7119155878929719,0.7120028779234204
development-development-SME16735-029087,0.2853407539723958,0.4469523057145299,0.5093018701166562,0.34087570285069885,0.5093018701166562,0.49928729892970547,0.40471491300232554,0.3994846892001729
development-development-SME16777-029166,0.0250015078609021,0.1124472128421383,0.05376882566395922,0.05376882566395922,0.13867075414259564,0.055632470818559224,0.08696536532564222,0.09000779331259116
development-development-SME16820-029248,0.8953217765856634,0.8416800290963982,0.8382108582782186,0.8382108582782186,0.9058116213386174,0.8396947331062973,0.8603228016011206,0.8638089476162985
development-development-SME16820-029249,0.8407388422186755,0.8450311083496685,0.7815909548296998,0.7815909548296998,0.869156429493244,0.7835130663234101,0.8108547145477927,0.8155429932250278
development-development-SME16864-029326,0.5086564887547652,0.4413243311706492,0.5064491097434413,0.5064491097434413,0.6557376174289804,0.5097260765800148,0.5524305806453587,0.5208527343745211
development-development-SME16881-029351,0.6141905415952105,0.6993715320502975,0.7123834649094766,0.594889617186103,0.7123834649094766,0.7087014753922909,0.6459330061368131,0.6515554496019813
development-development-SME16907-029396,0.7974467043694319,0.6855671980417778,0.7407840130653918,0.7407840130653918,0.841389905764555,0.7429923690805343,0.7745439669844991,0.7800882663561288
development-development-SME16907-029397,0.8057479145914264,0.6855671980417778,0.748395849983879,0.748395849983879,0.8466589964394242,0.7505527813993264,0.7814973956334812,0.7869689900968415
development-development-SME16935-029446,0.2061783889127509,0.3410736504801639,0.42739207812529106,0.27108880974154786,0.42739207812529106,0.42249388977890395,0.35490415124553515,0.3244936434717615
development-development-SME16935-029447,0.3923464960543342,0.5587459206110528,0.6000739834097644,0.42780004002076627,0.6000739834097644,0.5946753104925581,0.5082221146097416,0.5164006231238916
development-development-SME16971-029506,0.4250231944923714,0.4452791785449251,0.45335904674609984,0.45335904674609984,0.6246888375019441,0.4571198321617233,0.5059718505652897,0.4914281225696875
development-development-SME17056-029653,0.7180127958613608,0.8093447862739385,0.7915765228449873,0.6717026132913378,0.7915765228449873,0.7878199476122162,0.7161436928591755,0.7183784559656405
development-development-SME17056-029654,0.6213841445293963,0.8050858754260748,0.7306035084926981,0.5936627498724995,0.7306035084926981,0.7263120970912931,0.64328282568652,0.645403729291829
development-development-SME17058-029658,0.6634788121464954,0.6152038004890925,0.6270920193896664,0.6270920193896664,0.7573711219898365,0.6299517190767888,0.6628558250412598,0.6667779442726225
development-development-SME17058-029659,0.6795569462136394,0.6152038004890925,0.6400682234301523,0.6400682234301523,0.7674947841501457,0.6428653082161937,0.6782809905610405,0.6802255801000106
development-development-SME17058-029660,0.3990947346958382,0.4266268683711375,0.42200438691456355,0.42200438691456355,0.5754220585541092,0.42537199122584846,0.4703495359846076,0.43662216163354267
development-development-SME17113-029760,0.6548611551728782,0.6747511635539786,0.7519253283515125,0.6201885186449644,0.7519253283515125,0.7477969968536029,0.6781566813055329,0.6804231413531097
development-development-SME17113-029761,0.6774379685573195,0.6747511635539786,0.7661629895942623,0.6383504624488036,0.7661629895942623,0.7621576361716509,0.6925399915704409,0.696790767532331
development-development-SME17113-029762,0.6429455764891119,0.7010547386370216,0.7443688669744679,0.6106968706301964,0.7443688669744679,0.740179891136008,0.6615637615589173,0.6654386786230311
development-development-SME17118-029773,0.2606613847391517,0.2869421945888095,0.3197783156724641,0.3197783156724641,0.4854579131858886,0.3234150761637134,0.3805457399159221,0.3930014732168716
development-development-SME17139-029811,0.448121758030515,0.7297462022956687,0.5964690967970999,0.4670484369442663,0.5964690967970999,0.5924133481590323,0.5272304094956566,0.52518597064603
development-development-SME17139-029812,0.7142339149587218,0.833141688162868,0.7777950976530229,0.6748252957488382,0.7777950976530229,0.7745682586436262,0.7175450694452523,0.7202031194186396
development-development-SME17139-029813,0.6788916838394655,0.8032768616904713,0.7548298357546145,0.6460606676008,0.7548298357546145,0.7514212578188721,0.6919485452405716,0.6902753024505084
development-development-SME17155-029846,0.7375773618487762,0.8314916131133065,0.8037980964957491,0.6881844574924113,0.8037980964957491,0.8001750284364222,0.7388035218704121,0.7394707536361915
development-development-SME17155-029847,0.7514868219741646,0.8346862427521712,0.8124925962133603,0.7000906808228464,0.8124925962133603,0.8089701762552204,0.7503048143388167,0.7513097562631261
development-development-SME17155-029848,0.7196887237068474,0.8342426200438385,0.7926236136306629,0.6731032315887324,0.7926236136306629,0.7888781171447148,0.7254327834064819,0.7261225618464993
development-development-SME17157-029851,0.4061181261718912,0.4690403620710172,0.4386108366526425,0.4386108366526425,0.6105926760539758,0.4423859349033276,0.4998756614997626,0.5010540236034398
development-development-SME17157-029852,0.4833537634370837,0.5497475622162056,0.4983817993823662,0.4983817993823662,0.6659965520341273,0.5020610376189575,0.5546100321994307,0.5143659629438008
development-development-SME17173-029880,0.8160501468211931,0.8239923375882287,0.7579735263107298,0.7579735263107298,0.8532297108247384,0.7600644532177657,0.787035512897919,0.7899873028964299
development-development-SME17173-029881,0.653109034702838,0.7205267310481391,0.6187890196829661,0.6187890196829661,0.7508162098277545,0.621687090876375,0.6604724348062713,0.663160825987169
development-development-SME17173-029882,0.780266769565386,0.8239923375882287,0.7253034987220642,0.7253034987220642,0.8305432241218864,0.7276135699751827,0.761880478738002,0.7609272099382354
development-development-SME17206-029939,0.5861080616975975,0.5452010945753254,0.5661122471648902,0.5661122471648902,0.7077673626696108,0.5692216567432734,0.6220017396428332,0.5863227321634653
development-development-SME17206-029940,0.5472068368327231,0.5245036993909372,0.5360538384631404,0.5360538384631404,0.6820100999855213,0.5392576606194082,0.5925261461820679,0.5961413276929393
development-development-SME17223-029971,0.3228460909766281,0.3427436824165875,0.36812317870180417,0.36812317870180417,0.4956238785121981,0.3709218908826416,0.40777509945518015,0.4144487410395342
development-development-SME17298-030101,0.5489981962016682,0.5436127349858233,0.544497117445083,0.544497117445083,0.6684609845325493,0.5472181941553861,0.5982297587701235,0.5823674125509672
development-development-SME17416-030304,0.3818437336783089,0.4333415705510275,0.4195117069731649,0.4195117069731649,0.5919005656270719,0.4232957395257143,0.4689968228481791,0.4696975142042279
development-development-SME17416-030305,0.4813322351200409,0.4804239226700569,0.4968298337857064,0.4968298337857064,0.6646141903200206,0.500512794923056,0.5399494835561315,0.5078278395159418
development-development-SME17424-030321,0.5055965350364395,0.4783213632383686,0.511213015375328,0.511213015375328,0.6382164802193167,0.5140008129685649,0.5593575318350132,0.5358146602950433
development-development-SME17424-030322,0.574779720276866,0.569272079121678,0.5643376076626745,0.5643376076626745,0.6860155830113863,0.5670085077616895,0.6074003127226406,0.6071312963239052
development-development-SME17443-030350,0.6079300114268066,0.5737602878545212,0.5831137261908044,0.5831137261908044,0.7219445010360281,0.5861611399007859,0.6243192735868752,0.6293036954558021
development-development-SME17445-030352,0.8314971279898996,0.7138036219840219,0.7726322539703956,0.7726322539703956,0.8631606507026592,0.7746194032725018,0.8056255088479762,0.8068370295199453
development-development-SME17445-030353,0.8558389945530819,0.7116633357269204,0.7965701199644377,0.7965701199644377,0.8790593561870407,0.7983808051649699,0.8263383600355276,0.827512318289154
development-development-SME17477-030416,0.6672859562039214,0.6222166380960106,0.6301529705991201,0.6301529705991201,0.759772357294127,0.6329981891505122,0.6702102267816193,0.6743214482041845
development-development-SME17477-030417,0.4759723610821792,0.5302968892617007,0.48138172198078966,0.48138172198078966,0.632754325362027,0.4847044358918361,0.528161538698497,0.5361934136489538
development-development-SME17477-030418,0.6580317642981088,0.6266110193056172,0.6227245031759004,0.6227245031759004,0.7539307071251976,0.625604553259864,0.6641760226551239,0.6685712815065736
development-development-SME17483-030428,0.7297481572618881,0.851272660786861,0.7989073877175971,0.6815535965211644,0.7989073877175971,0.7918881982732816,0.7250603878785777,0.7251184985016353
development-development-SME17527-030494,0.2768684659241507,0.437702076480251,0.5012657895551665,0.33368995023540726,0.5012657895551665,0.49601434451643023,0.4109187448442156,0.39526855501647573
development-development-SME17532-030499,0.3487280314003367,0.4016214162601454,0.39308691972211335,0.39308691972211335,0.5651895995574935,0.3968646704883941,0.45530169397690956,0.4035095597746133
development-development-SME17532-030500,0.4858191272689791,0.5790237454660621,0.5002739841705194,0.5002739841705194,0.6676780657002717,0.5039485980573134,0.5572894685005482,0.5759702273859821
development-development-SME17554-030538,0.3927608691142477,0.5747038399708023,0.5538808333841732,0.4239916301010589,0.5538808333841732,0.5461576589285019,0.49200491017159104,0.4929520124379373
development-development-SME17554-030539,0.4619868313648324,0.6515027164084025,0.6067447783575891,0.47773410746179085,0.6067447783575891,0.5990738411835448,0.5518040087602342,0.5394413405857331
development-development-SME17554-030540,0.4353916357234932,0.6365635200038002,0.58690617822158,0.4572095047484813,0.58690617822158,0.5791944515327213,0.5220190813944479,0.5153921585367947
development-development-SME17556-030543,0.3871347806097496,0.4180089631717429,0.41956895651051646,0.41956895651051646,0.5493955614890572,0.42241872361995625,0.45597313970681413,0.45976541324024
development-development-SME17563-030554,0.4059322115257107,0.4065935208180373,0.43846529400965173,0.43846529400965173,0.6104521209142,0.44224050173884183,0.49813721501169544,0.4909707674153125
development-development-SME17563-030555,0.5052719408929641,0.4781107470111251,0.5151883796219794,0.5151883796219794,0.6807842460613394,0.518823302168988,0.5665130926300068,0.5629914750292915
development-development-SME17571-030566,0.8005559697954772,0.8387181571192803,0.8433610521811653,0.7436244816014291,0.8433610521811653,0.8402355352756398,0.7793104997435951,0.779113673392339
development-development-SME17571-030567,0.8172654600089339,0.8543740881189448,0.8540073999235219,0.7591134500212234,0.8540073999235219,0.8510336397177345,0.7924415350301084,0.7928794955981293
development-development-SME17590-030599,0.3612592072973611,0.4233947093775247,0.40314268928931074,0.40314268928931074,0.5754734377030793,0.4069254462893561,0.46338256085217505,0.4764880752695777
development-development-SME17590-030600,0.469882475566988,0.4414388965374672,0.4880313123449934,0.4880313123449934,0.6567224340884361,0.49173417748945614,0.5419213430063721,0.5017648163954274
development-development-SME17590-030601,0.3500247706024268,0.275152680724956,0.39413095991461844,0.39413095991461844,0.5662642549964693,0.3979093827028045,0.45272131061376886,0.4800115257995228
development-development-SME17596-030612,0.3013624919692821,0.4383532018254225,0.35045772920739815,0.35045772920739815,0.47645345856365606,0.353223406439031,0.3784255817197504,0.3876827733540218
development-development-SME17602-030620,0.7198837577381146,0.6942491378915352,0.6732663578916952,0.6732663578916952,0.7927454619432746,0.6758889915271338,0.7217477434104516,0.7239308747871263
development-development-SME17602-030621,0.7341108270591111,0.6942491378915352,0.6852424813112774,0.6852424813112774,0.8016325094139858,0.6877973079895896,0.7324704034469365,0.7345970909903362
development-development-SME17602-030622,0.4010052006946899,0.4038827439956607,0.4234938427209428,0.4234938427209428,0.5769125290277888,0.4268614693047465,0.4960491326318968,0.46086847602804126
development-development-SME17623-030655,0.4892847709135721,0.5186476257943129,0.5029329910362214,0.5029329910362214,0.6700338369455378,0.5066009487303369,0.5480178195731428,0.5565980255640367
development-development-SME17623-030656,0.5980726061179289,0.6122096318201027,0.586460196257771,0.586460196257771,0.7399977827654095,0.5898304327679575,0.6263217172123884,0.6273730969817348
development-development-SME17628-030661,0.5290107887346434,0.6168394348981602,0.6546506120619789,0.5291601522336047,0.6546506120619789,0.6507180269390306,0.5802045536346809,0.5735932285194575
development-development-SME17628-030662,0.6142636791979702,0.6628089745224097,0.7124319553266534,0.5949466533199407,0.7124319553266534,0.7087502336127592,0.6384961686789719,0.6285567496543608
development-development-SME17679-030755,0.2497227661978338,0.3690865614020807,0.310255585978834,0.310255585978834,0.4744426221527668,0.313859583907935,0.38181222996337216,0.3881813387696118
development-development-SME17679-030756,0.2769238575418765,0.212830745668842,0.3337371164793632,0.3337371164793632,0.5013188210158201,0.33741562929120783,0.39913329866926606,0.3620830057653208
development-development-SME17687-030769,0.363487080686895,0.4291730709650131,0.4049229245673811,0.4049229245673811,0.577278635831051,0.4087062295160432,0.4621847233061865,0.4620881913547563
development-development-SME17694-030781,0.1087254033041165,0.1869727013393633,0.1581751142822328,0.1581751142822328,0.34740837162998417,0.1623288908744106,0.2062555560839135,0.2064106861614506
development-development-SME17694-030782,0.1273763217109887,0.2200829508501698,0.17737174737106948,0.17737174737106948,0.3792252529142313,0.18180254552000902,0.2278786469941954,0.23090674655472856
development-development-SME17761-030896,0.5254605077665974,0.5175416252055433,0.5306514834638574,0.5306514834638574,0.6941017153238768,0.5342393081232327,0.5823621719694425,0.5803181605144023
development-development-SME17790-030951,0.4252089179980449,0.4921928282844888,0.45350345947276083,0.45350345947276083,0.6248254444808043,0.45726407354782317,0.5011024647877782,0.5148537022797341
development-development-SME17790-030952,0.5270649584079262,0.5521049208300736,0.5318803221447151,0.5318803221447151,0.6951484584231699,0.5354641497035024,0.5811639945429655,0.580135347180238
development-development-SME17790-030953,0.4863541430260842,0.5521049208300736,0.5006845403957371,0.5006845403957371,0.6680423492013574,0.5043581385701714,0.54535266898092,0.5483154416032376
development-development-SME17793-030959,0.3759878206826125,0.5392515023485914,0.5872837578938508,0.4148725827019897,0.5872837578938508,0.5770322392883229,0.49432777851133924,0.4874689091065896
development-development-SME17800-030968,0.3311316555308872,0.3628270367343124,0.3788345173284477,0.3788345173284477,0.5503556968855,0.3825995038360653,0.43408988232542467,0.42971854346806215
development-development-SME17800-030969,0.4719628718249827,0.4832958204057962,0.4896311314142257,0.4896311314142257,0.6581643443050027,0.4933305303704238,0.5410261538339196,0.5149622235265012
development-development-SME17800-030970,0.4519456824044998,0.5173659117759436,0.4742122840280598,0.4742122840280598,0.6441365231634152,0.47794221679387894,0.526031506662063,0.5478676415352768
development-development-SME17828-031014,0.4709019114328782,0.4728228615196317,0.48459125943195624,0.48459125943195624,0.6132792321257006,0.48741603292136343,0.528473587622343,0.5316520562712922
development-development-SME17879-031103,0.5114405878443239,0.5313799706454383,0.5199138830040863,0.5199138830040863,0.6848829287826068,0.5235350464845069,0.5752985481868985,0.5328968603009128
development-development-SME17879-031104,0.6501891288949584,0.6299477057664435,0.627125685566009,0.627125685566009,0.7714490686926839,0.6302936651217053,0.6680894315449322,0.6379114689548708
development-development-SME17879-031105,0.6353345711356431,0.6394298889581275,0.6154537187546791,0.6154537187546791,0.762584509378004,0.6186833224863143,0.6572142997651865,0.6590383407422996
development-development-SME17883-031112,0.3443809872589782,0.4108061707527257,0.38958092065350314,0.38958092065350314,0.5615689157199901,0.3933561540245058,0.4371051243338221,0.4369398365098798
development-development-SME17883-031113,0.3973108939840745,0.4550127783302372,0.4317042511040665,0.4317042511040665,0.6038911177160561,0.43548384981751553,0.47413240934255707,0.48751382483687167
development-development-SME17889-031123,0.5404232370248157,0.5743951214574826,0.537913967709672,0.537913967709672,0.662559122354453,0.5406499990656214,0.575322456393341,0.5804500506545677
development-development-SME17911-031160,0.6008805397137433,0.6770359820824101,0.7035336255669594,0.5845329727696628,0.7035336255669594,0.6964159336929636,0.6172294166035224,0.624192415986195
development-development-SME17915-031167,0.492922505102458,0.4491712630428646,0.5014961734692504,0.5014961734692504,0.6291930722764325,0.5042991923285844,0.5483440438891248,0.5478984305542329
development-development-SME17915-031168,0.4876595514280659,0.4544621565671892,0.49745911954746064,0.49745911954746064,0.6254177269412232,0.5002678830576883,0.5397517612735852,0.5462609810738291
development-development-SME17934-031206,0.4278469718606487,0.5045614017787278,0.45555380773593707,0.45555380773593707,0.6267620296048686,0.45931192464601417,0.50532001729909,0.504413214305474
development-development-SME17934-031207,0.5522571232902612,0.5976771780873491,0.5511870468762646,0.5511870468762646,0.7113755250319654,0.5547032742045136,0.5928961311406246,0.5961628536303235
development-development-SME17988-031315,0.4820263451550346,0.441250028022726,0.4931360874697749,0.4931360874697749,0.6213576046451407,0.49595062199780343,0.5322733180652985,0.5306514818508609
development-development-SME17988-031316,0.536180135147287,0.5374131223155125,0.5346584713546709,0.5346584713546709,0.6596261129743831,0.537401581481374,0.5668561144422666,0.575860860747325
development-development-SME17988-031317,0.513250588460903,0.555963410243661,0.5170794135591075,0.5170794135591075,0.64362120747217,0.5198570772153555,0.5504647663299986,0.5605430496017034
development-development-SME17997-031332,0.6562267281844222,0.6719311787124684,0.6212802073218944,0.6212802073218944,0.7527892991440465,0.6241669059652812,0.682375294002272,0.6826121782061214
development-development-SME17997-031333,0.6443894932131803,0.6763255599220751,0.6118439048424459,0.6118439048424459,0.7452863218958667,0.6147730410636837,0.6703323415353255,0.6724469521656543
development-development-SME18090-031494,0.3024773484906253,0.3423239261269344,0.3552448064350998,0.3552448064350998,0.5251144596288686,0.35897354100875334,0.4157361268191758,0.44060191387106135
development-development-SME18090-031495,0.7383000332287128,0.6616860678120143,0.6984373555550207,0.6984373555550207,0.8229515233626113,0.7011705116761101,0.73456058494506,0.7471903153679686
development-development-SME18094-031502,0.3041810691200843,0.5347055847191163,0.4790078571642373,0.3527918141356976,0.4790078571642373,0.47505253391679475,0.40204869233648277,0.4156305814198833
development-development-SME18094-031503,0.5394522576263143,0.6694211757629188,0.6618886921763605,0.5371688848186903,0.6618886921763605,0.65798025754617,0.5736102200743326,0.5724446945371272
development-development-SME18100-031511,0.3995701120719034,0.4787589553894912,0.43347827837483016,0.43347827837483016,0.6056186747095722,0.4372568570395173,0.5016214736398937,0.5151748978602343
development-development-SME18105-031518,0.4922724773207624,0.5044119901699593,0.5009976398165009,0.5009976398165009,0.6287276997534975,0.5038013865813138,0.533482637947092,0.5409597019936339
development-development-SME18105-031519,0.5661359127377243,0.5642240545172099,0.5576760361367354,0.5576760361367354,0.6801600844761001,0.5603646299919491,0.5878770713992761,0.5926625331723854
development-development-SME18105-031520,0.5271671381734638,0.5895927753022145,0.5277465964837036,0.5277465964837036,0.6533670106593542,0.5305040353357104,0.5582066579078063,0.56741829107916
development-development-SME18119-031543,0.4858348539711953,0.439180827088582,0.5002860527639311,0.5002860527639311,0.667688776931249,0.5039606368558551,0.5451376104697566,0.5541982666448573
development-development-SME18119-031544,0.6117092755385352,0.5399347543541793,0.5970299445141006,0.5970299445141006,0.7483273004245206,0.6003510067007763,0.6318706482462203,0.6420960877169475
development-development-SME18119-031545,0.5732952809165794,0.5405596583636557,0.5673478018325784,0.5673478018325784,0.7246497193323562,0.5708006675284562,0.6113622464896162,0.6145858355089566
development-development-SME18142-031587,0.2829377242659219,0.366822536006325,0.33884331682928903,0.33884331682928903,0.5070377749760888,0.3425352799280393,0.4047024336333648,0.41587248768587914
development-development-SME18142-031588,0.4025177013829786,0.3856448685436111,0.4357903657196057,0.4357903657196057,0.6078637589378105,0.43956747362814264,0.49547696729518703,0.4877167392575449
development-development-SME18144-031591,0.5402524912605481,0.5348831177957712,0.537782940896772,0.537782940896772,0.6624412599271285,0.5405192612184001,0.5803837792010875,0.5660244900000607
development-development-SME18188-031661,0.2188407967201625,0.3142133048331827,0.2622367747110262,0.2622367747110262,0.5017608807510723,0.2674944637603833,0.3340284606217431,0.3652592722504524
development-development-SME18204-031687,0.4933397472092731,0.5398132934361873,0.5018161627128724,0.5018161627128724,0.6294916518220145,0.5046187116172747,0.5563760193706162,0.5129363230597418
development-development-SME18204-031688,0.5678000678174034,0.5901716333801053,0.5589577085424966,0.5589577085424966,0.6812896777206006,0.5616429641744558,0.60220375751041,0.5954755598320169
development-development-SME18204-031689,0.5411189731075472,0.5808840695760535,0.5384478826522825,0.5384478826522825,0.6630392342658207,0.5411827330013893,0.5834099733227581,0.5832780301194131
development-development-SME18218-031711,0.3966598917408104,0.5069488392531633,0.5735170148331928,0.420104694493366,0.5735170148331928,0.5687094222124431,0.47906933496535925,0.47821136210601245
development-development-SME18218-031712,0.7023305978463729,0.7289608420347861,0.7817719177077701,0.6586903708790376,0.7817719177077701,0.7779148224303274,0.6942759515938957,0.6964875368712691
development-development-SME18218-031713,0.6602270656762581,0.7101399116067858,0.7553179946000075,0.6244830683979279,0.7553179946000075,0.7512179260764879,0.6665037778081264,0.6657145413866448
development-development-SME18230-031735,0.4355104560110771,0.6034997640124067,0.6323480462403684,0.46150066507970416,0.6323480462403684,0.6221292870319455,0.5298407254156878,0.5294872092760057
development-development-SME18230-031736,0.3963517432069099,0.6191137219945193,0.6031558865694259,0.43095058042049966,0.6031558865694259,0.5928559068682808,0.49690527341923,0.4975134056701114
development-development-SME18239-031747,0.6638940503787765,0.6360442646183647,0.6274255335148317,0.6274255335148317,0.7576331524779335,0.6302836640958543,0.6763396494394327,0.6721351156085843
development-development-SME18239-031748,0.681118531888876,0.6360442646183647,0.641335674310276,0.641335674310276,0.7684758280928391,0.6441264723027104,0.6834112381394448,0.6846593404549323
development-development-SME18274-031810,0.4381761746021108,0.6092453624842327,0.6342775417473094,0.4635661615493072,0.6342775417473094,0.628927836000731,0.5291650175348819,0.5249250638006019
development-development-SME18277-031814,0.4500788147644056,0.4720503028563135,0.4727709973187896,0.4727709973187896,0.6428101818885708,0.4765034532016421,0.5297078314336289,0.5128429770864863
development-development-SME18277-031815,0.5814016028851018,0.6324250400727804,0.5735895255181527,0.5735895255181527,0.7297032653607094,0.5770163100451646,0.6207201447702404,0.6406603575180254
development-development-SME18291-031840,0.2461112298364478,0.261768036414333,0.30708621129751773,0.30708621129751773,0.4707407027054886,0.3106785195690282,0.336141433886881,0.3450655159270085
development-development-SME18291-031841,0.342629923655703,0.3062543442758161,0.3881659515007954,0.3881659515007954,0.560102455627467,0.3919400546166647,0.4119610940560007,0.42417969020096635
development-development-SME18314-031879,0.3423876908696913,0.3849052749501322,0.38797008855271414,0.38797008855271414,0.5598992284394336,0.39174403001936836,0.42856505521609906,0.39773888491416765
development-development-SME18314-031880,0.4469148378032758,0.4645353229967941,0.47032684566194566,0.47032684566194566,0.6405549844251316,0.4740634491957796,0.5061045569509005,0.5121278282284119
development-development-SME18321-031892,0.3844565931323142,0.3652013167838128,0.41745988765350567,0.41745988765350567,0.5472491846988689,0.420308835832797,0.46052153200219487,0.43525446961766423
development-development-SME18340-031926,0.6131424910779077,0.619558817663247,0.5871940557012679,0.5871940557012679,0.7253061226058278,0.5902256933671101,0.6355061141147965,0.6392118457104965
development-development-SME18357-031956,0.4018773221536054,0.6335870533217701,0.5775916783322105,0.4241734556078988,0.5775916783322105,0.5684153955846883,0.49420973136982693,0.4960408867494689
development-development-SME18357-031957,0.7034660241453843,0.7838986152761225,0.7824823324537131,0.6596270131726621,0.7824823324537131,0.7751340844637343,0.7048048793679644,0.7078280919867517
development-development-SME18357-031958,0.5215386276827308,0.6827900667037712,0.6646098915028783,0.5163309696557721,0.6646098915028783,0.6557410016917127,0.5701255438653408,0.5738500930667817
development-development-SME18369-031979,0.1651079891479459,0.2151439134392427,0.21392617299172553,0.21392617299172553,0.43536344525406595,0.21878684585151098,0.2787004031163316,0.2775223612885224
development-development-SME18375-031989,0.6025749843985243,0.7038214231633787,0.7184813998792731,0.5789300138024163,0.7184813998792731,0.7141081773608186,0.6231240397178675,0.624178364893267
development-development-SME18378-031994,0.2044500611241902,0.2248634398561604,0.26948681594581575,0.26948681594581575,0.4254054840978831,0.27290931853933936,0.3281843468170993,0.32980634921201835
development-development-SME18378-031995,0.3171187277960412,0.351148664810348,0.36736177314933344,0.36736177314933344,0.5381890751583059,0.37111152865391567,0.41870515404619635,0.4269462769237382
development-development-SME18395-032026,0.4451935331957592,0.5059822964934553,0.46899635698640596,0.46899635698640596,0.639324184814006,0.47273514875135775,0.5384185055663209,0.5418411493149217
development-development-SME18395-032027,0.5425631010175939,0.5628948818368733,0.5437539487592492,0.5437539487592492,0.7051763633715957,0.5472972616877869,0.5984213446439973,0.5964248363670039
development-development-SME18428-032092,0.1123188988984866,0.1756136816513965,0.16194344764500104,0.16194344764500104,0.3537902950439937,0.1661545940110154,0.21230524089283936,0.17301032197685795
development-development-SME18428-032093,0.1313859252321887,0.2332314341143683,0.1813897041909309,0.1813897041909309,0.38567200801098145,0.1858738158301684,0.24208680867659055,0.2537918259750948
development-development-SME18428-032094,0.1014541318431558,0.1756427379778137,0.15043735828560933,0.15043735828560933,0.3340873037384815,0.15446857803666508,0.19837031513705045,0.19664991106758847
development-development-SME18516-032250,0.3331213834408997,0.5382190796807839,0.5520571790664778,0.38045440230003064,0.5520571790664778,0.5466795389821933,0.4424534852441785,0.4499043372022522
development-development-SME18549-032308,0.224973222293918,0.2684219599509623,0.2882622184638028,0.2882622184638028,0.4483763656576578,0.2917768141855693,0.3576472190235982,0.34868278591817015
development-development-SME18550-032309,0.7419625149932368,0.726077815170013,0.6919201837285627,0.6919201837285627,0.8065380890495403,0.694436111313595,0.7313649926315683,0.7320180338996427
development-development-SME18550-032310,0.7674790139135155,0.726077815170013,0.7139974590945662,0.7139974590945662,0.8225087001898422,0.7163793419600153,0.7533161839510156,0.7549967784268636
development-development-SME18573-032350,0.5535614528298142,0.5549586049465597,0.5480030747581853,0.5480030747581853,0.6715882896636595,0.5507158398398024,0.5838315288420775,0.5752148878513894
development-development-SME18601-032405,0.0796831624057422,0.1894881975573856,0.12622619850505049,0.12622619850505049,0.29042366010739035,0.12983042527817756,0.18536057798777747,0.1966498729696885
development-development-SME18601-032406,0.071371449620305,0.1243244641584983,0.11648882341761799,0.11648882341761799,0.27196219016023315,0.11990155139436981,0.16022638857691535,0.15860126387046464
development-development-SME18602-032407,0.8644287224454327,0.8340979074511646,0.8053003154992129,0.8053003154992129,0.8847616544141751,0.807044536648255,0.83482729255897,0.8356072399101406
development-development-SME18602-032408,0.8473691486942599,0.8324140482305284,0.7881134367463638,0.7881134367463638,0.8734871728720887,0.7899874383445824,0.8163304910537466,0.8206753769649879
development-development-SME18603-032409,0.537597220608784,0.6095740739622448,0.5286629999988555,0.5286629999988555,0.6755370389753723,0.5318869678872173,0.5882163301663412,0.5893694675390126
development-development-SME18603-032410,0.6786499144884465,0.6847545882150494,0.6393326398907714,0.6393326398907714,0.7669247899834247,0.6421333594568175,0.6860719775127426,0.687739986428671
development-development-SME18687-032552,0.3844532805247281,0.3642070711201715,0.4215748040077083,0.4215748040077083,0.5939440110498243,0.4253584051963093,0.47242383094694684,0.4341890625422596
development-development-SME18722-032612,0.0120495963148469,0.0254275771156066,0.031141190625271663,0.031141190625271663,0.08346531027436008,0.03228973452527591,0.0600863440260334,0.059147972459354936
development-development-SME18722-032613,0.0921786254197885,0.1189768662897047,0.14032813839487585,0.14032813839487585,0.31623070248696356,0.144189298761032,0.22801319351162178,0.21470123815030928
development-development-SME18765-032684,0.4261428628188113,0.4211491343906757,0.4430104711826758,0.4430104711826758,0.5961877821192526,0.44637279944113745,0.5020163044625083,0.5003712699865762
development-development-SME18806-032754,0.5013274557103043,0.4926824294234576,0.5079406121559562,0.5079406121559562,0.6351875796472026,0.5107337547694633,0.5528158413813988,0.514963567975896
development-development-SME18806-032755,0.6255436623657044,0.5972844063137974,0.6037615143532118,0.6037615143532118,0.7198938116697402,0.6063106836955898,0.6418896028401593,0.6440729176311241
development-development-SME18818-032776,0.2864076672823048,0.3264318901368024,0.34177662996966063,0.34177662996966063,0.5103033051019146,0.3454758854183765,0.4114113124425234,0.4183080531424555
development-development-SME18837-032806,0.7183741658867778,0.7908110217642926,0.791802308243939,0.6720044499800367,0.791802308243939,0.7880481162853312,0.7185267909907099,0.7172682456634211
development-development-SME18837-032807,0.7322836260121662,0.795303312516836,0.8004911308145679,0.6836956547025959,0.8004911308145679,0.7968310266726772,0.7295130917001547,0.7285615651662902
development-development-SME18837-032808,0.6994059502173429,0.795303312516836,0.7799415227440438,0.6562815148362856,0.7799415227440438,0.7760662998142147,0.7038498112573415,0.7026671120939965
development-development-SME18840-032814,0.7634096376298851,0.7091714375448889,0.7104352389286118,0.7104352389286118,0.8199572057404845,0.712839307792873,0.7497293394682434,0.7515175737057324
development-development-SME18840-032815,0.78029022917741,0.7091714375448889,0.7253244028135484,0.7253244028135484,0.8305579905270404,0.7276343393409945,0.7672043856708328,0.7660187676122551
development-development-SME18845-032823,0.3162116944896123,0.3853376054971357,0.3666151120593689,0.3666151120593689,0.5373901398351675,0.3703637201150874,0.41625540227247526,0.42866378478602957
development-development-SME18845-032824,0.5606075340146554,0.6098781469803339,0.5575958969692477,0.5575958969692477,0.7166727597262719,0.5610877237133327,0.5995273227723227,0.6047798878439009
development-development-SME18845-032825,0.536241506776342,0.6249968409679779,0.5389096969207929,0.5389096969207929,0.7011039084764065,0.5424699512269816,0.5816628316612009,0.5929620710303158
development-development-SME18898-032923,0.8856926750183658,0.8226106342446355,0.8276707185911291,0.8276707185911291,0.8991455992468448,0.8292396324826806,0.8538637834784479,0.8529224294445206
development-development-SME18898-032924,0.4853385055707881,0.4802651188890101,0.4885678405041195,0.4885678405041195,0.6394141162025905,0.49187900122605355,0.557229643953703,0.5575015400119444
development-development-SME18908-032941,0.6928390247114551,0.6155542259800977,0.6508919735576818,0.6508919735576818,0.775828662794409,0.6536344042621431,0.6909290091916166,0.692459283416383
development-development-SME18908-032942,0.7137895269803491,0.5962502574716615,0.6681819335365788,0.6681819335365788,0.788937436679647,0.6708325848510598,0.7113884599775844,0.7086488837658987
development-development-SME18910-032945,0.1284826873497692,0.2293404186565356,0.17848399503673612,0.17848399503673612,0.38101700120945425,0.18292970860725102,0.2602880040655953,0.22815844407539437
development-development-SME18910-032946,0.0672749537555892,0.1144990553661298,0.11156957853937854,0.11156957853937854,0.2624275573098649,0.11488099615033553,0.18567203127469617,0.197622540024683
development-development-SME18910-032947,0.166154424032945,0.295425384489459,0.21490415581181738,0.21490415581181738,0.4367912406825342,0.2197747023117321,0.3045253658908904,0.3159691110946836
development-development-SME18946-033004,0.5874835899050969,0.5909496560146713,0.5741504551030088,0.5741504551030088,0.6945710562643314,0.5767937551303431,0.6142966533183168,0.6195949616845118
development-development-SME18946-033005,0.651098668135499,0.6526561167099767,0.6238836669303758,0.6238836669303758,0.7366904317612034,0.6263598389614502,0.6546783975835478,0.6586201227930779
development-development-SME18997-033086,0.2692087260289804,0.5135128836099071,0.49386816531620586,0.3271431916603639,0.49386816531620586,0.4839547466092281,0.39002623686090454,0.4062746816835363
development-development-SME18997-033087,0.3538728109800894,0.5364918871901286,0.5694388642661122,0.3972243348910928,0.5694388642661122,0.5591990381639722,0.45764953117871976,0.46535084578627645
development-development-SME19015-033118,0.275631539118255,0.3274696437545392,0.3326360490196468,0.3326360490196468,0.5000798494854776,0.336311534759461,0.39558296204109994,0.3428085911010294
development-development-SME19017-033121,0.6892552466618548,0.5682877309500817,0.6544233702397516,0.6544233702397516,0.7615710334258688,0.6567753218020035,0.6855200553078313,0.6915561826971348
development-development-SME19017-033122,0.7985912664478453,0.6422985516767719,0.7472390937628767,0.7472390937628767,0.8329545476581405,0.7491205962586233,0.7709156366604432,0.766618924319566
development-development-SME19050-033175,0.6923542993786738,0.6566162017007214,0.6504951843039427,0.6504951843039427,0.775524901935704,0.6532396570340772,0.6866440240218257,0.688890614919268
development-development-SME19050-033176,0.7095787808887734,0.6566162017007214,0.6646839661153794,0.6646839661153794,0.7863053332020619,0.667353623631156,0.6998473767697553,0.7020327248726452
development-development-SME19090-033240,0.6708167229399209,0.8329825362501898,0.7495701347625231,0.6395816968782105,0.7495701347625231,0.7461233476911255,0.6819446219927765,0.692237285470626
development-development-SME19090-033241,0.7983009771456497,0.9174902799011292,0.8327620079581028,0.7469777679497701,0.8327620079581028,0.830073725306963,0.7776991268108437,0.7827192747532797
development-development-SME19107-033272,0.7248399654095891,0.6938250605413407,0.6774210480400716,0.6774210480400716,0.7958415747191944,0.6800204453058977,0.709277854888076,0.7118867039497091
development-development-SME19107-033273,0.752939507395297,0.6927736887472608,0.7013439587188904,0.7013439587188904,0.8134013571953318,0.7038036817363746,0.7311491276925178,0.733689522803606
development-development-SME19107-033274,0.710446183210429,0.6927736887472608,0.6654035538334327,0.6654035538334327,0.7868476194913873,0.6680693194829765,0.698471398300702,0.7014229733992254
development-development-SME19136-033322,0.7110914251852184,0.5649593654563125,0.6659391687640037,0.6659391687640037,0.7872509863304318,0.6686020314934443,0.7085395136478996,0.7064132635974041
development-development-SME19216-033469,0.530430424247594,0.4938135727509896,0.5231568890818665,0.5231568890818665,0.6706778858209209,0.5263950580575416,0.572717525121417,0.5811166493167628
development-development-SME19216-033470,0.4972670079983388,0.4938135727509896,0.49771558800400056,0.49771558800400056,0.6478087239069236,0.5010102168831855,0.5533241986224761,0.5580360804909931
development-development-SME19264-033548,0.3918780619507807,0.4476358651797428,0.4274312101551376,0.4274312101551376,0.5997122949625993,0.4312128770110495,0.49324572473635736,0.5090747666994259
development-development-SME19265-033549,0.639024890430852,0.6264765093731257,0.607586508696788,0.607586508696788,0.7418750795003181,0.6105342184694716,0.657588809661666,0.6579700288980157
development-development-SME19279-033571,0.2348274868772504,0.2286811620306745,0.2759867272275352,0.2759867272275352,0.5192309402961547,0.2813260747216724,0.3868458805816185,0.35458811589721656
development-development-SME19310-033621,0.7664743483817915,0.6429904496438991,0.713116456501344,0.713116456501344,0.821878568150565,0.7155038461167654,0.7564304433976352,0.7581235091045769
development-development-SME19310-033622,0.7736009262466896,0.6429904496438991,0.7193882924871852,0.7193882924871852,0.8263516491873403,0.721736198418252,0.7619859338922749,0.7636509989446386
development-development-SME19312-033624,0.6822658633095633,0.6789488608611721,0.642267742876322,0.642267742876322,0.7691963997096921,0.6450538983915872,0.693365268753257,0.6933372367351951
development-development-SME19336-033664,0.6425614344687398,0.52088813322155,0.610391853201445,0.610391853201445,0.7441246996762386,0.6133273645120783,0.6623822559585699,0.6694266530686013
development-development-SME19340-033671,0.4203280579483917,0.4428534784259226,0.4497053492273599,0.4497053492273599,0.6212235302270355,0.453470269914954,0.5049651911199464,0.49977418115872413
development-development-SME19340-033672,0.4829213975914339,0.4717488024658572,0.4980498971846195,0.4980498971846195,0.6657011630785391,0.5017299369074437,0.5506458829240546,0.5064437239678903
development-development-SME19347-033681,0.5706039148712211,0.6358938657618117,0.6975821516065238,0.5541003455040439,0.6975821516065238,0.6890507649189876,0.5933898728393954,0.5960859587742169
development-development-SME19377-033732,0.6372440127279038,0.6029226383952351,0.6129462855158667,0.6129462855158667,0.7276011665823539,0.6154630247393411,0.6529345581836882,0.6235692488168472
development-development-SME19377-033733,0.4517663019345735,0.5020282590834437,0.4698600563429943,0.4698600563429943,0.5991838927556933,0.4726987873992089,0.5171210856981946,0.5141429490294042
development-development-SME19377-033734,0.6802629920816637,0.6790576964110263,0.6471640818558311,0.6471640818558311,0.7557223707506404,0.6495469974469815,0.6838221219079264,0.6835563379325533
development-development-SME19381-033741,0.6636757046446349,0.6803795373518636,0.6272501507412701,0.6272501507412701,0.7574953724497175,0.6301091067237344,0.6731724766411719,0.6742286104070686
development-development-SME19381-033742,0.6666869594007317,0.6803795373518636,0.6296709111687496,0.6296709111687496,0.7593947369529375,0.6325184222169788,0.6754094014296724,0.6764613072950459
development-development-SME19381-033743,0.6418842725329772,0.6606985448379659,0.6098543151112906,0.6098543151112906,0.7436941950028536,0.612792175865713,0.6579274276381006,0.6581293406107735
development-development-SME19388-033752,0.5266021767725921,0.4677450467313298,0.5202174257207315,0.5202174257207315,0.6680708257112669,0.5234628911350164,0.5678080421051525,0.5709860656617671
development-development-SME19388-033753,0.6498894012683057,0.6005879308981857,0.6162208355815518,0.6162208355815518,0.748776368952068,0.6191305042063764,0.6570254895585588,0.6613898203791673
development-development-SME19404-033779,0.4176251042600747,0.4540234092187798,0.44759933523125967,0.44759933523125967,0.619218120219987,0.4513664642330828,0.4866652968902135,0.4838373916934804
development-development-SME19404-033780,0.3808499099476639,0.333213494191422,0.41872531968688703,0.41872531968688703,0.5911200968875583,0.4225094821548717,0.45301192243724525,0.4804738330921869
development-development-SME19404-033781,0.5346887634935596,0.4722521958849539,0.537720092450694,0.537720092450694,0.7000998925984437,0.5412844205310204,0.5692280326722667,0.5848447649828484
development-development-SME19464-033886,0.4300825304246246,0.5860005859353172,0.5828797392758847,0.45309690177243955,0.5828797392758847,0.5751171411205965,0.49310678851788825,0.5030185442746328
development-development-SME19477-033909,0.531678665830177,0.5136120566135359,0.5241155736260791,0.5241155736260791,0.6715262005455832,0.5273513199220446,0.5698939905056711,0.5722884608338832
development-development-SME19477-033910,0.5475745554570564,0.5066731004712125,0.536336862240441,0.536336862240441,0.6822568623533068,0.5395398884383442,0.5814517887144941,0.5836501823148657
development-development-SME19477-033911,0.5201621595498014,0.5066731004712125,0.5152747405187187,0.5152747405187187,0.6636665451252238,0.5185320242176026,0.5601438091949503,0.5633895221959291
development-development-SME19506-033966,0.5807047587301807,0.5036526862764025,0.5730525802077069,0.5730525802077069,0.7292701167416569,0.5764816431305627,0.6201980012213866,0.6071540623417203
development-development-SME19512-033974,0.5321885665313819,0.7113677486050206,0.6984801114480231,0.5358047903510138,0.6984801114480231,0.6888074839107975,0.6014686191978066,0.6033902590790731
development-development-SME19543-034033,0.4520713954530277,0.5018571867043139,0.47430931660217296,0.47430931660217296,0.6442257235920725,0.4780390774479875,0.5342526590741095,0.5140389018103142
development-development-SME19543-034034,0.4948501838214418,0.5484987965498752,0.5072010852544452,0.5072010852544452,0.6737977348766971,0.5108579755560504,0.5541480524215117,0.5436820013654001
development-development-SME19544-034035,0.6333719690750477,0.5937674930565453,0.609901760584079,0.609901760584079,0.7250539610986237,0.6124294162495738,0.6485177854129567,0.6393551435973538
development-development-SME19548-034040,0.6030997782874914,0.5861069271048953,0.7188212233644552,0.5793396637967189,0.7188212233644552,0.7104785232214684,0.6290659082893746,0.6298625870328204
development-development-SME19613-034149,0.6563756404214484,0.5880316264301019,0.6213993035629047,0.6213993035629047,0.752883489042374,0.6242854554980402,0.6623554004965297,0.6624540115277691
development-development-SME19626-034171,0.8564517045749074,0.8773341077664456,0.8794643203570094,0.7971875693456919,0.8794643203570094,0.8745431661588928,0.8329757405650466,0.8319276444872207
development-development-SME19626-034172,0.8923566761287942,0.8939973975537936,0.903747338870036,0.8349349871916674,0.903747338870036,0.8996315201341006,0.8643804926857168,0.8639899296704121
development-development-SME19627-034173,0.2847254247771366,0.2799500692481213,0.33656986763631547,0.33656986763631547,0.46111720263928496,0.3393037517960261,0.37935116555853643,0.38911189112807515
development-development-SME19636-034189,0.7978177460385786,0.70133639773142,0.7411223253483707,0.7411223253483707,0.8416249856824075,0.7433284153549491,0.7758842247314937,0.7766672937245496
development-development-SME19636-034190,0.7882287884098512,0.7100214080313948,0.7324342245062087,0.7324342245062087,0.8355614396157582,0.7346979249684975,0.7663392672823147,0.7680820728321803
development-development-SME19686-034271,0.6597744871623573,0.7087290779107258,0.7550320743397987,0.6241203451751114,0.7550320743397987,0.7472019546809308,0.6619698037230608,0.6643220852820422
development-development-SME19710-034310,0.6944829798623955,0.628566734113996,0.6522387333068116,0.6522387333068116,0.7768586831679679,0.6549742114035627,0.6918789617104935,0.6935178897387207
development-development-SME19710-034311,0.6091420434908245,0.6329611153236027,0.5840617862049362,0.5840617862049362,0.7227269665206562,0.5871055650217173,0.627705393450587,0.6296369026157774
development-development-SME19728-034337,0.4276365145586788,0.5104811792726187,0.4441658967217917,0.4441658967217917,0.597314284406101,0.4475275900985739,0.4959465362885906,0.5055113758322914
development-development-SME19728-034338,0.752939507395297,0.6923404342473706,0.7013439587188904,0.7013439587188904,0.8134013571953318,0.7038036817363746,0.7354243897163406,0.7381738894097235
development-development-SME19732-034344,0.6296610578421408,0.6494277664502026,0.6069886087447773,0.6069886087447773,0.7226096312932525,0.6095265553180002,0.6476040136047554,0.6442408587771322
development-development-SME19732-034345,0.5933544010586024,0.6679222761452734,0.578695562885894,0.578695562885894,0.6985058145863,0.5813254653987568,0.6185796547111384,0.626652811354039
development-development-SME19758-034387,0.0,0.0,2.3649668543938647e-05,2.3649668543938647e-05,6.700213079121257e-05,2.4601279510319008e-05,3.776333749898494e-05,3.11329101309685e-05
development-development-SME19846-034538,0.5139123468221536,0.6572867116271375,0.6440869709727715,0.5175866002279998,0.6440869709727715,0.6365207044041231,0.5615384931880657,0.567327492634079
development-development-SME19846-034539,0.6321259677101063,0.7789462791845088,0.7242335838281283,0.6089231183702297,0.7242335838281283,0.7173366102092155,0.6447580892920548,0.6546636793119789
development-development-SME19847-034540,0.4423378073118479,0.6860665486938556,0.637276096297005,0.4667877369357058,0.637276096297005,0.6319333795153703,0.5426446346446034,0.5532750481443247
development-development-SME19927-034687,0.3588057033693769,0.6277390072848418,0.5430553578967627,0.3903336994044486,0.5430553578967627,0.538269409044872,0.4483146608953895,0.45680360652541346
development-development-SME19927-034688,0.6145735160524306,0.7320413267123724,0.7262274616857779,0.5883156976020423,0.7262274616857779,0.721905621185257,0.6426509110228298,0.6396585902134768
development-development-SME19947-034726,0.6429436934093996,0.7108999754067106,0.7443676701451698,0.6106953752780074,0.7443676701451698,0.736419554158202,0.6850223376264828,0.6809246656283507
development-development-SME19947-034727,0.6686256620849869,0.7097435733079804,0.7606167020229474,0.6312317731009225,0.7606167020229474,0.7529235115749209,0.7031747942782296,0.6978864851408134
development-development-SME19947-034728,0.6259925101410382,0.7175710687753003,0.7335565263074654,0.5972894531905502,0.7335565263074654,0.7254541255563287,0.6669316476947689,0.6622627799235623
development-development-SME19956-034742,0.8095077917313989,0.8078132979253511,0.7518739418334176,0.7518739418334176,0.8490527043988167,0.7540070704116525,0.7816435101657215,0.7841936917190422
development-development-SME19956-034743,0.7965140172032286,0.8057750703852166,0.739934370799646,0.739934370799646,0.8407991551064464,0.7421484096314076,0.7703966655076152,0.7714172878973269
development-development-SME19957-034744,0.566965817725747,0.5706054333580508,0.5583151507911984,0.5583151507911984,0.680723543484984,0.5610020839623755,0.5996780913082793,0.5682113521122524
development-development-SME19957-034745,0.62592717008245,0.6577146439991093,0.6040618730044486,0.6040618730044486,0.7201469429936307,0.6066100056803887,0.6434132152025511,0.6366465077529782
development-development-SME19963-034758,0.3025120325747171,0.3510220145580575,0.35527367767938645,0.35527367767938645,0.5251458919562508,0.3590024684702565,0.42816197099263786,0.37200321665249375
development-development-SME19966-034764,0.4835315930440361,0.4863608379225732,0.4942914679742096,0.4942914679742096,0.6224444816720994,0.4971044988123201,0.5283871043266946,0.5391289496903403
development-development-SME19966-034765,0.4935322231931426,0.5375271783961736,0.501963772527456,0.501963772527456,0.6296293525354977,0.5047661039215074,0.5342587855402537,0.5368916465918339
development-development-SME20015-034856,0.5105530376722328,0.4993193621859133,0.5079035808940979,0.5079035808940979,0.6570500588418922,0.5111774300979238,0.5553454267465658,0.5604487112068648
development-development-SME20015-034857,0.7088013843283522,0.6432203134421928,0.6640394749541106,0.6640394749541106,0.785819278543184,0.6667126102403607,0.7027762842258584,0.7043778603266073
development-development-SME20035-034889,0.7161747253917217,0.7029777328859846,0.6701687877521085,0.6701687877521085,0.7904280167500412,0.672808545569557,0.7085158389409485,0.712509199808199
development-development-SME20035-034890,0.7036055121011979,0.7073721140955913,0.6597421372665041,0.6597421372665041,0.7825696003339698,0.6624382692684421,0.6971917066800701,0.702661599459339
development-development-SME20050-034921,0.374802335358636,0.4676651989319344,0.41393179019207343,0.41393179019207343,0.5863437781330548,0.4177163304455026,0.4814412071569116,0.4828661370932298
development-development-SME20050-034922,0.5062088922432381,0.550642775465349,0.5159062140189975,0.5159062140189975,0.6814085159084351,0.5195390827714311,0.571841263767344,0.5786116684177323
development-development-SME20057-034931,0.1159189211552225,0.173350098958422,0.16568378995079458,0.16568378995079458,0.3600579324318522,0.16995041186746285,0.24235648422792527,0.23547524764221964
development-development-SME20057-034932,0.1216472916098686,0.1397451210955,0.17156708865509523,0.17156708865509523,0.3697841777720915,0.17591806541511973,0.25072810385802047,0.23933762728155303
development-development-SME20104-035019,0.309494809298724,0.3853309636495609,0.3375960018517368,0.3375960018517368,0.5908288751146037,0.3431546060636604,0.4213400856475795,0.4294936769299793
development-development-SME20104-035020,0.3230001035985195,0.4260376243972865,0.3483885905688586,0.3483885905688586,0.6023553500041213,0.3539633039956578,0.4305826911034457,0.4468607027150544
development-development-SME20110-035029,0.5083727201216909,0.5148677057888403,0.513340869026432,0.513340869026432,0.6401805981843294,0.5161250725291283,0.5445890686536271,0.5598653433717545
development-development-SME20150-035096,0.5410600042595036,0.5781070978546468,0.5384026280203785,0.5384026280203785,0.6629985499484933,0.5411375786904647,0.5831054614614436,0.554050293982144
development-development-SME20150-035097,0.6518533240050572,0.6858860034664195,0.6244814952492478,0.6244814952492478,0.7371844893178512,0.6269553894536382,0.6631469223628359,0.6673333743781281
development-development-SME20152-035099,0.733599800563352,0.7462893148252925,0.8013132866303926,0.6848096018394159,0.8013132866303926,0.7943860112323902,0.7273097326471928,0.7243758735086744
development-development-SME20152-035100,0.4114822865420966,0.5238307280127429,0.5850207112040557,0.43164564056342,0.5850207112040557,0.5759010738687905,0.49623962108805864,0.49490199921211553
development-development-SME20158-035109,0.2567679862924551,0.4466322670372254,0.5418418347091224,0.29449351123241935,0.5418418347091224,0.5340905017518521,0.3792427758704387,0.3877444951966193
development-development-SME20158-035110,0.2736745667047109,0.4553233949371589,0.5583080900111693,0.3085044737601133,0.5583080900111693,0.5504798137719149,0.3940949984243687,0.4139237769805795
development-development-SME20164-035120,0.347490317651332,0.5413456511909162,0.5641615545551216,0.39208963177353257,0.5641615545551216,0.5587692125035152,0.4558768100662689,0.4539051472258132
development-development-SME20164-035121,0.4492226039282906,0.5631297436273958,0.6422008087454378,0.47210976257545134,0.6422008087454378,0.6368705428540736,0.5261401688823576,0.5372770462645682
development-development-SME20164-035122,0.4142482403289814,0.5598645927159902,0.6167017973772497,0.4449654589911981,0.6167017973772497,0.6113199717760824,0.5032956004542487,0.5125342399644792
development-development-SME20195-035177,0.5277219576761533,0.6431951937212349,0.6537534715326517,0.5281719715970112,0.6537534715326517,0.6498180334201462,0.5758977987023708,0.5870935382798552
development-development-SME20241-035254,0.0397875652460768,0.0555386021125948,0.07587106494541263,0.07587106494541263,0.1887125396669225,0.07834799887813922,0.11542695926850348,0.11248144775238249
development-development-SME20241-035255,0.0694951503153203,0.2193226101751207,0.11424612126369313,0.11424612126369313,0.26763295073466653,0.11761304857200469,0.16910998346615697,0.18167755837101235
development-development-SME20245-035262,0.4688269714241933,0.6721148876051987,0.655989486752172,0.48721941997493845,0.655989486752172,0.6507006173455665,0.570759830212225,0.557832674927546
development-development-SME20261-035287,0.7341108270591111,0.6938422924037467,0.6852424813112774,0.6852424813112774,0.8016325094139858,0.6877973079895896,0.725260241991809,0.726406365475767
development-development-SME20261-035288,0.707632153643199,0.700489075163587,0.6630708964959195,0.6630708964959195,0.7850881640463209,0.665749244249882,0.7029417794391334,0.7052484443155294
development-development-SME20267-035297,0.6979317777955182,0.6855671980417778,0.6550693542566193,0.6550693542566193,0.7790186200231414,0.6577901104597028,0.7004817634298348,0.7034932905309681
development-development-SME20325-035395,0.62748654488006,0.6576499190836246,0.6052836260983407,0.6052836260983407,0.721175831739563,0.6078275252932044,0.6366129334640888,0.646393182698919
development-development-SME20325-035396,0.5911798880965216,0.6330424121059067,0.5770112607606255,0.5770112607606255,0.697049744138085,0.5796461730873606,0.6082994829952554,0.6157138598770038
development-development-SME20328-035401,0.5275183941393605,0.5206471345520819,0.5280158999444126,0.5280158999444126,0.6536116968983011,0.5307727984345351,0.5611308748961127,0.561447868218865
development-development-SME20331-035406,0.7121762062049091,0.6562101273445019,0.6668402814533216,0.6668402814533216,0.787929074868691,0.6694982486770191,0.7068614814984473,0.706949776370573
development-development-SME20361-035459,0.3831127428632015,0.3816102482595278,0.4164006708173177,0.4164006708173177,0.5461694073050933,0.4192491676807884,0.4599311581143213,0.4245079907086927
development-development-SME20361-035460,0.4928388471445976,0.4598602620313459,0.5014320138722406,0.5014320138722406,0.6291331936937445,0.5042351267022506,0.5423282212306867,0.5093907208365175
development-development-SME20363-035464,0.631794544790958,0.6324742673486347,0.6018660371876591,0.6018660371876591,0.7372657046571293,0.6048381361580308,0.6430237055026028,0.643297660425109
development-development-SME20363-035465,0.4359559961285749,0.5073071359533812,0.45059412313564257,0.45059412313564257,0.6035522293164401,0.4539516397262388,0.49945173063578446,0.507644482767252
development-development-SME20401-035533,0.5286162263929469,0.5509531319893037,0.5288576239489549,0.5288576239489549,0.6543760502757785,0.5316128241102311,0.5722666198414061,0.583444176884749
development-development-SME20401-035534,0.5679916207925314,0.6187004233977832,0.5591052607309689,0.5591052607309689,0.6814196296136384,0.5617901300265292,0.6010302148453286,0.5999036923125126
development-development-SME20418-035563,0.4675073299922476,0.653488487151856,0.6266809485983259,0.47488250508052615,0.6266809485983259,0.6176015484226625,0.5406659169116322,0.5436807163663049
development-development-SME20424-035570,0.5185381562651418,0.7014631808738613,0.6473361355035377,0.5211319988326599,0.6473361355035377,0.6397875873491249,0.5673362046116315,0.5769695859247761
development-development-SME20430-035579,0.6901328341343188,0.8088598077393152,0.7741324458067458,0.6486784946402373,0.7741324458067458,0.7702010047820875,0.6946421889593436,0.6976902745736131
development-development-SME20430-035580,0.6984340443563133,0.8064147347113922,0.7793330857526884,0.6554821994297078,0.7793330857526884,0.775451881128179,0.7008585644398805,0.7038677012698122
development-development-SME20443-035604,0.6150783282549706,0.6270279567679111,0.7129719715609496,0.5955820538346809,0.7129719715609496,0.7059506213090939,0.6345094009254284,0.6379214483031788
development-development-SME20485-035679,0.4657415456235623,0.5082711235410764,0.48062324608645995,0.48062324608645995,0.6095035942080131,0.4834522423248709,0.5253557259807591,0.540813082151876
development-development-SME20523-035748,0.2651704479400094,0.4405583736616778,0.48991554615228666,0.3236716102329223,0.48991554615228666,0.4799721291711219,0.39833299402605504,0.40615715767679395
development-development-SME20523-035749,0.3990604555308411,0.5796695437374805,0.6052294723978446,0.4330782213402342,0.6052294723978446,0.5949327258510997,0.5058031415545412,0.5147069045472678
development-development-SME20550-035802,0.6124803828305523,0.6185475429414873,0.7112492078984926,0.5935563684834347,0.7112492078984926,0.7075609824350255,0.6319210807107063,0.6409349848039337
development-development-SME20572-035843,0.4237653781004569,0.4179626679236239,0.44819551222229825,0.44819551222229825,0.5780583268809871,0.4510460741546139,0.4790716034303286,0.48488787560024316
development-development-SME20572-035844,0.6634943692132367,0.5642466371492201,0.6337327108800305,0.6337327108800305,0.7447938542634951,0.6361705655370423,0.6572033371683232,0.6401853099768069
development-development-SME20572-035845,0.5174150297735655,0.5359942103244234,0.5202711727629975,0.5202711727629975,0.6465483068520202,0.5230430269870273,0.5452953311471068,0.548486146635756
development-development-SME20582-035864,0.6948973489860693,0.6329781747631188,0.6525784479017868,0.6525784479017868,0.7771182608654345,0.6553121669484971,0.6933148140780946,0.6935109766063932
development-development-SME20582-035865,0.7109754830532132,0.6329781747631188,0.6658429045180748,0.6658429045180748,0.7871785079528427,0.6685062893607239,0.7042169519144821,0.7057223049467078
development-development-SME20616-035921,0.6643084195024502,0.7273034813834763,0.7578946018119137,0.6277584314909119,0.7578946018119137,0.7538164307058252,0.6695676471649679,0.6721030057941124
development-development-SME20616-035922,0.6655524472909089,0.7012392532724008,0.7586793361449806,0.6287583591160643,0.7586793361449806,0.7546079087064201,0.6753559152688762,0.6744762947478666
development-development-SME20644-035966,0.7801556703468089,0.7164535106859353,0.7252045102001897,0.7252045102001897,0.830473295362098,0.727515219331455,0.7584732074744678,0.7635110822060779
development-development-SME20645-035967,0.555783602112826,0.5892930226670888,0.5538928070528141,0.5538928070528141,0.7136173243531514,0.5573988501789429,0.6080937658028727,0.6044626359886925
development-development-SME20645-035968,0.5324396863027681,0.6005099516614548,0.5359971543980312,0.5359971543980312,0.6986429780476817,0.539567321844073,0.590977235009682,0.6001185265135881
development-development-SME20674-036019,0.3993968786097896,0.5754431437553335,0.43334230748672,0.43334230748672,0.6054864176009963,0.4371209676709598,0.4754460450659318,0.5048896012838459
development-development-SME20698-036061,0.3448784274829103,0.3315696722664405,0.385967738846867,0.385967738846867,0.5146153979100164,0.38879162742937434,0.4226056913484674,0.4265611968144577
development-development-SME20698-036062,0.3633406534722094,0.3782483670158049,0.40073877114954265,0.40073877114954265,0.5300597289351251,0.4035774390182705,0.4393521439069279,0.44536736549276545
development-development-SME20751-036152,0.716998995320324,0.6369290654293609,0.6708563255315813,0.6708563255315813,0.7909430719150861,0.6734922972584851,0.7016474058950433,0.7046263641246135
development-development-SME20774-036194,0.6626160175066759,0.7159704803985208,0.7568265612880586,0.626399295157337,0.7568265612880586,0.752739267902458,0.6695069648427625,0.6696020690919657
development-development-SME20827-036281,0.5238384783939214,0.4445495660505204,0.5251947620773836,0.5251947620773836,0.6510451401262224,0.5279572487659435,0.5738029407771761,0.5684704733788186
development-development-SME20827-036282,0.5987775025217816,0.5210526955276485,0.5829005398311825,0.5829005398311825,0.702130496543033,0.5855177045421716,0.6220294859705164,0.6204466563967406
development-development-SME20833-036291,0.6386030780295344,0.5538687368654586,0.6140161123733491,0.6140161123733491,0.7284944596954205,0.6165289765816936,0.6486529690648704,0.6543384287907563
development-development-SME20860-036335,0.1071950989829891,0.3654999091522917,0.3446511228806435,0.15655943278432838,0.3446511228806435,0.33346724539461725,0.2233201732563358,0.22588836397219408
development-development-SME20950-036494,0.8905825971679372,0.827450850119807,0.8329880840322251,0.8329880840322251,0.9025173000667521,0.834514289489366,0.8566561765718301,0.8577086259123724
development-development-SME20950-036495,0.9241018662969582,0.8291347093404432,0.8716642677368743,0.8716642677368743,0.9265125778199634,0.8728682190387588,0.8895414525545478,0.8910192820286797
development-development-SME20956-036505,0.3480412675429784,0.4030531570925901,0.3925336531186254,0.3925336531186254,0.5646194525849817,0.3963110333512976,0.44745368063238333,0.4453696322038435
development-development-SME20967-036523,0.3052771611493904,0.5492130095313138,0.5276446070221678,0.3575727618044095,0.5276446070221678,0.5223149428449034,0.41991907900325665,0.4302829757400314
development-development-SME20967-036524,0.4409267316241544,0.621569375286895,0.6362612405459019,0.46569580610542577,0.6362612405459019,0.6309161084068757,0.5174970942008355,0.5269393685583301
development-development-SME21116-036784,0.8126749668793674,0.8298532508183136,0.8510728550087342,0.754819088478947,0.8510728550087342,0.8453496338930833,0.7885887873213013,0.7915149753166811
development-development-SME21116-036785,0.8035021171774699,0.834775181773306,0.8452314283888416,0.7463275660215837,0.8452314283888416,0.8393506333412571,0.7823732760666962,0.7836968836652036
development-development-SME21171-036879,0.6592801124028275,0.6476010570815975,0.6237242319209167,0.6237242319209167,0.7547197017989582,0.6265996562733116,0.66515401776027,0.665730002829954
development-development-SME21172-036880,0.2797190756843187,0.3120981447809433,0.33611404011519036,0.33611404011519036,0.5039864460816661,0.3397989339871734,0.40030759431110796,0.4194568058225773
development-development-SME21172-036881,0.3940346698120858,0.4757964247910381,0.42912862704183496,0.42912862704183496,0.6013752909093898,0.43290953833872686,0.49287943083670727,0.5008126876426087
development-development-SME21174-036883,0.562611600645385,0.4823146546446474,0.5479261726464604,0.5479261726464604,0.6922914170959451,0.5510950710817725,0.6037168081951649,0.6058732306627321
development-development-SME21189-036909,0.585378931538651,0.6022686789687727,0.5766557086251807,0.5766557086251807,0.7321710484151689,0.5800693579339654,0.6234019884112545,0.6303744298915537
development-development-SME21226-036967,0.7771268458763423,0.8125350020988534,0.828567786965722,0.7225111227042258,0.828567786965722,0.822261688386514,0.7662486182627997,0.7649458126238398
development-development-SME21226-036968,0.8066426214607422,0.8157296317377181,0.8472281800692597,0.7492217393562824,0.8472281800692597,0.841400745453652,0.7896393434290112,0.789402333862202
development-development-SME21254-037013,0.4176315940917979,0.2926603379064184,0.44342753296835247,0.44342753296835247,0.5733442748233882,0.4462792786330046,0.4838760772481856,0.48858758041334216
development-development-SME21254-037014,0.6945416556327495,0.6372172255514459,0.6587110199615751,0.6587110199615751,0.7650066463625151,0.6610442688364477,0.6920146610727377,0.6981981651290259
development-development-SME21271-037039,0.7715967063020785,0.690702337027254,0.7176191146531022,0.7176191146531022,0.8250928825934194,0.7199782243984006,0.7626107436956227,0.7605713933906624
development-development-SME21293-037075,0.3562409205783864,0.5384106869762788,0.5713819604258097,0.3991245250665755,0.5713819604258097,0.5659838048326482,0.4547068482712391,0.45057052847236
development-development-SME21300-037087,0.7398145928787749,0.729443603188706,0.6900883618102814,0.6900883618102814,0.8051959042015393,0.6926150372048145,0.731386445429993,0.7332658788832913
development-development-SME21300-037088,0.7533096838804896,0.729443603188706,0.7016636296000371,0.7016636296000371,0.8136329578705471,0.704121419426892,0.7418357902221515,0.7436639840739465
development-development-SME21320-037115,0.2645623812937424,0.2765855935591887,0.323147639667201,0.323147639667201,0.489317160984957,0.32679515426192496,0.3571953288939376,0.37908186726698767
development-development-SME21342-037150,0.3798787252113539,0.4614322949907554,0.4179564820573548,0.4179564820573548,0.5903562047199349,0.42174075308101416,0.4719401768195399,0.4699177368163505
development-development-SME21362-037189,0.3648002399972298,0.5706232826581523,0.6358673352842061,0.38132053474470795,0.6358673352842061,0.6206423289404361,0.4809368409964868,0.4787053311719117
development-development-SME21362-037190,0.3856329990212468,0.5564116650800583,0.651496895110891,0.39752384094360005,0.651496895110891,0.6363062058048449,0.5080204502421517,0.4798836095059804
development-development-SME21362-037191,0.3418620418895461,0.5574071692761381,0.6178596886462548,0.3633288021398929,0.6178596886462548,0.6026356341559552,0.4730595601560174,0.46297579907101466
development-development-SME21400-037250,0.8065802094050716,0.7552903421807001,0.7491640923463756,0.7491640923463756,0.8471884670200557,0.7513157825867129,0.7798847181814514,0.7835950268142439
development-development-SME21431-037305,0.3699899289164952,0.5956751216019117,0.5825091659050037,0.41010685290173576,0.5825091659050037,0.5771064701765334,0.4730935987802637,0.45970599862889955
development-development-SME21431-037306,0.5465737483648901,0.7690362832313297,0.7077477201426631,0.5468284294121748,0.7077477201426631,0.7027048761719933,0.601635284867565,0.6209137564659717
development-development-SME21501-037429,0.5999702780374706,0.6522250150842039,0.5768979093775869,0.5768979093775869,0.716793316818226,0.5799686923727357,0.6226393616187245,0.6233978663403025
development-development-SME21514-037451,0.3419704187858365,0.5251662536154323,0.5289493891910051,0.37692244513857903,0.5289493891910051,0.5241852111069857,0.4351787838925326,0.44324961629424575
development-development-SME21514-037452,0.3922815178428445,0.4513020158796079,0.5700756853325224,0.41668451433099757,0.5700756853325224,0.5652687554838534,0.48543998024502416,0.48401555247478456
development-development-SME21519-037460,0.4014884372430698,0.4599535995804729,0.43083238292128073,0.43083238292128073,0.5607770015180235,0.4336847404961161,0.48795383412109816,0.4940519887573656
development-development-SME21522-037465,0.4986003715232487,0.57529461345906,0.5058499376499375,0.5058499376499375,0.6332471849267383,0.5086463789893887,0.5556427564553434,0.5624218063810553
development-development-SME21522-037466,0.6410101672848906,0.6533544436367207,0.6159125091966167,0.6159125091966167,0.7300756625358522,0.6184184547194921,0.6565331999987056,0.6623367781392565
development-development-SME21611-037618,0.5270049555694841,0.5320964306645876,0.531834365666486,0.531834365666486,0.6951093423754883,0.5354183433765769,0.5793167768732228,0.5742200780701294
development-development-SME21611-037619,0.6501342082801733,0.6664199664644721,0.6270823899474759,0.6270823899474759,0.7714164227847573,0.6302506032703189,0.6666135998556459,0.6819188301807348
development-development-SME21775-037896,0.6695434113808718,0.6758077771355065,0.7487400672398762,0.6385628551638692,0.7487400672398762,0.7452873644153699,0.6746012845512894,0.6775738881605695
development-development-SME21775-037897,0.755016660537564,0.7552827921267101,0.8043194507221435,0.7090430870996364,0.8043194507221435,0.8013337065415667,0.7374164423286504,0.7374196847676815
development-development-SME21808-037954,0.4329926812005899,0.7010494042975813,0.6013373676441482,0.4483058380458808,0.6013373676441482,0.5965417081377345,0.49935262163395855,0.5102758769892878
development-development-SME21808-037955,0.7872029978581737,0.8064406059825906,0.8349141336644276,0.7315114070830502,0.8349141336644276,0.8316737277819218,0.7661268953223668,0.7661631859356215
development-development-SME21824-037983,0.6395894756877254,0.5995420531844032,0.6080340331503515,0.6080340331503515,0.742234428121285,0.610979807413841,0.646269127842396,0.6494706358176291
development-development-SME21824-037984,0.656813957197825,0.6024333002527493,0.6217499160463894,0.6217499160463894,0.7531607059078025,0.6246344569063653,0.663171668442412,0.6621049129207265
development-development-SME21824-037985,0.565791543416641,0.5802364997264148,0.5503814042671434,0.5503814042671434,0.6943998928319984,0.5535426912154634,0.5899169025356354,0.594252653031289
development-development-SME21833-037997,0.6427884285698708,0.6044951884616112,0.7442689854411659,0.6105720844838408,0.7442689854411659,0.7363194063831946,0.6708724473892242,0.6712849621594427
development-development-SME21873-038073,0.6854583446638449,0.6575771445532699,0.6513530882436463,0.6513530882436463,0.7591022855464029,0.6537182438185972,0.6838297378851812,0.6905763905560736
development-development-SME21892-038109,0.4204490165098532,0.4594032774587618,0.449799549134033,0.449799549134033,0.6213130934397172,0.4535643680435822,0.4996545087595714,0.4997305350414356
development-development-SME21892-038110,0.5165280963473031,0.5147611290547086,0.5238104800424604,0.5238104800424604,0.6882434464390191,0.5274198762784784,0.5666247231780156,0.5345888073193488
development-development-SME21932-038182,0.2833942671615386,0.3278502174239747,0.33922978695407113,0.33922978695407113,0.5074688378056086,0.342922728887809,0.40890613704527445,0.41528022231427353
development-development-SME21951-038213,0.4038483734733561,0.4834234034934628,0.4368332442159432,0.4368332442159432,0.608874039440757,0.440609636580163,0.49183018665750805,0.4893551934892937
development-development-SME21951-038214,0.5379239068436119,0.5711196875114625,0.540198743174466,0.540198743174466,0.7021900936665643,0.5437545445660408,0.5849370022932306,0.5864977935045143
development-development-SME21951-038215,0.4411770865526933,0.4589302792031489,0.46588956760874745,0.46588956760874745,0.6364414360515795,0.4696332771914037,0.5147752571341273,0.48563372471145627
development-development-SME21969-038243,0.6302203772716702,0.6398932907689939,0.6006231637855783,0.6006231637855783,0.7362602934181322,0.6036004751841901,0.6444700976137192,0.6527327474548947
development-development-SME21970-038244,0.4262768274549941,0.4379781426521532,0.45014518123760383,0.45014518123760383,0.5799791521464243,0.45299511003336246,0.49828825836042234,0.4982680596493607
development-development-SME21970-038245,0.5021505186072985,0.4717489751839323,0.5085715548639201,0.5085715548639201,0.635772358414626,0.5113636841529285,0.5463451806467237,0.5201415665553553
development-development-SME21973-038249,0.4901443701362638,0.50715479426408,0.5035923644239408,0.5035923644239408,0.6706167195879004,0.5072586431031093,0.5469104611675417,0.5488380112603298
development-development-SME21973-038250,0.4672148234498798,0.4951683320199533,0.4859790729390805,0.4859790729390805,0.6548681922634866,0.48968628424197563,0.5295742560913355,0.4975799256798405
development-development-SME21977-038256,0.7147592492703384,0.7164535106859353,0.6689892275377917,0.6689892275377917,0.7895434746420124,0.6716354611688542,0.7136825299231757,0.714761927527708
development-development-SME21977-038257,0.7246153233608069,0.7164535106859353,0.677232342392581,0.677232342392581,0.7957012518263797,0.6798328016871259,0.7201591986984752,0.7219940150063946
development-development-SME21977-038258,0.6981366499448948,0.7202794421894242,0.6552377330441055,0.6552377330441055,0.7791468919802862,0.6579576088796713,0.7001358475456994,0.7020549210528604
development-development-SME21993-038285,0.2876721606314293,0.3782670926466683,0.5114872000049342,0.342843275558103,0.5114872000049342,0.5062022836115905,0.4021113887891107,0.403441949551599
development-development-SME21993-038286,0.6272090133154344,0.6850008829140997,0.757704192114422,0.6090992971206174,0.757704192114422,0.7530472532519046,0.6455132566335027,0.6672202310136323
development-development-SME21994-038287,0.5295186626517588,0.5926062327905315,0.6550039086963405,0.5295495708855059,0.6550039086963405,0.6510724555551299,0.5655451748931148,0.5661953240823508
development-development-SME22068-038414,0.0104370070628801,0.2547403141859343,0.0753281510909872,0.027949629644370734,0.0753281510909872,0.07384341616497714,0.048679074189120944,0.05369816353457174
development-development-SME22068-038415,0.1123111731117505,0.4675693534274677,0.3537767109210229,0.16193538376662003,0.3537767109210229,0.3477648407743532,0.23344212694337935,0.2532564032861392
development-development-SME22068-038416,0.0884053394631871,0.353393717574797,0.3086630256802518,0.13613189216676172,0.3086630256802518,0.3032562930104657,0.19392380379228907,0.19048800815037695
development-development-SME22119-038516,0.3805266856271357,0.4256777255097614,0.4184694795036738,0.4184694795036738,0.5908659947467245,0.4222536801226678,0.4603272832009413,0.47086994411727323
development-development-SME22119-038517,0.4739100403227939,0.4526089676679946,0.49112801225296027,0.49112801225296027,0.659510661924601,0.4948241062616874,0.5247722132816033,0.5005677246363516
development-development-SME22119-038518,0.3269273499375937,0.3121885470619364,0.37540437691602824,0.37540437691602824,0.5467394774124625,0.3791652788834486,0.4100965979186142,0.4272624480692986
development-development-SME22136-038544,0.4346114175891135,0.4537767125407723,0.46080370638162166,0.46080370638162166,0.6316957411992814,0.464554882807818,0.5303133956969933,0.4783538799396627
development-development-SME22156-038573,0.5688834611672572,0.5822956825946467,0.6820244754182595,0.5597923094657381,0.6820244754182595,0.6781939978024468,0.5971571720360791,0.6046007056293228
development-development-SME22159-038577,0.0966031290937058,0.4119909838628633,0.3248758369975949,0.1451855031010563,0.3248758369975949,0.3192447512976495,0.19101124516622253,0.20590823258473992
development-development-SME22159-038578,0.0,0.1878944743896121,6.700213079121257e-05,2.3649668543938647e-05,6.700213079121257e-05,6.564356338847957e-05,3.451718432425697e-05,3.8989794050912305e-05
development-development-SME22164-038587,0.6801008146086768,0.7187452274604276,0.7678365019874708,0.6405095011103348,0.7678365019874708,0.7602656753457204,0.6830844265208043,0.6842299611248968
development-development-SME22164-038588,0.6909850678961006,0.7243874814593056,0.7746667088672812,0.6493750999373745,0.7746667088672812,0.7672169060419589,0.691269441813029,0.6923966644181553
development-development-SME22180-038616,0.6539206156557144,0.6530306144214912,0.6194370986035151,0.6194370986035151,0.7513300355251146,0.6223322228630513,0.660543640465955,0.6611754940386144
development-development-SME22180-038617,0.6637843160189527,0.6661941524722462,0.6273373882804956,0.6273373882804956,0.7575639092879343,0.6301959337720388,0.6669225664246128,0.6671860544902604
development-development-SME22180-038618,0.637395843658398,0.6738961635515415,0.6062959195592486,0.6062959195592486,0.7408377601599564,0.6092491887466448,0.6516216228913563,0.6485461011257005
development-development-SME22220-038684,0.5996110332020855,0.6975640136887039,0.702686785243951,0.5835474264937569,0.702686785243951,0.6955607970605603,0.628035230573123,0.6219681874936267
development-development-SME22225-038693,0.6119390870677945,0.701226564886417,0.7108900272957547,0.593134535238774,0.7108900272957547,0.7038883197998115,0.6408240106486587,0.640795944296566
development-development-SME22225-038694,0.6911786265851324,0.7905014129306741,0.7628212284083781,0.6559816017722961,0.7628212284083781,0.7564685751128558,0.6920592827329035,0.6998990152467293
development-development-SME22228-038699,0.2530546556067602,0.3960731960492627,0.3131682116614109,0.3131682116614109,0.4778288118232326,0.3167826045868004,0.3682644422171807,0.37761553773427947
development-development-SME22228-038700,0.3347729237001068,0.3309209691818048,0.38179730279952556,0.38179730279952556,0.5534646848872884,0.38556549853504685,0.43419763574492276,0.45779918162592637
development-development-SME22290-038808,0.480937731613583,0.5055064452874899,0.49652691903149687,0.49652691903149687,0.6643440431177731,0.5002105994350697,0.5393413441230845,0.5514021499744232
development-development-SME22317-038855,0.7209775593274288,0.7489805198525639,0.7934287996161464,0.6741817226408943,0.7934287996161464,0.7863384029124163,0.7134726683956327,0.7153481682130995
development-development-SME22415-039035,0.5156392670180545,0.493372251568392,0.5118047686040137,0.5118047686040137,0.6605590696607073,0.5150700093041701,0.5663052220281342,0.5699194234215188
development-development-SME22415-039036,0.6730207214277253,0.6519605186915275,0.6347771899928094,0.6347771899928094,0.7633844699244444,0.6376001922306347,0.6814350276543673,0.6846654540413541
development-development-SME22415-039037,0.634074782709613,0.6511993048842407,0.6036679891319865,0.6036679891319865,0.7387208720915877,0.6066324759870261,0.6531485305700973,0.656429836147858
development-development-SME22465-039117,0.5709982290819878,0.759014645656864,0.6978424466602806,0.554405251233499,0.6978424466602806,0.6892631511999692,0.6219734477556034,0.6226556007829711
development-development-SME22465-039118,0.3647307415787325,0.5323421099446203,0.5479338497804442,0.39502628333792894,0.5479338497804442,0.5387881105129948,0.47246429353106456,0.47920088151608387
development-development-SME22467-039121,0.2761358899501673,0.3331145601394339,0.3330659229812157,0.3330659229812157,0.5005638081655002,0.3367425959110654,0.3825300899244266,0.4092196465249809
development-development-SME22467-039122,0.6764564740357478,0.6299810297554402,0.647969924907806,0.647969924907806,0.7869660678605891,0.6510209685408989,0.6849941120423271,0.6867162570247336
development-development-SME22467-039123,0.6535269273493637,0.6298731384908399,0.6297590653653671,0.6297590653653671,0.7734314236094108,0.6329127545581732,0.6680288487182218,0.6690579174032064
development-development-SME22500-039181,0.6429436934093996,0.6971790312335102,0.7443676701451698,0.6106953752780074,0.7443676701451698,0.7401786849516827,0.6676816029412806,0.6689644265949127
development-development-SME22500-039182,0.4311816153792461,0.6192403812823778,0.5999799189060576,0.4469065847613933,0.5999799189060576,0.5951829493403976,0.5055016940166416,0.511389131901139
development-development-SME22509-039198,0.1156794309876999,0.215009652976616,0.1654360182299777,0.1654360182299777,0.3596447846612381,0.1696990100491981,0.22969745000081754,0.2328605127785261
development-development-SME22524-039228,0.5388783619167073,0.7016206033999557,0.6764027785128817,0.52964777139195,0.6764027785128817,0.6676767682395891,0.5821705921499741,0.5830508883639584
development-development-SME22524-039229,0.7773615078014314,0.7966684292128895,0.8287153570472243,0.7227194354351691,0.8287153570472243,0.8224128702083818,0.762255320075754,0.7615762829311719
development-development-SME22528-039237,0.2829525778030484,0.3425985477672589,0.33885589311900083,0.33885589311900083,0.5070518063136712,0.3425478881568715,0.3914769582328541,0.4062457174018632
development-development-SME22528-039238,0.3719364144410363,0.3843708663890526,0.41165507681518054,0.41165507681518054,0.5840638215038805,0.4154395458773953,0.4624728839516441,0.46250626208613543
development-development-SME22535-039250,0.3593298893451144,0.6416315003980619,0.5739046073775795,0.40159923139581566,0.5739046073775795,0.5685049494345246,0.44366240495352655,0.4418033762319633
development-development-SME22595-039357,0.4390638682145091,0.6360179416706387,0.5896778568185514,0.46005080663312253,0.5896778568185514,0.5856156403776518,0.5215015700524329,0.523648622142113
development-development-SME22595-039358,0.4189059344496053,0.6340479016459464,0.5743263449465381,0.4444188678556035,0.5743263449465381,0.5702553405652788,0.5118592531857379,0.5081542668286518
development-development-SME22612-039387,0.8004508471423845,0.7268719181985569,0.7435282425532923,0.7435282425532923,0.8432943628668405,0.7457181650915345,0.776784171303486,0.7811487647138926
development-development-SME22612-039388,0.7833185562350802,0.7268719181985569,0.7280280494002204,0.7280280494002204,0.8324650702333134,0.7303205008359428,0.7680299426398882,0.7686237131997824
development-development-SME22639-039429,0.1031641608869433,0.3721957390352049,0.3372710700389503,0.1522711834397531,0.3372710700389503,0.3262058182223892,0.24045140555531674,0.25201596949358895
development-development-SME22639-039430,0.3392657634715414,0.6032388482030133,0.6157645373802585,0.3612807646621564,0.6157645373802585,0.6005433008696923,0.4667169114398918,0.48311168705223917
development-development-SME22639-039431,0.0865132562023697,0.1681386222602644,0.30479738030445447,0.13400816030774898,0.30479738030445447,0.2945820998437053,0.20401848123513158,0.19350744975418596
development-development-SME22657-039460,0.3727722550043863,0.5261607016736297,0.5847298752759132,0.4123194209617653,0.5847298752759132,0.5744176252099068,0.49199416987162786,0.47936991694748043
development-development-SME22674-039492,0.5860842765699056,0.4824539374159746,0.5730681401910236,0.5730681401910236,0.6936314840218234,0.5757145735003586,0.6119625696036899,0.6123414154992795
development-development-SME22674-039493,0.6404113656060871,0.54404778280025,0.6154405587993765,0.6154405587993765,0.7296824240558623,0.6179482320931733,0.648685800034736,0.6476902537140806
development-development-SME22722-039576,0.183815777236097,0.2563522200338921,0.23116562533347224,0.23116562533347224,0.46000501869913807,0.23618877892102402,0.32807002557517806,0.3482679514403748
development-development-SME22746-039615,0.3914820057007121,0.6240627552906557,0.599406286263828,0.42711930891282723,0.599406286263828,0.5940072048919461,0.4932151834087403,0.5046814200287766
development-development-SME22785-039681,0.2905171224106949,0.308315804618021,0.3452387021867845,0.3452387021867845,0.514139062433561,0.3489461602342575,0.37139791323856636,0.3758403134810304
development-development-SME22827-039760,0.7982483529647388,0.8061501566350738,0.8418978528593918,0.7415151691159086,0.8418978528593918,0.8387520882392673,0.7845047804932302,0.7828447260722151
development-development-SME22827-039761,0.8121578130901272,0.8061501566350738,0.8507427488116506,0.7543372141992415,0.8507427488116506,0.8477216189846889,0.7959812499639161,0.7907625767614902
development-development-SME22827-039762,0.7792153839231444,0.8061501566350738,0.8298815508999652,0.7243672732375266,0.8298815508999652,0.8265749738170425,0.7699459878862684,0.7642342355939948
development-development-SME22836-039776,0.4478181786342615,0.6450036020308071,0.6411998047814497,0.4710248605466687,0.6411998047814497,0.6310212655107382,0.521936332808722,0.5364473209710907
development-development-SME22854-039808,0.6400038448113992,0.6146787921825866,0.6083625663413245,0.6083625663413245,0.7424981150943072,0.6113069171938027,0.6467187606540757,0.6492232508693896
development-development-SME22854-039809,0.4975852578606297,0.4548789980098933,0.4979596171220978,0.4979596171220978,0.6480313994239223,0.5012537772777103,0.5408727933557149,0.5436748343796182
development-development-SME22855-039810,0.4550703357406245,0.4704349020962361,0.4653226657721783,0.4653226657721783,0.617659645414093,0.4686665482853711,0.5159179612832798,0.5153780462842678
development-development-SME22906-039899,0.8298332290987067,0.808555713967271,0.77103489835462,0.77103489835462,0.8620857701686242,0.7730335162790759,0.7993305299364662,0.8016353500004455
development-development-SME22906-039900,0.8648875424220583,0.808555713967271,0.8057712499715416,0.8057712499715416,0.8850678204647786,0.8075118543609142,0.8304140293286024,0.832421306392911
development-development-SME22906-039901,0.5778616026035689,0.6283188525417016,0.5597171453929319,0.5597171453929319,0.7023624156730485,0.5628482894263803,0.6050322799123902,0.6076574847740761
development-development-SME22941-039963,0.593391240618177,0.732671619921441,0.6985304692613999,0.5787241060815447,0.6985304692613999,0.6947760107781018,0.6156969281629171,0.6278272259907949
development-development-SME22956-039987,0.3524301583610897,0.3936857208390373,0.396065442119431,0.396065442119431,0.5682511942957008,0.3998450163703882,0.44386861900317814,0.4071373846151725
development-development-SME22956-039988,0.4531746483583235,0.4854203745721333,0.4751607520800337,0.4751607520800337,0.6450079284309412,0.47888899327432544,0.5164819805778798,0.5222259020453939
development-development-SME22962-039999,0.8429271500846646,0.7610862737602576,0.7837345782250393,0.7837345782250393,0.8705829282359423,0.7856409484286744,0.8133099228821358,0.8153843718124991
development-development-SME22962-040000,0.8869071105656202,0.7610862737602576,0.8289847542984615,0.8289847542984615,0.8999804896982537,0.8305431506817472,0.8531616481987979,0.8548574435402405
development-development-SME22974-040020,0.7682710561915592,0.8081766702345918,0.8230055744618134,0.7146927329850433,0.8230055744618134,0.8196112967645419,0.7572037401800891,0.7570079020256122
development-development-SME22974-040021,0.7765722664135537,0.8106217432625148,0.8282190726713505,0.7220190533375009,0.8282190726713505,0.824891006006679,0.7620638114778535,0.7632152796265884
development-development-SME22974-040022,0.7490304361906626,0.8081766702345918,0.810956323213868,0.6979758148581908,0.810956323213868,0.8074157714703305,0.7423188044624123,0.7421145267983186
development-development-SME22998-040058,0.5396785942979452,0.5359723052546475,0.541543307845552,0.541543307845552,0.703321115906793,0.545094421860483,0.5783491886265313,0.5865541895643126
development-development-SME22998-040059,0.4986947145016296,0.5401908544324436,0.5101482309161122,0.5101482309161122,0.6763842554413363,0.5137972052937008,0.5468814154765798,0.5576455932252551
development-development-SME23031-040109,0.3327934052434882,0.346882752672298,0.37621132811361463,0.37621132811361463,0.5042777247539583,0.3790224576585215,0.4241628271604493,0.41953405570880853
development-development-SME23031-040110,0.398729599249713,0.4084148743106993,0.4286725112819526,0.4286725112819526,0.5586050403994627,0.43152460348590893,0.46963738185840925,0.4693638336475753
development-development-SME23031-040111,0.3713820688489166,0.4041171814384704,0.40712675365690204,0.40712675365690204,0.536663047522971,0.40997014827389344,0.44968741759742736,0.45759130618077043
development-development-SME23037-040120,0.3382701375901396,0.4552323146790243,0.5564309994013592,0.3846360778600244,0.5564309994013592,0.5510473379375675,0.45145837085169055,0.4514817268372618
development-development-SME23045-040133,0.3975885710404427,0.7232724893797712,0.6041037688164328,0.43192238423212315,0.6041037688164328,0.593865913493961,0.4834634106223858,0.5109143993200995
development-development-SME23075-040182,0.7080198077760297,0.7019032391192938,0.6633919245942516,0.6633919245942516,0.7853305721744175,0.6660685465955815,0.710602651275829,0.7138180533174878
development-development-SME23075-040183,0.7102990842128447,0.6991352736312392,0.6652814864181218,0.6652814864181218,0.7867556586260265,0.6679479129233958,0.7171989929509739,0.7169706004481711
development-development-SME23076-040184,0.2906746450540507,0.3279597853315056,0.34537115821148523,0.34537115821148523,0.5142854212355973,0.3490789214327521,0.3799422090487684,0.3898571452450508
development-development-SME23076-040185,0.4058604571486621,0.3994906282836908,0.43840911852865944,0.43840911852865944,0.6103978628285966,0.44218436834575836,0.4664403414671093,0.4804979048697978
development-development-SME23101-040232,0.7393794719278075,0.8369530395419457,0.8049240298570834,0.6897177454930795,0.8049240298570834,0.7980332875394955,0.7420402049281434,0.7363917146302453
development-development-SME23101-040233,0.6423404231169962,0.7928032319302977,0.7439842045364234,0.610216391991639,0.7439842045364234,0.7359832562225179,0.6709688152142959,0.6644102650839667
development-development-SME23168-040346,0.1036206485684141,0.2319353991701318,0.15275922118975246,0.15275922118975246,0.3381155514807634,0.1568278970491966,0.20334828578055889,0.20149753380164273
development-development-SME23168-040347,0.1289629623271705,0.3310142562196776,0.17896596746073354,0.17896596746073354,0.3817917143621546,0.18341810685514168,0.2367375664223024,0.26644883014426884
development-development-SME23168-040348,0.0216753880822007,0.0648716877868436,0.048343667146598504,0.048343667146598504,0.12581823199441558,0.05004427748573479,0.0704110306765626,0.06951216844802607
development-development-SME23215-040424,0.7697408708586531,0.7761188253949823,0.7159846745540345,0.7159846745540345,0.8239278806010876,0.718354088730206,0.7446100057649241,0.7521257446487473
development-development-SME23238-040470,0.0485788034659463,0.0489751641012644,0.08788881024451635,0.08788881024451635,0.21445619424743986,0.09066703561765142,0.13214255769277952,0.11194216084010852
development-development-SME23329-040623,0.3700606344663369,0.5749889716178702,0.5825657260342322,0.41016311921706616,0.5825657260342322,0.5771630210983038,0.47445535645656706,0.4863575537129432
development-development-SME23329-040624,0.4726030897208385,0.6970337375454616,0.6586073515241877,0.49012334821806963,0.6586073515241877,0.653327446695067,0.5524187613046583,0.5683912365365993
development-development-SME23358-040669,0.2360114501687128,0.3910293961472385,0.27699567374430784,0.27699567374430784,0.5204898582104626,0.2823405082514276,0.35992959106994094,0.38514473024412044
development-development-SME23358-040670,0.2164467122130467,0.3179776124194387,0.26015632688867435,0.26015632688867435,0.49906561925025034,0.26540052043147006,0.33061702916707103,0.34528840211371237
development-development-SME23414-040767,0.2741056874233433,0.3432327885041656,0.3313342446892352,0.3313342446892352,0.4986123420489046,0.33500609315253016,0.35772348312854696,0.33633636775014963
development-development-SME23420-040774,0.5759349758211763,0.5705133441533052,0.5652288059213596,0.5652288059213596,0.6867960163845201,0.5678972746687441,0.5935978057083645,0.5935123442851666
development-development-SME23427-040784,0.2792551021012049,0.2951625167519346,0.3357199331167788,0.3357199331167788,0.5035447991741879,0.33940378346097894,0.39524396524609984,0.39001683988985636
development-development-SME23427-040785,0.404815007309135,0.3947105227286264,0.43759047226553865,0.43759047226553865,0.6096066753176118,0.4413663248177142,0.49440136266412726,0.4923913015651556
development-development-SME23433-040795,0.4545986319008325,0.4970930452107345,0.4762594006500246,0.4762594006500246,0.6460159058286273,0.47998565156101,0.523924942840077,0.5276073409540402
development-development-SME23433-040796,0.4308778593808308,0.4756108947387852,0.4579074011748786,0.4579074011748786,0.6289782874691192,0.4616625034917313,0.5065189409898838,0.48304734744463057
development-development-SME23460-040841,0.2184864014384957,0.2716188919109382,0.26192917225977747,0.26192917225977747,0.5013632506636356,0.26718488515180855,0.32569466605119124,0.3098721945055125
development-development-SME23476-040864,0.7756406272052585,0.8090148654687118,0.8276333913522117,0.7211931769227133,0.8276333913522117,0.8242977975204469,0.7631084801013749,0.7637323922743176
development-development-SME23476-040865,0.7473619867209285,0.7990731238168954,0.8099130873147073,0.6965424022118731,0.8099130873147073,0.8063603083208013,0.7419684665402324,0.7418514051483782
development-development-SME23545-040981,0.484506154230527,0.5653735073812336,0.4879293831407366,0.4879293831407366,0.638824760681556,0.4912416216757688,0.5379807699375961,0.5483011719748878
development-development-SME23545-040982,0.829980790593382,0.7042260310525185,0.7711763722203812,0.7711763722203812,0.8621810411765539,0.773173975966082,0.8013622530636388,0.8055610999739611
development-development-SME23560-041007,0.6144049006319672,0.6665364044286344,0.5991244532822865,0.5991244532822865,0.7499647552359582,0.6024354828771572,0.6592761995709808,0.6611287499845975
development-development-SME23573-041030,0.6101342134572857,0.6828580625667432,0.7473691786770391,0.5958069409012192,0.7473691786770391,0.7426195634290506,0.6341952134586086,0.6334765483577839
development-development-SME23608-041090,0.6061017299938913,0.6454146025322132,0.7207632573318815,0.5816844359815181,0.7207632573318815,0.7124446458511815,0.629615439085399,0.626258041828798
development-development-SME23643-041144,0.0763773747039211,0.2771126750442359,0.28321563861353116,0.12239048303311159,0.28321563861353116,0.27817574462400896,0.1822752540992828,0.17212720123225955
development-development-SME23655-041160,0.4001724850227262,0.4782529757227055,0.43395100526909286,0.43395100526909286,0.6060782938627537,0.43772929621147977,0.48561715991034116,0.4843305541301665
development-development-SME23655-041161,0.5293953246021964,0.5805485178729433,0.5336652116258566,0.5336652116258566,0.6966658527606706,0.5372431675155632,0.572086592906747,0.5905620415365724
development-development-SME23655-041162,0.3449419847365987,0.3542016398849468,0.3900339116306103,0.3900339116306103,0.5620377570756844,0.3938094929263513,0.43206256321359754,0.44703535871639355
development-development-SME23710-041253,0.0652884943253258,0.2638518893042516,0.25769135060076614,0.1091530854230523,0.25769135060076614,0.25303649976489134,0.16122227305823386,0.15892259327931696
development-development-SME23763-041346,0.6558565651901432,0.7973277339278478,0.7525551435412415,0.6209842033659659,0.7525551435412415,0.7446855950158673,0.6742380634491523,0.6759598015251915
development-development-SME23763-041347,0.5793721159184035,0.7502002559445016,0.7033545207234059,0.5608874613084789,0.7033545207234059,0.6948332512406494,0.6190836472676058,0.6208191435792504
development-development-SME23784-041388,0.3666912150151521,0.5685902736267147,0.5798629851878693,0.40747945267324165,0.5798629851878693,0.5696131102079337,0.45508031150567174,0.45634965232016556
development-development-SME23805-041429,0.5917328229509523,0.6148919388316806,0.5704829795359725,0.5704829795359725,0.7114384964430669,0.5735770325310602,0.6077050412823981,0.6117293506398578
development-development-SME23825-041463,0.4269545068956524,0.4830595493294153,0.4548603568974171,0.4548603568974171,0.6261076685147672,0.4586193318494909,0.509710330888981,0.5300580874275373
development-development-SME23825-041464,0.5563537671645997,0.5377425968468691,0.5543303793776796,0.5543303793776796,0.7139791290491639,0.5578347593616758,0.6022588625544234,0.613586351454322
development-development-SME23831-041473,0.7828161292773173,0.6891589486482046,0.7275787707665506,0.7275787707665506,0.8321485380648415,0.7298741360619592,0.7633828592210039,0.7659128070087531
development-development-SME23867-041531,0.316205571346169,0.455260819315326,0.3666100698144842,0.3666100698144842,0.5373847415967292,0.37035867005594364,0.42991472205165787,0.43878099351820177
development-development-SME23880-041554,0.69311037083579,0.7043959704028419,0.6511141544819166,0.6511141544819166,0.7759986948760902,0.6538554404899088,0.690936078363305,0.6950830285865035
development-development-SME23880-041555,0.6816875049882218,0.7139254905979248,0.6417978065239925,0.6417978065239925,0.76883319003122,0.644586304749867,0.6818796915923506,0.6861876376206093
development-development-SME23902-041592,0.682817388590336,0.6762450170027208,0.6427160473917193,0.6427160473917193,0.7695427146094724,0.6454999641774718,0.6806742619448496,0.6801170438598624
development-development-SME23902-041593,0.7149162072401652,0.6762450170027208,0.6691199564943046,0.6691199564943046,0.7896415631388999,0.6717654736488923,0.7072371857156592,0.7077671173695266
development-development-SME24002-041775,0.6981473978906073,0.7028908256307055,0.6552465671998671,0.6552465671998671,0.7791536212382802,0.6579663968317412,0.7008111902113912,0.7038602838242509
development-development-SME24006-041782,0.4716409489663183,0.5848744065931579,0.657941457137903,0.48938360927679675,0.657941457137903,0.6478596399728928,0.5346646065665266,0.5389360015898024
development-development-SME24015-041796,0.6476888478651457,0.6083623251575645,0.7473808268918511,0.614468080599658,0.7473808268918511,0.7432156442203259,0.667396035841095,0.6700732873068327
development-development-SME24166-042055,0.660905138478766,0.636554970679669,0.6250266936536862,0.6250266936536862,0.7557462960991148,0.6278960625605416,0.6625383345983639,0.6653220050930815
development-development-SME24191-042095,0.410185231716107,0.5372965905662908,0.6136578586773882,0.4417921611520868,0.6136578586773882,0.603378191718097,0.5116195401054483,0.5187327095266843
development-development-SME24191-042096,0.5043452009448184,0.559517736085091,0.680166165661866,0.514478334836658,0.680166165661866,0.6702560105546215,0.5751743124601136,0.56911385641395
development-development-SME24191-042097,0.48322504819122,0.5626699442470364,0.6659086301867205,0.49828299400922305,0.6659086301867205,0.6558825706614315,0.5584793993866846,0.5595744950225859
development-development-SME24203-042119,0.6553966012824644,0.6124125761989958,0.6206164746681685,0.6206164746681685,0.752264141721782,0.6235062151159441,0.6617369581856355,0.6658205281978816
development-development-SME24203-042120,0.6597438760480319,0.5585745086610766,0.6240958150302857,0.6240958150302857,0.7550127340256677,0.6269695151465593,0.6649880475338423,0.6690489505218723
development-development-SME24204-042121,0.7905752430479511,0.7393146979520446,0.7345498423146036,0.7345498423146036,0.837043059671892,0.7367996261691052,0.7724569988182004,0.7739053699720497
development-development-SME24217-042143,0.6000813606504507,0.6146879140321403,0.5769845350277045,0.5769845350277045,0.7168653575729896,0.5800549978761849,0.6196343056334684,0.6238855842263205
development-development-SME24217-042144,0.4936228417486342,0.4352529349403897,0.49492123346121375,0.49492123346121375,0.6452542282185385,0.49822112737736307,0.5395406872355821,0.5449380716953683
development-development-SME24256-042212,0.6944069813488984,0.6501636223627054,0.7768110726502714,0.6521764382166895,0.7768110726502714,0.7729053071454838,0.6963575786102637,0.6953598215090335
development-development-SME24300-042286,0.5300358683459383,0.6885039486141817,0.6553635646481211,0.5299461559910037,0.6553635646481211,0.647862072433814,0.5719927408208694,0.5832835440209525
development-development-SME24300-042287,0.3935724556397781,0.6675971564358375,0.5545252471462128,0.42462876413447986,0.5545252471462128,0.5467558516020713,0.46309910707569824,0.4655909508476116
development-development-SME24300-042288,0.5803944451989931,0.7427286891044306,0.6898039899315059,0.5686710599963128,0.6898039899315059,0.6825587618524495,0.6092634751168683,0.6044635917643542
development-development-SME24305-042295,0.7689616400513687,0.7498700874941191,0.715299467603389,0.715299467603389,0.82343887476647,0.7176731885045757,0.7544834595425416,0.7561582951491141
development-development-SME24400-042449,0.5457400992670037,0.5469283700921589,0.5349250896551357,0.5349250896551357,0.6810251521533096,0.538132068323824,0.5898796899596492,0.5898522783438467
development-development-SME24400-042450,0.5179777274362252,0.5565684511608455,0.513598721783672,0.513598721783672,0.6621672158314206,0.5168598839153188,0.574845738527801,0.5707692838782086
development-development-SME24403-042455,0.5701895457475473,0.5651985450576914,0.553779962989955,0.553779962989955,0.6973085448375372,0.5569304962098708,0.5945718084502203,0.5963343741403986
development-development-SME24413-042468,0.5425392712882673,0.7041399941135358,0.6640186507222422,0.5395379429500069,0.6640186507222422,0.6601177089283508,0.5852573920430912,0.5974202877122402
development-development-SME24413-042469,0.644797883702078,0.7848309335121377,0.7325614348920828,0.6189008249391336,0.7325614348920828,0.728999570313871,0.6575338125602784,0.6663595451532005
development-development-SME24413-042470,0.6159020250182887,0.754080886246632,0.7135178031838776,0.5962246970876126,0.7135178031838776,0.7098421044519627,0.6360923620397754,0.6404942724263605
development-development-SME24440-042515,0.5960214032710616,0.7084386163764488,0.7142294431806885,0.5738205611239611,0.7142294431806885,0.7058807716680436,0.6264714901189227,0.6260458707740799
development-development-SME24440-042516,0.6069056565584854,0.7113298634447949,0.7212828102764707,0.5823128010381213,0.7212828102764707,0.7130196937254004,0.633921003975862,0.6336260881907914
development-development-SME24449-042533,0.3575358740062521,0.4639987314031047,0.40016250164704015,0.40016250164704015,0.5724411360257589,0.4039441147146608,0.45346531225693476,0.448878915621016
development-development-SME24449-042534,0.5505855576832102,0.5599826375203452,0.5499048629499774,0.5499048629499774,0.7103104535716742,0.5534258560191525,0.590515565848913,0.5610428777845712
development-development-SME24487-042594,0.4109951130309869,0.4542828329452788,0.44242507438083195,0.44242507438083195,0.6142660456341181,0.4461970804963177,0.496178923176656,0.5100707530232643
development-development-SME24487-042595,0.2536213252712304,0.2420895544826831,0.31366251103081677,0.31366251103081677,0.47840198113396387,0.3172786351958451,0.359604509520155,0.3799361481804724
development-development-SME24522-042649,0.8257829643327962,0.7454852286622934,0.7671656542384232,0.7671656542384232,0.8594747520342539,0.7691918909319275,0.8015901633491256,0.8064964296594407
development-development-SME24524-042651,0.7641603297867146,0.7051687973051386,0.7110911303287686,0.7110911303287686,0.8204277246034241,0.7134911301614191,0.7503187232322909,0.7521039307754336
development-development-SME24527-042655,0.6723958374471539,0.7768963140884868,0.7629911525496984,0.6342725122312997,0.7629911525496984,0.7552922063784816,0.6801258789028117,0.6845597260970109
development-development-SME24566-042724,0.270788485720552,0.3751078397972243,0.3284974377316946,0.3284974377316946,0.49540443156139236,0.3321611402634674,0.3859652995838718,0.4014237195704077
development-development-SME24587-042759,0.1243180566363965,0.2098188035087748,0.17428267499052486,0.17428267499052486,0.3742199402320794,0.17867141058544317,0.23368647706644197,0.2434759814783794
development-development-SME24597-042773,0.6383920989740155,0.7142438345696928,0.7283558117574469,0.6138499921296734,0.7283558117574469,0.7247674602335539,0.6650040182436259,0.6622268059953624
development-development-SME24597-042774,0.7223016638450039,0.7827680944640144,0.7830339318028079,0.6814976880454753,0.7830339318028079,0.7798520172398504,0.729601696638101,0.7281421885386352
development-development-SME24597-042775,0.6859950070614655,0.7791119418785979,0.7594512898242025,0.6517865885305236,0.7594512898242025,0.7560773233636983,0.7027940271012418,0.6941638302785382
development-development-SME24599-042779,0.5881262813688735,0.611027275575308,0.5787752336560421,0.5787752336560421,0.7338712966241109,0.5821796796024108,0.6240309631729949,0.5900152920359143
development-development-SME24599-042780,0.563089396844072,0.6211470820191598,0.5595020091873342,0.5595020091873342,0.7182398191980132,0.5629863935326517,0.6058203699276434,0.605352078027333
development-development-SME24613-042802,0.7190552059300556,0.6413665460246639,0.6788074864822298,0.6788074864822298,0.7809256574824675,0.6810490378579337,0.7139386662781229,0.7020458980134651
development-development-SME24628-042829,0.3805852352062344,0.4287169202280485,0.4185158259296837,0.4185158259296837,0.5909120331510446,0.42230001978742815,0.4636914192491818,0.4738750181587311
development-development-SME24729-042998,0.3456795773235259,0.2798329183694812,0.3798876463443609,0.3798876463443609,0.5320892394563512,0.3832285570469598,0.4333401446238754,0.396046768964016
development-development-SME24735-043009,0.3820520755809736,0.620281502533284,0.5920640232489238,0.4196765151077538,0.5920640232489238,0.5866617914711038,0.5111899538183662,0.48533020758825085
development-development-SME24735-043010,0.5858771314358909,0.7395157418066086,0.7324796319638919,0.5770399634192613,0.7324796319638919,0.727608506869039,0.65237966248498,0.652676321771892
development-development-SME24817-043140,0.2745821080132197,0.407706515445469,0.3317409166256427,0.3317409166256427,0.4990710878811586,0.3354139081402842,0.36993315022722295,0.3855513883231063
development-development-SME24817-043141,0.4778352245124035,0.4934169183100297,0.49414413660359335,0.49414413660359335,0.6622151788277657,0.4978333906533228,0.5292070974709032,0.5349083882883148
development-development-SME24817-043142,0.4497274010035392,0.4999718953489453,0.4724996235701507,0.4724996235701507,0.6425601589016842,0.47623254811425036,0.5079776322532297,0.5146267854043285
development-development-SME24823-043153,0.3768831967907161,0.4220377010804675,0.40461059737040117,0.40461059737040117,0.5578074045320079,0.40797335358198433,0.44909542349007503,0.45298213501014334
development-development-SME24823-043154,0.5819845836527895,0.5537782320681042,0.5629126747554292,0.5629126747554292,0.7050681733140967,0.5660330680237078,0.6023101322684776,0.6046287393773716
development-development-SME24863-043224,0.5917328229509523,0.6077794211158996,0.5704829795359725,0.5704829795359725,0.7114384964430669,0.5735770325310602,0.6106676371565243,0.6161866081168589
development-development-SME24863-043225,0.6066163529024974,0.6077794211158996,0.582086654241605,0.582086654241605,0.721095867626915,0.5851379847780542,0.623137794874027,0.62715921044436
development-development-SME24948-043362,0.7508040285445217,0.8514180646982012,0.8120655176691834,0.6995022744670182,0.8120655176691834,0.8053328614810246,0.7405261731206054,0.7420325810651384
development-development-SME24954-043371,0.5731485825851995,0.5919987325702708,0.5560685346055183,0.5560685346055183,0.6992607543917647,0.559211684488718,0.6105063227782088,0.6154217011328279
development-development-SME24954-043372,0.5785101072713567,0.6032129643873848,0.5602195365264941,0.5602195365264941,0.7027884693730011,0.5633490049102746,0.6139013234554974,0.6189125252860398
development-development-SME24971-043400,0.4869033793234608,0.5909511367319206,0.501105983150576,0.501105983150576,0.6684160840243862,0.5047785341090336,0.5441419294198973,0.5606039252496183
development-development-SME25034-043510,0.3030955009745116,0.3556336694940886,0.3557592374091911,0.3557592374091911,0.5256743226521213,0.35948896924191515,0.4111099211635364,0.4261229047115168
development-development-SME25034-043511,0.4390436152760854,0.3936561913006582,0.4642379571069921,0.4642379571069921,0.6349039247405058,0.4679841712311548,0.5239638877578133,0.5213087549377503
development-development-SME25034-043512,0.4162172516335101,0.3914369647655288,0.44650162376430835,0.44650162376430835,0.6181705201240922,0.4502698527389534,0.5008453272759339,0.501987151610923
development-development-SME25078-043581,0.1383845234904213,0.3593521847590827,0.39662566010855965,0.18831999513723185,0.39662566010855965,0.384166438213372,0.30058159692597364,0.26695905174195855
development-development-SME25078-043582,0.0460046212110831,0.3444451428943541,0.2071665456901476,0.08443890677469053,0.2071665456901476,0.19982593454483566,0.14970116950336085,0.14795878222020328
development-development-SME25086-043597,0.6640946272251594,0.6396283481918587,0.6275866637289192,0.6275866637289192,0.757759712025905,0.6304440354643472,0.6736753439504204,0.6747460938860192
development-development-SME25086-043598,0.6723958374471539,0.6396283481918587,0.6342725122312997,0.6342725122312997,0.7629911525496984,0.6370979588923428,0.6822187747410616,0.6845597260970109
development-development-SME25106-043629,0.442949341013202,0.4671013304573922,0.4672608339024297,0.4672608339024297,0.6377153280082747,0.47100240606353894,0.522629133422934,0.5064299932356265
development-development-SME25106-043630,0.5915088477199701,0.5459504694516345,0.5813866529009043,0.5813866529009043,0.7359598399033936,0.5847796214252972,0.6292868466256636,0.5897245209256279
development-development-SME25106-043631,0.5535136855567946,0.5495180298740515,0.5521510479484898,0.5521510479484898,0.7121751276209637,0.5556636666374278,0.6044912637160663,0.5962080261163183
development-development-SME25108-043633,0.528843243808786,0.6199121364740351,0.6695979908827402,0.5219380652071124,0.6695979908827402,0.6608181744139406,0.5646297955181694,0.5672830162981836
development-development-SME25108-043634,0.3660017936184667,0.5411523185331657,0.5489747859175771,0.39603121289838517,0.5489747859175771,0.5398808053060686,0.4535143016084483,0.4536775489746227
development-development-SME25134-043678,0.4881020917489684,0.4740537316866366,0.49068748500704307,0.49068748500704307,0.6413674914426143,0.49399499602499847,0.544018662514244,0.5611426148386897
development-development-SME25139-043687,0.6826838576741061,0.6695591217772026,0.6426074921170377,0.6426074921170377,0.7694588714783344,0.6453919513482611,0.6832046823977802,0.6853351205742884
development-development-SME25139-043688,0.4471322545833935,0.4912969880599749,0.4592120788783848,0.4592120788783848,0.6118377519189547,0.4625622983742964,0.5179705526408656,0.5214424903414194
development-development-SME25206-043805,0.1222094462614523,0.2603546257479406,0.17214009206587738,0.17214009206587738,0.37072294214179174,0.17649909748497997,0.2354473605216209,0.24133690473958294
development-development-SME25207-043806,0.3798108098697267,0.4926397639760555,0.5903027408303785,0.4179027033935215,0.5903027408303785,0.57999111382081,0.4888695875827054,0.4902756395828286
development-development-SME25217-043826,0.2952466062121471,0.3016447760465786,0.34920765880156485,0.34920765880156485,0.5185120721955577,0.35292398604321884,0.37950798836619426,0.3836948498099783
development-development-SME25217-043827,0.3952934705791524,0.3866422789697544,0.4301186671938133,0.4301186671938133,0.6023434230524712,0.43389909759756934,0.45844630993474045,0.43723127832048925
development-development-SME25223-043836,0.36001377271316,0.4569130176133626,0.40214653118821875,0.40214653118821875,0.5744613012353769,0.4059289374541165,0.46704332787845776,0.4809278911563435
development-development-SME25223-043837,0.4881342747780832,0.5354917023670884,0.5020503868244681,0.5020503868244681,0.6692528147730121,0.5057205743015649,0.5574224206583098,0.5730751195909254
development-development-SME25246-043876,0.3640605021164827,0.4122084089355852,0.4013116805913555,0.4013116805913555,0.5306538048482711,0.404150813076052,0.43567887689591994,0.43056277646227437
development-development-SME25246-043877,0.6829321570279281,0.6591578423457278,0.6493145084056812,0.6493145084056812,0.7574591299916056,0.6516883437663865,0.6766177250862899,0.6711993651643393
development-development-SME25246-043878,0.6308581065368002,0.6619073251468388,0.6079278299633396,0.6079278299633396,0.7233984545136268,0.6104624752157843,0.6370992257231851,0.6442913259374166
development-development-SME25251-043888,0.3499522896089289,0.6448415617803372,0.566204252304889,0.39407262515420594,0.566204252304889,0.5559086795073597,0.4615879335058365,0.462606440639853
development-development-SME25251-043889,0.524861903546557,0.8082965014084785,0.6937107607872409,0.5301930247376402,0.6937107607872409,0.6839304038414942,0.6053966530233126,0.6113994012435866
development-development-SME25251-043890,0.4873960486681211,0.8063264613837862,0.6687511283282247,0.5014839986702787,0.6687511283282247,0.6587465118696837,0.578412014842126,0.5863896891457705
development-development-SME25260-043906,0.2736137650653006,0.5682896611632935,0.4981381509674221,0.3309141430762335,0.4981381509674221,0.49289773152412686,0.40430269137802755,0.41365723932971327
development-development-SME25260-043907,0.3770634727777132,0.5705153406624822,0.5881350818842718,0.4157257291322849,0.5881350818842718,0.5827321655461144,0.48681993788479877,0.49008687775842746
development-development-SME25298-043969,0.3074774617512149,0.3051591010664611,0.35939855260595344,0.35939855260595344,0.5296228806523231,0.36313507249240673,0.4228076313886515,0.37537688552071047
development-development-SME25308-043988,0.3236177357656237,0.4242441928177659,0.37269703804761795,0.37269703804761795,0.5438724444155922,0.37645443463896433,0.42999903826853025,0.4468243655637753
development-development-SME25308-043989,0.4077207368153354,0.458467741587847,0.4398650014091098,0.4398650014091098,0.611802679618243,0.44363913029675045,0.49634786897831407,0.49497240370987144
development-development-SME25308-043990,0.3919949906699537,0.4676621376604313,0.4275232831622192,0.4275232831622192,0.5998026028080693,0.4313049112718394,0.4841183826065263,0.48448174624904805
development-development-SME25311-043995,0.7776327345639467,0.6961541943245624,0.7229602823228664,0.7229602823228664,0.828885934005822,0.7252854100442757,0.7619932358573479,0.7643428348954345
development-development-SME25311-043996,0.800758389435372,0.6961541943245624,0.7438098359710085,0.7438098359710085,0.8434894754692972,0.7459978602066418,0.7805411722909024,0.7827522248675058
development-development-SME25311-043997,0.7680437769352193,0.7048392046245372,0.7144931562831595,0.7144931562831595,0.8228629854530535,0.7168719350771904,0.7544267742436974,0.7568305890168868
development-development-SME25487-044316,0.6557962399176257,0.753232661632432,0.7525169805756982,0.6209359695624959,0.7525169805756982,0.7483935314539027,0.6705869909859947,0.6709062868589494
development-development-SME25487-044317,0.6730207214277253,0.7598549856460346,0.7633844699244444,0.6347771899928094,0.7633844699244444,0.7593542107600929,0.6826640643480684,0.6830291555002876
development-development-SME25487-044318,0.5875982480664924,0.69794456891366,0.7087411643493117,0.5672694805513272,0.7087411643493117,0.7043077640750336,0.6265554250895625,0.6219891188608822
development-development-SME25526-044386,0.7809036576364803,0.6851176417474166,0.7258712274616569,0.7258712274616569,0.8309441452476021,0.7281776371936896,0.7671106179448319,0.7669206378277549
development-development-SME25526-044387,0.7892048678584748,0.6871558692875511,0.7333134800918311,0.7333134800918311,0.8361776047263114,0.7355714055699957,0.7738289110709542,0.7736712098805294
development-development-SME25526-044388,0.7616630376355836,0.6851176417474166,0.7089113545688134,0.7089113545688134,0.8188627423815509,0.7113248494659324,0.7522182691983337,0.7520727069241864
development-development-SME25548-044427,0.6822658633095633,0.795168269713054,0.7691963997096921,0.642267742876322,0.7691963997096921,0.7616492584895598,0.7009221879086217,0.7005633197495369
development-development-SME25548-044428,0.700174600099073,0.7988993466583105,0.7804226556189792,0.6569140847370379,0.7804226556189792,0.7730788717202302,0.7137908069538643,0.713282493598856
development-development-SME25548-044429,0.6672969243042496,0.795168269713054,0.7597792712103887,0.6301617991190568,0.7597792712103887,0.7520722538127803,0.6895603586082732,0.6893182658347425
development-development-SME25566-044459,0.8820891846016417,0.9473627246332218,0.8966775689658846,0.8237963737072296,0.8966775689658846,0.8943936383419243,0.8518671480212525,0.8515936007089786
development-development-SME25566-044460,0.9148764754113808,0.9473627246332218,0.9197283511487971,0.8605784981831778,0.9197283511487971,0.9178747295100264,0.8833605363675523,0.8831385273398091
development-development-SME25566-044461,0.8717682486536324,0.9534944474685466,0.8896799701891117,0.8128928033782267,0.8896799701891117,0.8872736353151555,0.8424679938249778,0.8421797861052267
development-development-SME25585-044495,0.4674379811116662,0.5303316627267418,0.47482923888350625,0.47482923888350625,0.626630973948329,0.47816137247673335,0.5238608651192024,0.5294435018709284
development-development-SME25585-044496,0.7206125270529176,0.6457678113458164,0.673876143292849,0.673876143292849,0.7932007541896309,0.6764953857165152,0.7118196458172634,0.7168059930577797
development-development-SME25607-044530,0.3496285384381002,0.4303264591745112,0.3938120297683087,0.3938120297683087,0.5659361442314986,0.39759025103674384,0.45011222351727975,0.45813143149798236
development-development-SME25607-044531,0.3577760729353012,0.3232927309059933,0.40035494932735943,0.40035494932735943,0.5726373407434966,0.40413664486406775,0.439755622207604,0.42582079114369203
development-development-SME25607-044532,0.4372211696361262,0.4304298321786428,0.4628263655730368,0.4628263655730368,0.6335870863078322,0.46657465958114624,0.5098515767596523,0.4742496679037673
development-development-SME25647-044601,0.7126659356016336,0.7900942125489082,0.7882351806082797,0.6672473559321139,0.7882351806082797,0.7809986315952516,0.701843945396269,0.7041029500068332
development-development-SME25680-044655,0.2040091179955085,0.2635929832124268,0.42489703988072625,0.2690774577365264,0.42489703988072625,0.4156320525985546,0.3206297943711724,0.32591360275237846
development-development-SME25680-044656,0.2899925471215985,0.4735268175427462,0.5136513088327446,0.34479747001322497,0.5136513088327446,0.5036113084189267,0.39661420755823174,0.42237113012470706
development-development-SME25680-044657,0.3631648557002844,0.5527882990830406,0.5770179657514328,0.4046655787369098,0.5770179657514328,0.5667699426739244,0.4536412700720037,0.47521219583506513
development-development-SME25706-044707,0.2876969420116799,0.3673175202573322,0.3428641674390599,0.3428641674390599,0.5115103695163948,0.34656604657154866,0.3846425451022508,0.40754356824342003
development-development-SME25759-044809,0.6913331307939623,0.5992531316698203,0.6496597243762058,0.6496597243762058,0.7748848843965245,0.65240848717686,0.6878676371924,0.690569774554606
development-development-SME25759-044810,0.7298640362624389,0.5979761179369726,0.6816513860999572,0.6816513860999572,0.7989797689216799,0.6842268101929186,0.7143437965323652,0.7195028147522762
development-development-SME25764-044817,0.4066448344453969,0.4306169137665595,0.4390231114540433,0.4390231114540433,0.6109906678089645,0.44279789618381415,0.48269715346569153,0.4985367985021164
development-development-SME25768-044823,0.3201020126682469,0.4391235600416583,0.3698140216452899,0.3698140216452899,0.5408068486053114,0.3735674105157864,0.41692517497982645,0.42582860302350645
development-development-SME25780-044840,0.3998452837597794,0.6300613581529463,0.6058286865338196,0.43369424059955913,0.6058286865338196,0.5955936221699023,0.48119280239626744,0.494767748306316
development-development-SME25847-044961,0.3039456647197003,0.5086152077520427,0.5264431610547539,0.3564663257134601,0.5264431610547539,0.5211164742705697,0.42590833162823877,0.4294267740571514
development-development-SME25847-044962,0.4377773235220476,0.6141434878908001,0.633989285411186,0.4632572147708499,0.633989285411186,0.6286389312732811,0.5270804123320568,0.5320536626116517
development-development-SME25853-044973,0.7423173705524119,0.8253716926348674,0.8067598488672708,0.6922231906145337,0.8067598488672708,0.8031705309311269,0.73372520742275,0.7354991220255018
development-development-SME25853-044974,0.4871212504908471,0.629672907365982,0.6406748049814316,0.4899352173223034,0.6406748049814316,0.6359509697139669,0.5488589939892696,0.5578195173378089
development-development-SME25858-044983,0.6304207450467472,0.6669513331495569,0.7231102831856511,0.6075846164225867,0.7231102831856511,0.716200437901373,0.644422276982212,0.651284635359916
development-development-SME25858-044984,0.7146170043524016,0.7349733770375424,0.7780438337979527,0.6751411542232785,0.7780438337979527,0.771888997257109,0.7057562599990774,0.7053967433481273
development-development-SME25858-044985,0.6906118383482575,0.7163541208251487,0.7624528417983791,0.6555222090477901,0.7624528417983791,0.7560570844817657,0.6887123728619011,0.6933919739258211
development-development-SME25889-045042,0.7868895622605939,0.7450692932564986,0.7312296829956576,0.7312296829956576,0.8347163942854513,0.7335012746016039,0.765856074522814,0.7702531922107055
development-development-SME25889-045043,0.8136542340432654,0.7450692932564986,0.7557326050983685,0.7557326050983685,0.8516982022413412,0.7578391040122159,0.787842450878516,0.7919199988010197
development-development-SME25896-045051,0.2936551752543264,0.2952740290431664,0.3440481067427115,0.3440481067427115,0.4694047647338451,0.34679975599789675,0.38282900444533335,0.36639165451142647
development-development-SME25929-045097,0.575699168462717,0.5939849295088862,0.5650468795427503,0.5650468795427503,0.6866367571011079,0.5677158458456426,0.6065238564831656,0.6026129044855959
development-development-SME25929-045098,0.651922723435222,0.6508109173883859,0.6245364837919961,0.6245364837919961,0.7372299187175481,0.627010168167812,0.6545423411927611,0.6654343008147152
development-development-SME26023-045258,0.5121508490315345,0.7054405905015924,0.6853531509306262,0.5204579113112412,0.6853531509306262,0.6801857097796491,0.631581654688306,0.6212638681101031
development-development-SME26052-045313,0.6638940503787765,0.6010955532122654,0.6274255335148317,0.6274255335148317,0.7576331524779335,0.6302836640958543,0.6693363779377433,0.6721351156085843
development-development-SME26081-045358,0.3318119572948617,0.328166557034851,0.3793886145449052,0.3793886145449052,0.5509381571561845,0.3831542236375397,0.4130422556885266,0.42294406121557987
development-development-SME26101-045390,0.356841224858731,0.4451977170034749,0.39960579841135585,0.39960579841135585,0.5718732593174168,0.40338716621495774,0.4663428381026795,0.4543397644696345
development-development-SME26102-045391,0.6893937694141414,0.726496596765681,0.7736690589924531,0.6480747345254414,0.7736690589924531,0.7662012567888575,0.6933920818420156,0.6951962739541482
development-development-SME26102-045392,0.5201020675377367,0.6864163745904363,0.6636253368402577,0.5152286313647612,0.6636253368402577,0.6548017116576778,0.5716006874815838,0.5722462288960898
development-development-SME26140-045453,0.3086130501499091,0.5387457430592457,0.5306404380307602,0.3603396017123386,0.5306404380307602,0.5204543688764753,0.4073929119787076,0.4296005124486528
development-development-SME26155-045478,0.8004508471423845,0.7035732272833988,0.7435282425532923,0.7435282425532923,0.8432943628668405,0.7457181650915345,0.7804267811492553,0.7826705007505813
development-development-SME26155-045479,0.7321626906298204,0.6844097133068795,0.6835933695379655,0.6835933695379655,0.8004155890032219,0.686157683060135,0.7266416415262329,0.7292329437285009
development-development-SME26155-045480,0.7849671014093332,0.7029507361001617,0.7295042391493058,0.7295042391493058,0.8335040409970721,0.7317870933820189,0.7662654165658551,0.7698469754107036
development-development-SME26185-045531,0.2329073496480134,0.4495368915617289,0.5171793348801035,0.27434778310891034,0.5171793348801035,0.5095695472581291,0.3951259380402193,0.39893130699307777
development-development-SME26185-045532,0.2386357201026595,0.4357923771371564,0.5232638647341851,0.2792276431802718,0.5232638647341851,0.5156163255056577,0.3956758067179385,0.3831196387080732
development-development-SME26202-045559,0.7769047286315998,0.7155731548198384,0.7223140014446652,0.7223140014446652,0.8284281150424568,0.724643266011264,0.7629166850026121,0.7630767645079239
development-development-SME26205-045563,0.4022422712968144,0.3622619095978263,0.43142215867668926,0.43142215867668926,0.5613692145361291,0.4342745697508137,0.4707427011168502,0.44597798003710376
development-development-SME26205-045564,0.337745723481953,0.4680966389856142,0.38021833998058874,0.38021833998058874,0.5085367563954917,0.38303500150150765,0.41753733833793033,0.43284291023481886
development-development-SME26222-045588,0.0763392597478496,0.2423163679792234,0.2831315238308224,0.12234598030767511,0.2831315238308224,0.2780928711929323,0.2058123385476335,0.19171284499461327
development-development-SME26233-045606,0.3949700959337845,0.5864001790618335,0.6020948971224438,0.4298643858556833,0.6020948971224438,0.596697585269003,0.4875555930216894,0.4840036990137345
development-development-SME26233-045607,0.466386469728837,0.7140795836253331,0.6542911930532566,0.4853416209293259,0.6542911930532566,0.6489966983580286,0.5345896962839678,0.5534943826269089
development-development-SME26264-045661,0.7387777447354376,0.6507766087751043,0.6952662348741091,0.6952662348741091,0.7937416108533893,0.6974278248471494,0.7278135399124557,0.7232146939461692
development-development-SME26264-045662,0.8671309498444899,0.7299249710678033,0.8124542838022624,0.8124542838022624,0.8796170725212924,0.813928544846841,0.8326279337603002,0.8271570389267147
development-development-SME26264-045663,0.421398399401354,0.3920977824183435,0.44635665744897524,0.44635665744897524,0.5762430690375023,0.44920773734719277,0.4854975600159303,0.4657584925091093
development-development-SME26288-045702,0.5281545723555187,0.5899197014449232,0.6691289959399908,0.5214092809070386,0.6691289959399908,0.6644997966008599,0.5762336971486145,0.5790027763428388
development-development-SME26288-045703,0.5239994895776131,0.5993609986794495,0.6662937062474569,0.518219571625327,0.6662937062474569,0.6616534002058276,0.5744292971477375,0.5762285322458582
development-development-SME26295-045716,0.3854504815898404,0.5969314239302995,0.5646655639892251,0.411337327929121,0.5646655639892251,0.5555487114245711,0.4849656987177824,0.4876588112100518
development-development-SME26295-045717,0.6644353053905867,0.7981749719225576,0.7579746549168517,0.6278603861264503,0.7579746549168517,0.7502380981312192,0.6805246526868274,0.6822273287527885
development-development-SME26309-045739,0.5913021373152815,0.5476398538502568,0.5701480493930243,0.5701480493930243,0.7111578299281728,0.5732432935053141,0.6106912197797204,0.6101835651054067
development-development-SME26312-045742,0.6908096577412461,0.8575454871141267,0.7745567516091091,0.64923168718813,0.7745567516091091,0.7706293496014304,0.6955832112530691,0.6984279672173217
development-development-SME26312-045743,0.8339701162714055,0.8633159295428174,0.8647607172980388,0.7750149577077399,0.8647607172980388,0.8619482896481985,0.8080857201561956,0.8100764235132716
development-development-SME26357-045814,0.0660818534529896,0.0856741182699343,0.11012070705732152,0.11012070705732152,0.25959203223289096,0.11340168684078056,0.16876870680446215,0.1402065345926539
development-development-SME26357-045815,0.1643484262377764,0.2026780819366609,0.2132152219829827,0.2132152219829827,0.43432318946682075,0.21806866641738562,0.2956233339967994,0.23219007775091824
development-development-SME26392-045875,0.5101835566233932,0.6277842709027573,0.6414594115465758,0.5147287643789299,0.6414594115465758,0.6338793716364765,0.5642509913283844,0.5685143263854425
development-development-SME26407-045900,0.6171822694279469,0.6159242465519049,0.5903620875127487,0.5903620875127487,0.7279053785136873,0.59338124022712,0.6298318720734112,0.6327608528363806
development-development-SME26407-045901,0.6093002068112153,0.621074914696063,0.5841855343758783,0.5841855343758783,0.7228290375258941,0.5872288373666614,0.6239710387086873,0.6269234484604238
development-development-SME26439-045954,0.6421725931707638,0.645500591530393,0.6100831646137418,0.6100831646137418,0.7438775083106791,0.6130200258230419,0.6470001485618255,0.6508399104597493
development-development-SME26444-045960,0.8050779572519432,0.911107273098826,0.8462329615460286,0.747778135912343,0.8462329615460286,0.8431476116070848,0.7892737051249263,0.7904652436012717
development-development-SME26492-046035,0.1950635122771172,0.2140990378447142,0.24130084143955302,0.24130084143955302,0.47398795613766326,0.24640845467773886,0.33708314339631484,0.32985265743455694
development-development-SME26492-046036,0.1256723646567601,0.1626686304874849,0.1756532883036672,0.1756532883036672,0.37644607657683327,0.1800608031110378,0.2598287889696477,0.27491546993507965
development-development-SME26492-046037,0.18948220197877,0.2485542203756172,0.23629168662154126,0.23629168662154126,0.46712244566218375,0.2413585518073772,0.34239787241693076,0.3442520647665687
development-development-SME26527-046093,0.520644546964823,0.5512485428100307,0.5269631132360554,0.5269631132360554,0.6909497433765734,0.5305627121398361,0.5611891163992234,0.5734164368524307
development-development-SME26527-046094,0.484833365852565,0.5506236388005542,0.4995174716883713,0.4995174716883713,0.6670062929336085,0.5031939456596534,0.5337436024987612,0.5414294336389054
development-development-SME26553-046137,0.7564633609424243,0.7175411366804282,0.7043921611048174,0.7043921611048174,0.8156065530499541,0.7068333796540816,0.7335507413860325,0.7413410876705188
development-development-SME26554-046138,0.4588758721028679,0.4147914034569525,0.47533893965028245,0.47533893965028245,0.6044513943971798,0.4781730307598633,0.5224634326341626,0.5184697985757172
development-development-SME26554-046139,0.5369651429226724,0.4761476869152057,0.535260677950917,0.535260677950917,0.6601693882902343,0.5380024945028199,0.5725213378054185,0.5449655179154183
development-development-SME26554-046140,0.5115138892741974,0.5205928146164889,0.515748367863185,0.515748367863185,0.6423977320910028,0.5185283927484353,0.5535282702291786,0.5669679443459041
development-development-SME26556-046143,0.6730207214277253,0.6621821622939219,0.6347771899928094,0.6347771899928094,0.7633844699244444,0.6376001922306347,0.6830637101037458,0.6879610441791073
development-development-SME26598-046217,0.3722587493604882,0.3916353480181962,0.40782162081660084,0.40782162081660084,0.5373786090796522,0.410665469687263,0.4342106000993689,0.4123275194131817
development-development-SME26598-046218,0.4522599906160818,0.4507121244105138,0.4702407547071091,0.4702407547071091,0.5995508719324013,0.47307918461943216,0.493067200219383,0.5006527130214518
development-development-SME26601-046222,0.2859773628795984,0.5529330902701887,0.5098996883304552,0.3414133753770558,0.5098996883304552,0.5046197111222505,0.4054885349553653,0.4211017255775911
development-development-SME26606-046231,0.4975977172038077,0.6755906758270608,0.6325326687610452,0.5050812043324183,0.6325326687610452,0.6249544415525253,0.5596011118292263,0.5705582944028372
development-development-SME26606-046232,0.5457503225502719,0.7057456888938274,0.6662295188184618,0.542002956417672,0.6662295188184618,0.6588430433516871,0.5913607148474599,0.5885770325953165
development-development-SME26632-046273,0.5206190642408739,0.5415405521122679,0.5227269719262365,0.5227269719262365,0.6487940446171487,0.525494215184252,0.5685973895086062,0.5719482536523184
development-development-SME26632-046274,0.5783523800924131,0.6020369581411704,0.5670943750757597,0.5670943750757597,0.6884274925506746,0.5697577053501897,0.6066020137295791,0.5762615484785338
development-development-SME26643-046293,0.480807367920252,0.5398945556650526,0.49220030986692676,0.49220030986692676,0.6204763653096951,0.4950160415406457,0.5196516206593322,0.5298394019848631
development-development-SME26725-046437,0.4096921171173822,0.5572194279489925,0.5671932236717228,0.43724189899528837,0.5671932236717228,0.563120845207026,0.49174171995745675,0.4887404877474669
development-development-SME26725-046438,0.4520862954073918,0.5702477617993756,0.5994217778242633,0.4701068173744824,0.5994217778242633,0.5953693415646867,0.5182869463018887,0.5113829058964889
development-development-SME26726-046439,0.2870611969370716,0.3590907093921403,0.3423280572060608,0.3423280572060608,0.5109155832248113,0.34602864836601194,0.4038017485525851,0.3964918091884556
development-development-SME26726-046440,0.4804329947177189,0.5294064227322653,0.4961393399841119,0.4961393399841119,0.6639982298500253,0.4998239371700741,0.5526470148306534,0.5588053535754502
development-development-SME26736-046456,0.065872814137911,0.0445458457616408,0.10986607925123124,0.10986607925123124,0.2590924156041769,0.11314168139203369,0.15941429707210336,0.12137078735996674
development-development-SME26737-046457,0.6240476641139321,0.6578257232498004,0.5957580154952848,0.5957580154952848,0.7323110453082268,0.5987554314187744,0.6425622546227577,0.6469590247111295
development-development-SME26746-046474,0.6982571456841489,0.6255061138845285,0.661733838269592,0.661733838269592,0.7674204134527582,0.6640537181271613,0.703686362060309,0.6973588111950328
development-development-SME26746-046475,0.7768757383024295,0.7115705145800881,0.7279585386566911,0.7279585386566911,0.8186253189419037,0.7299487255557348,0.7602110694620279,0.7649730556798249
development-development-SME26803-046581,0.1031977347215246,0.1154962024785673,0.15230709905642204,0.15230709905642204,0.3373332572849317,0.1563685274531113,0.2176089266169433,0.21198828234594733
development-development-SME26803-046582,0.0853108919884083,0.226264635770413,0.1326515709725498,0.1326515709725498,0.30231542527457655,0.1363757881446049,0.19132771733625087,0.2078194464102262
development-development-SME26896-046738,0.5821710282383847,0.563169424220894,0.5630572641740673,0.5630572641740673,0.7051903655871534,0.5661771658123843,0.6063197739687689,0.6078471538034327
development-development-SME26925-046780,0.6476860910230805,0.6812621480677723,0.6144658860345741,0.6144658860345741,0.7473790778605037,0.6173834054639606,0.6680524734052159,0.6697014822364902
development-development-SME26925-046781,0.6767033301638338,0.6858032081753027,0.6377554802574039,0.6377554802574039,0.7657011040429632,0.640563958770118,0.6838831863606343,0.6873171797808263
development-development-SME26945-046810,0.7629952685062114,0.7049850975843379,0.7100734366092278,0.7100734366092278,0.8196975178274923,0.7124797469422294,0.7526448895828122,0.7514932256284228
development-development-SME26945-046811,0.7769047286315998,0.7066689568049741,0.7223140014446652,0.7223140014446652,0.8284281150424568,0.724643266011264,0.7631329185341946,0.7621180304107456
development-development-SME26983-046885,0.0963617089437672,0.1453190128761218,0.14492215703649913,0.14492215703649913,0.3244102526328897,0.14886202183887243,0.2183974655623665,0.21134899136178864
development-development-SME26983-046886,0.027291308547422,0.0886856112875489,0.05738928945189931,0.05738928945189931,0.1471191552408378,0.05935891054999418,0.09195215092753045,0.10648106386658689
development-development-SME26983-046887,0.0842116895941059,0.11556142981837,0.1314065026557721,0.1314065026557721,0.30002874881553526,0.13510785594237604,0.19181416131124496,0.14579494365703277
development-development-SME27002-046921,0.8415569411158966,0.7668349258903464,0.782391317644043,0.782391317644043,0.8696894069340727,0.784307559878189,0.8149410284030497,0.8147987300014049
development-development-SME27002-046922,0.8743442319256358,0.767489448439957,0.8155884920546861,0.8155884920546861,0.8914171449320941,0.8172529736989446,0.8420910026637294,0.8440322663393353
development-development-SME27024-046957,0.8206358586170164,0.8365785816775215,0.8561672170211605,0.7622863635721246,0.8561672170211605,0.8532252049502167,0.7924079805361763,0.7953395774695624
development-development-SME27056-047010,0.6851061163362733,0.6763100815479282,0.7709794128693553,0.6445782266458202,0.7709794128693553,0.7670182876559685,0.682199536322008,0.6840458156025921
development-development-SME27074-047047,0.243522581182742,0.2870781169454908,0.3048064497217379,0.3048064497217379,0.4680666971114266,0.308390104114973,0.3414527172159648,0.35610884056338493
development-development-SME27074-047048,0.3119073630311003,0.3211833985078312,0.3630648089896663,0.3630648089896663,0.5335792413054866,0.36680769682824715,0.40673366567533775,0.4023224040970414
development-development-SME27081-047061,0.4709019114328782,0.4577647360572767,0.48459125943195624,0.48459125943195624,0.6132792321257006,0.48741603292136343,0.5234334867363236,0.5289345549855882
development-development-SME27081-047062,0.387317359738686,0.3569332265879238,0.4197126479446802,0.4197126479446802,0.5495416191175833,0.42256246699341915,0.4575624638453617,0.4761090525651643
development-development-SME27107-047106,0.0664197830651666,0.1410695040013966,0.11053184253460409,0.11053184253460409,0.260397920883106,0.11382148737256992,0.14553228861645712,0.15571636010554915
development-development-SME27107-047107,0.002532728026797,0.0450651198112098,0.00955670703979712,0.00955670703979712,0.026610181772842297,0.009931040416256646,0.013610146327696205,0.015552870843904169
development-development-SME27127-047143,0.6851061163362733,0.6459068548640268,0.6445782266458202,0.6445782266458202,0.7709794128693553,0.64735280388408,0.6820688878447009,0.683583024997548
development-development-SME27192-047245,0.3567227598891603,0.4438201917157031,0.3995108364073503,0.3995108364073503,0.5717763460228651,0.40329216137902557,0.46303090053304674,0.411455232011756
development-development-SME27211-047274,0.3607394585547642,0.6417761203336151,0.5446523244525423,0.39186670388501166,0.5446523244525423,0.5355677356481205,0.45990703425252677,0.4622795145287366
development-development-SME27211-047275,0.6253900410547043,0.7846531920116385,0.7331708228999213,0.5968149098499818,0.7331708228999213,0.7250631397520647,0.6473213152292876,0.6493253571208969
development-development-SME27219-047286,0.0960808926918205,0.4538142773738883,0.32386781745127197,0.14461559541268976,0.32386781745127197,0.31825046117886346,0.1991515556745599,0.2161208955844265
development-development-SME27224-047293,0.7176735255422158,0.682012027987395,0.6776647034424405,0.6776647034424405,0.7800284653117824,0.6799116456760604,0.7128803725794002,0.7223915453563552
development-development-SME27224-047294,0.6257426516020674,0.6137881597428713,0.60391735468457,0.60391735468457,0.7200251574341098,0.6064659863574051,0.6446125574214854,0.6410713899835291
development-development-SME27224-047295,0.8076314997107602,0.7570077728786239,0.755430032767185,0.755430032767185,0.8389664064289211,0.7572637032243493,0.7808211804152054,0.781950469511856
development-development-SME27241-047322,0.2067772521961784,0.3308392424056079,0.25169280702667646,0.25169280702667646,0.48795593555824684,0.2568789157828432,0.3126181246135601,0.33767244375418937
development-development-SME27277-047391,0.4101683855374022,0.6947402996882486,0.6136452002571409,0.44177899402345205,0.6136452002571409,0.6082593048934891,0.4907762039877548,0.5024942097770239
development-development-SME27277-047392,0.4337224663319485,0.7850123971833602,0.6310499737182677,0.4601143903292484,0.6310499737182677,0.6256932419544547,0.5032586362455299,0.5095167218738361
development-development-SME27284-047404,0.40385294544954,0.3782913439469059,0.4368368264274214,0.4368368264274214,0.608877507140939,0.4406132162780537,0.4756610513956885,0.452962390961453
development-development-SME27372-047562,0.0840690283315349,0.3942025073287873,0.2997307169857131,0.1312445645356725,0.2997307169857131,0.294450744807318,0.2026007986768201,0.19478800123040504
development-development-SME27372-047563,0.1504222065819637,0.4300097986758405,0.414644033990575,0.20001215009886053,0.414644033990575,0.40791795971642475,0.28928006782557053,0.28280411978864806
development-development-SME27396-047609,0.3156602695199569,0.5111321111358191,0.4892870103762426,0.36224568580876165,0.4892870103762426,0.4816883881646831,0.40534439276744694,0.40524438842561206
development-development-SME27396-047610,0.3369776938398647,0.5364549593114757,0.5078783428636665,0.37959774200756474,0.5078783428636665,0.5002055968001633,0.4168727262972137,0.4292432552007476
development-development-SME27412-047640,0.3734544889085378,0.399230400083704,0.4128614639451751,0.4128614639451751,0.5852728468629368,0.4166459909180038,0.46555406285404355,0.46073571481529385
development-development-SME27452-047703,0.4387224598204727,0.5107479430283955,0.46398925458879514,0.46398925458879514,0.6346721015436483,0.4677358392235692,0.5242183995717703,0.5326629345536831
development-development-SME27452-047704,0.5696475301779397,0.6263150587364137,0.5645421048335226,0.5645421048335226,0.7223649219795331,0.5680064045700534,0.6131319330251682,0.6280864995671983
development-development-SME27453-047705,0.4065390872464351,0.4472625823739811,0.4389403458012486,0.4389403458012486,0.610910787913409,0.44271519387501634,0.49923349422852936,0.4993716744927112
development-development-SME27475-047744,0.5585601729225094,0.7096617668954974,0.689598383413397,0.5448004333750401,0.689598383413397,0.6850607455329316,0.5958507204199904,0.5978661456735902
development-development-SME27475-047745,0.5734437028740544,0.7076235393553629,0.699455251304664,0.5562968763008654,0.699455251304664,0.6949689939705579,0.6059586040248646,0.6070808225573512
development-development-SME27530-047839,0.6851061163362733,0.6134014204348213,0.6445782266458202,0.6445782266458202,0.7709794128693553,0.64735280388408,0.6796684987252898,0.6833948221502132
development-development-SME27530-047840,0.3782615901296897,0.3542958157742486,0.40569447052642194,0.40569447052642194,0.5589164174482346,0.40905777856990255,0.4577186747733604,0.4634457291909615
development-development-SME27537-047848,0.0507331876210353,0.176221071027729,0.09073624392157864,0.09073624392157864,0.2204132708378606,0.09358272770829586,0.1346788377347362,0.14045196762679202
development-development-SME27621-047995,0.5474538674083042,0.5372988830785851,0.5362439698649575,0.5362439698649575,0.6821758805175446,0.5394472575059167,0.5943585718592653,0.6014339078700257
development-development-SME27657-048053,0.4912462744977434,0.5379230697884516,0.5044375195522975,0.5044375195522975,0.6713630817304505,0.5081016296697783,0.5572811972387736,0.5439339019291065
development-development-SME27657-048054,0.650369561580319,0.6296729264595566,0.6272679339916885,0.6272679339916885,0.7715563150473518,0.6304351452322097,0.668944833907901,0.6456418377297222
development-development-SME27657-048055,0.630448555469872,0.6226426167914708,0.6116303169320515,0.6116303169320515,0.7596526950852357,0.6148794915121905,0.6537653007699756,0.6203528801966097
development-development-SME27692-048113,0.4170838692184268,0.4789560370388407,0.447177394764221,0.447177394764221,0.6188156305915556,0.4509449507229081,0.5234089259161001,0.5401213099743483
development-development-SME27692-048114,0.5160760298827543,0.534320514835157,0.5234642517452003,0.5234642517452003,0.6879455499697666,0.5270747088920679,0.5989897414319796,0.5886455508238455
development-development-SME27694-048117,0.0530523534331796,0.0,0.09376317173629041,0.09376317173629041,0.22668767128274023,0.09668093937651198,0.13644411176793173,0.10472892505032534
development-development-SME27728-048180,0.4093775862149602,0.5109744784265811,0.4411608044959207,0.4411608044959207,0.6130506327035667,0.4449338830490753,0.4944218938084809,0.5200190616532124
development-development-SME27728-048181,0.5427655712645035,0.548934144528365,0.5439091354757576,0.5439091354757576,0.7053064010467617,0.5474518963686715,0.5902549697470356,0.5832880015477202
development-development-SME27740-048199,0.6515484971052408,0.6572032466522016,0.6175436772239177,0.6175436772239177,0.7498278000349382,0.6204473882340781,0.6660017702461043,0.6677311172014171
development-development-SME27756-048226,0.495969341754941,0.6331901404200949,0.674551811100955,0.5080591043310762,0.674551811100955,0.6646522029158315,0.606852864314351,0.5897095432913768
development-development-SME27768-048246,0.4920800467442353,0.5198177189148074,0.50085005251838,0.50085005251838,0.6285898840852855,0.5036540137759737,0.5289048527683443,0.5322176660702137
development-development-SME27815-048326,0.8318748643262891,0.7141106216693421,0.7729955293206064,0.7729955293206064,0.8634048562802318,0.7749800649741323,0.803712048391948,0.8073039570111008
development-development-SME27815-048327,0.8457843244516775,0.7141106216693421,0.7865468367070615,0.7865468367070615,0.87244963238634,0.7884324514604951,0.8157322642563947,0.8191451310765128
development-development-SME27820-048336,0.3807317308985465,0.4331345664435451,0.41863178262364653,0.41863178262364653,0.5910272059459871,0.42241595927436587,0.4789044702142556,0.4959446373528501
development-development-SME27863-048407,0.6855751873285015,0.7164535106859353,0.6449602381023642,0.6449602381023642,0.7712737753849002,0.6477328913969972,0.6958101359971689,0.6957822398274078
development-development-SME27863-048408,0.7034839241180112,0.7164535106859353,0.6596417859228381,0.6596417859228381,0.782493531303068,0.6623384509352191,0.7090980741654043,0.7090709425275902
development-development-SME27880-048436,0.2880394702265093,0.3851862498893814,0.3202601181969695,0.3202601181969695,0.5717126149639133,0.3257796421419374,0.3992378326992662,0.33609647256159986
development-development-SME27942-048538,0.489830358839502,0.5144614635833374,0.49912447390605547,0.49912447390605547,0.6269770109826275,0.5019309091130724,0.5350545801630757,0.5358720355995609
development-development-SME27942-048539,0.5591689156574801,0.5411613462038269,0.5523142949403204,0.5523142949403204,0.6754189204643357,0.5550165108143026,0.5851623473134828,0.5961125735789999
development-development-SME27943-048540,0.6063968161127063,0.5860578577131742,0.5888198287559204,0.5888198287559204,0.7072076521843564,0.5914185081669725,0.6299530595319801,0.6286226697480594
development-development-SME27977-048590,0.5709982290819878,0.5738473452785836,0.554405251233499,0.554405251233499,0.6978424466602806,0.5575537784700011,0.6033810283758334,0.6079233549444527
development-development-SME28007-048639,0.6013316026426536,0.6183191415659657,0.5779597403115254,0.5779597403115254,0.717675877267786,0.5810265882185607,0.6289493583764664,0.6354782858471761
development-development-SME28013-048646,0.4019624357697095,0.4518359756019656,0.5611494382144716,0.4312032438341159,0.5611494382144716,0.5533770693235781,0.47253326681521657,0.47829294726024996
development-development-SME28013-048647,0.5484547901786573,0.6293475196815965,0.6680879642130645,0.5440797506534847,0.6680879642130645,0.6606707590699529,0.580645589395598,0.589474258144245
development-development-SME28030-048678,0.3887911504417893,0.5513951706681521,0.5973222288496794,0.4249987579323978,0.5973222288496794,0.5919220038525687,0.4772712361823765,0.4778940352374625
development-development-SME28064-048735,0.2718396369044646,0.2804252843034203,0.3293973615802526,0.3293973615802526,0.4964235714440294,0.33306368097112676,0.39787770010100754,0.4099285182523325
development-development-SME28064-048736,0.3894095186633406,0.3702276372029953,0.42548629434147595,0.42548629434147595,0.5978019265788659,0.429268719532935,0.4918424696298221,0.49275914040914925
development-development-SME28064-048737,0.3118030954629023,0.2878822642728032,0.36297866129152595,0.36297866129152595,0.5334865223219899,0.3667214048866917,0.42863869089923673,0.40658669839969785
development-development-SME28090-048784,0.3074520718140379,0.4965764330647925,0.5296001030222813,0.3593775025580911,0.5296001030222813,0.5194787164369971,0.4475942735898538,0.4506458567981133
development-development-SME28116-048826,0.6492231134404095,0.6369464204255058,0.615689917130624,0.615689917130624,0.7483539417048662,0.6186019671984825,0.6664725244188552,0.6685700644858434
development-development-SME28116-048827,0.5856877490112876,0.5555471986762672,0.5657859365439754,0.5657859365439754,0.707492540190939,0.5688964763160835,0.6200299625807821,0.6222704741276033
development-development-SME28123-048842,0.2632548509855084,0.4431531933200198,0.4880275640779967,0.3220198322821999,0.4880275640779967,0.48282525995665243,0.39008465116789875,0.38623458178992276
development-development-SME28127-048849,0.6543349847793881,0.6423885077373432,0.6197681000930377,0.6197681000930377,0.7515923244471341,0.622661716073012,0.6594085348134364,0.6597809525733253
development-development-SME28127-048850,0.6389075723407898,0.6423885077373432,0.6074935308344871,0.6074935308344871,0.7418003983555227,0.6104416422304263,0.6478805131251468,0.6482599446217853
development-development-SME28148-048880,0.7423173705524119,0.8255553923556681,0.8067598488672708,0.6922231906145337,0.8067598488672708,0.8031705309311269,0.73372520742275,0.7354991220255018
development-development-SME28148-048881,0.7562268306778003,0.8238715331350319,0.8154584981805965,0.7041871962400684,0.8154584981805965,0.8119715090722541,0.7445060209190444,0.7462293625145706
development-development-SME28233-049028,0.5595183179894742,0.6582776038822031,0.6902359620604126,0.5455394261443304,0.6902359620604126,0.6815813426640002,0.5856085050692791,0.5882295175096698
development-development-SME28233-049029,0.580742076163695,0.6582776038822031,0.7042534964733037,0.5619492893621288,0.7042534964733037,0.6957419675465176,0.6009163555505533,0.6035903138849246
development-development-SME28251-049059,0.264655191844973,0.4807751845867087,0.48940854875820444,0.32322763556434175,0.48940854875820444,0.4842008175263807,0.3810163779566542,0.39251412201242564
development-development-SME28291-049129,0.4569250088592601,0.5107661950155051,0.47805353959998564,0.47805353959998564,0.6476587382801992,0.4817764692481018,0.514876149608364,0.5244832324651387
development-development-SME28292-049130,0.3879960645967168,0.5314796136248464,0.5500842652686847,0.4202466958861389,0.5500842652686847,0.5423641609498058,0.4625798998743163,0.4706045339908591
development-development-SME28292-049131,0.4574929665459836,0.6476851834368942,0.6034296896221274,0.4742737992520043,0.6034296896221274,0.5957501177401456,0.5150206343883386,0.5263064673065648
development-development-SME28292-049132,0.4258383545124548,0.5996077395644925,0.5796441811833596,0.4498048929159118,0.5796441811833596,0.5719239746600815,0.49019484732768737,0.48939786590977663
development-development-SME28313-049162,0.7371966116628296,0.7813264317658819,0.6878608457474895,0.6878608457474895,0.803560222168188,0.6904005122323437,0.7261219450476278,0.7043359633893708
development-development-SME28313-049163,0.8565254622295944,0.8061416938058011,0.7972619508247766,0.7972619508247766,0.8795130874793552,0.7990674096056714,0.8275783222694895,0.8304335063042547
development-development-SME28356-049237,0.3190440456419234,0.2959381462710162,0.3650171234101457,0.3650171234101457,0.49228015494779775,0.36781061863852005,0.4120140861060736,0.37584437042857216
development-development-SME28356-049238,0.5611130200234818,0.5402874277846426,0.553809842029677,0.553809842029677,0.6767439139843073,0.5565083141567401,0.5956529236317198,0.5622266764487013
development-development-SME28357-049239,0.7978177460385786,0.6992981701912855,0.7411223253483707,0.7411223253483707,0.8416249856824075,0.7433284153549491,0.771043758684405,0.7758629472893257
development-development-SME28357-049240,0.8106540757908435,0.7000593839985723,0.7529382273153021,0.7529382273153021,0.8497834395757548,0.7550640342764575,0.7810449071668588,0.787035121390996
development-development-SME28415-049346,0.4116105061073387,0.5299291522403378,0.5851192655942281,0.4317452388592601,0.5851192655942281,0.5759456263064419,0.4789158186941117,0.48888751252934637
development-development-SME28415-049347,0.4123322486978873,0.5402773921578901,0.585673725289854,0.4323058027530819,0.585673725289854,0.5765004511076438,0.4814129052225461,0.4894458021934875
development-development-SME28476-049452,0.6774379685573195,0.6904465096642993,0.7661629895942623,0.6383504624488036,0.7661629895942623,0.7621576361716509,0.6877442216442611,0.6896533917234171
development-development-SME28476-049453,0.6475174463289434,0.655845380138289,0.7472720807381679,0.6143316436297745,0.7472720807381679,0.7431060302995472,0.6714853904379121,0.670828382629358
development-development-SME28521-049527,0.6889847478882071,0.6997731868498863,0.6477407307678353,0.6477407307678353,0.7734125781929234,0.6504992986086392,0.6862139835299726,0.6912058263888872
development-development-SME28521-049528,0.7047742725789891,0.6967056226387263,0.6607072466560804,0.6607072466560804,0.7833007530695048,0.6633982431776764,0.6997986287065655,0.7038695022284539
development-development-SME28522-049529,0.6388930909478426,0.673261832156909,0.6074820542966498,0.6074820542966498,0.7417911796943324,0.6104302152542532,0.658894391531145,0.6610179421530105
development-development-SME28522-049530,0.6641606904997561,0.673261832156909,0.6276397388103678,0.6276397388103678,0.757801394816432,0.630496860478593,0.6774644616932674,0.6795224370150208
development-development-SME28572-049608,0.588985889659829,0.554756278585927,0.568347541625955,0.568347541625955,0.7096471752875636,0.5714491481776423,0.6138959035293747,0.6170405195759576
development-development-SME28580-049619,0.6864374691779814,0.6374534460194692,0.6521441096452426,0.6521441096452426,0.7597390164737455,0.6545058784573731,0.6831153561342376,0.6726376148730009
development-development-SME28580-049620,0.4677834436096417,0.5164690238907282,0.48219370594146016,0.48219370594146016,0.6109997639848785,0.48502107147080914,0.5162601959048606,0.5192882755698606
development-development-SME28581-049621,0.3731387865615974,0.543493196358506,0.5850216634881611,0.4126106581888589,0.5850216634881611,0.5796186953629356,0.46519284885776263,0.46232809552195797
development-development-SME28581-049622,0.4827428913601011,0.6077936367788075,0.6655791660255808,0.4979128630857006,0.6655791660255808,0.660324886063081,0.5396496307261103,0.548584826730527
development-development-SME28695-049807,0.6355902068721556,0.6763421043184245,0.7396871860644327,0.604866616564406,0.7396871860644327,0.731670793999943,0.6623423685506766,0.6649968433770381
development-development-SME28695-049808,0.4874620872416731,0.6435646834441775,0.6409155839108238,0.4901966293928406,0.6409155839108238,0.6319538784719076,0.5484426864258884,0.5541149406970962
development-development-SME28747-049892,0.3059684744355564,0.3039161045534745,0.35814675473311763,0.35814675473311763,0.5282671137208084,0.3618809924401681,0.4146065833329645,0.4154147449912783
development-development-SME28747-049893,0.4012043475900551,0.3946053401351275,0.43476051387579384,0.43476051387579384,0.606864649684084,0.4385382966015001,0.4881217721059302,0.48572809736826383
development-development-SME28793-049972,0.7332517805439186,0.66022401534829,0.6845149207162001,0.6845149207162001,0.801095891531475,0.6870739386946094,0.7168076364359022,0.7236036946334358
development-development-SME28793-049973,0.7518924956527101,0.6609852291555768,0.7004404752773453,0.7004404752773453,0.8127463573888803,0.7029056526505885,0.7301057763370474,0.7378054273118886
development-development-SME28793-049974,0.725413822236798,0.6653796103651834,0.677903275469851,0.677903275469851,0.7962000322007294,0.6804999559155946,0.7106712607504512,0.7175673402538241
development-development-SME28807-049996,0.6064295301889399,0.6375535936981105,0.5819406288644443,0.5819406288644443,0.7209751311077293,0.5849925145055711,0.6212191641329456,0.6227408254032143
development-development-SME28807-049997,0.5773883231615057,0.6254109238403697,0.5593505538875478,0.5593505538875478,0.7020513706806293,0.5624829171982447,0.6055525348791503,0.6015476598748162
development-development-SME28817-050014,0.5133327109183092,0.5900255602378771,0.5213631408696582,0.5213631408696582,0.6861348228665434,0.5249799721038987,0.565757083854985,0.5797174654936781
development-development-SME28872-050111,0.6006870246771053,0.6834719381889178,0.7034045710056628,0.5843827185569475,0.7034045710056628,0.699674697301433,0.6232748068813069,0.6190112904482592
development-development-SME28874-050114,0.7780786826957363,0.691034673534523,0.7233564554906389,0.7233564554906389,0.8291664244559516,0.725679043911233,0.7661396169418353,0.7656437909708143
development-development-SME28877-050118,0.6219549438388356,0.6589832445070136,0.7175233556456342,0.6009530407311691,0.7175233556456342,0.7138703075427187,0.6386799944661139,0.6361878131710745
development-development-SME28893-050149,0.6657132870442324,0.678373911455639,0.6288876936669413,0.6288876936669413,0.7587807729608961,0.6317389199250488,0.6673430210886511,0.6702117114675824
development-development-SME28893-050150,0.6857906977754976,0.678373911455639,0.6451357912921019,0.6451357912921019,0.7714090079425773,0.647907559526149,0.6831279619879118,0.6853081906298648
development-development-SME28893-050151,0.6549044123855198,0.678373911455639,0.6202230873028172,0.6202230873028172,0.7519527024263624,0.6231146265568883,0.6639496941070251,0.6624413336606796
development-development-SME28899-050158,0.283481525297983,0.4089719306729588,0.3393036337494033,0.3393036337494033,0.5075511769287929,0.3429967620945212,0.38902463933511167,0.3492885391671113
development-development-SME28899-050159,0.6115474004671634,0.5647450887220651,0.5969042241069402,0.5969042241069402,0.7482288768974302,0.6002258854755096,0.6315781428142113,0.6432595269125088
development-development-SME28901-050161,0.3937300791819018,0.5956769693875215,0.6011407514265006,0.4288889873577525,0.6011407514265006,0.5957427735586628,0.483528287328922,0.5014490709386424
development-development-SME28915-050185,0.7563647686795808,0.6964828506649944,0.7043067197853249,0.7043067197853249,0.8155448390785662,0.7067484591632452,0.7429552237411039,0.7460327934654298
development-development-SME28915-050186,0.50817465225662,0.3625211253410596,0.506079601089788,0.506079601089788,0.6554038281482378,0.5093573519867173,0.5625881574365719,0.5733265054142302
development-development-SME28915-050187,0.430132907450209,0.3585963639063874,0.4460960746474771,0.4460960746474771,0.5991925473073753,0.44945662846023016,0.5047114446751103,0.47671395951060636
development-development-SME28931-050214,0.2760451239677184,0.3091556300121094,0.33298857566234935,0.33298857566234935,0.5004767525197058,0.3366650354889544,0.39197108900645794,0.373713105373296
development-development-SME28939-050227,0.384935415057949,0.550192573822559,0.5642555701699554,0.41093357419174364,0.5642555701699554,0.5550850429566483,0.47930854209976315,0.4747897819524056
development-development-SME28939-050228,0.681118531888876,0.7181642980142869,0.7684758280928391,0.641335674310276,0.7684758280928391,0.7608712946876469,0.6838481227829413,0.6849919763624983
development-development-SME28966-050279,0.8523131237098549,0.7221169903801874,0.7930321330630186,0.7930321330630186,0.8767339928847527,0.7948694360346117,0.8216911697070506,0.8237162419679693
development-development-SME28979-050303,0.3717348336986907,0.5993683796837912,0.5839030511634739,0.4114948132258858,0.5839030511634739,0.5736517072062354,0.4633402230900935,0.4756386664440895
development-development-SME28979-050304,0.5057916974341926,0.6034946877646202,0.6811306252200583,0.5155865891637472,0.6811306252200583,0.6712874247211524,0.5575958228613505,0.5676493266172347
development-development-SME29056-050440,0.5183990633307243,0.5304149990214718,0.5210253894304121,0.5210253894304121,0.6472386037172673,0.5237958405787789,0.5601251062776675,0.5487972731371777
development-development-SME29056-050441,0.4116056159971965,0.4090137157125051,0.4387342176928175,0.4387342176928175,0.5686808744440958,0.441586620006293,0.47427655605606156,0.48031615307275577
development-development-SME29180-050668,0.4209327107909543,0.4081675953907036,0.44599471762367815,0.44599471762367815,0.5758853603987917,0.4488458903988246,0.47831868442195413,0.45974521372673394
development-development-SME29216-050731,0.5928654953115048,0.8272931006610175,0.6981785750596119,0.5783167871683266,0.6981785750596119,0.6910516278226246,0.6354917407875433,0.6342372932470072
development-development-SME29216-050732,0.7390341950191294,0.874687324082471,0.7939084307515264,0.6954821446857209,0.7939084307515264,0.7880560322526833,0.7356746111503131,0.7341033927757654
development-development-SME29321-050914,0.4007633566366633,0.5707057228289836,0.5767240592883741,0.4233053471714366,0.5767240592883741,0.5676018270435517,0.4901041621298535,0.4949061157029026
development-development-SME29321-050915,0.4289914847702684,0.6829063252521075,0.5983344470926263,0.44521368345948953,0.5983344470926263,0.5892299307784665,0.5067912028976899,0.5098799553172735
development-development-SME29323-050918,0.8138230531254791,0.8252536514571284,0.8518060436576678,0.7558902292210994,0.8518060436576678,0.8488002605453533,0.7908469392339321,0.7921305584755535
development-development-SME29323-050919,0.8351464517604822,0.8252536514571284,0.8655229098281126,0.7761520185370208,0.8655229098281126,0.8627222296967574,0.8087234182462644,0.8099194482896515
development-development-SME29391-051035,0.5563750805725526,0.6445553481006974,0.6735120336844973,0.5501658550452799,0.6735120336844973,0.6696466454489892,0.6074386219492443,0.606086009639113
development-development-SME29391-051036,0.6519934691847064,0.6972077543321507,0.7372762285707455,0.6245925410426578,0.7372762285707455,0.7337449785157376,0.6706765065584728,0.6565149000519501
development-development-SME29391-051037,0.3643752029755476,0.4857846813880682,0.5309133357627586,0.4015620755821861,0.5309133357627586,0.5268597619523157,0.45553803362175366,0.42315724240110913
development-development-SME29396-051044,0.5765922605621536,0.6920188746935391,0.6872398234194487,0.5657359520657195,0.6872398234194487,0.680015238374771,0.6028360335809954,0.6146432360133627
development-development-SME29396-051045,0.4092738153591127,0.4960430425786682,0.566867570572585,0.43691553758880064,0.566867570572585,0.5591406602810859,0.49576902220061064,0.5009392774168341
development-development-SME29426-051100,0.712583269879291,0.5692779341323713,0.6734654171611125,0.6734654171611125,0.7767233609946744,0.6757319871925318,0.7110979808870692,0.7024541204867749
development-development-SME29426-051101,0.8521656221445454,0.67930345048657,0.7975175987721762,0.7975175987721762,0.8691680550475349,0.799090366647479,0.8248370867500956,0.8245896321162509
development-development-SME29453-051144,0.426745162258476,0.4503341448670335,0.45469766672585155,0.45469766672585155,0.625954058389463,0.45845684099005546,0.5016845352748789,0.5016342812220091
development-development-SME29466-051168,0.5071665997974163,0.7468292353241907,0.6820459727421623,0.5166399172564238,0.6820459727421623,0.6768625237856569,0.5665370592783437,0.5907739063085287
development-development-SME29468-051172,0.247968327330064,0.5330804322693647,0.5329510583942764,0.2871178968842328,0.5329510583942764,0.5183338897201953,0.38778918367803505,0.398908341968362
development-development-SME29468-051173,0.0608118158401563,0.3846695936403689,0.24672950012230285,0.10362776479185815,0.24672950012230285,0.23822071233293315,0.16115244171465062,0.17761535595766892
development-development-SME29468-051174,0.2277442478547039,0.4839687484691646,0.5116007866622436,0.26992419703521636,0.5116007866622436,0.4972307665500034,0.37689982101427727,0.3219285097253034
development-development-SME29504-051237,0.3691980505679292,0.3153268786852956,0.40947654640047276,0.40947654640047276,0.5818752578943783,0.41326079522841014,0.4676782295002615,0.4654589336329612
development-development-SME29564-051343,0.4749719093018277,0.6818875036951655,0.6320392668959666,0.48061385691491704,0.6320392668959666,0.6272939395193498,0.538862670816267,0.5407756885471051
development-development-SME29564-051344,0.7982763939834829,0.7926946253676685,0.8419156237257741,0.7415407592377395,0.8419156237257741,0.8387701041433019,0.7841818031897333,0.7803562309977423
development-development-SME29564-051345,0.7665916240312377,0.7916479883963798,0.8219521168671756,0.713219244188114,0.8219521168671756,0.818544676348925,0.7594109200283051,0.7552668003206676
development-development-SME29598-051402,0.8247770741885148,0.8634749892486071,0.8588274603651955,0.7662088261199399,0.8588274603651955,0.8559250033685535,0.8034480857974354,0.8040864055331995
development-development-SME29598-051403,0.6656429206156642,0.7715112787257268,0.7587363955524677,0.6288311090379519,0.7587363955524677,0.754665459818883,0.6810622473765235,0.6819575435427652
development-development-SME29598-051404,0.7980169301926467,0.8671020645178181,0.8417511982608349,0.7413040120656847,0.8417511982608349,0.8386034122808225,0.7857748230257056,0.7835826152595761
development-development-SME29636-051468,0.7833703156248015,0.7125357953371338,0.7280743498960208,0.7280743498960208,0.8324976819901404,0.730366500856212,0.7676967950123892,0.7686646927524846
development-development-SME29639-051471,0.3534803144483028,0.3785912301106977,0.39690913762746155,0.39690913762746155,0.5691160362038372,0.40068917605381266,0.47356392183417517,0.43343906336697
development-development-SME29673-051532,0.2727163206930363,0.2993199226146496,0.33014720685264864,0.33014720685264864,0.4972716926134937,0.3338156834548214,0.37642609824679346,0.3859145282212493
development-development-SME29673-051533,0.309206574743006,0.3693526022859506,0.3608311124805883,0.3608311124805883,0.5311713468076917,0.36457017657519264,0.39866965276998534,0.4065712290742398
development-development-SME29715-051603,0.6134485178722672,0.7290935542682421,0.7118914187592649,0.5943110345468336,0.7118914187592649,0.7048586762861989,0.6306355807274218,0.640297956701793
development-development-SME29720-051610,0.577349980217839,0.6190429692841332,0.5593208563033308,0.5593208563033308,0.7020261671390232,0.5624533182607945,0.6216302926518011,0.6167810578423629
development-development-SME29720-051611,0.5896504671039547,0.6190429692841332,0.5688640126241131,0.5688640126241131,0.7100808230397406,0.5719638011588974,0.6238216543712343,0.6253304639723815
development-development-SME29726-051620,0.3728947546387511,0.4353759861365647,0.4083255397020976,0.4083255397020976,0.537897201945836,0.41116971067490155,0.447690692701884,0.4518106526396198
development-development-SME29726-051621,0.4607417890443939,0.5354572673455266,0.4767756882965193,0.4767756882965193,0.6058277697804265,0.47960845417896975,0.5099343041682525,0.5172652400325143
development-development-SME29730-051625,0.5549719877388247,0.5137706318762152,0.5420341741587852,0.5420341741587852,0.6872068534769114,0.5452207962442848,0.5932417329138111,0.5945161522319989
development-development-SME29730-051626,0.573046194283643,0.5137706318762152,0.5559893181887879,0.5559893181887879,0.6991932673858268,0.5591327255391616,0.6091377616207603,0.6118221905486378
development-development-SME29743-051647,0.2949227600039795,0.417883492869042,0.3489364066202686,0.3489364066202686,0.5182140290829519,0.3526521457858892,0.38767274636055127,0.39894895070731073
development-development-SME29743-051648,0.2994522541494854,0.3224287600360266,0.3527235177083258,0.3527235177083258,0.5223643135582975,0.3564472287343697,0.3966233153053136,0.40639989330120013
development-development-SME29775-051700,0.6276373342062409,0.6194400622820788,0.5985856634933653,0.5985856634933653,0.7346090151367395,0.6015714526826699,0.6412199814269637,0.6455067477784701
development-development-SME29775-051701,0.6385215874936647,0.6194400622820788,0.6071876647297195,0.6071876647297195,0.7415546671373153,0.6101370961202922,0.6493028268046063,0.6535373934265479
development-development-SME29814-051766,0.3490914182621009,0.4470543711348102,0.38935206492384383,0.38935206492384383,0.5181758214857368,0.3921798189456427,0.427963939201683,0.4213265713095709
development-development-SME29814-051767,0.5703160760222404,0.6066332300476809,0.5608961974292905,0.5608961974292905,0.6829954242942792,0.5635763442363751,0.5944757769361214,0.6103989395863962
development-development-SME29847-051826,0.0332831312465806,0.2345487093852183,0.1679191486092926,0.0664921371033267,0.1679191486092926,0.16474065713624378,0.09854459856152648,0.10808636168902197
development-development-SME29847-051827,0.1251947038529359,0.390745417391239,0.3756626814030007,0.17517036366565747,0.3756626814030007,0.36937970891985245,0.23575258213530254,0.24022039184523614
development-development-SME29849-051830,0.7188878723736424,0.5566762217326578,0.6724336872910539,0.6724336872910539,0.7921232666330303,0.6750609409776757,0.7104847182066674,0.7166620096849248
development-development-SME29854-051838,0.6532735221247139,0.776690127659462,0.7509203612295319,0.6189203459540292,0.7509203612295319,0.7430251487747386,0.6595014815983211,0.6607155147991867
development-development-SME29870-051868,0.7497609430181094,0.7757618158261382,0.8114131499574664,0.6986041917876662,0.8114131499574664,0.8046657970143962,0.7378674264646097,0.7396545798242934
development-development-SME29870-051869,0.7321049009297849,0.7558003874050017,0.8003794909541151,0.6835444960280611,0.8003794909541151,0.7933913318605677,0.7286431414102221,0.7263531309791935
development-development-SME29915-051951,0.6652989179205586,0.7187167698785952,0.7585194329964987,0.6285545162923233,0.7585194329964987,0.7507459442820665,0.6742557854566418,0.6737837552730404
development-development-SME29934-051984,0.6481028045343786,0.6441794739556007,0.6147976440449263,0.6147976440449263,0.7476434345170988,0.6177136839766314,0.6558549600587147,0.6575554732366312
development-development-SME29958-052026,0.7415787882279176,0.7329225115504509,0.6915926438710733,0.6915926438710733,0.8062982931471866,0.6941104974853463,0.7295041434120596,0.7295877838576307
development-development-SME29958-052027,0.4869452728914678,0.5058606577705951,0.4898002460860235,0.4898002460860235,0.6405504572393903,0.4931092981370802,0.5490307403243486,0.5519740360197669
development-development-SME29958-052028,0.7320069871264969,0.7394994499844717,0.6834616950416443,0.6834616950416443,0.8003183296692962,0.6860267639960144,0.721684931009668,0.7218689917718575
development-development-SME29964-052036,0.4247327643555825,0.510727746697773,0.45313320019152153,0.45313320019152153,0.6244751436344296,0.4568942523654716,0.4963790693038125,0.5139209840976959
development-development-SME29964-052037,0.5093651193739375,0.5869365298416936,0.5183240957798265,0.5183240957798265,0.6835068817458149,0.5219499509777601,0.5579025105423714,0.5724284848063058
development-development-SME29969-052043,0.676435684422229,0.7039397630562129,0.7655328076813753,0.6375387851470317,0.7655328076813753,0.7615217666067529,0.6872199579492289,0.6910198041338764
development-development-SME29969-052044,0.6760589389238661,0.689673188209556,0.7652958901370416,0.6372338228716341,0.7652958901370416,0.7612827166955648,0.6930017157725777,0.6922815114674689
