facility_id,governed,existing_enhanced,state_oracle_calibration,normal_scenario,downturn_scenario,canonical_proxy,canonical_no_industry,capture_required_proxy
final-final-SME00038-000065,0.7095066318733234,0.6964828506649944,0.664624134829245,0.664624134829245,0.7862602247525466,0.7824484268015297,0.7047155407214116,0.7058553628832703
final-final-SME00038-000066,0.7274153686628331,0.6964828506649944,0.6795871717284443,0.6795871717284443,0.7974502669630051,0.7937567060700259,0.7201254312867901,0.7224767247663689
final-final-SME00073-000128,0.5033753503435305,0.5115518564821956,0.5095104515286749,0.5095104515286749,0.6366418642552294,0.632657855406815,0.547419134822341,0.515918787610509
final-final-SME00092-000163,0.4164528384361103,0.4235540731722512,0.4466853499507689,0.4466853499507689,0.6183459703740423,0.6129665176013305,0.5051102849664567,0.498925765728078
final-final-SME00110-000196,0.4653556215132881,0.539102863626394,0.4845482083674279,0.4845482083674279,0.6535723283963232,0.6435222031110511,0.5522712457020091,0.5467495508808248
final-final-SME00110-000197,0.5861156877327339,0.6518853076553923,0.5772239735974236,0.5772239735974236,0.7326273515670643,0.7233871116647215,0.6339151443195901,0.638314007577231
final-final-SME00110-000198,0.573279128997594,0.6225446170903902,0.5673353745544122,0.5673353745544122,0.7246396173910967,0.7152863526136006,0.6247199810056167,0.6238268343811189
final-final-SME00130-000238,0.3162799289295909,0.3384820126524098,0.36667129972118057,0.36667129972118057,0.5374502917605005,0.3704199947947163,0.41951745203050383,0.4158365959049035
final-final-SME00130-000239,0.3814057120041804,0.4305066616189894,0.4191651578682415,0.4191651578682415,0.591556731853253,0.42294925002383815,0.4687725167052637,0.4711690508262225
final-final-SME00132-000241,0.4191834048463265,0.3844327600832793,0.43762116958657427,0.43762116958657427,0.5909119693212412,0.4409859889880813,0.4970521969799171,0.49768495177248573
final-final-SME00139-000253,0.8142374222491529,0.6986208053893445,0.7562772954208749,0.7562772954208749,0.8520707870879831,0.7583800165225816,0.7908466985063777,0.7922099983177957
final-final-SME00172-000309,0.2068493099577967,0.2425573383134512,0.27170960915209286,0.27170960915209286,0.4281605636582068,0.2751437957309199,0.3060298056068419,0.31918679035490694
final-final-SME00222-000398,0.7057465182748884,0.6195046601977151,0.6615107567186961,0.6615107567186961,0.783908892017023,0.7800732133000183,0.7190206542422652,0.7114172571188222
final-final-SME00222-000399,0.681593011241584,0.6195046601977151,0.6417210444399725,0.6417210444399725,0.7687738433670311,0.7647922980959976,0.7014179787810764,0.6935254330038647
final-final-SME00228-000408,0.4428494655890745,0.5120611551635832,0.4671835730414571,0.4671835730414571,0.6376436170824524,0.4709252670267691,0.5109295596811672,0.5361535651318557
final-final-SME00244-000433,0.4128604081140187,0.3903047715826562,0.43271593851555695,0.43271593851555695,0.5860791489018928,0.4360823473716563,0.49553415099183795,0.49353784702189174
final-final-SME00244-000434,0.7246153233608069,0.7098495364408404,0.677232342392581,0.677232342392581,0.7957012518263797,0.6798328016871259,0.714699758525368,0.716169545850706
final-final-SME00268-000480,0.715772136098953,0.6263448740180334,0.6760941423781426,0.6760941423781426,0.7787938581510131,0.6783484589891848,0.7114253879778649,0.7121970623039859
final-final-SME00268-000481,0.8413575180209419,0.7476113257124142,0.7870038865605434,0.7870038865605434,0.8617297020322533,0.7886441603025284,0.8109146403649292,0.8168950276811235
final-final-SME00448-000785,0.2338056482995863,0.2649365206656,0.29618679579322954,0.29618679579322954,0.45787095876535877,0.45280414544114167,0.3472430000027357,0.34033385753189815
final-final-SME00448-000786,0.3659694547865443,0.3247311349814891,0.40690395916946226,0.40690395916946226,0.5792820520999924,0.5738801153734244,0.4563286353598656,0.45319739121137026
final-final-SME00448-000787,0.2699003788152006,0.336872105943892,0.32773637154973434,0.32773637154973434,0.4945414604687587,0.4893141689916842,0.36551636157714373,0.3780947568796482
final-final-SME00451-000791,0.6054805927139918,0.5719239190370606,0.5921969246664832,0.5921969246664832,0.7445324088640929,0.5955407743538311,0.6528580797497636,0.6379482173314959
final-final-SME00467-000815,0.6314460287677764,0.5600972308446645,0.6015907912851998,0.6015907912851998,0.7370431687238517,0.6045640472690861,0.6421306124232912,0.6415354969320534
final-final-SME00475-000827,0.6997485766531528,0.6537224542147271,0.6565634379117493,0.6565634379117493,0.7801559947403635,0.6592763641527148,0.7007980070773879,0.702341710962594
final-final-SME00475-000828,0.7116346944155948,0.6537224542147271,0.6663903549582585,0.6663903549582585,0.7875905878422691,0.6690507683410654,0.7097686960329053,0.7112825191561728
final-final-SME00521-000905,0.1153615388666944,0.1480804120197741,0.16510690429783106,0.16510690429783106,0.3590955570300982,0.1693650644973705,0.24369524927564895,0.22786272196200835
final-final-SME00521-000906,0.0,0.0,2.3649668543938647e-05,2.3649668543938647e-05,6.700213079121257e-05,2.4601279510319008e-05,4.457650168465204e-05,4.158065830525841e-05
final-final-SME00531-000922,0.375882374448054,0.4493630114510431,0.41478892403923673,0.41478892403923673,0.5872002223910793,0.41857344915579586,0.4767556872259676,0.46792893088442317
final-final-SME00531-000923,0.3646857440290208,0.3924496531565213,0.4058798408423792,0.4058798408423792,0.5782470717285303,0.40966339865324364,0.4694176038541126,0.4939669497022717
final-final-SME00531-000924,0.3692613790108067,0.4697932498295737,0.4095269632091743,0.4095269632091743,0.5819259837424764,0.4133112188207005,0.4703773245633743,0.4221093328004055
final-final-SME00578-001002,0.5629748824229547,0.6273489206111739,0.5482065776313577,0.5482065776313577,0.6925325252559675,0.5513746134792282,0.605387670248771,0.6072498896493257
final-final-SME00578-001003,0.3676472043192805,0.3325416917413456,0.397331234747621,0.397331234747621,0.550319404464507,0.40068941124976887,0.46416741399838557,0.4758425820639218
final-final-SME00578-001004,0.2970465811606141,0.3811983203289729,0.34045670165197284,0.34045670165197284,0.48932639485378016,0.34372447527471395,0.41386208288775483,0.4172867904615968
final-final-SME00599-001045,0.5852025447137901,0.5928351413928462,0.572386347792184,0.572386347792184,0.6930390961056587,0.5750347435802745,0.6013267651661898,0.6121660975968048
final-final-SME00604-001052,0.5674535639439303,0.5723846202747068,0.5516653308614657,0.5516653308614657,0.6955000910351429,0.6909926373307304,0.6052464136901221,0.6053491393371342
final-final-SME00633-001103,0.6014193402426233,0.5871151412472678,0.5849513690790596,0.5849513690790596,0.7038928894347377,0.5875622024495571,0.628299843571851,0.6280148659363985
final-final-SME00661-001151,0.7394002237551012,0.7253940844478981,0.6897354173871747,0.6897354173871747,0.804936995955049,0.6922641569287543,0.7383356213973731,0.7405085954556052
final-final-SME00664-001154,0.3037727990890801,0.3268798009052883,0.3563225915825414,0.3563225915825414,0.5262869398518523,0.360053404766444,0.4232795684075095,0.41580782209877976
final-final-SME00684-001184,0.416778919383114,0.477203364354933,0.4469396243946768,0.4469396243946768,0.6185887171837535,0.4507074186697897,0.5061931511045152,0.517315107859394
final-final-SME00689-001192,0.5129321992241314,0.5459759407170469,0.5168353929949473,0.5168353929949473,0.6433970313431515,0.5196134922477248,0.5572262264468819,0.5680551100627608
final-final-SME00711-001226,0.2713166112415521,0.3057116785835009,0.32894969938748864,0.32894969938748864,0.49591677931375655,0.4906844114075575,0.3819017254891033,0.40556640276722267
final-final-SME00735-001264,0.6282269351126748,0.5950259374919084,0.5990505314243707,0.5990505314243707,0.7349860995158757,0.7307261884956492,0.641059724757213,0.6453712805659235
final-final-SME00749-001288,0.3652604248098228,0.4758956090391221,0.3954451388603028,0.3954451388603028,0.5483678755260238,0.5435756253422678,0.44515927886164086,0.44625163991477446
final-final-SME00784-001348,0.4553947972571422,0.5518889163030554,0.4768735174684871,0.4768735174684871,0.646578683263667,0.6412605099841496,0.5374236878982679,0.5457070744252324
final-final-SME00784-001349,0.5782901770091847,0.6221795420569762,0.5711926329209067,0.5711926329209067,0.7277674161805422,0.7228607191765006,0.6199883797032402,0.6148524293649609
final-final-SME00794-001365,0.8172523664248456,0.8637088365569638,0.8539990181577648,0.7591011569751341,0.8539990181577648,0.761184218483206,0.7917483713817155,0.7939403244564058
final-final-SME00794-001366,0.8500396572345847,0.8637088365569638,0.875239010185627,0.7907642736134781,0.875239010185627,0.7926185416650974,0.8198256750238104,0.8217768745161429
final-final-SME00829-001427,0.52840501983048,0.5642824952341399,0.5329066981030138,0.5329066981030138,0.6960214487124053,0.6909098040307522,0.5731327312627686,0.590478918503019
final-final-SME00854-001469,0.3853378685432042,0.5767377821903524,0.5946347814538312,0.42227358101572826,0.5946347814538312,0.42605700645486116,0.47732199004742604,0.49659912566305464
final-final-SME00857-001474,0.3171151575106215,0.4449046074026241,0.3634381217201711,0.3634381217201711,0.49057595519290487,0.48297156057056834,0.4334516203976555,0.4389471130041042
final-final-SME00918-001567,0.7978610734931056,0.6935326101998645,0.7411618423653514,0.7411618423653514,0.8416524390709074,0.7433676675684893,0.7745371799723129,0.7801433170183226
final-final-SME00918-001568,0.6220412152598447,0.6171067419242332,0.594179415855184,0.594179415855184,0.7310249426764798,0.5971832522527679,0.6381349552888763,0.6472633919687609
final-final-SME00933-001595,0.5614589500280117,0.5759748034983367,0.5470366215334773,0.5470366215334773,0.6915260086139616,0.6829347114529245,0.600141192190429,0.6029716212994568
final-final-SME00933-001596,0.5791187874491562,0.5661446002876672,0.5606911545667214,0.5606911545667214,0.703188200530261,0.6947153673957359,0.6133636424563873,0.6158548755407992
final-final-SME00935-001599,0.6109251506082497,0.6255956934790728,0.7102170030045742,0.5923445811541217,0.7102170030045742,0.594931947210216,0.6255489222575197,0.6283695308977981
final-final-SME00950-001624,0.5490884996170784,0.5412805378037374,0.5445664782441316,0.5445664782441316,0.6685229604586506,0.5472873928523138,0.6023954219156877,0.607189936593387
final-final-SME00985-001688,0.7994529467839429,0.7274582383451936,0.7426153875112946,0.7426153875112946,0.8426614614342186,0.744811455188958,0.7814673138751882,0.78041627239019
final-final-SME00994-001703,0.3804454567511753,0.4273600372426354,0.41840517852482034,0.41840517852482034,0.5908021161098466,0.42218938841445863,0.48231119026928837,0.48609276610284846
final-final-SME00994-001704,0.3780761649339462,0.3669890459796859,0.4165285228828161,0.4165285228828161,0.5889352197118327,0.42031294699335725,0.4798038204377887,0.48461335164630154
final-final-SME01026-001759,0.6844211742404579,0.7817181022549331,0.770549529598301,0.6440206311318687,0.770549529598301,0.6467980117257993,0.705683027466865,0.702759203885118
final-final-SME01026-001760,0.3822593222485829,0.6764149692981245,0.5621206597194656,0.408834488986438,0.5621206597194656,0.4121992067787515,0.48563311999784753,0.49252193352936174
final-final-SME01058-001822,0.0292479088566337,0.0235213516951464,0.06041731093002343,0.06041731093002343,0.15410755061906767,0.062473864466068674,0.09211862439398608,0.09274853825534675
final-final-SME01058-001823,0.1351979971918006,0.1672090125471732,0.18517728596283423,0.18517728596283423,0.39168420868344167,0.1897102292400468,0.2550515942298651,0.2517364584021996
final-final-SME01064-001832,0.6168428925815106,0.5769886161623455,0.6010203556185106,0.6010203556185106,0.7514432324090959,0.6043222224959198,0.6462333802989833,0.6601588717673602
final-final-SME01064-001833,0.5583772043776825,0.5628393727148601,0.5558835063779698,0.5558835063779698,0.7152616746941718,0.5593819469488015,0.6043476108185766,0.6001619078231067
final-final-SME01089-001875,0.4976371789027646,0.6001215194828764,0.4979994293293815,0.4979994293293815,0.6480677217014055,0.501293512879069,0.5532700041631772,0.525548721751221
final-final-SME01089-001876,0.8568841025292266,0.7741491969226227,0.7976237882230653,0.7976237882230653,0.8797502681947187,0.7994265107195518,0.8278712021528296,0.8291719219330909
final-final-SME01089-001877,0.8144383225049885,0.7779751284261116,0.7564650481379334,0.7564650481379334,0.8521991668088124,0.7585664659689286,0.794773409120997,0.7934859198341659
final-final-SME01095-001887,0.6730932139849637,0.6820932208300566,0.6348357503832246,0.6348357503832246,0.7634300943296448,0.6376584686688878,0.6808167611787737,0.6853153841594932
final-final-SME01110-001912,0.3012700759219472,0.361167556036761,0.3542393521024986,0.3542393521024986,0.5240189740760015,0.35796611044015353,0.42501821762493414,0.3725874728993466
final-final-SME01110-001913,0.7206238362734915,0.6344995770685596,0.683773795830983,0.683773795830983,0.8127190167911069,0.6866042160647429,0.7345333813963312,0.7224120519313069
final-final-SME01110-001914,0.6972958800066196,0.6509541469383504,0.6647297206744897,0.6647297206744897,0.7991595040288927,0.6676805301422086,0.7176483169582497,0.7243952493470214
final-final-SME01150-001988,0.4169941564698758,0.4451147760676615,0.4359237887283065,0.4359237887283065,0.5892429899684807,0.4392892315588577,0.4983477238103061,0.4662354361003489
final-final-SME01150-001989,0.8069086751605967,0.7631145443466973,0.7494675401765681,0.7494675401765681,0.8473974855577849,0.7516171576407448,0.7784318983363776,0.7854478767182629
final-final-SME01155-001996,0.6421977255681173,0.6267361366458907,0.6101031145887419,0.6101031145887419,0.7438934864278232,0.6130398886135249,0.6613168775802925,0.6634322262319738
final-final-SME01155-001997,0.4439463954871481,0.4769954441757792,0.4567573531226934,0.4567573531226934,0.6094866689560241,0.4601098476362872,0.5299049689744068,0.5297418293717451
final-final-SME01155-001998,0.6244178040524083,0.6267361366458907,0.5960493765284575,0.5960493765284575,0.7325481687292492,0.5990456019058089,0.6467085234133305,0.6504580699821068
final-final-SME01184-002051,0.4021285280932576,0.4372949160661663,0.435485256660099,0.435485256660099,0.6075679079957582,0.43926256778952905,0.5312962614223156,0.5158437090409923
final-final-SME01184-002052,0.5274696370847375,0.5551929058503887,0.5321902691365131,0.5321902691365131,0.6954122095390324,0.5357730826698018,0.6028607009766176,0.6103002067332453
final-final-SME01197-002074,0.4979944283084661,0.4753439795137607,0.5096114701221414,0.5096114701221414,0.675913930563321,0.6707023903176712,0.5681690563237458,0.5494813694272528
final-final-SME01197-002075,0.644972163997647,0.5949148569090283,0.6230178312578486,0.6230178312578486,0.7683438606067142,0.7637896739237098,0.6701405694301658,0.672776779329188
final-final-SME01208-002095,0.4537542929366805,0.5474843699338534,0.6006605445876496,0.4713928275550333,0.6006605445876496,0.4742303267592435,0.5038155809734279,0.5081216263515189
final-final-SME01272-002207,0.5953999733548518,0.5940206473483393,0.5802809066405155,0.5802809066405155,0.6998741356643832,0.5829060453833814,0.622756394976328,0.6005269162267649
final-final-SME01272-002208,0.6696183574170746,0.6717130766726682,0.6386228026941111,0.6386228026941111,0.7487889298593686,0.6410410112409787,0.6758237787146655,0.6703268846762502
final-final-SME01276-002214,0.4188776769589287,0.538990508401941,0.4485755230595169,0.4485755230595169,0.6201484041683961,0.6099467302865587,0.5080751271725066,0.5242479609460995
final-final-SME01280-002219,0.6287432867485859,0.5875215163730164,0.6062688238851832,0.6062688238851832,0.7220046197136408,0.718377723537708,0.6479801689346356,0.6514563902391013
final-final-SME01280-002220,0.7292291915403216,0.6473798474410558,0.6872626984847399,0.6872626984847399,0.7875340705727933,0.7843917942063637,0.7166794153460413,0.7264798843569455
final-final-SME01282-002223,0.0951997512457808,0.1019703784343044,0.14365197385352138,0.14365197385352138,0.32215962694474337,0.14757031739063178,0.1987628448779472,0.19141145812515514
final-final-SME01282-002224,0.1035111647658562,0.1062306936260396,0.15264222743460426,0.15264222743460426,0.33791321765560717,0.15670903003144043,0.21436918560969276,0.20913147063427928
final-final-SME01282-002225,0.0798959515780938,0.0981790598130303,0.12647149752126174,0.12647149752126174,0.29088182291936304,0.13008039677461006,0.1782174046880048,0.17446526300895693
final-final-SME01283-002226,0.2991305755320793,0.3454894799875174,0.35245503919437693,0.35245503919437693,0.5220708580929239,0.5167554847416,0.4217637758260708,0.38099214521026936
final-final-SME01283-002227,0.4720185338827717,0.4919139678558051,0.4896739279137213,0.4896739279137213,0.6582028738806426,0.6529215606509192,0.5557482559734939,0.5012575570344429
final-final-SME01346-002346,0.6187138445922451,0.5711339373288478,0.5915645096183514,0.5915645096183514,0.7288894719405172,0.7245860204703723,0.6363287678968951,0.6372649033764392
final-final-SME01346-002347,0.7109754830532132,0.6310692148539108,0.6658429045180748,0.6658429045180748,0.7871785079528427,0.7833761265638184,0.7027451503011763,0.7057223049467078
final-final-SME01346-002348,0.6715340686638206,0.6321338112317161,0.633576844074769,0.633576844074769,0.7624486267818494,0.7584100787030966,0.6755855922904235,0.6764641029855233
final-final-SME01392-002419,0.6641214334190815,0.6118364973371249,0.6381461093013648,0.6381461093013648,0.7797023671009351,0.6412533488974343,0.6744280433091671,0.6758770545850538
final-final-SME01392-002420,0.6407775176090236,0.6082163853347058,0.6197218437326597,0.6197218437326597,0.765840921238875,0.6229292397914855,0.6571732627640091,0.6578750141533597
final-final-SME01416-002464,0.7241191030947666,0.6832515770053567,0.6768156368869384,0.6768156368869384,0.7953912848850895,0.7916753942118127,0.7227114145023988,0.7270853517052311
final-final-SME01416-002465,0.7189437912538342,0.6884071720222501,0.6724804227887432,0.6724804227887432,0.7921582036484744,0.788407774642157,0.7202720418013161,0.7228779170094249
final-final-SME01430-002484,0.254003755050489,0.3581403043718772,0.3139959269603996,0.3139959269603996,0.4787883517749943,0.3176132135111731,0.3651770849457878,0.36558193827347196
final-final-SME01500-002602,0.2841545009732734,0.3436844553850486,0.33987297625918095,0.33987297625918095,0.5081856871048502,0.34356753507128207,0.4093502115559666,0.402691438622051
final-final-SME01500-002603,0.4141608715625087,0.4391028798169474,0.4448972714410247,0.4448972714410247,0.616636530720532,0.44866704492139253,0.5049800348978635,0.506147852579991
final-final-SME01500-002604,0.3987216661724904,0.4467924618581366,0.4328122405445346,0.4328122405445346,0.6049705875766218,0.4365912132371399,0.49224156259007795,0.4925079269147464
final-final-SME01548-002693,0.6935673234419178,0.6936739120136352,0.6514884108575681,0.6514884108575681,0.7762850143674714,0.6542277666014167,0.6970137689872532,0.6955585592938158
final-final-SME01554-002703,0.4714411298535071,0.5035020249697724,0.4779034013321824,0.4779034013321824,0.6295098766568323,0.4812312488641247,0.5305782791708095,0.5334805367681784
final-final-SME01554-002704,0.6592801124028275,0.6646553396653724,0.6237242319209167,0.6237242319209167,0.7547197017989582,0.6265996562733116,0.6687792879443086,0.6713925639113587
final-final-SME01581-002756,0.6500104109289525,0.5221422397508874,0.6163172800176066,0.6163172800176066,0.7488530783454457,0.7446997083643734,0.6574124976192056,0.6649341954586975
final-final-SME01586-002764,0.2464761789350135,0.3904513707346483,0.5314204464875403,0.28586118034785085,0.5314204464875403,0.29125134456094665,0.3852260884403103,0.34612157014826445
final-final-SME01586-002765,0.2617006880556366,0.4489333090980763,0.5467273211130123,0.2986023186794545,0.5467273211130123,0.30404880224945696,0.3918566203419199,0.39694325403652675
final-final-SME01588-002767,0.4126875056424168,0.4265024678766767,0.43258168022137733,0.43258168022137733,0.5859464560108816,0.435948123438958,0.4858674703709164,0.4921784735152618
final-final-SME01588-002768,0.6862525833072349,0.6103925505254953,0.6455121279559858,0.6455121279559858,0.7716988202830632,0.6482819969323959,0.6893550349885227,0.6917706724849348
final-final-SME01621-002827,0.080641829813329,0.2915139988371482,0.2924823752422983,0.12732983646751037,0.2924823752422983,0.13095502772255907,0.163371138365824,0.1555461728124038
final-final-SME01621-002828,0.0940730600316149,0.3789957253990182,0.3199616905447312,0.14241602960388708,0.3199616905447312,0.14631325687141516,0.1813127584456145,0.20142695936281424
final-final-SME01621-002829,0.0642435338432285,0.3758154395493975,0.2551690348018047,0.10787339652651798,0.2551690348018047,0.11110661875697092,0.14072669286857858,0.15715091381507035
final-final-SME01628-002840,0.4469278005985747,0.4919218171731654,0.4703368631528233,0.4703368631528233,0.6405642428505622,0.47407345002474316,0.5133014218231269,0.5151504933353465
final-final-SME01628-002841,0.5643569288008813,0.6132281849432233,0.5604757515755111,0.5604757515755111,0.7190388716756041,0.5639563013788899,0.5984680695804688,0.6178131209926097
final-final-SME01628-002842,0.528960116812297,0.5927315106656428,0.5333318662829853,0.5333318662829853,0.696382734200067,0.536910924678855,0.5723994654887763,0.5764225100734044
final-final-SME01637-002856,0.3002848228415108,0.4235869160631781,0.3534180593157488,0.3534180593157488,0.5231229264584512,0.5178047625380222,0.42422064820381045,0.4333403443065277
final-final-SME01637-002857,0.4055546638226502,0.4323802565079035,0.43816969968615493,0.43816969968615493,0.6101665681312566,0.6047765781115694,0.5047357059572115,0.5098774703685278
final-final-SME01694-002952,0.0848254230876689,0.1347110757122084,0.1321022583615316,0.1321022583615316,0.3013076007100251,0.29600509075864634,0.19575562789468992,0.19125255273303635
final-final-SME01694-002953,0.09384300751816,0.1001954343508347,0.14216314133759056,0.14216314133759056,0.3195109940313595,0.3139533163557483,0.20887964240514156,0.19945891100486984
final-final-SME01694-002954,0.077984700703758,0.0959879379496264,0.12426136589290254,0.12426136589290254,0.2867416889623223,0.2816499257944408,0.19300082560171747,0.1737274932994065
final-final-SME01742-003039,0.4501532804467754,0.4579730798363843,0.4686159389003155,0.4686159389003155,0.5979835971048563,0.4714556318695454,0.4876632553416506,0.5008693286953557
final-final-SME01743-003040,0.6608015416452222,0.6180027363175961,0.6249436240682642,0.6249436240682642,0.755680865569884,0.627813380162339,0.6627426343973066,0.6650917806825067
final-final-SME01743-003041,0.5683466722797427,0.4843630233673174,0.5523554646915639,0.5523554646915639,0.6960907888881276,0.555510536022496,0.5934567243929905,0.5961404552636799
final-final-SME01758-003062,0.817384406315228,0.7075815565112726,0.7592251356960946,0.7592251356960946,0.8540835456512571,0.761307331227501,0.7864537233774093,0.7923714031355418
final-final-SME01758-003063,0.8308794973169427,0.7075815565112726,0.7720387844076686,0.7720387844076686,0.8627615042859559,0.7740301992122905,0.7980802448755484,0.8037399223177513
final-final-SME01767-003080,0.303061780500396,0.3696490114939061,0.3518655450856712,0.3518655450856712,0.47799494709542745,0.4740423389801309,0.40609296775387405,0.4030744430742052
final-final-SME01767-003081,0.3677882402585268,0.3145387528627901,0.40427508747126,0.40427508747126,0.5337208558318903,0.5296643203503897,0.4551084532398958,0.4724810498607601
final-final-SME01775-003091,0.3128411288580858,0.4656173642585277,0.36383599328520655,0.36383599328520655,0.5344087265872403,0.3675801608632752,0.436329407008051,0.4493647437029882
final-final-SME01775-003092,0.4324607415282008,0.4966375871480861,0.45913570961843125,0.45913570961843125,0.6301320695673097,0.4628891760400233,0.5189653812662233,0.5167388929451231
final-final-SME01787-003108,0.5944946819160739,0.5848515501685245,0.5795791836299053,0.5795791836299053,0.6992687365952889,0.582206436737546,0.6136331566979533,0.6053861351068728
final-final-SME01794-003119,0.1858334678890868,0.2654017134759545,0.23299570535385114,0.23299570535385114,0.462556804218083,0.4488262478760543,0.30187886487027094,0.2981487831824595
final-final-SME01844-003203,0.3398233879922864,0.4101060505964144,0.3858947978466933,0.3858947978466933,0.5577423626036886,0.3896669486932995,0.4645034815519068,0.42396202993082305
final-final-SME01849-003213,0.6217207184979555,0.6338043051269936,0.5939273858319807,0.5939273858319807,0.7308193976694742,0.5969322426018547,0.6518159650002677,0.6501147878494233
final-final-SME01849-003214,0.4147280318839288,0.4902079182078974,0.4341657123400578,0.4341657123400578,0.5875106021310142,0.4375317190487688,0.5000917405378449,0.5006084264542353
final-final-SME01854-003221,0.7446612729741298,0.7567180033128456,0.7975704576252846,0.7002327331818291,0.7975704576252846,0.7023693510628292,0.7353594100901601,0.7352135077807642
final-final-SME01854-003222,0.8748751376838451,0.8076127701422128,0.8851035177285245,0.8203766058956241,0.8851035177285245,0.8217973980704445,0.8426070279048228,0.835188978785048
final-final-SME01854-003223,0.6962329460972353,0.8050641057734848,0.7661054743159756,0.6600860379074079,0.7661054743159756,0.6624132242563726,0.6971897748949424,0.6959639404279434
final-final-SME01914-003335,0.3769222617453767,0.3712887048352499,0.4156137545890715,0.4156137545890715,0.5880234053213019,0.5777112033193048,0.46730811746780687,0.4663509557647666
final-final-SME01914-003336,0.462596264816979,0.4805040028175591,0.482423669868361,0.482423669868361,0.6516436018668734,0.6415221839872962,0.5293942579212102,0.5376175065120135
final-final-SME01922-003348,0.0579743794990334,0.2154367011815883,0.10006500811532605,0.10006500811532605,0.23956173218883056,0.23519022265303202,0.14273110185307583,0.15685153094460783
final-final-SME01923-003349,0.3098864194548422,0.3802070338262512,0.36139382475542947,0.36139382475542947,0.5317786913201753,0.365133868552791,0.41752815215104044,0.4126050594009014
final-final-SME01923-003350,0.3276603886825753,0.3180237388574161,0.37600316071245826,0.37600316071245826,0.5473720496386242,0.3797648043549439,0.43511443168797226,0.43829369935378637
final-final-SME01923-003351,0.3888633333331387,0.4615087974183463,0.42505567567466945,0.42505567567466945,0.5973782484651824,0.4288382532151791,0.4771356025527845,0.4873135413380171
final-final-SME01924-003352,0.2088515134358424,0.3320506642764831,0.27355868509434805,0.27355868509434805,0.4304450654181589,0.42111664662480797,0.3010217929940051,0.2913179469691517
final-final-SME01924-003353,0.4044374477259824,0.4400999266456897,0.4372947393045575,0.4372947393045575,0.6093206390638645,0.5990920288241119,0.4652832563684046,0.46822160433663124
final-final-SME01928-003360,0.4005480630952638,0.4074524074021367,0.4342456902448089,0.4342456902448089,0.6063646537901385,0.4380237984476955,0.5053447061984175,0.5138824270516212
final-final-SME01953-003403,0.2883099060145299,0.3642312246763644,0.34338077776091375,0.34338077776091375,0.51208307022046,0.3470838881088873,0.4007878995689178,0.416255815022783
final-final-SME01953-003404,0.3131050940924885,0.311590736042089,0.3640538978930991,0.3640538978930991,0.5346429338174591,0.36779842332291096,0.4196281003894431,0.3777715855288219
final-final-SME01967-003425,0.4833382255175569,0.3834242394300469,0.4870334751479477,0.4870334751479477,0.6379969875232768,0.6289675264233109,0.5600040830435413,0.5594047400132942
final-final-SME01967-003426,0.7546454803109919,0.684351715572101,0.702818222174111,0.702818222174111,0.8144687977895393,0.8077907302655019,0.7466392350716115,0.7464373620307359
final-final-SME01988-003460,0.2792551021012049,0.5365267675160997,0.5035447991741879,0.3357199331167788,0.5035447991741879,0.33940378346097894,0.3935267864951153,0.40774146321022436
final-final-SME01988-003461,0.3422041408528742,0.5452770484397357,0.559745175332046,0.38782165479679215,0.559745175332046,0.39159547291551633,0.44345081735955905,0.4568093626360218
final-final-SME02039-003553,0.5741946843586804,0.5799080482805825,0.5568780042158854,0.5568780042158854,0.6999500121885767,0.5600185153820634,0.6112700911259519,0.6146700176315811
final-final-SME02039-003554,0.5859966348011495,0.5648268943238106,0.5660257367714708,0.5660257367714708,0.7076945127188781,0.5691354462042658,0.6198843530232601,0.6232509334829094
final-final-SME02039-003555,0.5617123640077899,0.5927607275040359,0.5472321739562104,0.5472321739562104,0.6916943385119225,0.5504031998424483,0.6073870154863551,0.606896908858491
final-final-SME02052-003577,0.5094224052367804,0.5784595773240738,0.640922108952657,0.5141453920110892,0.640922108952657,0.5169282123601429,0.5492968376576073,0.555397341951224
final-final-SME02066-003600,0.5593842207949115,0.5361113896228366,0.55247990089429,0.55247990089429,0.6755657377032467,0.5551817043453933,0.6030033658865008,0.6181252636234469
final-final-SME02066-003601,0.6460385485533061,0.5690962162051908,0.6198807910397417,0.6198807910397417,0.7333750425455725,0.6223720537905875,0.6616549486732375,0.6630778417691849
final-final-SME02066-003602,0.3919177602879174,0.4331684677136976,0.423329524684754,0.423329524684754,0.5532107000193903,0.42618048964424904,0.46767984829771203,0.4520086915846932
final-final-SME02152-003753,0.1126379942892337,0.2005570112449098,0.16227636703481563,0.16227636703481563,0.3543508490252033,0.16649251010833563,0.2303395118755842,0.22299345004648702
final-final-SME02152-003754,0.0753940335004448,0.2085993297580428,0.12124026723356708,0.12124026723356708,0.28103800557998865,0.12474791760290214,0.17681767037165264,0.17766687298448516
final-final-SME02155-003757,0.653809990838049,0.6688638419532936,0.6193487433708691,0.6193487433708691,0.7512600055187295,0.6222442698794441,0.6609690534188314,0.6654423472536954
final-final-SME02155-003758,0.754295838533743,0.6952647557167954,0.7025158510811955,0.7025158510811955,0.8142500031422011,0.7049684786577791,0.7377699300431004,0.7415589900931665
final-final-SME02155-003759,0.7278171651178309,0.699659136926402,0.679925568634318,0.679925568634318,0.7977012399948035,0.6825108109626588,0.7170858525882065,0.7210797889361378
final-final-SME02166-003773,0.2640844101512853,0.2814583253764775,0.32273554278840205,0.32273554278840205,0.48884620307975496,0.3263817653504406,0.36298379978560685,0.3635888541708308
final-final-SME02194-003823,0.3843048479269115,0.4119204258716486,0.4214575219221298,0.4214575219221298,0.5938280059012442,0.5884263076218791,0.4702012303321399,0.46873137723801117
final-final-SME02221-003868,0.3749977789080602,0.3514057785779753,0.4099907011633732,0.4099907011633732,0.5396088607233935,0.41283589277846106,0.45399060420864623,0.46628560632114996
final-final-SME02221-003869,0.4857259023820505,0.511101860490184,0.49597545087717393,0.49597545087717393,0.6240263158071022,0.4987862394922883,0.5329833355205587,0.5048602513426274
final-final-SME02254-003921,0.8207300657494649,0.711199229641649,0.7623752986688682,0.7623752986688682,0.8562276532564255,0.7644354107182537,0.7988219539601389,0.7978359810551725
final-final-SME02254-003922,0.6791761349566661,0.6678226474031578,0.6397593398662818,0.6397593398662818,0.7672554907726042,0.6425579521961126,0.6888032854511754,0.6624406522092415
final-final-SME02255-003923,0.3774435180497456,0.463749456910467,0.41602705043496774,0.41602705043496774,0.5884355131869713,0.4198115133085132,0.47934018769904496,0.48920321503354275
final-final-SME02255-003924,0.4542162250351048,0.5040100869381454,0.47596439561823145,0.47596439561823145,0.6457453955434441,0.47969118420270257,0.5331590779216548,0.48952826173144603
final-final-SME02326-004040,0.2812193564968911,0.3060260354398335,0.3373872314595896,0.3373872314595896,0.5054114306288148,0.5001459350138343,0.39592624874198645,0.3649110102306864
final-final-SME02326-004041,0.4156266818239726,0.433124276278571,0.44604099127786556,0.44604099127786556,0.6177304398538589,0.6123500836725161,0.4981836461938637,0.507688144470783
final-final-SME02326-004042,0.4049858095102886,0.3948803846475512,0.4377242429299245,0.4377242429299245,0.6097360209742035,0.6043455637216446,0.48996479037440055,0.45084616089935137
final-final-SME02357-004103,0.8028809680308016,0.7324805491138698,0.7457567078572517,0.7457567078572517,0.8448368680711396,0.7479315731849112,0.777717574807413,0.7820104266770258
final-final-SME02366-004120,0.6393364780990625,0.6568397866173475,0.6078334765958197,0.6078334765958197,0.7420734096624937,0.6107801187427822,0.6599151191207298,0.6578948720937167
final-final-SME02366-004121,0.6132721738068241,0.6612341678269542,0.5872956754969579,0.5872956754969579,0.725389643647568,0.5903269158849561,0.6408725845415579,0.6387943361229884
final-final-SME02417-004202,0.5909020766892843,0.6215338526224976,0.7108970576430156,0.5698369754422893,0.7108970576430156,0.5729333237044729,0.6177493973227585,0.6173176356986397
final-final-SME02417-004203,0.3630867049815758,0.4977633980972754,0.5465845371117889,0.39372556462331193,0.5465845371117889,0.3970809051735206,0.4486172168620996,0.4555839608560187
final-final-SME02446-004250,0.5656577433352552,0.5311822900047041,0.5573078381645642,0.5573078381645642,0.6798353098047825,0.6759955779814727,0.5964575220020358,0.5642789332622699
final-final-SME02446-004251,0.659632871634623,0.6007061757504936,0.6306576950848181,0.6306576950848181,0.7422720593792682,0.738774319478307,0.6672213577405942,0.6555907724812614
final-final-SME02457-004267,0.6769394717326875,0.6804458666211278,0.6379466998080987,0.6379466998080987,0.7658495812521224,0.7581994274209036,0.6803577521549209,0.6832031898245116
final-final-SME02457-004268,0.7090382903825168,0.6804458666211278,0.664235836247691,0.664235836247691,0.7859674041842709,0.7786863702441728,0.7093654729057781,0.7095115055616291
final-final-SME02469-004286,0.24196760282261,0.3681176884019625,0.2820529171594802,0.2820529171594802,0.5267538018529183,0.28742423941631223,0.355786076820677,0.37663722149241774
final-final-SME02489-004321,0.848490732808515,0.7638913457615655,0.7892250575831853,0.7892250575831853,0.8742223785913045,0.7910907966575412,0.8119164251334131,0.8176834872418168
final-final-SME02489-004322,0.8728325993716972,0.7670859754004301,0.814004608916394,0.814004608916394,0.890397020363519,0.8156814653788179,0.8369633292305093,0.8427802796467836
final-final-SME02489-004323,0.830766411830851,0.7670859754004301,0.7719301918769066,0.7719301918769066,0.8626884423977806,0.7739223865991474,0.7992063735084995,0.8061172201900855
final-final-SME02509-004354,0.7423844517667184,0.632938184379043,0.6922804824426927,0.6922804824426927,0.8068017705696995,0.7999923679039119,0.7276842166555353,0.7339539753313677
final-final-SME02509-004355,0.7249078594297036,0.6427683875897126,0.6774780883550979,0.6774780883550979,0.7958839846641,0.7888436043194665,0.7146673099448513,0.7205651628939213
final-final-SME02532-004394,0.282261163515852,0.2387643816361131,0.33827029917312085,0.33827029917312085,0.5063981792973581,0.341960800846773,0.390817911842357,0.3953837418527354
final-final-SME02532-004395,0.5856953104886905,0.577191056781585,0.5768997225155911,0.5768997225155911,0.7323670261867142,0.5803123174045084,0.6194186503588801,0.6245848567982396
final-final-SME02532-004396,0.5605242621395529,0.5611535558978766,0.5575319539490159,0.5575319539490159,0.716620123885159,0.5610240288920518,0.6010411565820335,0.6066946686945838
final-final-SME02555-004432,0.0965721973904681,0.1595336703024592,0.14515177286005995,0.14515177286005995,0.32481622322796927,0.3191859486588441,0.20102629400999358,0.19820331656612317
final-final-SME02555-004433,0.1100774916902638,0.2360114622884045,0.15959715927624088,0.15959715927624088,0.3498247136505182,0.3438634154663357,0.21875673975206872,0.23052219613947905
final-final-SME02565-004451,0.1140044543188395,0.2489487753799255,0.16369895238516616,0.16369895238516616,0.356740201948133,0.3452620250879213,0.2302850645417273,0.22444624866673096
final-final-SME02565-004452,0.1223158678389151,0.2695955972015765,0.17224848188486713,0.17224848188486713,0.37090035103241265,0.3590885683546208,0.2365067811689998,0.2522597962069276
final-final-SME02565-004453,0.0115239499675187,0.0221587672278973,0.03011376196662285,0.03011376196662285,0.08085564141237354,0.0778385439380439,0.04646920333890743,0.04013953546661815
final-final-SME02584-004490,0.1123244566664194,0.124734846627427,0.16194924852964043,0.16194924852964043,0.35380006681660514,0.16616048205888254,0.22979498432738105,0.17791252877663016
final-final-SME02615-004544,0.4238292018165465,0.4230539597050944,0.45243042946189593,0.45243042946189593,0.6238097614710093,0.6135591851074501,0.5150754345560885,0.47833965682558227
final-final-SME02615-004545,0.5434976643996559,0.536696404087977,0.5444702799157215,0.5444702799157215,0.7057763892316045,0.6961283145654997,0.5990497053647384,0.6042743619643496
final-final-SME02620-004553,0.5850407206457756,0.5869568722976721,0.5652836925320002,0.5652836925320002,0.7070693424129659,0.5683959674134708,0.6096797447783779,0.6184499398180501
final-final-SME02780-004850,0.7057040397916852,0.6572477515038194,0.6614756376340327,0.6614756376340327,0.783882323199269,0.6641625333327764,0.7004118511323505,0.7020216716148557
final-final-SME02879-005031,0.322436860814304,0.3143626525744833,0.3677892588759472,0.3677892588759472,0.495264954218711,0.3705874221946354,0.4093523799366949,0.3888315576982934
final-final-SME02879-005032,0.4897081931554072,0.5209454924987438,0.49903076094659776,0.49903076094659776,0.6268893373491725,0.5018373287202224,0.5388045623973352,0.5420534972773812
final-final-SME02879-005033,0.46833967227442,0.5014919857940574,0.48262142745871994,0.48262142745871994,0.6114068323249009,0.48544833963919476,0.5235063178068174,0.5229258648624442
final-final-SME02889-005049,0.6405796801156763,0.6652953585867903,0.6195665378974916,0.6195665378974916,0.7657227311714683,0.6227747486683267,0.6568824718524675,0.6768572477686698
final-final-SME02922-005099,0.2830479925464244,0.2277898291530837,0.3389366753925344,0.3389366753925344,0.5071419285941794,0.5018707591582939,0.3841914789590535,0.36724929362966124
final-final-SME02934-005123,0.73799173097245,0.70349312015291,0.6885367780375286,0.6885367780375286,0.8040569792437139,0.8004368393120829,0.7299829146682875,0.731869085862358
final-final-SME02949-005147,0.5741946843586804,0.5898586102647438,0.5568780042158854,0.5568780042158854,0.6999500121885767,0.6954664614004671,0.6084084652445536,0.6129982140252628
final-final-SME02949-005148,0.5859966348011495,0.5955008642636219,0.5660257367714708,0.5660257367714708,0.7076945127188781,0.7032549360256457,0.6149446609115876,0.6212034134900599
final-final-SME02949-005149,0.5705238512594075,0.60065153240778,0.5540384393519182,0.5540384393519182,0.69752929166887,0.6930326152532081,0.6035865354115576,0.6099257850868658
final-final-SME02955-005158,0.6991518729387793,0.6649555443806179,0.6624629388290051,0.6624629388290051,0.7680015805208276,0.6647795714631098,0.6966460000032952,0.6943576472060548
final-final-SME02965-005172,0.5367096667305857,0.5740648120511257,0.6599926148981279,0.535064689250146,0.6599926148981279,0.537806927588898,0.5735219646001437,0.5790555596262166
final-final-SME02965-005173,0.299314005830925,0.4523080630125752,0.47458921401206094,0.348758071723815,0.47458921401206094,0.35152013617659456,0.39436304489519763,0.39804786996478253
final-final-SME03004-005244,0.6458154291772442,0.6594737336276295,0.6129774873184929,0.6129774873184929,0.7461918563119664,0.6159016177563575,0.663710257409486,0.6641216585479809
final-final-SME03042-005322,0.3276446191164009,0.4035305057652409,0.3759902825640084,0.3759902825640084,0.5473584506186218,0.37975191038295747,0.44861997970079204,0.4052600488850857
final-final-SME03042-005323,0.4269290370488782,0.5266853980299046,0.4548405638231496,0.4548405638231496,0.6260889819737518,0.45859956306425154,0.5203479994416691,0.5203114327647728
final-final-SME03045-005327,0.4204208748607861,0.3583576877156461,0.43858016490459156,0.43858016490459156,0.5918533589854535,0.5870501262647072,0.5008457444101595,0.5075875748862794
final-final-SME03045-005328,0.3494456847877414,0.3596135376056693,0.38289218999245206,0.38289218999245206,0.5352585021137288,0.5304836890075684,0.44730538787155294,0.45291052352200195
final-final-SME03062-005355,0.4719970603045233,0.4864178562657349,0.48543298632217247,0.48543298632217247,0.6140781668362876,0.6063836144582117,0.5189696438618577,0.5191792738436323
final-final-SME03062-005356,0.4936950951812485,0.5746268417123928,0.5020886776237862,0.5020886776237862,0.6297458564922841,0.6221103986747772,0.5336989672485934,0.5544094859254813
final-final-SME03062-005357,0.5419466925870244,0.568737489007015,0.5390831284231508,0.5390831284231508,0.6636101311054644,0.6561618960391011,0.5706682839459379,0.5781823102155917
final-final-SME03065-005361,0.661533519964504,0.5721627936842155,0.625530671350604,0.625530671350604,0.7561431288653881,0.7520500320037078,0.6615615043509491,0.6653562207422934
final-final-SME03065-005362,0.6780260231553218,0.5823229857979513,0.6388269323888742,0.6388269323888742,0.7665326545538629,0.76253064815602,0.6758795053109923,0.6785104631538491
final-final-SME03068-005365,0.4958188013604568,0.529617540420092,0.5079436949424324,0.5079436949424324,0.6744504329102916,0.5115986116325772,0.5997007016822598,0.5802684367307953
final-final-SME03073-005374,0.5225191654857464,0.5092038411786339,0.5283988007010211,0.5283988007010211,0.6921784558407517,0.5319938563869473,0.571694091173626,0.5373578327675154
final-final-SME03073-005375,0.4685829621842549,0.4975929048119325,0.48703170757052433,0.48703170757052433,0.6558199122772455,0.49073670374071693,0.5288980348141618,0.4965092500958837
final-final-SME03073-005376,0.6495346088834284,0.6025072409970302,0.6266097787511142,0.6266097787511142,0.7710599493948898,0.6297805413642292,0.6628894681483274,0.6569179428362754
final-final-SME03090-005407,0.6604756270800557,0.5372794410581719,0.6352549081493714,0.6352549081493714,0.7775479289445654,0.6383783201082067,0.6920020402397302,0.6788532864482439
final-final-SME03090-005408,0.8261907674228335,0.6014360746106748,0.7755480426620245,0.7755480426620245,0.8739686971267254,0.7777084314669955,0.8137457658330485,0.7995346798751041
final-final-SME03106-005433,0.4647354638551969,0.4904950232367622,0.4840708198239278,0.4840708198239278,0.6531394224931768,0.6478411976518299,0.5318483089959561,0.5432135142119102
final-final-SME03106-005434,0.6170471088966165,0.5826365542791347,0.6011792336055485,0.6011792336055485,0.7515669701826286,0.7468541611265002,0.6404502606519921,0.6508147118076452
final-final-SME03106-005435,0.4621263673876236,0.48533153480684,0.4820617661785919,0.4820617661785919,0.6513144999175443,0.646010504827954,0.5257847472717103,0.4923660325794408
final-final-SME03108-005437,0.2554079294834088,0.2078694598301923,0.3152189461901629,0.3152189461901629,0.4802039307450695,0.31884045953570345,0.40649892882022326,0.35450188003467503
final-final-SME03148-005514,0.4455213189388482,0.4595097985859462,0.4692497641239942,0.4692497641239942,0.6395587776608227,0.4729881429046657,0.5253350236446458,0.5220845359634624
final-final-SME03164-005545,0.4379766690775014,0.5142832558702113,0.46341163045577366,0.46341163045577366,0.6341333750250746,0.6239221304186677,0.5136869923233158,0.5387337877187033
final-final-SME03174-005563,0.5061380112786722,0.5619282483652102,0.5045178027419445,0.5045178027419445,0.6539913752632761,0.5077988318559089,0.5440903498171527,0.5480873856850547
final-final-SME03220-005649,0.014646771815868,0.0224232836428056,0.03605799630175717,0.03605799630175717,0.09582634389861044,0.09395334004713009,0.0625575581555757,0.03954893624380841
final-final-SME03241-005687,0.6568994452603775,0.5641064072190584,0.6284848024615174,0.6284848024615174,0.7404856024402847,0.6309432831100963,0.6602608349236163,0.649531245454131
final-final-SME03271-005741,0.7185311583938239,0.6939511222885538,0.6721356080505121,0.6721356080505121,0.7919003964143992,0.6747645126175292,0.7099234932042925,0.71398488326833
final-final-SME03317-005815,0.0915222845838731,0.1216955538511694,0.13960186990554696,0.13960186990554696,0.314927555175267,0.3094332476198929,0.19661790930933062,0.1771974706927957
final-final-SME03337-005856,0.3003138701077002,0.3806732413442226,0.3534422823023238,0.3534422823023238,0.5231493698871246,0.3571674484692887,0.4228842904007163,0.42378168874146593
final-final-SME03362-005898,0.8351464517604822,0.7147783348861633,0.7761520185370208,0.7761520185370208,0.8655229098281126,0.7781137599426808,0.8094745881998588,0.8109507639612558
final-final-SME03397-005958,0.7074723639659759,0.6379881737905526,0.6629385987680073,0.6629385987680073,0.7849882413743167,0.777688182685708,0.7074618753074315,0.7043883548436294
final-final-SME03397-005959,0.6849111787609748,0.6423825550001593,0.6444195057661027,0.6444195057661027,0.7708570725133159,0.7632945623904733,0.6866739234304635,0.6870530162315678
final-final-SME03432-006026,0.7163458687627675,0.6131226006175219,0.6765677985191146,0.6765677985191146,0.7791663874516278,0.7759511814110787,0.7172361058202662,0.7079349630046244
final-final-SME03432-006027,0.8411617739870042,0.6966104629322509,0.7868154219381834,0.7868154219381834,0.8615957288935304,0.8592522844354872,0.8122339985652333,0.8084876045699434
final-final-SME03436-006033,0.4947550803463853,0.4033144500406786,0.48131199612673187,0.48131199612673187,0.7244476398750767,0.48664896046313294,0.5886602019903673,0.49764778933614967
final-final-SME03442-006045,0.5701895457475473,0.576053154814212,0.553779962989955,0.553779962989955,0.6973085448375372,0.5569304962098708,0.593525614381168,0.5961254706679303
final-final-SME03442-006046,0.5599077574160258,0.5856932358828987,0.5458398310799322,0.5458398310799322,0.6904949843587346,0.5490150931773508,0.5878843852457435,0.5884936621810744
final-final-SME03457-006073,0.7002858260833087,0.6776240552915298,0.6570056501293793,0.6570056501293793,0.7804922726508026,0.6597162510526301,0.6927083471311973,0.6949272109930642
final-final-SME03457-006074,0.7175103075934083,0.6776240552915298,0.6712830612243295,0.6712830612243295,0.7912625587362541,0.6739166787780899,0.7059717712937581,0.7081276175365199
final-final-SME03493-006143,0.5569098603840792,0.6625348981558534,0.714331830894653,0.5547571809081617,0.714331830894653,0.5582599343623327,0.6023520566701224,0.6151196563797761
final-final-SME03504-006159,0.3749214235262366,0.4027690877669406,0.4030668958062636,0.4030668958062636,0.5562252558867813,0.40642880808275994,0.4523681489209945,0.45651104776703955
final-final-SME03504-006160,0.6563276105522031,0.6219338661458919,0.621360889401347,0.621360889401347,0.7528531097223835,0.6242472177057807,0.6619841296772535,0.6627995028341189
final-final-SME03505-006161,0.3248273289706853,0.3569536775519282,0.37368725323173096,0.37368725323173096,0.5449223854713254,0.37744596083960247,0.4583329442835137,0.45285224771283117
final-final-SME03505-006162,0.43657785522326,0.4534990733794787,0.4623279103139606,0.4623279103139606,0.6331214796293204,0.4660769253669167,0.5445221722208168,0.5388862253983864
final-final-SME03505-006163,0.406330756519617,0.444501178909886,0.43877728071698524,0.43877728071698524,0.6107533813356161,0.4425522529981574,0.5215406348211866,0.4841384413760054
final-final-SME03527-006203,0.5301142355059744,0.4900887912639963,0.5300062476913193,0.5300062476913193,0.6554180482086258,0.5327591073560153,0.5639566718623856,0.5382151662492265
final-final-SME03550-006236,0.4562498741198083,0.4865675585334973,0.47331611500341686,0.47331611500341686,0.602510095985269,0.5948282592465318,0.5181121971894296,0.5286242873591993
final-final-SME03561-006253,0.6914662075371046,0.6515444893592679,0.6497685651368292,0.6497685651368292,0.7749682969463744,0.7710448225772095,0.6947382767092176,0.6949271550169986
final-final-SME03561-006254,0.4560566707523585,0.3708626094957147,0.4660814006456006,0.4660814006456006,0.6183794949319881,0.6136068196173614,0.5235302578743525,0.48680172466158944
final-final-SME03591-006306,0.8419600774671694,0.7737474640217996,0.7827861655540134,0.7827861655540134,0.8699521828667138,0.7846995087338621,0.8128846831879035,0.8173187090023659
final-final-SME03602-006322,0.5256066983965636,0.5290824073250359,0.5194532322674273,0.5194532322674273,0.6673915618235083,0.6627555116032626,0.5831877034421351,0.5857898002459951
final-final-SME03602-006323,0.5606045369755694,0.5872027348928883,0.5463773701436045,0.5463773701436045,0.6909582475352294,0.6864274122169851,0.6146321224062565,0.6129716170305075
final-final-SME03609-006334,0.7388098963076637,0.7472811842509912,0.7937625249938697,0.6952933010207661,0.7937625249938697,0.6974547559538055,0.7251969925873678,0.7307494581851861
final-final-SME03633-006376,0.7348100280972981,0.6906071317252671,0.6858350977000477,0.6858350977000477,0.8020692868797737,0.7984267721916349,0.720916337042995,0.7236103218663139
final-final-SME03633-006377,0.478953041884088,0.3927258458943889,0.48366910300045135,0.48366910300045135,0.6348804611606009,0.6301418416804055,0.5431977010116856,0.5117526712376759
final-final-SME03703-006504,0.6622352517595922,0.721325484312148,0.7785882048329019,0.6366496512475202,0.7785882048329019,0.6397652824514319,0.6842536671266909,0.6876588625092176
final-final-SME03703-006505,0.8272227125153284,0.7840638979952576,0.8745758130553078,0.7765080290757889,0.8745758130553078,0.7786606721748415,0.8068143915590957,0.7990517817019674
final-final-SME03718-006529,0.8381276278165302,0.7706655588218025,0.7790444677905781,0.7790444677905781,0.8674577582904003,0.86468708718627,0.8094608292909085,0.8115030015963687
final-final-SME03718-006530,0.827806691868521,0.7761753495459276,0.7690955954672485,0.7690955954672485,0.860778406328436,0.85790527590469,0.7993033801815068,0.8025071921056466
final-final-SME03733-006550,0.2849953357467949,0.3956145135891605,0.34058383649716445,0.34058383649716445,0.5089771528604864,0.3442801646457824,0.4026760932559924,0.40588510854900317
final-final-SME03733-006551,0.455060580424806,0.4729049703105428,0.4766157345309921,0.4766157345309921,0.6463425079253424,0.48034133281256547,0.5321536508451667,0.5298820399789914
final-final-SME03733-006552,0.4367323399819308,0.4796389601659671,0.46244761695618775,0.46244761695618775,0.6332333266086223,0.4661964594851154,0.5202932899069943,0.5180911799102205
final-final-SME03753-006588,0.5502260212233004,0.5458318394984546,0.545440258051527,0.545440258051527,0.6693033407015071,0.6654217538718947,0.586425117699739,0.5528498335418184
final-final-SME03753-006589,0.6490660281833331,0.6333747173923143,0.622274540811417,0.622274540811417,0.7353592050228881,0.7318153892721143,0.6577849344738396,0.6595981385542621
final-final-SME03753-006590,0.6295593911965599,0.6297660495426908,0.6069088608958949,0.6069088608958949,0.7225426204306877,0.7189189218397428,0.6424467537674985,0.6340334973312638
final-final-SME03782-006641,0.2601737770096556,0.2707159978374358,0.3156921547498862,0.3156921547498862,0.4376097665288402,0.31836831500353024,0.35895767833344927,0.36944376364963183
final-final-SME03782-006642,0.5190608500057373,0.5369046205869793,0.5215326260832195,0.5215326260832195,0.6477025560008012,0.524302127115299,0.5648455966464532,0.5309282035915808
final-final-SME03783-006643,0.2289494220303625,0.2569136685868545,0.2709589498995031,0.2709589498995031,0.5129111213970883,0.5053288915495147,0.351018121512654,0.33734638721934374
final-final-SME03791-006652,0.2987169915423487,0.4047293996092966,0.352109748626396,0.352109748626396,0.5216932724376593,0.5163789111407974,0.4041443469870917,0.40011226411047757
final-final-SME03791-006653,0.442523265038648,0.4553613863143166,0.4669312193801834,0.4669312193801834,0.637409338045836,0.6320669421842728,0.5111136213826053,0.5061937899832021
final-final-SME03791-006654,0.4233842399533309,0.4906663730539271,0.45208427233243875,0.45208427233243875,0.623481782599463,0.6181105750996394,0.4952791453103743,0.5173432060292416
final-final-SME03887-006823,0.7979533572984311,0.5358410063617333,0.7466649667163321,0.7466649667163321,0.8325314821201701,0.7485497850972834,0.7825047869512944,0.7681399275032909
final-final-SME03899-006842,0.7102715841116283,0.6940739034585649,0.7752224298584641,0.6715638675691817,0.7752224298584641,0.6738392314013688,0.7021658251189763,0.7058599305786137
final-final-SME03942-006918,0.6419591171458887,0.5986592934053256,0.6099137185402368,0.6099137185402368,0.743741782945317,0.7395479162893803,0.6543368890332264,0.6528045004449028
final-final-SME03942-006919,0.3984314807610461,0.4337856422051872,0.4214870674109425,0.4214870674109425,0.5749037330102015,0.5700960042189205,0.4669066397209896,0.47346352947638914
final-final-SME03943-006920,0.681118531888876,0.6166674040373761,0.641335674310276,0.641335674310276,0.7684758280928391,0.7609161113252849,0.6874582026403628,0.689384170934628
final-final-SME03947-006928,0.7069397079510168,0.7164535106859353,0.6624977083400074,0.6624977083400074,0.7846551385596028,0.665179132743511,0.7062171897911417,0.7069499397357056
final-final-SME03947-006929,0.479152376145663,0.3755638565674815,0.4838220551894705,0.4838220551894705,0.6350224211815828,0.4871409883928059,0.5433559348116798,0.5046404796079842
final-final-SME03947-006930,0.6939621593505486,0.7164535106859353,0.6518118923286781,0.6518118923286781,0.7765323943527976,0.6545495776020464,0.6981446072760327,0.6971968075630399
final-final-SME03948-006931,0.1899368888001266,0.1495243674627327,0.25586939719027507,0.25586939719027507,0.40831307978098963,0.2592156218932988,0.2972885069453583,0.3100911997054531
final-final-SME03962-006959,0.8247186070618842,0.6935751000875638,0.7661532602211927,0.7661532602211927,0.8587898505059269,0.768186685559302,0.7999562792643464,0.8020880741690373
final-final-SME03962-006960,0.7860277409082415,0.6979694812971705,0.7304556494848005,0.7304556494848005,0.8341728055936865,0.7327322994843333,0.7723926038044837,0.7719065847635358
final-final-SME03979-006985,0.7016817638454348,0.7921837412299151,0.7813659072715744,0.6581554997477782,0.7813659072715744,0.6608600375962418,0.6970305380028751,0.7012087737910331
final-final-SME04005-007030,0.6299836704235893,0.6911562923848988,0.600436350827156,0.600436350827156,0.736109050577672,0.6034144430098933,0.6495969492884563,0.651698213520831
final-final-SME04005-007031,0.7293553320644426,0.7164535106859353,0.6812221711048594,0.6812221711048594,0.7986620186371327,0.6838000419110044,0.7233570351017676,0.7252745495722979
final-final-SME04005-007032,0.7028766586485304,0.7202794421894242,0.6591407276594348,0.6591407276594348,0.7821135905705695,0.6618400512698436,0.703699578086437,0.7056041504791368
final-final-SME04015-007049,0.1014064203817863,0.2193479340080855,0.15038606464344945,0.15038606464344945,0.3339980098551459,0.15441645026780618,0.23657407155865234,0.23159163159905988
final-final-SME04015-007050,0.0824417529919898,0.1913458034352991,0.12939170744703168,0.12939170744703168,0.2963105280027064,0.13305566958210152,0.20565678407374588,0.19620214313840956
final-final-SME04047-007108,0.3792406134731552,0.4832340666767074,0.4174511241021239,0.4174511241021239,0.5898536438594869,0.5795418683768465,0.4940702675601218,0.499751653212371
final-final-SME04095-007195,0.2755420087460674,0.3026352780179141,0.33255971770456233,0.33255971770456233,0.4999938817096612,0.4947468764525265,0.3842370740580042,0.3937511423169261
final-final-SME04095-007196,0.4236788997765498,0.3784590972094662,0.4523135079240188,0.4523135079240188,0.6236989975748161,0.6183281667737202,0.5107390783482242,0.4978408732789152
final-final-SME04095-007197,0.4050803250606151,0.44632610796822,0.4377982627599232,0.4377982627599232,0.6098075819045975,0.6044172017083504,0.4842726950229329,0.5101941546744561
final-final-SME04109-007219,0.4799472650074265,0.5500335366525662,0.6636652471420478,0.49576633166310347,0.6636652471420478,0.49945180743381773,0.542966093810183,0.5434890807687346
final-final-SME04138-007267,0.7409327985801246,0.6609852291555768,0.6910415230369286,0.6910415230369286,0.8058946201853797,0.8022953857751444,0.728816557702168,0.7295509531500451
final-final-SME04138-007268,0.7595735136889161,0.6622622428884245,0.7070921761100237,0.7070921761100237,0.8175538673790428,0.8140922496247183,0.744308765352079,0.744301430544523
final-final-SME04257-007476,0.7802492053550106,0.7376409771217106,0.7252878482323983,0.7252878482323983,0.8305321685860025,0.7275980203473406,0.7613228997833914,0.7638691676228544
final-final-SME04257-007477,0.8170357728288711,0.7376409771217106,0.7588978429126323,0.7588978429126323,0.8538603770490216,0.7609823240284689,0.7914124698447121,0.793709981442611
final-final-SME04302-007560,0.4246115023911775,0.4843058906529764,0.4530388972688828,0.4530388972688828,0.6243858953502402,0.6190162707872403,0.5034802252423858,0.507856696942692
final-final-SME04302-007561,0.5165909750518752,0.5786424221295227,0.5238586373566914,0.5238586373566914,0.6882848704483421,0.6831321268934695,0.5641984667435254,0.5676854331509709
final-final-SME04375-007686,0.0147106500396571,0.0031878207559545,0.036175890577985106,0.036175890577985106,0.09612016904379624,0.09253476935312886,0.05532534277425671,0.06184376017772572
final-final-SME04375-007687,0.078711542671634,0.1859459604560208,0.1251037053998287,0.1251037053998287,0.28832282176278773,0.278560325920044,0.1749390733317862,0.18292815273086926
final-final-SME04378-007692,0.3335914397719097,0.4737206487807872,0.38083676672800126,0.38083676672800126,0.5524582187575449,0.38460395427287264,0.4294420010115355,0.4612458233978082
final-final-SME04388-007707,0.6851061163362733,0.6223056184496856,0.6445782266458202,0.6445782266458202,0.7709794128693553,0.7634636348991084,0.6780418643417261,0.68308285157388
final-final-SME04389-007708,0.7426694577424046,0.6051728310550653,0.6925239391140103,0.6925239391140103,0.80697988442227,0.6950363115855328,0.7317129982066376,0.7344821309407801
final-final-SME04389-007709,0.7594035621748179,0.6051728310550653,0.7069443982960141,0.7069443982960141,0.8174474316342117,0.7093700021231539,0.7431767312243907,0.7471556764724288
final-final-SME04389-007710,0.7330106195587183,0.6016489301936421,0.684310777450863,0.684310777450863,0.800945248364945,0.6868709697865772,0.7232410404992637,0.7267532427226637
final-final-SME04428-007776,0.8644287224454327,0.8283981544569746,0.8053003154992129,0.8053003154992129,0.8847616544141751,0.8822715170786843,0.8335807559429376,0.8365675985650998
final-final-SME04428-007777,0.8972160132551719,0.8283981544569746,0.8403183841476766,0.8403183841476766,0.9071361136941981,0.9050421982720759,0.86409894016181,0.8666105268686393
final-final-SME04484-007874,0.680469697887938,0.6519605186915275,0.640808892218542,0.640808892218542,0.768068250365456,0.7640802319990484,0.6869777131164656,0.6901742816837141
final-final-SME04510-007917,0.5770132033317964,0.5952565674106284,0.5590600268067115,0.5590600268067115,0.701804770915319,0.5621933543467281,0.6120380417288347,0.6147138626299775
final-final-SME04517-007929,0.3847424517305136,0.560298212087592,0.42180326547118174,0.42180326547118174,0.5941699298660471,0.5887683512837507,0.46599860563648415,0.4930908054091847
final-final-SME04517-007930,0.5650929227997281,0.6026017506333204,0.5610412388291137,0.5610412388291137,0.7195024506294999,0.7145366372525882,0.5973833800414479,0.6029042993438033
final-final-SME04532-007955,0.2795711984931648,0.5671750400517577,0.5038457341791142,0.3359884493990902,0.5038457341791142,0.339673011352513,0.37434685213380847,0.39683685674990676
final-final-SME04532-007956,0.4370732869153712,0.6569495434457011,0.6334800900101624,0.4627117904681017,0.6334800900101624,0.46646025083529963,0.4900400400985646,0.5149533879733725
final-final-SME04581-008048,0.5476207195813753,0.673238688789224,0.6675151612562561,0.5434391889790858,0.6675151612562561,0.5461627264614508,0.5812580953937758,0.5765447869092009
final-final-SME04581-008049,0.6096008471031149,0.7463202713690189,0.7093375300921853,0.5913132278985238,0.7093375300921853,0.5939039278137044,0.6249913659211241,0.6220546635953114
final-final-SME04595-008071,0.7270627920787119,0.6944540710487704,0.6792903296233194,0.6792903296233194,0.7972300374574119,0.7935340757000995,0.7182707216757915,0.7183567203147078
final-final-SME04595-008072,0.6213886135706692,0.5612335202966805,0.5936662634721958,0.5936662634721958,0.7306063753010882,0.7263149841686493,0.6400274038378804,0.6405188959917125
final-final-SME04624-008125,0.5949945408426052,0.542830654283143,0.5799666197956994,0.5799666197956994,0.6996030418604315,0.5825927066501425,0.6116364317600258,0.6115883267494424
final-final-SME04634-008140,0.6923454904692966,0.6573835880461384,0.650487974743276,0.650487974743276,0.7755193814512639,0.7716011820073093,0.6853267577106492,0.6908244837489236
final-final-SME04652-008168,0.4538590309642519,0.5032401585426841,0.47147356540960117,0.47147356540960117,0.6007382612820514,0.4743109982976439,0.5088051779792548,0.5071585889523007
final-final-SME04652-008169,0.4777042291435413,0.5168293826906227,0.48981755398464993,0.48981755398464993,0.6182286529711627,0.49263624994022287,0.5237132519497844,0.5254330594585459
final-final-SME04669-008198,0.4184422702474542,0.5996377746022252,0.6198252166216186,0.4482362382416979,0.6198252166216186,0.4520027129716679,0.5077414247127391,0.5046274635386272
final-final-SME04669-008199,0.528304536512249,0.7186908103733395,0.695956028069364,0.5328297350726311,0.695956028069364,0.5364104490914855,0.5971610002242772,0.602706747193555
final-final-SME04691-008236,0.4098678677242335,0.414045889316936,0.4415440925921814,0.4415440925921814,0.6134193351301885,0.44531685098167145,0.49686518267198665,0.4530843656880555
final-final-SME04691-008237,0.4484784719531233,0.3854177430188208,0.47153497492308294,0.47153497492308294,0.6416706555028231,0.4752695489477094,0.5198027678834675,0.4775115043609594
final-final-SME04729-008296,0.4738339704294284,0.472207803754605,0.48684454996348525,0.48684454996348525,0.6154164149301921,0.4896667748228815,0.5478664905359272,0.5183701669518577
final-final-SME04729-008297,0.5517115586686263,0.545538629257729,0.5465815506185465,0.5465815506185465,0.6703216133558888,0.5492977146972974,0.5982019358907097,0.5617292577139349
final-final-SME04851-008520,0.7375773618487762,0.7342982824627624,0.6881844574924113,0.6881844574924113,0.8037980964957491,0.8001750284364222,0.7369584978464949,0.7391392443384717
final-final-SME04862-008538,0.6577001260017783,0.5882646447600295,0.6291209688731424,0.6291209688731424,0.741009015964361,0.6315769745323269,0.6599264848618022,0.659154227246566
final-final-SME04871-008555,0.7313612311458194,0.6966905772199457,0.6829157991349581,0.6829157991349581,0.7999149644688303,0.796248477170763,0.7535161497720837,0.747006075342073
final-final-SME04913-008626,0.7042175776790719,0.6180662463155172,0.6602474433932451,0.6602474433932451,0.7829525091366505,0.6629408887049746,0.7009373320694143,0.7013585760925274
final-final-SME04913-008627,0.5030987840870866,0.430269111684342,0.5021872910762124,0.5021872910762124,0.6518788043632845,0.5054731041127489,0.5518260812477226,0.5176643642802703
final-final-SME04960-008701,0.00791470376745,0.1645938549088898,0.06170755879821845,0.022685691438511773,0.06170755879821845,0.02354224340772482,0.03468111287513762,0.03899337338036267
final-final-SME04960-008702,0.0991424452566383,0.3725941889039307,0.3297314382522652,0.14794397243802193,0.3297314382522652,0.1519343097118917,0.19322147366850245,0.20876067478165455
final-final-SME05017-008804,0.6221474688697495,0.5528451562419364,0.6051508381058512,0.6051508381058512,0.7546521518494983,0.7457628469788113,0.6500264705598406,0.6462781916221415
final-final-SME05042-008849,0.8151786386748084,0.7115705145800881,0.7571574240626564,0.7571574240626564,0.852672376412068,0.759254031069441,0.7938991616937017,0.7929856452210612
final-final-SME05042-008850,0.8286737296765231,0.7115705145800881,0.7699244855877141,0.7699244855877141,0.8613375154513656,0.7719310530853603,0.8050883366570476,0.804214051463574
final-final-SME05057-008875,0.781261761236085,0.6723108142245627,0.726190644680713,0.726190644680713,0.8311696070233345,0.7284949920378404,0.7600401075123446,0.7669132087196613
final-final-SME05072-008904,0.6410350009385911,0.6601110966785447,0.7431541105049301,0.6091804125241994,0.7431541105049301,0.6121212106610575,0.6480515776522862,0.6508116665931994
final-final-SME05072-008905,0.4621257897175906,0.5555016204740173,0.6227920473149972,0.47074776266363827,0.6227920473149972,0.47408522035691586,0.514861932717486,0.5210970884681838
final-final-SME05176-009080,0.5991071016172911,0.597082142379851,0.5762248895017716,0.5762248895017716,0.7162333674575937,0.7118458207209835,0.6281873717681855,0.6308119000055707
final-final-SME05183-009091,0.6171004835415094,0.5099968463944822,0.5902978994424017,0.5902978994424017,0.7278528074872691,0.7196738324438334,0.6504042388116082,0.6517457067632113
final-final-SME05183-009092,0.5501165294878575,0.5498526870042191,0.538293815717976,0.538293815717976,0.6839608481208718,0.6752995285096078,0.5958641568326987,0.6021313995400199
final-final-SME05189-009100,0.5477409667658634,0.5456887125877914,0.54772338734496,0.54772338734496,0.7084942942859391,0.6988782312559494,0.5920068364803963,0.5643074819993672
final-final-SME05189-009101,0.4266773004031235,0.4907702481726198,0.4546449262368941,0.4546449262368941,0.6259042540370656,0.6156608553902899,0.5041161983332572,0.46205003334326716
final-final-SME05266-009227,0.3564411500522733,0.4907366292801794,0.39928507073511,0.39928507073511,0.5715458882190749,0.5661476266378294,0.4631422724219262,0.4759563644853012
final-final-SME05266-009228,0.4591857960045664,0.5120230405933417,0.47979624857803865,0.47979624857803865,0.6492506462596281,0.6439403314814994,0.5291649999840053,0.4936304744770543
final-final-SME05301-009290,0.8290626020941029,0.7115837052472986,0.7702966484921085,0.7702966484921085,0.861588393977791,0.7723005537293398,0.8037127992405453,0.8069013098022956
final-final-SME05301-009291,0.5233237565775688,0.4592404569660221,0.5177009410045049,0.5177009410045049,0.6658316882380069,0.5209524943470001,0.5692278110222776,0.5844103717710227
final-final-SME05301-009292,0.830291115018702,0.6997537057511231,0.7714740121511757,0.7714740121511757,0.8623814317965152,0.7734694812197241,0.805359205128407,0.8079245728124633
final-final-SME05311-009307,0.4823791552201215,0.4955367897561539,0.4976336238048691,0.4976336238048691,0.6653304988529626,0.5013146646743186,0.5385346395093463,0.5435263027239864
final-final-SME05311-009308,0.580470015988841,0.5989530588563011,0.5728717189985292,0.5728717189985292,0.7291241508671699,0.5763015478936376,0.6094937118199232,0.6261014703658339
final-final-SME05319-009321,0.1034892901041992,0.2300847295487433,0.15261884799297856,0.15261884799297856,0.3378727761547926,0.15668527606800464,0.22413291008834949,0.2213955477610977
final-final-SME05323-009327,0.0933015384977044,0.1640939818875468,0.14156721145261125,0.14156721145261125,0.3184476179127095,0.3129045889371415,0.2022473154924334,0.1968789191810344
final-final-SME05330-009339,0.5012772879619777,0.5368082567864427,0.5121275123973397,0.5121275123973397,0.6781156585326025,0.6682460513768648,0.5788036105307328,0.5637017896221005
final-final-SME05388-009432,0.247517819396091,0.4348198763108261,0.47218643689066697,0.30832213126652963,0.47218643689066697,0.3119190450782714,0.38119639915841663,0.39123997764672996
final-final-SME05388-009433,0.3958530916084339,0.5284679896738088,0.6027732226219311,0.43055863468680955,0.6027732226219311,0.4343388418989165,0.49776453050995895,0.50424164789248
final-final-SME05389-009434,0.4149395818339216,0.4272268848616385,0.434329882217035,0.434329882217035,0.5876725341333227,0.4376958398031364,0.49665152963198667,0.49799099955690246
final-final-SME05389-009435,0.6963196099145408,0.6840989872080124,0.6537452571281406,0.6537452571281406,0.7780090885504998,0.6564729182245618,0.6948158427327766,0.6949064527619611
final-final-SME05392-009439,0.3241365316304237,0.4625848962107678,0.37312184763054584,0.37312184763054584,0.5443230632431202,0.3768798107493493,0.4226428971194722,0.4466215058584
final-final-SME05392-009440,0.3023364328531448,0.3747510177894596,0.35512749894480555,0.35512749894480555,0.5249867322895334,0.3588560047969032,0.4012071179908204,0.37645065315798637
final-final-SME05416-009484,0.132116556857083,0.273595268011401,0.18211805019850288,0.18211805019850288,0.38683300575606266,0.3804177054234979,0.26592023479170446,0.2795555604098625
final-final-SME05416-009485,0.1468944927016929,0.273595268011401,0.1966140576262361,0.1966140576262361,0.4094658795017433,0.40279558831590456,0.27531265553379775,0.2953165390437268
final-final-SME05416-009486,0.114101359805532,0.1897916185527139,0.16379965023924398,0.16379965023924398,0.35690896931593447,0.35085736319111605,0.2428509474923267,0.23332175011693518
final-final-SME05423-009499,0.1712077177866744,0.3101587738016518,0.21960323159397524,0.21960323159397524,0.4436007005977407,0.2245201022143708,0.28887450976777695,0.28606732530738666
final-final-SME05423-009500,0.1819517913623717,0.2850004953462727,0.22947013923244136,0.22947013923244136,0.4576301499365828,0.23447837998788254,0.3015590059842838,0.2963933707560771
final-final-SME05481-009595,0.7113449000918156,0.6886575788482217,0.6661496552443972,0.6661496552443972,0.7874094373405975,0.6688113757659553,0.7048157527234564,0.7088423382306912
final-final-SME05495-009618,0.6978004242762706,0.631393701200492,0.6549614120178295,0.6549614120178295,0.7789363765213603,0.6576827323226663,0.6932622693531756,0.6940310285841987
final-final-SME05495-009619,0.6717361199840323,0.6357880824100987,0.6337399174497712,0.6337399174497712,0.7625758392481232,0.6365679385053629,0.6735425201786951,0.6743414218324806
final-final-SME05558-009726,0.269946480447317,0.3764550248760885,0.3277758950151879,0.3277758950151879,0.4945863005107555,0.48935884242428423,0.38803943218843107,0.4068146289462772
final-final-SME05558-009727,0.3283051416747087,0.3730918281944924,0.3765295736816084,0.3765295736816084,0.5479277104020123,0.5425564832705669,0.4319512432499917,0.4389861097803539
final-final-SME05558-009728,0.27747300885521,0.2440867278496833,0.33420458681833154,0.33420458681833154,0.5018442184367885,0.49659077429274046,0.38919466399967034,0.40059731804229853
final-final-SME05649-009882,0.6149315141894744,0.6235038185736272,0.5885963966503677,0.5885963966503677,0.7264578494111054,0.5916225331945844,0.6260504666666664,0.627794108085044
final-final-SME05649-009883,0.6255271928719947,0.6235038185736272,0.5969229284290086,0.5969229284290086,0.7332586374013235,0.5999155740376315,0.6339624858057393,0.6357111783562488
final-final-SME05667-009910,0.5648991761104531,0.5883350710793465,0.5567237931814317,0.5567237931814317,0.679319900264299,0.672030371199105,0.5956284496662971,0.6043721994638542
final-final-SME05667-009911,0.6540137184826791,0.6057308535964258,0.6261941762498221,0.6261941762498221,0.7385983135370348,0.7319147960477776,0.6571665344846173,0.6575918260201167
final-final-SME05714-009996,0.616283196203359,0.6290828761204214,0.596522148252136,0.596522148252136,0.7137703288221746,0.710096037953904,0.6320339526757088,0.6031936487442324
final-final-SME05714-009997,0.7483819518086312,0.7218593214867295,0.7033879139077707,0.7033879139077707,0.7999937488921306,0.7969663421078295,0.729139694425911,0.7142967305127383
final-final-SME05714-009998,0.6988821640097286,0.7237711069596319,0.6622431082679567,0.6622431082679567,0.7678263953988224,0.7645176557163742,0.6905752004361145,0.6842658555756873
final-final-SME05743-010049,0.4144002736805027,0.4683474949582046,0.44508410936074777,0.44508410936074777,0.6168153504657767,0.6066042605443751,0.5125047463951318,0.46230116368052354
final-final-SME05749-010058,0.7668108221904167,0.7116703880089021,0.7134114003726972,0.7134114003726972,0.8220895907757941,0.715796947869494,0.7486636701405289,0.7500198787667264
final-final-SME05749-010059,0.8002759819486391,0.7096321604687676,0.7433681866037645,0.7433681866037645,0.8431834364487167,0.7455591875628952,0.7733311475524578,0.7768355330102719
final-final-SME05750-010060,0.0045679627047639,0.0099446739993853,0.014962686994717807,0.014962686994717807,0.041260994402999955,0.03968803455328706,0.029146948410972456,0.030349105651800327
final-final-SME05802-010144,0.3950078933137133,0.4759511331778252,0.42989410913962983,0.42989410913962983,0.60212395223339,0.43367465121106197,0.4737010946389835,0.49840652724091894
final-final-SME05802-010145,0.3122426820152558,0.4272540800302949,0.36334180830609064,0.36334180830609064,0.5338772901194189,0.3670851581929988,0.4061818589941102,0.42537939312074646
final-final-SME05860-010254,0.5779029529924115,0.612242743432593,0.5597491766278913,0.5597491766278913,0.7023895872148143,0.5628802139883367,0.612069741811128,0.6129699905489269
final-final-SME05860-010255,0.5932444662381128,0.6142809709727275,0.5716588928577828,0.5716588928577828,0.7124230385979218,0.5747487451479583,0.6260130371263706,0.6244099284494998
final-final-SME05863-010260,0.018752647237448,0.0,0.04338786531740099,0.04338786531740099,0.11387067412936086,0.11166190347271811,0.06528846070023539,0.0512074530637869
final-final-SME05863-010261,0.1370286435634619,0.2258675816390225,0.18698530793392512,0.18698530793392512,0.3945322394796269,0.3880281914713046,0.24461054705407687,0.25654353464357627
final-final-SME05863-010262,0.113537179038572,0.2296525505108544,0.16321304238065346,0.16321304238065346,0.3559251534887867,0.34988599495679734,0.2167194055017584,0.2273793706551196
final-final-SME05867-010268,0.292251215250009,0.2390226224472652,0.3236831841397383,0.3236831841397383,0.5755476465150244,0.5605718584361005,0.4219236513548588,0.39244622645409877
final-final-SME05884-010294,0.645341995420079,0.6186295555545412,0.6126010273353926,0.6126010273353926,0.7458912584138111,0.6155268229887542,0.6558746888523043,0.658369090496002
final-final-SME05938-010385,0.6942327873852221,0.7876914504773718,0.7767019436809757,0.652033666548235,0.7767019436809757,0.6547702054558198,0.7007598758403811,0.7039404336704044
final-final-SME05940-010388,0.1133709634337812,0.2929879512239074,0.16304005876071914,0.16304005876071914,0.355634726978562,0.167267620214948,0.2229357968472806,0.2348476577594303
final-final-SME05940-010389,0.1079853539869116,0.2929879512239074,0.157394605922579,0.157394605922579,0.34607797415351377,0.16153631213889508,0.22301838589679251,0.2303654147615892
final-final-SME06009-010504,0.7908740639837574,0.6700554538261501,0.7348197411013325,0.7348197411013325,0.8372318395612413,0.7370677443503431,0.7742146039924716,0.7732351223862979
final-final-SME06009-010505,0.781807637763862,0.6586680532021071,0.7266778273889564,0.7266778273889564,0.8315133402588553,0.7289790259493537,0.7719529658158639,0.7672182546164528
final-final-SME06027-010533,0.8320726019525467,0.7443673796311396,0.7731857927746585,0.7731857927746585,0.8635327211259662,0.7751689587435833,0.8079395465650727,0.8070754576944688
final-final-SME06064-010600,0.4383773265971443,0.4847281097941632,0.46372195935755806,0.46372195935755806,0.634422859264526,0.4674689402648001,0.5210449007841301,0.5147351349638001
final-final-SME06065-010601,0.2915530067853726,0.5333220455981444,0.5151006304343483,0.34610940980577515,0.5151006304343483,0.34981886228980946,0.41227677838205956,0.42643898527370516
final-final-SME06065-010602,0.4297048306575565,0.6665271218214986,0.6281216372353271,0.45699676047328613,0.6281216372353271,0.46075304791131944,0.5232131163553224,0.5359968191928001
final-final-SME06127-010698,0.0285292590278155,0.033426950013377,0.05931180166557183,0.05931180166557183,0.15156424718093625,0.14867326570485048,0.09457778873230219,0.10159905344928827
final-final-SME06201-010836,0.1912422830736626,0.1525556825717781,0.2571067673776158,0.2571067673776158,0.4098815900117354,0.4050939751167571,0.3235849517897064,0.27542166697689285
final-final-SME06202-010837,0.7674790139135155,0.7144493213279023,0.7139974590945662,0.7139974590945662,0.8225087001898422,0.7163793419600153,0.7420983694270669,0.7469690414890797
final-final-SME06207-010844,0.6275906938640701,0.6412059841659762,0.5985488953633614,0.5985488953633614,0.7345791816638698,0.6015348367722964,0.6541157321474456,0.6557728173790494
final-final-SME06221-010868,0.4256713016143707,0.4764169383336977,0.4496752357312056,0.4496752357312056,0.5795165185567321,0.5717504246576454,0.4931503040048363,0.485289860422375
final-final-SME06221-010869,0.4641550617905406,0.5082285669478278,0.47940270919057876,0.47940270919057876,0.6083391177708429,0.6006271463989111,0.512975064473633,0.530163883848504
final-final-SME06235-010892,0.236871692037874,0.3629436703594148,0.29891744330638803,0.29891744330638803,0.46111562090041536,0.30247778466935393,0.36680926966567984,0.3787004095101732
final-final-SME06240-010897,0.5890608571876854,0.5912325221833049,0.5684057968299462,0.5684057968299462,0.7096961013747886,0.5715071986022654,0.6084194017709902,0.6098199502909303
final-final-SME06240-010898,0.6072435890023207,0.5933625554443642,0.5825769910629249,0.5825769910629249,0.7215011399161557,0.585626454384979,0.6209100677790569,0.6230715555813318
final-final-SME06249-010911,0.6756912158841624,0.5660006073680689,0.636936235623277,0.636936235623277,0.7650646248827385,0.6397487259410933,0.6793043604296035,0.688169197458044
final-final-SME06251-010913,0.3774959322687042,0.6393937410325964,0.5884769328680397,0.41606860292828773,0.5884769328680397,0.41985306288652946,0.47024973746616094,0.4973979209398932
final-final-SME06251-010914,0.5096387717184211,0.6652072516238334,0.6836884861222637,0.5185337172176481,0.6836884861222637,0.5221589574253027,0.568012479526594,0.5637186170749892
final-final-SME06260-010930,0.511563135789415,0.4794419134075902,0.5200077500698823,0.5200077500698823,0.6849640854137534,0.5236286345491028,0.5890139291612828,0.5804474497251463
final-final-SME06260-010931,0.5972118467309543,0.5658399040633697,0.5857943761294093,0.5857943761294093,0.7394693476945915,0.5891676283189967,0.6484112753676953,0.6422682075249383
final-final-SME06263-010934,0.5527371940803509,0.4623809940096082,0.5473696421039064,0.5473696421039064,0.6710240793770533,0.5500839266554861,0.5876492723616396,0.5572001591353741
final-final-SME06263-010935,0.6074695298959685,0.5563989715063855,0.5896543319789274,0.5896543319789274,0.7079210683096242,0.5922503534599768,0.6294025286356855,0.6313110196891719
final-final-SME06263-010936,0.5859776144041615,0.5894653277244183,0.5729856566056111,0.5729856566056111,0.6935598378015162,0.5756323278012148,0.6110841253225058,0.6221222729729854
final-final-SME06267-010944,0.4243717646681174,0.5741652656531604,0.624209404884567,0.4528524473448599,0.624209404884567,0.45661382908669196,0.4961021059418033,0.4988994209788794
final-final-SME06267-010945,0.3865267981444646,0.5930318799212072,0.5955616907233048,0.42321231927397246,0.5955616907233048,0.4269954850601387,0.46415934167489475,0.47991298467564997
final-final-SME06271-010952,0.6389333947367732,0.528714239395165,0.6142762276773925,0.6142762276773925,0.7287115134725969,0.6167881466609663,0.6501082046944603,0.6309431911705651
final-final-SME06271-010953,0.7206332529181,0.6456390427072667,0.680114252385062,0.680114252385062,0.7819504152894665,0.6823496135242098,0.7113932501198386,0.7171369893612385
final-final-SME06314-011021,0.5261091360261931,0.5461913137608498,0.5311482594600142,0.5311482594600142,0.6945250797524101,0.6847531512893347,0.5809736055564387,0.5898038101098888
final-final-SME06314-011022,0.6835321089873944,0.620682462825433,0.6536362122935857,0.6536362122935857,0.791116294731829,0.7828933073565094,0.6914733799436459,0.6922494459891435
final-final-SME06331-011046,0.6439170237316676,0.6572119401903892,0.611468486596555,0.611468486596555,0.7449861739563258,0.7408020338098987,0.667363408269313,0.6646613526008082
final-final-SME06331-011047,0.6618257605211773,0.6572119401903892,0.6257651184651398,0.6257651184651398,0.7563276568624718,0.7522361243522083,0.673613704601653,0.6774173169808582
final-final-SME06362-011099,0.7913582062962518,0.7884526642846585,0.8375377428996497,0.7352572540211477,0.8375377428996497,0.7375023683657118,0.7688966375323167,0.770997010146163
final-final-SME06385-011143,0.5791187874491562,0.5700548163193642,0.5606911545667214,0.5606911545667214,0.703188200530261,0.6947153673957359,0.6123034529578735,0.6158548755407992
final-final-SME06385-011144,0.5222182149256182,0.5083344940890958,0.5168524874374001,0.5168524874374001,0.6650752367232454,0.6562619549253839,0.5705386302817606,0.5680977358002941
final-final-SME06392-011157,0.7377423854294844,0.6992981701912855,0.6883247531844094,0.6883247531844094,0.8039011965943256,0.6908617212204299,0.7239020722496011,0.7272795809977974
final-final-SME06392-011158,0.715205152508089,0.7000593839985723,0.6693606614446829,0.6693606614446829,0.7898221322653779,0.672004858584062,0.7088474942666554,0.7097290771058417
final-final-SME06409-011186,0.5201129820000994,0.6654525519351627,0.6906009089190396,0.5265560117322163,0.6906009089190396,0.5301568896304847,0.5746181086334967,0.58752026157928
final-final-SME06409-011187,0.4770186768613046,0.6603906993366095,0.6616535962938943,0.4935168420004615,0.6616535962938943,0.4972075384671263,0.535618794276089,0.5485887813114654
final-final-SME06419-011206,0.747859131293381,0.735036638275272,0.6969692561136142,0.6969692561136142,0.810223918722597,0.6994552597532159,0.7363183866424654,0.7394517470678187
final-final-SME06509-011367,0.3913259122949299,0.4472566038775019,0.4228646001282841,0.4228646001282841,0.5527398560810718,0.4257154351540133,0.4709147534972858,0.4815148963240741
final-final-SME06529-011405,0.6058613305466949,0.5746110668970186,0.58149657076569,0.58149657076569,0.7206078517021373,0.7122872987419019,0.6329667509493504,0.630992511522342
final-final-SME06574-011484,0.7194693886144409,0.6918040648636122,0.6729198126599346,0.6729198126599346,0.7924865818093344,0.6755443705936515,0.7090068751291985,0.7117780998758494
final-final-SME06574-011485,0.7341108270591111,0.6918040648636122,0.6852424813112774,0.6852424813112774,0.8016325094139858,0.6877973079895896,0.7223557607054253,0.7262206398289355
final-final-SME06635-011593,0.6586198680063535,0.6134138057738411,0.623195392180934,0.623195392180934,0.754302446577194,0.7501938501760218,0.6658053113397325,0.6723274552955697
final-final-SME06635-011594,0.6707580822107072,0.6121367920409934,0.632950745655717,0.632950745655717,0.761959997490689,0.7579171414426455,0.6759094029687391,0.6807353445679001
final-final-SME06636-011595,0.4617533498232312,0.5213826397608056,0.4817744535436665,0.4817744535436665,0.651053113333045,0.4854902154791924,0.5453816891032232,0.5433443385527662
final-final-SME06766-011816,0.4887998518895979,0.5295127174636965,0.4983339471176185,0.4983339471176185,0.6262371659823661,0.5011414948184344,0.5397819369869759,0.5524737434574265
final-final-SME06766-011817,0.4169810467783247,0.3913613480586156,0.4429213033565205,0.4429213033565205,0.5728423808548536,0.4457731441909853,0.48665583858310013,0.49366173539056424
final-final-SME06799-011872,0.6311325190099064,0.6230798926816767,0.6013432298380399,0.6013432298380399,0.7368429564891968,0.7287384185674057,0.6504211056392579,0.653798135569635
final-final-SME06803-011877,0.4757072318417478,0.4846226793851206,0.4925091981047575,0.4925091981047575,0.6607505150985511,0.6554782155055789,0.5499724885945847,0.5554927854379295
final-final-SME06810-011891,0.2574484353991972,0.2565455957893001,0.29506137572691943,0.29506137572691943,0.5425198858212854,0.30049322941464746,0.38455113446073586,0.3641563827215518
final-final-SME06810-011892,0.1117486080805731,0.1625489257329539,0.1613477676145467,0.1613477676145467,0.3527859994167714,0.16554994463804248,0.23057861027126708,0.20765977589941287
final-final-SME06810-011893,0.0596523920341078,0.0382757091151248,0.10217786990484744,0.10217786990484744,0.243822030532603,0.10528703901751046,0.15457782280963378,0.10967442591352071
final-final-SME06816-011907,0.7769047286315998,0.7425167069439953,0.7223140014446652,0.7223140014446652,0.8284281150424568,0.8251027404678458,0.761653886021963,0.7636321305542937
final-final-SME06816-011908,0.7407256793680068,0.7425167069439953,0.6908648951852745,0.6908648951852745,0.8057651970182803,0.8021644833207712,0.733462099824236,0.7356041418783761
final-final-SME06826-011924,0.3121867294701825,0.4703252953509824,0.36329559218570695,0.36329559218570695,0.5338275704436022,0.36703886516759987,0.41900075266596015,0.43462050208016534
final-final-SME06826-011925,0.46416855112738,0.4632708138875014,0.48363437048033175,0.48363437048033175,0.6527433961958483,0.487346408852383,0.5450104650338353,0.4965545777003019
final-final-SME06862-011988,0.2605887804165955,0.3887660295138759,0.3197154767890874,0.3197154767890874,0.485385748911132,0.3233520325827429,0.35990015023076755,0.37108780501235816
final-final-SME06896-012048,0.2048600071311748,0.2503355221369234,0.2500026586827771,0.2500026586827771,0.4857090352917469,0.2551765464206294,0.30698906996592595,0.33036011424066436
final-final-SME06896-012049,0.2224985658627128,0.2482054888758642,0.2654042868344326,0.2654042868344326,0.5058378978804818,0.27068194003098756,0.3260649710447743,0.35016627528499233
final-final-SME06896-012050,0.1926805357925016,0.2339981034019753,0.23916687768788258,0.23916687768788258,0.4710738785362188,0.24425736698763473,0.29296165180281997,0.31031462833652457
final-final-SME06910-012074,0.4690418722938538,0.600084227505461,0.47606107306792567,0.47606107306792567,0.6277858592604396,0.6187643473611011,0.5212322462527401,0.5330129355249643
final-final-SME06910-012075,0.8066898946579747,0.6928186235428279,0.749265406879764,0.749265406879764,0.8472582610546673,0.8414316342906835,0.777705158476643,0.7837663583567531
final-final-SME06910-012076,0.4233818101097725,0.3613605673733651,0.44087351037350775,0.44087351037350775,0.5941000509933576,0.5849892452101648,0.4937825229069496,0.5075346821483182
final-final-SME06912-012078,0.3028268943457826,0.3142688746177393,0.3555357330091188,0.3555357330091188,0.5254311318987275,0.3592650327152983,0.4117769446269607,0.36858910073694306
final-final-SME06929-012102,0.1700039623513517,0.2527508642030756,0.21848736066551672,0.21848736066551672,0.4419912692812217,0.22339339735737623,0.28399973215244434,0.26789280318699266
final-final-SME06977-012186,0.2859748707229436,0.4003478295554057,0.34141127113516434,0.34141127113516434,0.5098973496405838,0.3451096354650534,0.40387600237440346,0.4191275509826551
final-final-SME07083-012363,0.8170589758409861,0.8184049815040648,0.7589196199876767,0.7589196199876767,0.8538752283694427,0.84822919536177,0.7867168217259298,0.7914302133869417
final-final-SME07083-012364,0.809101822334655,0.8245367043393896,0.7514974552054312,0.7514974552054312,0.8487940157867984,0.8430087904384774,0.7808170171840987,0.7872450805149256
final-final-SME07086-012369,0.641170625766772,0.5850568973301271,0.6160389975761427,0.6160389975761427,0.730181024739913,0.7266040736430622,0.6529800574092584,0.6336219947491254
final-final-SME07086-012370,0.6995265681380408,0.7022612314416554,0.6627684099272344,0.6627684099272344,0.7682449530769324,0.7649395585076735,0.6941981958851197,0.7008757897843179
final-final-SME07091-012381,0.3453835184252969,0.3561499972350296,0.3796511933021181,0.3796511933021181,0.5318393009251996,0.3829918079906392,0.45193240519684186,0.45586908386345093
final-final-SME07098-012390,0.6385532200074269,0.6116452476355185,0.6072127291231844,0.6072127291231844,0.7415748069244658,0.6101620524158744,0.6493493516484741,0.6535607590832506
final-final-SME07098-012391,0.6174965100259054,0.6116452476355185,0.5906087329794669,0.5906087329794669,0.7281073492742198,0.5936269050588726,0.6360266506357476,0.6394129967460247
final-final-SME07120-012428,0.6576774181782749,0.7449912162305591,0.6224408576329107,0.6224408576329107,0.7537066911121055,0.6253222166186444,0.6678462936753276,0.6767390740806096
final-final-SME07130-012446,0.5486274991722176,0.8629316949673443,0.7090608094580384,0.5484031935268064,0.7090608094580384,0.5519297186934894,0.5926575862382463,0.613164344970901
final-final-SME07201-012573,0.4888051992495547,0.4748685253067613,0.4983380493712852,0.4983380493712852,0.6262410067794778,0.5011455913329824,0.5484732020628332,0.5564874969107553
final-final-SME07226-012614,0.0670337746834686,0.1541175547738769,0.11127729978039433,0.11127729978039433,0.26185655825107335,0.11458259932376991,0.16451857019428678,0.12373214387567903
final-final-SME07269-012684,0.4882429888296384,0.6001287749724703,0.6258370959960542,0.49790673725344126,0.6258370959960542,0.500714880689864,0.5389803273376554,0.5520258824256951
final-final-SME07307-012747,0.2354411918576301,0.2848407987803467,0.2976446931360501,0.2976446931360501,0.45960499754335393,0.4499177940239466,0.34960773606605466,0.3405873452565874
final-final-SME07307-012748,0.3398798204904932,0.4143714545455023,0.3859405055786613,0.3859405055786613,0.5577899369194369,0.5475112428765685,0.4362668512956766,0.4459852918042888
final-final-SME07334-012794,0.1268279105486272,0.2528299617607096,0.17681939338259517,0.17681939338259517,0.378333401093446,0.1812427393628794,0.23389851621523156,0.261844779996042
final-final-SME07334-012795,0.1351393240687028,0.1758513623548099,0.18511922288734123,0.18511922288734123,0.3915925130065576,0.1896514279100083,0.24705101484201059,0.24355571246258684
final-final-SME07369-012854,0.6189690958609497,0.5242029043633655,0.5986192786657976,0.5986192786657976,0.7155486444887184,0.6011859441108724,0.6319336767008288,0.6327838386449917
final-final-SME07369-012855,0.6882180298783686,0.610999617318851,0.6535838904920127,0.6535838904920127,0.7608967394824264,0.6559394679757166,0.6875011744295378,0.6880616505437199
final-final-SME07374-012866,0.4790778414690522,0.5019144271952545,0.490872388392796,0.490872388392796,0.6192243828788848,0.4936897869712916,0.5363672481991426,0.5409549769112489
final-final-SME07374-012867,0.6330153226333843,0.6106665616016115,0.6096215886769364,0.6096215886769364,0.724819177691536,0.6121502406455744,0.6472071770265369,0.6176183814224256
final-final-SME07392-012898,0.6862525833072349,0.645692038432115,0.6455121279559858,0.6455121279559858,0.7716988202830632,0.7641513155133814,0.6893550349885227,0.6917706724849348
final-final-SME07414-012937,0.4971842773575101,0.5140037711404931,0.504764209559526,0.504764209559526,0.6322378678376391,0.5075623281634976,0.5422277159117785,0.5322478446047902
final-final-SME07414-012938,0.5960518116939947,0.5734739510028891,0.5807862797209113,0.5807862797209113,0.7003098789532746,0.5834098900506319,0.6154150552299488,0.6186686566993264
final-final-SME07427-012958,0.8516192818445656,0.7621991689851063,0.7923389016894654,0.7923389016894654,0.8762773788718121,0.8712568331612432,0.825520281084258,0.8263442928427132
final-final-SME07427-012959,0.808925424210491,0.7660251004885952,0.7513339393955585,0.7513339393955585,0.8486816304417385,0.8428590500337814,0.7890724234161665,0.7898750216944797
final-final-SME07474-013039,0.266941716354712,0.3416738830079124,0.32519605961855613,0.32519605961855613,0.4916537935948423,0.4864373874303411,0.3949856007179373,0.3870785812768624
final-final-SME07474-013040,0.3789682806199861,0.4436093253829326,0.41723539992146375,0.41723539992146375,0.5896390040014421,0.584236267813569,0.493119350822526,0.47508840062283786
final-final-SME07479-013047,0.6814285471010516,0.6578257232498004,0.6415874534636326,0.6415874534636326,0.7686705488750533,0.6443769989926798,0.6882015886151077,0.6890036502172088
final-final-SME07494-013072,0.6791773847858961,0.7482195375109906,0.7672562761728144,0.6397603535002878,0.7672562761728144,0.6425589608202582,0.6818991813991826,0.6819921481872013
final-final-SME07495-013073,0.645341995420079,0.6147576632342597,0.6126010273353926,0.6126010273353926,0.7458912584138111,0.6155268229887542,0.6558746888523043,0.658369090496002
final-final-SME07495-013074,0.3718752008777151,0.3507444906529488,0.40066724127826675,0.40066724127826675,0.5537596530898536,0.40402770595311194,0.46308524088397485,0.465829689266881
final-final-SME07540-013143,0.30196284276238,0.3177294728982917,0.35481643214361286,0.35481643214361286,0.5246479273117922,0.35854432912711065,0.43138856048142193,0.4255398984996278
final-final-SME07563-013180,0.3346308820264784,0.5197845945246914,0.5226808993278089,0.37103648320807486,0.5226808993278089,0.37436516356184096,0.42117725869754274,0.4333939791591169
final-final-SME07565-013182,0.6558565651901432,0.6526997360995999,0.6209842033659659,0.6209842033659659,0.7525551435412415,0.6238722596155424,0.6618425634882324,0.6653015318482098
final-final-SME07575-013196,0.7206104164597715,0.6877168786191457,0.6738743767341419,0.6738743767341419,0.793199435635666,0.7894600601319597,0.7148044627163251,0.7147002024211284
final-final-SME07580-013206,0.6822658633095633,0.6732500834650147,0.642267742876322,0.642267742876322,0.7691963997096921,0.6450538983915872,0.6874133645631325,0.6890044291689357
final-final-SME07580-013207,0.6607331857096803,0.6700554538261501,0.6248888152881491,0.6248888152881491,0.7556376916058386,0.6277588267729903,0.6713932017165267,0.6719666849050214
final-final-SME07590-013225,0.4237414868466905,0.5223638564415088,0.4523621957590069,0.4523621957590069,0.6237451234551917,0.45612414756040237,0.5156763420040684,0.5278550097411521
final-final-SME07595-013232,0.6525480315654351,0.6571920470241637,0.6183412052984314,0.6183412052984314,0.7504609449018171,0.6212413080045888,0.6635782462286763,0.6614418954006243
final-final-SME07595-013233,0.8196026967511777,0.6883837779288859,0.7613119101612998,0.7613119101612998,0.8555046579225152,0.7633794940325875,0.7935629666544292,0.7958418541376606
final-final-SME07595-013234,0.4297582834507087,0.4044390223431438,0.44580649288860447,0.44580649288860447,0.5989110407751567,0.4491672239571313,0.5073185930428679,0.5133447070014562
final-final-SME07601-013245,0.6184632526177943,0.5673635478404109,0.5982241634815205,0.5982241634815205,0.7152138739756544,0.7115476829707248,0.6330662664397422,0.6331911016864852
final-final-SME07601-013246,0.7089896991784043,0.6605434242722233,0.6705108649205057,0.6705108649205057,0.7743901191355941,0.7711347799626569,0.7035340473068352,0.707743111982486
final-final-SME07651-013334,0.4568978517031353,0.5053043092177865,0.46672839066047117,0.46672839066047117,0.6189927986636835,0.47007068018531545,0.5225148735895773,0.5296417793007746
final-final-SME07651-013335,0.7051352417800272,0.6950853687970611,0.661005497089881,0.661005497089881,0.7835265471470887,0.6636949031536441,0.7054552923637691,0.7085328415761976
final-final-SME07670-013366,0.5931262219680035,0.5406948062193655,0.5785187767205123,0.5785187767205123,0.6983530970927054,0.6945977624946904,0.6163834676570608,0.6122980031639728
final-final-SME07670-013367,0.3786200218319409,0.3931578825012437,0.41285486698252943,0.41285486698252943,0.5425458699502966,0.5384816493748935,0.4538340266203805,0.4231106997591541
final-final-SME07676-013375,0.5294099256942465,0.549428962343598,0.53367639533422,0.53367639533422,0.6966753492212822,0.6869834785719735,0.5961050521692082,0.5877329934627663
final-final-SME07676-013376,0.5076557809022062,0.5502819818718095,0.5170146684064235,0.5170146684064235,0.6823713254503102,0.6725392664532822,0.5740015358729806,0.5696036859948155
final-final-SME07685-013392,0.7514868219741646,0.7355215282978486,0.7000906808228464,0.7000906808228464,0.8124925962133603,0.7025579661806578,0.7456120258268317,0.7425600321650843
final-final-SME07690-013399,0.36981042444731,0.3892816524787157,0.4058802984792547,0.4058802984792547,0.535378132496191,0.40872284888089355,0.45756074190437923,0.41675713623176
final-final-SME07776-013540,0.5418623806251921,0.5572706417849469,0.7047261335618265,0.5432168873439991,0.7047261335618265,0.5467621062751885,0.5868036130828785,0.5844275407372262
final-final-SME07780-013545,0.308023011554706,0.3172479328628825,0.35596508019151085,0.35596508019151085,0.48247009310113087,0.35874193648401487,0.410303736262988,0.423155928008884
final-final-SME07821-013617,0.3563345787846053,0.4439498026539234,0.3991996233163676,0.3991996233163676,0.5714586454338435,0.5660604401152936,0.44547969651053515,0.4469057012467834
final-final-SME07827-013627,0.7162206306311399,0.6589174038122817,0.6702070655185381,0.6702070655185381,0.7904567019013057,0.6728466127726803,0.7084571455176345,0.7100385977624109
final-final-SME07827-013628,0.5015877138154511,0.4946167316827886,0.5010286207647096,0.5010286207647096,0.6508262926921262,0.5043167640431998,0.5498586481850125,0.5540422758026448
final-final-SME07837-013641,0.5869338201738324,0.7203114097052912,0.6942019923025675,0.573725184174937,0.6942019923025675,0.5763697179768428,0.6141154169760226,0.6249614386352818
final-final-SME07837-013642,0.641161325019006,0.7851696245872862,0.7301749177114069,0.6160316656057652,0.7301749177114069,0.618537174285353,0.6512051038806219,0.6607239402345026
final-final-SME07842-013650,0.322836466461518,0.3286117003304558,0.3720570057995587,0.3720570057995587,0.5431929975429992,0.37581353721769467,0.4322409138778973,0.4388169613914972
final-final-SME07854-013669,0.4074887759404172,0.5500544381065312,0.4355222994932717,0.4355222994932717,0.5654760925529875,0.43837485845273716,0.477840286301196,0.4941391108048395
final-final-SME07870-013699,0.5323253298922881,0.5294118478429778,0.5359095542873082,0.5359095542873082,0.6985688157764701,0.5394800167014967,0.573913734279497,0.5765385183010413
final-final-SME07870-013700,0.5506910054429284,0.5471989200492418,0.5499857408219189,0.5499857408219189,0.7103776886788512,0.5535064344247225,0.5868032472471623,0.590048376161045
final-final-SME07873-013704,0.463467215141677,0.4878771721268909,0.48309436848779,0.48309436848779,0.6522530839781358,0.6469520352062675,0.5343296367049296,0.5349201861844415
final-final-SME07873-013705,0.3919474585636062,0.3923501757727239,0.4274858555982185,0.4274858555982185,0.5997658941921908,0.5943670302651465,0.479243985435581,0.5113227902184969
final-final-SME07923-013785,0.289061995454738,0.4536904301549154,0.3440142579336928,0.3440142579336928,0.5127847257619933,0.5074958437873611,0.405907750645603,0.4291355847990598
final-final-SME07923-013786,0.4520997080628334,0.4723244844290188,0.47433116952193394,0.47433116952193394,0.6442458109895891,0.6389210732197168,0.5246683838471582,0.5211153349848414
final-final-SME07938-013811,0.6802513735981975,0.6324742673486347,0.6406316881224029,0.6406316881224029,0.7679310920258471,0.6434259817446947,0.6824094961090477,0.6829530458338697
final-final-SME07938-013812,0.6970778872939248,0.6129961323030535,0.6543678431936,0.6543678431936,0.7784839496277163,0.6570922616433171,0.700619760461846,0.6969968233646748
final-final-SME07971-013868,0.5378625589804694,0.5107148741802924,0.5288669437252344,0.5288669437252344,0.675716414006777,0.6669847869812788,0.5918105517331661,0.5862582915483343
final-final-SME07974-013872,0.720838711032646,0.685132482733298,0.6740654772008792,0.6740654772008792,0.7933420577723937,0.6766836653318506,0.7130802656993762,0.7132681381158745
final-final-SME07974-013873,0.4772362142897718,0.4686481862098218,0.4823516669167125,0.4823516669167125,0.6336566153535718,0.4856728957636204,0.5359010837054002,0.5429587336576414
final-final-SME08007-013921,0.4752358914169018,0.4552275223737869,0.4808164740004764,0.4808164740004764,0.6322280145565454,0.6274831218161105,0.5314446597038316,0.5360494839352337
final-final-SME08007-013922,0.6421725931707638,0.6350441908681038,0.6100831646137418,0.6100831646137418,0.7438775083106791,0.7396846983849142,0.654360855655628,0.655674280448655
final-final-SME08019-013941,0.3631881432633805,0.4435633904665259,0.40468417894116904,0.40468417894116904,0.5770368094406677,0.5667887718856132,0.46124477610602677,0.4345591108121923
final-final-SME08020-013942,0.3574307296477306,0.4070733871218912,0.40007825151098664,0.40007825151098664,0.5723552240669559,0.56205095783972,0.4470801903425281,0.4471388048115389
final-final-SME08020-013943,0.476847367734811,0.5103983006019878,0.49338522822820047,0.49338522822820047,0.6615357095309092,0.6514782578594848,0.5332254863193912,0.5458471662922814
final-final-SME08050-013990,0.6862938430913665,0.5951321200506929,0.6520280447341114,0.6520280447341114,0.759645620190334,0.6543903111353894,0.6918304470836808,0.6779439832707794
final-final-SME08052-013993,0.6840790618534084,0.6376534361205367,0.6437422233993504,0.6437422233993504,0.7703347896061109,0.7628076322374197,0.6803429169941441,0.6826175898664095
final-final-SME08052-013994,0.6592000111933932,0.6432956901194148,0.6236600621419027,0.6236600621419027,0.7546690848942386,0.7468793262968446,0.6657366867481426,0.6649464001228482
final-final-SME08089-014056,0.3357093416357237,0.4200971301418368,0.38255806221532546,0.38255806221532546,0.554260824212977,0.386327034559798,0.4422231485611269,0.4527448534099119
final-final-SME08149-014162,0.0949329305746508,0.1359613503868325,0.14335966629449248,0.14335966629449248,0.3216405150918656,0.3160535994438873,0.19999999656558437,0.19655537610692678
final-final-SME08298-014432,0.6951648139233898,0.6532375324243752,0.6527977801276083,0.6527977801276083,0.7772858023054278,0.6555303623373965,0.6985760438754018,0.7016394338998493
final-final-SME08300-014435,0.5997469040455145,0.5898127869799344,0.5767237253942001,0.5767237253942001,0.716648438003149,0.5797951516543008,0.6288956453124817,0.6298221948342078
final-final-SME08300-014436,0.8594510264515333,0.7306347864451638,0.8002216049166115,0.8002216049166115,0.8814505497274783,0.8020046260107453,0.8305083921802934,0.8303759866590743
final-final-SME08309-014449,0.4192655293933056,0.4462826974698637,0.44887770922823544,0.44887770922823544,0.6204361251513826,0.6150598752348658,0.5105047173728887,0.5195606451060419
final-final-SME08309-014450,0.4189463945038805,0.4065504858744015,0.44862906565213845,0.44862906565213845,0.6201993925516414,0.6148227693722609,0.5055979669006374,0.5112589644213478
final-final-SME08341-014507,0.4496246168213838,0.4417011291783997,0.46113150415345777,0.46113150415345777,0.6136711993769627,0.46447983638785434,0.5198534976572287,0.5325472003983627
final-final-SME08341-014508,0.8032836110326136,0.5729008837776672,0.7461266925025221,0.7461266925025221,0.8450926173778991,0.7482990503001534,0.7828576944949623,0.7856328244314378
final-final-SME08341-014509,0.7833994254685547,0.5787617598154116,0.7281003909657373,0.7281003909657373,0.8325160233192198,0.7303923729122844,0.7631409198723077,0.7685564505765781
final-final-SME08372-014565,0.7974467043694319,0.6906071317252671,0.7407840130653918,0.7407840130653918,0.841389905764555,0.7429923690805343,0.7699821277813854,0.7762049532098412
final-final-SME08372-014566,0.8120881428141021,0.6930522047531901,0.7542723260061897,0.7542723260061897,0.8506982847501169,0.7563889301164956,0.785972489551733,0.7882216108980099
final-final-SME08372-014567,0.7801290504175399,0.6930522047531901,0.7251807941016255,0.7251807941016255,0.8304565404411752,0.7274916560346613,0.7553996212069629,0.7619671796704699
final-final-SME08386-014595,0.4057238716632008,0.4654526018435439,0.4383021833600881,0.4383021833600881,0.6102945658282307,0.44207751303702847,0.4947109416869361,0.5090630530931374
final-final-SME08386-014596,0.5541125546247846,0.5983585148008522,0.5526105306720354,0.5526105306720354,0.7125559002556248,0.5561214216301856,0.6035001828335702,0.565542627160239
final-final-SME08386-014597,0.5280421823005697,0.597722524815447,0.5326287914322809,0.5326287914322809,0.6957851894660728,0.5362101662736566,0.5845400931816533,0.5967233979117685
final-final-SME08403-014626,0.5539294586288606,0.7034571418175574,0.6865108567510472,0.5412307994930502,0.6865108567510472,0.5444197785848149,0.6088918458441481,0.6075081405355971
final-final-SME08532-014835,0.7651663795486896,0.6823012749412366,0.7119710090980027,0.7119710090980027,0.8210584103170423,0.7143655390027143,0.7462843652632389,0.7485472421971966
final-final-SME08533-014836,0.0,0.0,2.3649668543938647e-05,2.3649668543938647e-05,6.700213079121257e-05,2.4601279510319008e-05,3.884595516539614e-05,4.3668889606593065e-05
final-final-SME08553-014870,0.6826838576741061,0.6766606922474853,0.6426074921170377,0.6426074921170377,0.7694588714783344,0.7654836382376247,0.6988732150101634,0.6996961631201882
final-final-SME08562-014885,0.4830588246345091,0.6411329411560669,0.6221032713927336,0.49392860449727505,0.6221032713927336,0.4967421106352693,0.5347560041588053,0.546772656737402
final-final-SME08562-014886,0.550624410272515,0.6972569925392528,0.6695765145825675,0.5457463070257536,0.6695765145825675,0.5484644498340696,0.581652621321261,0.5899942616964986
final-final-SME08564-014888,0.230844025402832,0.2757697915882753,0.27258292197982126,0.27258292197982126,0.5149609163318019,0.5004637531626795,0.36560716969591567,0.38327434400519156
final-final-SME08564-014889,0.2072288122150695,0.2161772308381269,0.25209028723421384,0.25209028723421384,0.48848296664866897,0.4743437983853956,0.3446166795605875,0.3379185831785406
final-final-SME08568-014895,0.6962298432552234,0.6816695715025394,0.6536715771398649,0.6536715771398649,0.7779528696047578,0.7740581770322974,0.6948841540150679,0.6953108091928181
final-final-SME08568-014896,0.708898856234793,0.6893715825818346,0.6641202607133472,0.6641202607133472,0.7858802233306539,0.7820645434916094,0.7040801048501291,0.7046000019756898
final-final-SME08587-014928,0.4165494586221931,0.4834668975353637,0.5889034178981496,0.4355788773674559,0.5889034178981496,0.4389444373984415,0.4906232059303475,0.5041684769721086
final-final-SME08587-014929,0.6030529080357959,0.5962539309722973,0.7187908770649625,0.5793030741645204,0.7187908770649625,0.582364910010412,0.632755850122809,0.6328441054317211
final-final-SME08597-014946,0.3893232368604582,0.3454254842999867,0.4254182758418035,0.4254182758418035,0.5977350214826935,0.42920072547309657,0.47660856531127405,0.44436059728755056
final-final-SME08638-015023,0.7066276557025722,0.7569291249619771,0.6622395029654384,0.6622395029654384,0.7844599839667786,0.6649223113691174,0.7023612682425961,0.708085125202506
final-final-SME08648-015041,0.7604283445839047,0.753361842879932,0.7078358976764769,0.7078358976764769,0.818089272078183,0.7102560213493302,0.7477858793450998,0.7494934555380622
final-final-SME08648-015042,0.4324494891861062,0.4849149134489168,0.4478862207835655,0.4478862207835655,0.6009305338155961,0.45124562966310583,0.5065916110801851,0.5168084344029031
final-final-SME08671-015083,0.4849959365865515,0.524958662851407,0.4996422409490273,0.4996422409490273,0.6671171332237318,0.6571000900242087,0.5641343196065656,0.5820873640717119
final-final-SME08681-015101,0.2832875851978412,0.3090487940845223,0.3391394936738125,0.3391394936738125,0.5073681484598226,0.5020962456715958,0.4186637836683874,0.37357693230475514
final-final-SME08681-015102,0.3795295049034367,0.4155919053803901,0.41767993355382843,0.41767993355382843,0.5900812314823294,0.5846785675639898,0.49725296084323456,0.4970275380258904
final-final-SME08748-015209,0.6705167757815211,0.6198914640521325,0.6327561112934892,0.6327561112934892,0.7618080287329332,0.7577638356420449,0.6751090686661949,0.6756601013659645
final-final-SME08778-015263,0.4877699050703048,0.538348492741854,0.4975437853695711,0.4975437853695711,0.6254970643339173,0.5003524319177716,0.5439072747122312,0.5406551626051432
final-final-SME08778-015264,0.6610691342437472,0.6477218289850125,0.6318006853821526,0.6318006853821526,0.7432102835338728,0.6342461888176092,0.6683463104388407,0.667467304342368
final-final-SME08801-015303,0.4603040633968514,0.4390741715090041,0.47643868346030843,0.47643868346030843,0.6055051098475374,0.47927176422146717,0.5123531465369624,0.5136570266546687
final-final-SME08801-015304,0.5189548002759311,0.5123208228969574,0.5214513421820184,0.5214513421820184,0.6476282243667104,0.5242209958202771,0.5548409102772993,0.5554612331891685
final-final-SME08801-015305,0.4871215928430137,0.5200725535841264,0.4970463743029819,0.4970463743029819,0.6250308592582436,0.499855705840261,0.5314271769892841,0.5333444968785852
final-final-SME08831-015365,0.3836608668874708,0.4167743646612468,0.4099341188667576,0.4099341188667576,0.5632397655057498,0.4132992641661776,0.45665121232562006,0.4634327487540079
final-final-SME08831-015366,0.5826458292526564,0.5795235284402106,0.5634255104386167,0.5634255104386167,0.7055014776995466,0.5665441579501107,0.6075262274970534,0.6100264932429644
final-final-SME08845-015387,0.5282497305126337,0.7344106461624678,0.6541209490141535,0.5285766210259042,0.6541209490141535,0.5313323897432389,0.5581472648345683,0.5713741804897191
final-final-SME08928-015525,0.3700985001104451,0.4058094816300033,0.4101932512178606,0.4101932512178606,0.5825960135147839,0.5722842235253166,0.47972603149400594,0.46856243245157414
final-final-SME08928-015526,0.4865440822066204,0.4641937365247459,0.5008302884310554,0.5008302884310554,0.6681716221992084,0.6581625674289454,0.5578466386467749,0.5563212595617497
final-final-SME08928-015527,0.4507998883146383,0.4779135658396062,0.473327765078565,0.473327765078565,0.6433228553742316,0.633155073564852,0.5299166977558829,0.5010081026519684
final-final-SME08955-015575,0.678564294457687,0.6664392065516456,0.639263226593995,0.639263226593995,0.7668709785581692,0.7628720423232275,0.6809608800765945,0.6844201042041688
final-final-SME09135-015885,0.362773963213053,0.4431661991473481,0.4043533300595614,0.4043533300595614,0.5767015547075057,0.5713005539848691,0.4563089234598533,0.47746883133905205
final-final-SME09146-015903,0.3903816756274926,0.4117692352810423,0.4221226204136443,0.4221226204136443,0.5519879467285073,0.42497323747822774,0.46921529720515487,0.46738037408728195
final-final-SME09146-015904,0.430955292783817,0.5128792227012599,0.4537733762782596,0.4537733762782596,0.5835432322996561,0.4566218977161239,0.4994952911071568,0.513199239463952
final-final-SME09195-015988,0.6759769778856598,0.6645571272651907,0.6437184391030072,0.6437184391030072,0.7529321341080077,0.6461157412274607,0.6947573757358875,0.6666578603382749
final-final-SME09199-015995,0.4552882053729302,0.4840421172381581,0.4725750877796583,0.4725750877796583,0.6017979154648675,0.47541160163740714,0.5093040475791464,0.5097413037514125
final-final-SME09233-016056,0.6481906464173224,0.6763155650743342,0.6148675868660831,0.6148675868660831,0.7476991549022076,0.6177833146073055,0.6641657074398636,0.6678145173826093
final-final-SME09233-016057,0.636275067733556,0.6763155650743342,0.6054085918485903,0.6054085918485903,0.7401236888605249,0.6083656641118068,0.6603920655974391,0.660349925375809
final-final-SME09283-016143,0.6856225216030736,0.6789685058386906,0.6449987940064403,0.6449987940064403,0.771303478106602,0.6477712529687334,0.6991363575286254,0.6943608791605891
final-final-SME09312-016187,0.7222857129203522,0.6709965400281824,0.6752776149831984,0.6752776149831984,0.7942460119482875,0.6778890383104118,0.7084269993736585,0.7136581302626701
final-final-SME09312-016188,0.7586579112705388,0.6709965400281824,0.7062963597934163,0.7062963597934163,0.8169804890880741,0.7087259387788103,0.7371374137330494,0.7420042790724768
final-final-SME09335-016227,0.4935603060208725,0.5475182562061701,0.6296494416086016,0.5019853090935411,0.6296494416086016,0.5047876087143062,0.5401871702771404,0.5460198189965528
final-final-SME09362-016271,0.2171512757013549,0.2507937144095919,0.28116846086638747,0.28116846086638747,0.4397770256049093,0.2846500082051783,0.3171756668014628,0.31812465461804046
final-final-SME09362-016272,0.307570086697443,0.3160792814184534,0.35947534161143596,0.35947534161143596,0.5297059657384721,0.3632119997004064,0.3906147462560014,0.41172218429055185
final-final-SME09362-016273,0.30056908205933,0.3136056049557369,0.3536550825657456,0.3536550825657456,0.5233816359714613,0.35738067601844453,0.38376002354617567,0.3891340546657215
final-final-SME09387-016315,0.632537551842279,0.5797557860688434,0.6024529864620961,0.6024529864620961,0.7377400212216337,0.7296482048716413,0.6435844739663661,0.6485945680886477
final-final-SME09387-016316,0.6395983149184546,0.5797557860688434,0.6080410406474317,0.6080410406474317,0.7422400534896815,0.7342133141336161,0.6538812093999902,0.6548528563147553
final-final-SME09425-016381,0.4626171507463095,0.4261351525201141,0.4782192430569515,0.4782192430569515,0.6072086062321767,0.48105063223719774,0.5155129033407088,0.5252208075896957
final-final-SME09430-016388,0.5301307053123847,0.5291816195124345,0.5229267148523107,0.5229267148523107,0.6704740674922663,0.661648934451157,0.5664992736464924,0.5707676901551383
final-final-SME09430-016389,0.5353740097649646,0.5164586480266911,0.5269544636758604,0.5269544636758604,0.6740326309400254,0.6652355609125061,0.574913027825378,0.5749928382814719
final-final-SME09453-016433,0.4053144439837023,0.4197491212142377,0.42684997992313645,0.42684997992313645,0.5802607479744002,0.4302174326967698,0.48141468319749237,0.44764637061915885
final-final-SME09478-016478,0.3992486500045226,0.3272309650643713,0.42212441970514003,0.42212441970514003,0.5755422765659763,0.5707345104432713,0.48479680658487134,0.4388809808576245
final-final-SME09478-016479,0.7064284448269971,0.6298510197428445,0.662074700799896,0.662074700799896,0.7843353958011812,0.7805040241499742,0.7009644763137157,0.7025723768144895
final-final-SME09483-016486,0.4916978812519414,0.4956805806356407,0.5005569396028762,0.5005569396028762,0.6283161162849341,0.5033613254966444,0.5402892450478425,0.5370168565879185
final-final-SME09483-016487,0.5608905315901749,0.5999829674165584,0.553638664282053,0.553638664282053,0.6765923574355404,0.5563375671054833,0.5898935605308215,0.5983387208439268
final-final-SME09523-016558,0.5350093621815255,0.4653138090754199,0.5337603984096234,0.5337603984096234,0.6588153136614603,0.536505424241712,0.5693018962167755,0.5675338010240856
final-final-SME09540-016591,0.854679472993736,0.7798506944803629,0.7954037799961441,0.7954037799961441,0.8782936982169071,0.7972232603922365,0.8224450185155743,0.8257242436924868
final-final-SME09564-016638,0.3642073006887549,0.449066517865844,0.39461226098112867,0.39461226098112867,0.5475046035642238,0.39796833402371135,0.4327181799350557,0.4430829205624539
final-final-SME09564-016639,0.4075090360339518,0.4560861956772816,0.4285573850802949,0.4285573850802949,0.581958722065795,0.43192463083672233,0.48127275453721574,0.4922157602135949
final-final-SME09564-016640,0.6337376033672883,0.5712020568933674,0.6034014131277101,0.6034014131277101,0.7385057850729198,0.6063670301949871,0.6403624407629727,0.6492510588689763
final-final-SME09605-016708,0.399428029090389,0.4096644937405166,0.429219522805014,0.429219522805014,0.5591555842596553,0.5514296236306591,0.47595092193033584,0.48152307026788704
final-final-SME09605-016709,0.4387903840125817,0.4682484499489032,0.459839294887325,0.459839294887325,0.5894718111407318,0.581763899221598,0.5044228682382419,0.5092989621008778
final-final-SME09659-016804,0.2689235553254798,0.3624111585070214,0.32318901148664003,0.32318901148664003,0.44611439036015543,0.44226218903065273,0.37040280285563676,0.3659036672598321
final-final-SME09659-016805,0.5259909687045244,0.552993537035607,0.5268448743080344,0.5268448743080344,0.6525472317542595,0.6486080062427058,0.5715896603104018,0.5729891053971112
final-final-SME09671-016825,0.658379282983055,0.6537224542147271,0.6230027389946696,0.6230027389946696,0.7541503817326565,0.625881503627058,0.6697213877909451,0.6742389044951403
final-final-SME09671-016826,0.5655808707733397,0.5007846051549303,0.5502186916006778,0.5502186916006778,0.6942603467586288,0.5533804870687659,0.5994000880644732,0.6060941298365943
final-final-SME09674-016829,0.8022926116435215,0.7279008816846921,0.7452164601447473,0.7452164601447473,0.8444632479260819,0.7473949830413721,0.7808452913267837,0.781680616344915
final-final-SME09674-016830,0.8255808666921784,0.7151779101989487,0.7669732843048737,0.7669732843048737,0.8593446657047163,0.7690008881585699,0.8032468085790655,0.8011441003517381
final-final-SME09683-016845,0.1128502845785405,0.1465934724178175,0.16249770306240538,0.16249770306240538,0.35472323244401766,0.3486993222748236,0.23019647787900327,0.21317536974835288
final-final-SME09683-016846,0.0968095410787807,0.2095389563002983,0.14541050982823966,0.14541050982823966,0.32527335790190337,0.31963686600066277,0.2023841951270385,0.21558092907382956
final-final-SME09739-016938,0.2052763888210523,0.2039177159774615,0.2503700682830491,0.2503700682830491,0.4861982851242506,0.2555466304826304,0.3233823638128026,0.2688371306851026
final-final-SME09762-016977,0.549598556975478,0.5863557167249359,0.5449582604416499,0.5449582604416499,0.6688729487763331,0.6614613375834866,0.5812148211032222,0.5949443487089177
final-final-SME09766-016981,0.7591469786065622,0.6850511172940348,0.7160334519629225,0.7160334519629225,0.8349986491409516,0.7186448050530075,0.7614533032561748,0.7480154586378678
final-final-SME09775-016997,0.6473247395037662,0.6685134487682055,0.6208973246997658,0.6208973246997658,0.7342181988712845,0.6233847817204614,0.67328910092439,0.6681002310485618
final-final-SME09781-017007,0.7423173705524119,0.7333911828589911,0.6922231906145337,0.6922231906145337,0.8067598488672708,0.6947373347806525,0.7316400390076023,0.7322926173664277
final-final-SME09781-017008,0.7562268306778003,0.7333911828589911,0.7041871962400684,0.7041871962400684,0.8154584981805965,0.7066296639957882,0.7445060209190444,0.7462293625145706
final-final-SME09781-017009,0.7287260458336327,0.7350750420796273,0.6806914925697192,0.6806914925697192,0.798268950321546,0.683272383997698,0.7274839855564262,0.7261592948353253
final-final-SME09792-017024,0.4445555969302348,0.4545382197219659,0.4642951520997657,0.4642951520997657,0.5938029234305914,0.46713792063104204,0.4986439828467427,0.48159476152367
final-final-SME09792-017025,0.6023162997710686,0.6370773544304156,0.5856480392052513,0.5856480392052513,0.7044907716758724,0.5882567041260256,0.6157202566304723,0.6237801670818568
final-final-SME09792-017026,0.5933267239333604,0.6067676998000837,0.5786741189100063,0.5786741189100063,0.698487291529105,0.5813040855386797,0.6089918985714405,0.6077162252696272
final-final-SME09820-017074,0.414972301392691,0.5067704117653252,0.44553047526912753,0.44553047526912753,0.6172423724897455,0.6070324327501155,0.4966890711000168,0.5172955068836831
final-final-SME09820-017075,0.519289218609787,0.5531125117377017,0.5259251277105457,0.5259251277105457,0.690059951778402,0.6803005426167033,0.5671467583687566,0.5763919865516088
final-final-SME09831-017090,0.2596374668119701,0.2388482869032871,0.318891673356833,0.318891673356833,0.4844390523888589,0.47925117467437134,0.382167284938176,0.35036311906582696
final-final-SME09831-017091,0.4967064418686426,0.5063191257002907,0.5086241700339874,0.5086241700339874,0.6750479525491679,0.6698326103461107,0.5651883511210121,0.5574754732064131
final-final-SME09831-017092,0.4772817255816897,0.5187488687219123,0.4937189313475921,0.4937189313475921,0.6618345675677745,0.6565662065239257,0.543163396125172,0.5561276289568576
final-final-SME09877-017177,0.4517680127465218,0.4206708588701177,0.4698613756678005,0.4698613756678005,0.5991851647866266,0.5951324518566753,0.5065067703510719,0.5126949671286953
final-final-SME09896-017206,0.6964055061788386,0.6152524212443147,0.6538157649108157,0.6538157649108157,0.7780628827972141,0.770675185107211,0.6943169963066291,0.6951639809576184
final-final-SME09896-017207,0.6635278303840152,0.6162260524066439,0.6271313859529587,0.6271313859529587,0.7574020560024213,0.7496561996431654,0.6681328972647494,0.6699474767618023
final-final-SME09899-017213,0.4808843712381906,0.5384306958871178,0.49225942686651447,0.49225942686651447,0.6205320619454101,0.49507508346131973,0.5316816438914698,0.5288013928545756
final-final-SME09905-017223,0.4647248446693909,0.5179295493254492,0.484062644849701,0.484062644849701,0.6531320068189831,0.6430791914610221,0.5414208223950254,0.5407298381716237
final-final-SME09915-017239,0.6281083402975872,0.6318186390244442,0.5989570160885446,0.5989570160885446,0.7349102591353769,0.7267785953963037,0.6451862236276962,0.6460149426466866
final-final-SME09925-017254,0.2451095690995677,0.4880356364385579,0.530012607105305,0.28470861165024464,0.530012607105305,0.29009317252802114,0.3828140080716499,0.3982305824989968
final-final-SME09925-017255,0.2564461894576075,0.4439215553823948,0.5415207081752585,0.2942248369887146,0.5415207081752585,0.2996531206608029,0.39099154533098723,0.37996207804033133
final-final-SME09988-017361,0.7024455573689796,0.759326438284447,0.7818438504522208,0.6587851665101182,0.7818438504522208,0.661486373940499,0.7041741229767399,0.70208832755506
final-final-SME10011-017397,0.682817388590336,0.6556211166317253,0.6427160473917193,0.6427160473917193,0.7695427146094724,0.7619569315281021,0.6880761956775283,0.6838590284457301
final-final-SME10012-017398,0.1965942862397247,0.2887414586284602,0.24266801074939867,0.24266801074939867,0.4758466285507006,0.24778641275755883,0.31647805178877564,0.3423766260735388
final-final-SME10049-017469,0.3431420320594486,0.3255227303508128,0.3845704062804561,0.3845704062804561,0.5131415390456844,0.5091124126511788,0.43433242348091194,0.425425843498331
final-final-SME10049-017470,0.8327771938324366,0.7024427081106774,0.7788039777676857,0.7788039777676857,0.8558797697104111,0.8534643899823589,0.8070166242376864,0.7973378889765202
final-final-SME10093-017551,0.6271834118947892,0.5955835659591567,0.5982278538727598,0.5982278538727598,0.7343186374633756,0.7300538623430136,0.6386201605472943,0.6435062088938854
final-final-SME10093-017552,0.5844859251532049,0.6046525553625395,0.5648531172141595,0.5648531172141595,0.7067063383534029,0.702260981568055,0.6081042736714273,0.6124154976932987
final-final-SME10108-017577,0.4723996754530573,0.5009977188039058,0.48574240317662953,0.48574240317662953,0.6143716792975218,0.48856588824319935,0.5293621214142412,0.49535738073003155
final-final-SME10108-017578,0.4012358727953247,0.3747481398883714,0.4306347469642792,0.4306347469642792,0.5605784660096312,0.4334870847934548,0.4718536320552871,0.450700340345747
final-final-SME10150-017655,0.7017272496898473,0.6733626290953573,0.6581929876384683,0.6581929876384683,0.7813943713626211,0.6608973274094467,0.6942347188399565,0.6967315399943116
final-final-SME10151-017656,0.7375773618487762,0.7355215282978486,0.6881844574924113,0.6881844574924113,0.8037980964957491,0.6907222419926593,0.735006509678555,0.7318673096727202
final-final-SME10151-017657,0.7514868219741646,0.7355215282978486,0.7000906808228464,0.7000906808228464,0.8124925962133603,0.7025579661806578,0.7404180442986019,0.7422533012731768
final-final-SME10155-017663,0.8025549049846807,0.6803011149535889,0.7454572496323373,0.7454572496323373,0.8446297972357849,0.7476341429152386,0.7816008825480565,0.7829280858991637
final-final-SME10155-017664,0.6226120885093074,0.5466085332364956,0.5946284200838595,0.5946284200838595,0.7313909858478636,0.5976304354395047,0.6444718101453066,0.6463020720471567
final-final-SME10155-017665,0.4703519571994027,0.5432857827408151,0.47706710681462355,0.47706710681462355,0.6287277660290438,0.4803961437134676,0.5317975312866292,0.5373224037692527
final-final-SME10182-017707,0.7002858260833087,0.6463983702576156,0.6570056501293793,0.6570056501293793,0.7804922726508026,0.6597162510526301,0.6910784930871703,0.6946224338469912
final-final-SME10182-017708,0.6001704609702756,0.5796355991081792,0.5770540205863122,0.5770540205863122,0.7169231388910619,0.5801242265201199,0.6170497348464433,0.619661278478802
final-final-SME10189-017720,0.5104250488823907,0.550424854253124,0.5191360047764259,0.5191360047764259,0.684209994485504,0.6743947428064397,0.5842963171252671,0.5965148164415077
final-final-SME10189-017721,0.4133308873459207,0.4347813347523556,0.4442493975697177,0.4442493975697177,0.6160161003548018,0.6058029018921618,0.51092233761756,0.475786966263475
final-final-SME10248-017822,0.3520460646491503,0.4585871937920543,0.39575672974428105,0.39575672974428105,0.5679344817759225,0.5576968424439817,0.4529998685370462,0.4618808580980302
final-final-SME10251-017825,0.2811180276226607,0.3691048068114929,0.3146119242635609,0.3146119242635609,0.5653179218702479,0.5504110157713692,0.4123260405567124,0.41105749858596885
final-final-SME10251-017826,0.2889165725660651,0.3220495291030245,0.3209738262126524,0.3209738262126524,0.5725147179661032,0.557558169302758,0.4291523959710653,0.41079127914206076
final-final-SME10265-017851,0.4095815553509515,0.4298361086146113,0.44132027032072285,0.44132027032072285,0.613204054141056,0.6078176079358836,0.4909314498453058,0.49286948609989134
final-final-SME10265-017852,0.5008603341477713,0.4945720279604616,0.5118079827955061,0.5118079827955061,0.6778364539855729,0.67263349993886,0.5576612011471604,0.5225697701242219
final-final-SME10321-017957,0.6633055416503559,0.6641607883492502,0.6269528749392997,0.6269528749392997,0.7572617722291213,0.7531781882533306,0.6758627994619502,0.6794496086024674
final-final-SME10321-017958,0.6716067518723504,0.6641607883492502,0.6336355035053158,0.6336355035053158,0.7624943892696336,0.7584562453516857,0.6820011831164954,0.6841920227099316
final-final-SME10386-018065,0.5317069274965125,0.5674175119432379,0.5312275790061584,0.5312275790061584,0.6565246831519189,0.5339779210208915,0.5674538351068579,0.5591880923377301
final-final-SME10386-018066,0.6532854768017972,0.5608859087289328,0.6256166455710852,0.6256166455710852,0.7381218198736688,0.6280861975201815,0.6565730293733878,0.660400477843945
final-final-SME10421-018121,0.6164336937118199,0.6356195188494861,0.5966396018061989,0.5966396018061989,0.7138700226298265,0.599212875578121,0.6316221642071345,0.6026202154959384
final-final-SME10421-018122,0.736733634540578,0.7328761083093218,0.6935470828135578,0.6935470828135578,0.7924121348452182,0.6957172263954488,0.7179810336134691,0.7118527913264818
final-final-SME10439-018155,0.4362338634645817,0.4886660575359812,0.45080861849187215,0.45080861849187215,0.6037595212277996,0.5946651047934544,0.5010524695709562,0.5047916192048384
final-final-SME10439-018156,0.6839678358691726,0.61559617864542,0.6436517228057332,0.6436517228057332,0.7702649709475864,0.762736583837017,0.6800580002802066,0.6809897823042383
final-final-SME10447-018168,0.4523711012276847,0.6271865644427296,0.6444383237012494,0.47454063558170523,0.6444383237012494,0.4782699855377714,0.5286344735212632,0.5406801921094823
final-final-SME10541-018325,0.661533519964504,0.6696500188910608,0.7561431288653881,0.625530671350604,0.7561431288653881,0.6283976883658781,0.6602585778490857,0.6648843168174963
final-final-SME10541-018326,0.6780260231553218,0.6696500188910608,0.7665326545538629,0.6388269323888742,0.7665326545538629,0.6416301449258822,0.6772359422694918,0.6782342836189348
final-final-SME10550-018339,0.3802731205732895,0.4403306639278235,0.4182687484147898,0.4182687484147898,0.5906665628246739,0.42205297755122756,0.47627264167372135,0.46983123281825023
final-final-SME10550-018340,0.5173505506123917,0.5624339792198593,0.5244403752525343,0.5244403752525343,0.6887850626631338,0.5280478337150837,0.5706409724022474,0.5720939381534064
final-final-SME10604-018445,0.3466008592788925,0.3712624428487726,0.39137248176902134,0.39137248176902134,0.5634213716985293,0.5580297514440344,0.43830838283453705,0.4018761846852426
final-final-SME10604-018446,0.4373230690330061,0.4675734067539071,0.46290531142784297,0.46290531142784297,0.633660800327129,0.6283097123143393,0.5089092006076287,0.5176427829773174
final-final-SME10604-018447,0.4243572308281512,0.4518102508475289,0.4528411435559364,0.4528411435559364,0.6241987034384543,0.6188287478926676,0.49775040825350914,0.5077417796911634
final-final-SME10618-018468,0.5362620317924791,0.5705020751927764,0.5389254223843136,0.5389254223843136,0.701117170189708,0.5424856226097972,0.5777871731906339,0.5873598245163754
final-final-SME10624-018481,0.2871757120135,0.3298459388542692,0.3424246479267925,0.3424246479267925,0.5110227808490899,0.5009385541455944,0.3939783027255024,0.3929815110423017
final-final-SME10624-018482,0.419801353222888,0.3924972591385691,0.44929511811323974,0.44929511811323974,0.6208333550469183,0.6105732742288562,0.4896276991599877,0.49858141063091993
final-final-SME10624-018483,0.3899244849501604,0.3907202847000781,0.42589220270669925,0.42589220270669925,0.5982010572304396,0.5878948840722953,0.46896499887331367,0.47753217633664385
final-final-SME10651-018532,0.6383920989740155,0.5922625008803002,0.6138499921296734,0.6138499921296734,0.7283558117574469,0.616363459370603,0.661750042675793,0.6575554771694399
final-final-SME10651-018533,0.7223016638450039,0.6982396324824632,0.6814976880454753,0.6814976880454753,0.7830339318028079,0.6837264657904032,0.7232635577351284,0.7300486337344245
final-final-SME10670-018561,0.7173946979619474,0.6924802104252441,0.6711865584647769,0.6711865584647769,0.7911903223984822,0.6738207086801644,0.7193494979995352,0.7205945062453243
final-final-SME10722-018641,0.7419625149932368,0.7329918474374565,0.6919201837285627,0.6919201837285627,0.8065380890495403,0.694436111313595,0.7379215345413966,0.7402512020901443
final-final-SME10722-018642,0.5400607897593734,0.5633028145181961,0.5305568103465989,0.5305568103465989,0.6772010484983356,0.5337757339774121,0.5894117774218364,0.5957640808876589
final-final-SME10831-018824,0.6211935262916456,0.6135448207688882,0.5935128902874024,0.5935128902874024,0.7304812247489483,0.5965194223818663,0.6351473889887355,0.6354245178041491
final-final-SME10863-018875,0.6805151837323505,0.6665881270181806,0.6408458142977311,0.6408458142977311,0.7680968251651651,0.7605305168674108,0.6829580649973467,0.684207255568434
final-final-SME10863-018876,0.5894730387702791,0.5963131351309253,0.5687261154305889,0.5687261154305889,0.7099650648029566,0.7015670377278277,0.6159528441932031,0.6172235417109107
final-final-SME10898-018936,0.3962986755354764,0.4276224200094521,0.4309088725821121,0.4309088725821121,0.6031151764421268,0.5977186231936648,0.4863365206102656,0.4799106517211939
final-final-SME10898-018937,0.4388883078434309,0.3890068616415422,0.46411768988150176,0.46411768988150176,0.634791829874763,0.6294432911513618,0.5112955418422194,0.48260596305889925
final-final-SME10898-018938,0.4845734153854547,0.5728621545249394,0.4993179607470183,0.4993179607470183,0.6668290164517382,0.6615796015839094,0.5423562964626111,0.5564900123950369
final-final-SME10901-018942,0.7964254910584139,0.6964828506649944,0.7398537841434796,0.7398537841434796,0.8407430964150475,0.7420683613778842,0.7771410680904677,0.7751488326439708
final-final-SME10909-018958,0.5253118429475224,0.5567608051360483,0.5263242369161198,0.5263242369161198,0.6520735672843424,0.6481328697484252,0.5914672325313938,0.5565631051530862
final-final-SME10909-018959,0.7207871452063092,0.6524241895910158,0.6802417793592506,0.6802417793592506,0.7820503540234257,0.7788599052302628,0.7214148192707814,0.7185119618042304
final-final-SME10909-018960,0.681883967686681,0.6520336657692186,0.6484696004332642,0.6484696004332642,0.7567771762063638,0.7533830635242491,0.6922709418697449,0.6957054689276775
final-final-SME10923-018986,0.4112675459175617,0.4332880071111085,0.44263793487853925,0.44263793487853925,0.6144704697334503,0.6042533569149808,0.5019163741272064,0.5117887406335212
final-final-SME10923-018987,0.4851705367019551,0.5007651455466837,0.49977623981627756,0.49977623981627756,0.667236152113622,0.6572790341676076,0.5542091554953804,0.5536663957354269
final-final-SME10931-019000,0.50008907119326,0.55110220362699,0.5112169077386609,0.5112169077386609,0.6773196607398247,0.6721143788703784,0.5678313432104847,0.5575298707299183
final-final-SME10947-019027,0.3275563151161955,0.2895485415654317,0.3719598119416504,0.3719598119416504,0.4997383975727704,0.3747646238727834,0.42448208262868287,0.4220890254163131
final-final-SME10947-019028,0.4319213008514216,0.4675422441565228,0.45452193661519075,0.45452193661519075,0.5842768802776561,0.4573701307183765,0.4980178492182027,0.49736832885308224
final-final-SME10962-019050,0.4555294800266477,0.4897707397886547,0.47697739360779823,0.47697739360779823,0.6466738289983308,0.6413559293098059,0.5440716716712257,0.5576801464852095
final-final-SME10963-019051,0.33098548810661,0.515203714771036,0.5502304545020756,0.3787154320926143,0.5502304545020756,0.38248028344737406,0.44219544555694656,0.4552977835203592
final-final-SME10976-019072,0.4118042443819502,0.4901498426022393,0.4430572118463632,0.4430572118463632,0.6148729520716566,0.446828664126572,0.5117941299302353,0.5303257162429504
final-final-SME11024-019159,0.4566363664414838,0.4997912342917296,0.4778309826146631,0.4778309826146631,0.6474551680938764,0.48155432903371237,0.5422932620903658,0.5547057936741254
final-final-SME11024-019160,0.592483695104788,0.5998310323038938,0.5821396479735963,0.5821396479735963,0.7365607790016886,0.5855292787836994,0.6344477086659509,0.6486648046098263
final-final-SME11024-019161,0.5684909916114249,0.5794027562335397,0.5636529013093632,0.5636529013093632,0.7216390874167568,0.5671207870866205,0.6165813289324757,0.615942328701871
final-final-SME11131-019341,0.7294557137583837,0.7994579002894782,0.7987247196763723,0.6813068514790328,0.7987247196763723,0.6838842398263952,0.7227616571885587,0.7237798721209191
final-final-SME11166-019398,0.8395779101126969,0.7264092150596116,0.7804572829331365,0.7804572829331365,0.8684007455450511,0.7823876914752309,0.8096272590674296,0.8129658373503633
final-final-SME11175-019414,0.3463909379387502,0.3500967842496884,0.39120316945824735,0.39120316945824735,0.5632465096471468,0.39497961768586237,0.4171470507319127,0.42723928598939936
final-final-SME11241-019529,0.5105755562796388,0.5230479424711684,0.5079208510682637,0.5079208510682637,0.6570656288899603,0.511194662953364,0.564536998418049,0.5678105063012678
final-final-SME11241-019530,0.5769768790476594,0.5881940810407469,0.5590318954680903,0.5590318954680903,0.7017808885923228,0.5621653162763932,0.6132201690824504,0.6149546988793386
final-final-SME11264-019566,0.8142374222491529,0.7136676768610194,0.7562772954208749,0.7562772954208749,0.8520707870879831,0.7583800165225816,0.7908466985063777,0.7922099983177957
final-final-SME11264-019567,0.8466103439352183,0.7136676768610194,0.7873627552832688,0.7873627552832688,0.8729902129760843,0.7892423262128041,0.8172899994029565,0.8194821189639129
final-final-SME11289-019611,0.7991967127330613,0.7048027255365179,0.7423811990304403,0.7423811990304403,0.8424989961819525,0.7445788410733721,0.7850120533648447,0.7837768388227973
final-final-SME11289-019612,0.8263757536394065,0.7027644979963834,0.7677302878853947,0.7677302878853947,0.8598564249450263,0.7697525084876794,0.8052443350579931,0.8058412275465351
final-final-SME11292-019616,0.4722270941945451,0.5027689942123356,0.48560977348063195,0.48560977348063195,0.61424587837916,0.606551868833697,0.5341217374354722,0.521780545632639
final-final-SME11292-019617,0.5317187098263336,0.5795449128109811,0.5312366145434886,0.5312366145434886,0.6565328650852222,0.6490386196053917,0.5724387701077303,0.5823885379273637
final-final-SME11301-019634,0.3408259734381219,0.420763380435271,0.38670659772856314,0.38670659772856314,0.5585868451361484,0.5483668953430981,0.44971585367782885,0.44475335161954554
final-final-SME11302-019635,0.5834510184265709,0.6003066839109407,0.5751691278059501,0.5751691278059501,0.7309757956205756,0.5785891719289781,0.6285138680845728,0.6204920480498893
final-final-SME11318-019660,0.4161474113307407,0.440121969479284,0.4464471547461579,0.4464471547461579,0.6181184960533805,0.6127387073125896,0.5002988338397498,0.49150064106587277
final-final-SME11318-019661,0.5443730295569568,0.5424857620099289,0.5451412823371906,0.5451412823371906,0.7063379391312178,0.7012864031400025,0.5873733547304385,0.6027413017801466
final-final-SME11318-019662,0.5200070023186432,0.5439127950548842,0.5264748466599957,0.5264748466599957,0.6905313383792779,0.6853901816766832,0.5699860698797359,0.5855052417995277
final-final-SME11320-019664,0.7103178456089507,0.7059926898198018,0.6652970544081803,0.6652970544081803,0.7867673876284488,0.7795447967514855,0.7023328407218876,0.7077422962457878
final-final-SME11320-019665,0.724959284053621,0.7059926898198018,0.6775212944081783,0.6775212944081783,0.7959161069760425,0.788876385667451,0.7200577782637382,0.7192052898170725
final-final-SME11320-019666,0.6920816082587976,0.7059926898198018,0.6502720243443653,0.6502720243443653,0.775354004225584,0.7679166658828597,0.6906088993070931,0.6950763718604737
final-final-SME11325-019674,0.6334881561589323,0.6231724245542322,0.6099930431693852,0.6099930431693852,0.7251304419413035,0.6125203739282917,0.6473851385767726,0.6416523089455431
final-final-SME11334-019687,0.1302421686946405,0.167568657946088,0.18024719247766796,0.18024719247766796,0.383846127229205,0.18471630378091594,0.26588052150704394,0.2643429531754758
final-final-SME11346-019706,0.6549010575065537,0.6168790487767185,0.6202204062482571,0.6202204062482571,0.7519505794026768,0.7478224558791917,0.6654501574322238,0.6615876397326869
final-final-SME11346-019707,0.6597785189062868,0.632534979776383,0.6241235760358833,0.6241235760358833,0.7550346216094816,0.7509321676782711,0.6643777633898781,0.6649289110670068
final-final-SME11346-019708,0.4289566671295053,0.4869615420589928,0.44518676351543185,0.44518676351543185,0.5983082534588801,0.5935097748001931,0.4977612551844125,0.4964132932519256
final-final-SME11359-019731,0.4895763001481946,0.4920412928498786,0.4989295852020728,0.4989295852020728,0.6267946724342853,0.5017362958920754,0.5360855160606892,0.5370412153111388
final-final-SME11359-019732,0.5596709164760371,0.5475689664315572,0.5527004268165356,0.5527004268165356,0.6757612064239064,0.5554016802479496,0.5827950574438476,0.5857642944015652
final-final-SME11423-019837,0.7790013482021823,0.6699238650065618,0.729822956409296,0.729822956409296,0.8200219856101006,0.7318028759085569,0.7591959012230051,0.7606854443357111
final-final-SME11479-019946,0.1106082902927144,0.2869586339837618,0.16015403584999494,0.16015403584999494,0.35076830587293506,0.16433812644830517,0.2327217667851606,0.25521464852496206
final-final-SME11479-019947,0.1230929968968659,0.1963452676527096,0.17303916269140343,0.17303916269140343,0.37219289201890504,0.17741069923164954,0.2570790556509676,0.19339690006463375
final-final-SME11479-019948,0.017628887020146,0.1509343783775052,0.04142831513765612,0.04142831513765612,0.10909088426472457,0.042913546643712885,0.06797068361366804,0.06705471530384714
final-final-SME11488-019966,0.2581677054750195,0.3569342514702288,0.31761728307932874,0.31761728307932874,0.482972207180404,0.47314025122365433,0.37823668450577086,0.3869557047533441
final-final-SME11501-019989,0.5657887230216778,0.5964273484720858,0.5574086914792411,0.5574086914792411,0.6799242808293201,0.6725963528368556,0.6057052811160135,0.5997223573519797
final-final-SME11501-019990,0.6271408416313258,0.6710159947914937,0.6050127060260019,0.6050127060260019,0.7209477840001317,0.7140134509270759,0.6441838588025813,0.6419791770269697
final-final-SME11504-019995,0.2674623133873829,0.3350096301568825,0.32564359292657163,0.32564359292657163,0.49216332863325984,0.3292987949244053,0.38507661684310157,0.39844673989549184
final-final-SME11504-019996,0.4124287317929678,0.3986304809312732,0.4435449667576995,0.4435449667576995,0.6153408737819424,0.44731598368797343,0.5021689901609632,0.5094108693793531
final-final-SME11562-020108,0.6445919418084121,0.6180027363175961,0.6120047956839849,0.6120047956839849,0.7454149158153722,0.6149332229695916,0.6473246062040358,0.6508920932608542
final-final-SME11562-020109,0.6185276375161737,0.6252883645955488,0.5914182803487997,0.5914182803487997,0.7287698659633485,0.594433225021954,0.6276099845592822,0.6311255044585227
final-final-SME11576-020132,0.8381276278165302,0.740250204807867,0.7790444677905781,0.7790444677905781,0.8674577582904003,0.86468708718627,0.8112668679801376,0.8124500826728062
final-final-SME11576-020133,0.827806691868521,0.7463284452381098,0.7690955954672485,0.7690955954672485,0.860778406328436,0.85790527590469,0.8064271654394032,0.8037365488084789
final-final-SME11633-020231,0.5467774093177141,0.5697346818813819,0.5469845786739607,0.5469845786739607,0.7078780423853943,0.7028360077746634,0.5826037973677043,0.5958132135266385
final-final-SME11633-020232,0.5273506497019581,0.5346007627403169,0.5320991353599538,0.5320991353599538,0.6953346698709182,0.6902192400969556,0.5701362490267531,0.5715086487359806
final-final-SME11659-020274,0.6315519904990922,0.6529612404074403,0.6016744715196602,0.6016744715196602,0.7371108314023509,0.7328665644301097,0.6499208875398597,0.6545861335584084
final-final-SME11661-020277,0.5385237648438158,0.5068368268407101,0.5293751880489459,0.5293751880489459,0.6761632435745872,0.5325972685521273,0.5746662147496342,0.57880885793795
final-final-SME11661-020278,0.512959205055926,0.5162781240752363,0.5097490255207147,0.5097490255207147,0.65871201946677,0.5130188471473475,0.5557111231318975,0.5599151472942993
final-final-SME11664-020284,0.6036808678631376,0.5574233583351733,0.5908021269378038,0.5908021269378038,0.7434329062205106,0.5941524585186067,0.625785684074141,0.5995203153035282
final-final-SME11688-020326,0.2744834023274112,0.4515832063706406,0.3316566770115664,0.3316566770115664,0.49897608460495174,0.49373267555232603,0.3764953623544564,0.3871001550176747
final-final-SME11688-020327,0.4034989002688673,0.5178103797156653,0.4365594075168528,0.4365594075168528,0.6086089049457317,0.6032172656535905,0.47594007043844466,0.48898139021930587
final-final-SME11688-020328,0.3638786538686239,0.4528602373786063,0.4052355941596564,0.4052355941596564,0.5775952152129065,0.5721938573528904,0.4444935970280006,0.4466001648409411
final-final-SME11724-020390,0.7966282045405605,0.7079706614874643,0.7400383318505305,0.7400383318505305,0.8408714667896467,0.8377115860552536,0.7843440522058334,0.7847217239425721
final-final-SME11724-020391,0.6253038970535296,0.6430895716448518,0.5967470675199503,0.5967470675199503,0.7331156644803147,0.7288421833218498,0.6553770211546521,0.656786776127944
final-final-SME11724-020392,0.4347157203308569,0.3751013576651004,0.4496365561288159,0.4496365561288159,0.6026261499376581,0.5978318046033483,0.526548850793985,0.531537959052794
final-final-SME11746-020431,0.416027301232794,0.4434578601515221,0.44635347677311116,0.44635347677311116,0.6180290137893443,0.6077607207500975,0.5261945189359665,0.46643244310766424
final-final-SME11746-020432,0.3867973065746024,0.4718296850227233,0.4234258315657699,0.4234258315657699,0.5957723410710427,0.5854639156852866,0.4830149845335301,0.5021635889139329
final-final-SME11758-020455,0.1733240685702252,0.2868909272269918,0.22155986603424058,0.22155986603424058,0.4464114689541065,0.22649548537522052,0.32761854297376203,0.3427486839775166
final-final-SME11758-020456,0.1197452131778057,0.1196852808625029,0.16962261357211558,0.16962261357211558,0.36658728559823134,0.17394609907151992,0.2609968758072776,0.25042694270373594
final-final-SME11760-020459,0.2895665178928957,0.2711319593879727,0.3406311717515379,0.3406311717515379,0.4656265950288801,0.4617095232236658,0.383671989919326,0.3965246883858659
final-final-SME11761-020460,0.370406499154398,0.4759830055211624,0.41043832264959906,0.41043832264959906,0.5828423012034678,0.4142226870924695,0.49427595267418933,0.5040274452611337
final-final-SME11761-020461,0.5001150123857263,0.5094261227709759,0.5112367888645647,0.5112367888645647,0.6773370499573226,0.5148827831583364,0.5801974964841189,0.5805037671335892
final-final-SME11770-020477,0.3509967819793999,0.4714862900578789,0.39491301572426973,0.39491301572426973,0.5670681846253208,0.5568318880797926,0.4515296988363762,0.46119858923459134
final-final-SME11770-020478,0.3817345061671447,0.4187904532892721,0.41942529637234166,0.41942529637234166,0.5918148478719089,0.5815646150048699,0.47268199684389367,0.4418633370796799
final-final-SME11770-020479,0.507549882476728,0.5206909654573416,0.5169335425753107,0.5169335425753107,0.6823009070499535,0.6724682113921899,0.568020862665114,0.5287783972325941
final-final-SME11790-020508,0.620952899752475,0.6609852291555768,0.5933237325036288,0.5933237325036288,0.7303268444038212,0.5963310279824607,0.6346480033571269,0.6389056255308335
final-final-SME11790-020509,0.6391792457375928,0.6609852291555768,0.607708847733147,0.607708847733147,0.7419733320427536,0.6106560287937213,0.6475591012377924,0.6523795802170322
final-final-SME11802-020531,0.4570995526866533,0.3625280322309879,0.46688351641123493,0.46688351641123493,0.61913977546169,0.6100329923278665,0.519460766806984,0.5292794006286778
final-final-SME11802-020532,0.6849111787609748,0.615037696850295,0.6444195057661027,0.6444195057661027,0.7708570725133159,0.7632945623904733,0.6850941995862041,0.6870530162315678
final-final-SME11808-020540,0.630190013879803,0.5171626568277912,0.6074035781439298,0.6074035781439298,0.7229582399580221,0.7193370201094462,0.64416023863468,0.61618787264717
final-final-SME11808-020541,0.7118898720611297,0.6233795464954631,0.6728946847870726,0.6728946847870726,0.7762731520919571,0.77303350643991,0.7016862874520959,0.7062257904857794
final-final-SME11808-020542,0.6755832152775914,0.6240044505049396,0.6434023316570516,0.6434023316570516,0.7526756957982357,0.7492513175088913,0.6749376280197119,0.6786340597450825
final-final-SME11832-020590,0.4053261668301739,0.4755351404894053,0.4379907808465921,0.4379907808465921,0.6099936699776815,0.5997057972854405,0.49491731623884533,0.506985783113508
final-final-SME11832-020591,0.5017219660353897,0.5247116558967615,0.512468278871775,0.512468278871775,0.6784132892436533,0.6684877516597041,0.5595798091769926,0.5698213799363337
final-final-SME11832-020592,0.4774443277339887,0.521389542620908,0.4938438479726715,0.4938438479726715,0.661946405968017,0.6518918206954516,0.5424831046953711,0.5411316211104675
final-final-SME11849-020622,0.5205796834159602,0.4920980983812211,0.5155951156345997,0.5155951156345997,0.6639528057461143,0.5188516505011022,0.5724577881630137,0.5681963169315171
final-final-SME11919-020743,0.6582192684926371,0.7105151460553063,0.6228746188690794,0.6228746188690794,0.7540492359524265,0.6257539756035427,0.6672838482307053,0.6665538002252187
final-final-SME11919-020744,0.7630670346313227,0.7281024123318383,0.7101360863839443,0.7101360863839443,0.8197424926105465,0.7125420087409227,0.7463622290854819,0.7464421512925579
final-final-SME11961-020816,0.6147157785751965,0.5460994910006298,0.5952992540730401,0.5952992540730401,0.7127316660979982,0.5978769616656112,0.6377109163406971,0.6325333390627839
final-final-SME11961-020817,0.3800709711060668,0.4094302848688667,0.41400079876994,0.41400079876994,0.543718426309838,0.41684817376321553,0.4546428219617994,0.41932499873011997
final-final-SME11969-020829,0.7072984480068754,0.6683761429664087,0.6627946243582136,0.6627946243582136,0.7848794830530015,0.6654744557758688,0.7009684645657273,0.7041514569968153
final-final-SME11969-020830,0.6662451026103533,0.6683761429664087,0.6293154266098057,0.6293154266098057,0.759116139023499,0.632164625362862,0.6746919379685359,0.6765063602400703
final-final-SME11971-020833,0.5075251809150828,0.4979202558406465,0.5126912701806813,0.5126912701806813,0.6395814353421192,0.5154765807820655,0.5651786052599467,0.5660628242962428
final-final-SME11971-020834,0.588350535264703,0.5711381542248827,0.5748211955051832,0.5748211955051832,0.6951528325208871,0.5774625427194084,0.6241987438272368,0.6111726509805364
final-final-SME11971-020835,0.3629663074090455,0.4063843619302957,0.4004407532634329,0.4004407532634329,0.5297505556478108,0.40327917626482057,0.4537309073605915,0.46817401894608
final-final-SME11984-020858,0.667101503745276,0.6622344309241772,0.6300045086532081,0.6300045086532081,0.7596560814891147,0.751901334563509,0.6899164624615319,0.6907277628009474
final-final-SME11990-020870,0.6131831397023269,0.7572929515629514,0.7253323025869705,0.5872259075379898,0.7253323025869705,0.5902574207034071,0.6357568157936347,0.6387550269646881
final-final-SME11990-020871,0.6318238548111184,0.7580541653702382,0.7372844182904922,0.6018891872445679,0.7372844182904922,0.6048611888329438,0.6494673861672984,0.6524067395121256
final-final-SME12015-020913,0.3750305163408608,0.465494612789579,0.41411291659751304,0.41411291659751304,0.5865248457567622,0.4178974555606501,0.4748533375702907,0.486842199046302
final-final-SME12015-020914,0.4988890216421405,0.4941035069376149,0.5102971600808195,0.5102971600808195,0.6765146918392068,0.5139457285317592,0.56408004020206,0.5231138970141231
final-final-SME12030-020938,0.3657235866381703,0.3257888039863583,0.40263446897563876,0.40263446897563876,0.5320240655899734,0.5242849880407925,0.4572453572938308,0.4342478938881675
final-final-SME12038-020951,0.2585662327669416,0.2814171556721176,0.31796303173896256,0.31796303173896256,0.48337045173393334,0.4734770686177732,0.3518163501215181,0.35191895566233233
final-final-SME12038-020952,0.3026632497101062,0.2528302720793807,0.3553995421581996,0.3553995421581996,0.5252829057790241,0.5151218065888316,0.3991196049756984,0.40762797474392387
final-final-SME12039-020953,0.6476659485639258,0.5879677939264013,0.6144498518654964,0.6144498518654964,0.7473662987675648,0.6173674427456379,0.6606309769679574,0.6631754445905358
final-final-SME12039-020954,0.6665870450287698,0.5752448224406579,0.6295905193121428,0.6295905193121428,0.7593317424388298,0.6324384122418396,0.6785109883730278,0.6771280286213954
final-final-SME12050-020970,0.2866888352002158,0.3300923446612326,0.34201391019620786,0.34201391019620786,0.5105668315761523,0.34571374176484476,0.4101451714833805,0.40791383417139504
final-final-SME12050-020971,0.4764214067109842,0.5385720301535514,0.4930579557122617,0.4930579557122617,0.6612424802621698,0.4967497007629647,0.5556494939239611,0.5574630129360926
final-final-SME12077-021015,0.3571686669771861,0.4678310275899889,0.39986824362232976,0.39986824362232976,0.5721410285629189,0.4036497282914885,0.4641699845789986,0.4153216392332799
final-final-SME12077-021016,0.3883292200564146,0.3246954105948582,0.4246344720030138,0.4246344720030138,0.5969635846080712,0.4284171930961365,0.48849166551259404,0.44273815523091414
final-final-SME12077-021017,0.4475580901726457,0.5658998111362924,0.47082390495653936,0.47082390495653936,0.6410142267070332,0.4745596783856428,0.5252450120793174,0.5296377682233727
final-final-SME12121-021088,0.0332937854499499,0.1326837441902762,0.06650789638802708,0.06650789638802708,0.16795462200774355,0.16188686928863127,0.10547205970702334,0.10556832327716756
final-final-SME12126-021096,0.6414493700622649,0.6074980816405031,0.6095091814046467,0.6095091814046467,0.7434176463011957,0.6124485476385618,0.6539715073672326,0.655655103793531
final-final-SME12130-021102,0.2380225804078923,0.2939364569483629,0.2999398234446891,0.2999398234446891,0.46232692697110367,0.3035043118382912,0.37421922034036786,0.3795260131699836
final-final-SME12160-021157,0.5897561269660855,0.63375216583109,0.5689461349441965,0.5689461349441965,0.7101497521490168,0.572045633880572,0.6242058465002711,0.6252433517527528
final-final-SME12173-021175,0.2075027042305549,0.2514482812075986,0.25233126801119915,0.25233126801119915,0.48880223468406564,0.4747417394069097,0.3351880124107268,0.3186052416339451
final-final-SME12184-021189,0.7514868219741646,0.7193566941689994,0.7000906808228464,0.7000906808228464,0.8124925962133603,0.7025579661806578,0.7404180442986019,0.7422533012731768
final-final-SME12184-021190,0.7250081485582525,0.7231826256724883,0.6775623513291638,0.6775623513291638,0.7959466300835909,0.6801609529326247,0.72045854196058,0.7222920475300836
final-final-SME12206-021228,0.2699689598407151,0.3247851926986326,0.32779516620339444,0.32779516620339444,0.49460816302751714,0.48938062373471236,0.39519785235414784,0.40155099969479624
final-final-SME12208-021232,0.3702974170976824,0.50020076239091,0.40626663113185996,0.40626663113185996,0.5357765695060922,0.5317180230825553,0.44461209267820123,0.4683218971109744
final-final-SME12220-021249,0.0923201978210389,0.1015368857604359,0.14048459666386762,0.14048459666386762,0.31651107511190274,0.14434847701993667,0.18863183377210835,0.1869187224881072
final-final-SME12279-021352,0.5822934028015905,0.5447021355238391,0.5701379089801646,0.5701379089801646,0.6910826735450752,0.5727927146894642,0.6168775886523442,0.6305746347643504
final-final-SME12279-021353,0.6616771331841326,0.587349117105928,0.6322848006262641,0.6322848006262641,0.7436073601826737,0.6347283935155256,0.6693747440156568,0.6741641002012353
final-final-SME12327-021437,0.389585378984858,0.3685480370435698,0.4256249220713398,0.4256249220713398,0.5979382652325067,0.4294072970162863,0.5002112075600883,0.4918191298778135
final-final-SME12345-021467,0.044278472090372,0.1236958148851147,0.08209482750407074,0.08209482750407074,0.2021677766335065,0.19840496395387539,0.1271495750065475,0.12154984865644301
final-final-SME12345-021468,0.1000454377281791,0.2581144311657924,0.1489199299987817,0.1489199299987817,0.3314401306914673,0.3257203634130364,0.21520874243183447,0.23799589043429936
final-final-SME12345-021469,0.0646915687834914,0.172142341409635,0.10842280370043393,0.10842280370043393,0.2562531467546596,0.25162048058537095,0.16389290606572887,0.1656654140291191
final-final-SME12352-021479,0.3873058710512719,0.491409103090319,0.4238271696970285,0.4238271696970285,0.5961681278014331,0.5859207842836145,0.4983241139782953,0.438551497627169
final-final-SME12359-021489,0.5948279796403787,0.5920662757893784,0.5728913196607496,0.5728913196607496,0.7134534695198361,0.709048571967134,0.6107414176842652,0.614022583789057
final-final-SME12359-021490,0.6118138784796776,0.5920662757893784,0.5861532457392223,0.5861532457392223,0.7244501264860529,0.7201162173066703,0.6240229884201554,0.6266216473382408
final-final-SME12381-021524,0.4805251457721442,0.5011657553736226,0.49198363810592965,0.49198363810592965,0.6202722007455413,0.49479964431966456,0.5245579189031205,0.5074859091266611
final-final-SME12428-021609,0.3063575278527658,0.3328530483573394,0.35459062651838313,0.35459062651838313,0.4809719660182423,0.35736476810987877,0.4155982775145448,0.40833609164687873
final-final-SME12436-021623,0.7416570980670703,0.6166669842973589,0.6916594771557082,0.6916594771557082,0.8063472294653591,0.694176937921486,0.729565777268538,0.7326736837025459
final-final-SME12436-021624,0.779456025216265,0.6134723546584943,0.7245814481521138,0.7245814481521138,0.8300329758265649,0.7268961685844667,0.7585975643798101,0.7621235166312037
final-final-SME12444-021635,0.658379282983055,0.6522811504762179,0.6230027389946696,0.6230027389946696,0.7541503817326565,0.625881503627058,0.6590366718675411,0.6622758782760003
final-final-SME12444-021636,0.6730207214277253,0.6522811504762179,0.6347771899928094,0.6347771899928094,0.7633844699244444,0.6376001922306347,0.6710461085122172,0.6735021386149393
final-final-SME12466-021673,0.2045016936177943,0.1664725567738525,0.26953473272828743,0.26953473272828743,0.42546497768377806,0.4205784790418232,0.3354276730484903,0.2779713846576083
final-final-SME12466-021674,0.3316576297425405,0.3681721467935467,0.37926293931263855,0.37926293931263855,0.5508060901177332,0.5454303185752398,0.4511842881118159,0.4560349153933055
final-final-SME12505-021737,0.465594083955121,0.5399601238820775,0.4847317588887292,0.4847317588887292,0.6537387014027988,0.48844155647700616,0.5452235595001523,0.544230170199796
final-final-SME12512-021752,0.4691606023157337,0.6826663237587394,0.6562212628176818,0.48747606416561057,0.6562212628176818,0.49118011632867875,0.5594366450033175,0.5732441861034012
final-final-SME12529-021782,0.4256148046308089,0.4778190426546093,0.45381903421251946,0.45381903421251946,0.6251238669816361,0.45757927178627567,0.5144439396925964,0.5148124906961726
final-final-SME12529-021783,0.5452832672139183,0.549391668480979,0.5458390649745783,0.5458390649745783,0.7069213815240387,0.5493749125590616,0.5901386015705248,0.5923047637358181
final-final-SME12533-021790,0.3330618034996636,0.4860075320881151,0.5520063219734557,0.3804059286802101,0.5520063219734557,0.3841726539739575,0.429202477510251,0.43041047230674184
final-final-SME12533-021791,0.2586538461731066,0.4570277112619183,0.48345795220428817,0.3180390224945672,0.48345795220428817,0.32167006118069336,0.36942405226229,0.3872102111562945
final-final-SME12539-021803,0.5943739959437665,0.6276141635998913,0.5725379263729747,0.5725379263729747,0.713158146949261,0.7047969093093747,0.6406151592946746,0.6409553081898769
final-final-SME12539-021804,0.6730207214277253,0.6428207206811103,0.6347771899928094,0.6347771899928094,0.7633844699244444,0.755737518260445,0.6968516298746896,0.6971253043809355
final-final-SME12557-021835,0.6928195929065756,0.6537151903740781,0.6508760642790873,0.6508760642790873,0.7758164860430307,0.6536185769146236,0.688381204866737,0.6927677028998815
final-final-SME12585-021879,0.6758744890526991,0.5797856531203563,0.6436361552269431,0.6436361552269431,0.7528653897500798,0.6460337984525729,0.676558902393712,0.6753083819351774
final-final-SME12615-021931,0.5915165313252821,0.643380872135865,0.7112975536898785,0.570314770995838,0.7112975536898785,0.5734094224903078,0.6253813325703657,0.6287521259807254
final-final-SME12634-021964,0.2641435073740059,0.5127304046848644,0.5491214864936175,0.30063057877031957,0.5491214864936175,0.3060850941675429,0.38479262038923395,0.40821845949835955
final-final-SME12634-021965,0.2589765661993324,0.4478853928733489,0.5440378039426258,0.29633541233098765,0.5440378039426258,0.30177261935539607,0.3895739126312062,0.38030283362646167
final-final-SME12686-022059,0.2651316882313217,0.3486775118778222,0.3236382207544115,0.3236382207544115,0.4898774288873629,0.4846678708249537,0.40171343298010165,0.40117619144693506
final-final-SME12742-022155,0.7294557137583837,0.6858762361801491,0.6813068514790328,0.6813068514790328,0.7987247196763723,0.6838842398263952,0.7184424649293162,0.7189587494928874
final-final-SME12746-022161,0.5279520333045111,0.530359587108381,0.5212537714136294,0.5212537714136294,0.6689910139457319,0.5244966871062712,0.5791752081535806,0.5800966217009507
final-final-SME12746-022162,0.5500934886337773,0.530359587108381,0.5382760738999772,0.5382760738999772,0.6839454172767692,0.5414735980413309,0.5931317782639167,0.5947684244660715
final-final-SME12772-022204,0.5514505620054033,0.7589311723158627,0.670142781354639,0.5463810193006612,0.670142781354639,0.5490976596916353,0.5967980694016566,0.6058732277539396
final-final-SME12772-022205,0.6622438817509568,0.7803197750423725,0.7439774479256102,0.6327362131976015,0.7439774479256102,0.63517802096107,0.67284963367143,0.6722785415885816
final-final-SME12798-022254,0.8025549049846807,0.7038204015498436,0.7454572496323373,0.7454572496323373,0.8446297972357849,0.8415219555253985,0.7795750620309297,0.78186575191514
final-final-SME12846-022343,0.7409824500063698,0.6676241564382356,0.697124092027835,0.697124092027835,0.7951759654055504,0.7921032430723167,0.7378511120675038,0.7192014045716896
final-final-SME12861-022363,0.362062650990593,0.3832120964510604,0.40378495377506096,0.40378495377506096,0.5761252387123527,0.40756792010716947,0.45446568326539416,0.45350157351174114
final-final-SME12928-022480,0.1094512885113214,0.1692492356830051,0.15893918958433467,0.15893918958433467,0.3487079027847123,0.1631047197340951,0.21722865102906985,0.20275863354640153
final-final-SME12928-022481,0.1180043032729923,0.1992584183243661,0.16783507863255342,0.16783507863255342,0.3636330413112739,0.17213295420458555,0.22928302857021193,0.2203373656333592
final-final-SME12928-022482,0.0200411343653944,0.0447190049496032,0.04559644913054211,0.04559644913054211,0.11921992453731253,0.04721252588716331,0.06835203686445732,0.054896793551491886
final-final-SME12973-022559,0.2836294801683103,0.312774297962753,0.31666473453781774,0.31666473453781774,0.5676517360415263,0.5597863752044016,0.39253604809025394,0.33562028833305435
final-final-SME12973-022560,0.2718292522142352,0.315541111879258,0.30698481013906,0.30698481013906,0.5565482892444946,0.5487275383563117,0.3861813006051237,0.3450561516079478
final-final-SME13030-022659,0.3572864961589577,0.3049179628013827,0.3999626717355994,0.3999626717355994,0.5722373475895233,0.5619939451951456,0.45952905738499206,0.47114450107437655
final-final-SME13042-022679,0.5635570715786935,0.5834979862725189,0.5486559948316604,0.5486559948316604,0.6929187954342406,0.6883979279179333,0.593144577871352,0.5962384854772547
final-final-SME13045-022683,0.6939672124192883,0.6524285604566029,0.6518160328148354,0.6518160328148354,0.776535560187889,0.6545536966940638,0.6926111826990555,0.6928076282953313
final-final-SME13050-022689,0.7180127958613608,0.6740580940659003,0.6717026132913378,0.6717026132913378,0.7915765228449873,0.6743339131299373,0.713351530919707,0.716668022758322
final-final-SME13051-022690,0.5516199130582377,0.5960301278243786,0.5394515942441348,0.5394515942441348,0.6849671260190104,0.5426457421341857,0.5891370069695424,0.5937451496773046
final-final-SME13083-022746,0.1194148594815208,0.2151592532781244,0.16928399181554005,0.16928399181554005,0.3660287826533642,0.17360265079900428,0.22003895206178942,0.22486561425131682
final-final-SME13083-022747,0.134066501224272,0.2375074179731963,0.18405628159311418,0.18405628159311418,0.3899112915486534,0.1885749150179169,0.2480878995596298,0.25653921509074407
final-final-SME13083-022748,0.1086829296536653,0.2562922094416398,0.1581303603112467,0.1581303603112467,0.3473321670524761,0.1622834465448955,0.21632961763487044,0.22739970341825344
final-final-SME13086-022751,0.4141956756405207,0.378004737177315,0.4407526279475894,0.4407526279475894,0.5706892474403661,0.4436048099375869,0.4786080355538175,0.4881320187697131
final-final-SME13097-022769,0.2838023995623206,0.391447458597646,0.3395751396219639,0.3395751396219639,0.5078538273307659,0.49778870735103065,0.41935696438498016,0.4312003731285661
final-final-SME13146-022852,0.340269319271972,0.3856499855960957,0.38625593618130755,0.38625593618130755,0.5581181629234095,0.3900284088667458,0.44328490622424854,0.442102088778333
final-final-SME13146-022853,0.5109191013755165,0.5380063094068437,0.5195144402010344,0.5195144402010344,0.6845374614544547,0.5231367884735331,0.5688640411916462,0.571535335312549
final-final-SME13146-022854,0.4831675735913927,0.5411760537880331,0.49823887441285913,0.49823887441285913,0.6658693666522684,0.5019184581422652,0.5478575983597805,0.5514956076340252
final-final-SME13179-022904,0.1504066354697132,0.1910083814007615,0.19999720080569688,0.19999720080569688,0.414621357018345,0.20470832193042449,0.26746243156884064,0.2107830920089901
final-final-SME13179-022905,0.1712393944937308,0.199309796842186,0.21963256646507195,0.21963256646507195,0.44364294723459846,0.22454972050599903,0.2900482750164526,0.2781318349109945
final-final-SME13185-022912,0.3795182368958178,0.4852642190098161,0.41767100960550385,0.41767100960550385,0.5900723565708169,0.4214553162835232,0.47640815333083,0.49004078334474677
final-final-SME13198-022933,0.4505025732688016,0.5405900876336318,0.473098208403904,0.473098208403904,0.6431115260461656,0.47683009649312685,0.5317747131062845,0.5461515572870627
final-final-SME13198-022934,0.600692593352016,0.5672587372501581,0.5884877658336791,0.5884877658336791,0.7416042440664062,0.5918487587800247,0.6367540094875468,0.5995843605590436
final-final-SME13241-023004,0.3204178979463142,0.4161718786690987,0.37007336130048574,0.37007336130048574,0.5410831428093179,0.37382712233287896,0.43721971576834373,0.44000048067910424
final-final-SME13241-023005,0.5932694400125655,0.61547622244361,0.5827467062936504,0.5827467062936504,0.7370448329442665,0.5861336370883807,0.6399881190024996,0.6424322711409491
final-final-SME13241-023006,0.5081589843159321,0.5529835691501459,0.5174001534985633,0.5174001534985633,0.6827058287496781,0.5210287061855278,0.5787251390026973,0.5567650521725541
final-final-SME13298-023108,0.6698952501293887,0.6756371857853471,0.6388443048275937,0.6388443048275937,0.7489694497316916,0.7424214404703167,0.6732993633536124,0.6788056923236475
final-final-SME13301-023113,0.6410060742897459,0.6868026547780681,0.7300729748754926,0.6159092828354469,0.7300729748754926,0.6184152401831086,0.6563494998712516,0.6504212551824935
final-final-SME13301-023114,0.7480605947916495,0.7768094024916363,0.7997843813612193,0.7031149482460112,0.7997843813612193,0.7052368967559136,0.7329051365087459,0.7385909914933576
final-final-SME13301-023115,0.7173132939519369,0.7488099861380988,0.7797945557356478,0.6773669661764669,0.7797945557356478,0.6796153094638323,0.711652718625037,0.7122127375891503
final-final-SME13326-023160,0.6081657369522576,0.6316857542073764,0.5942792924635064,0.5942792924635064,0.746170319215569,0.5976133860595657,0.6449136131610519,0.6553320803538334
final-final-SME13360-023215,0.1320438499652414,0.236394594678903,0.18204562248541514,0.18204562248541514,0.38671765865564045,0.18653828896927171,0.24629468108129296,0.24212191248779388
final-final-SME13360-023216,0.1459635133887108,0.2097648605084125,0.1957134610309768,0.1957134610309768,0.4080855537441685,0.20037514809332418,0.2623796616716485,0.25893792175771424
final-final-SME13365-023224,0.4480571684451122,0.4155769039817168,0.4599244716097989,0.4599244716097989,0.6125187386546884,0.46327400172641464,0.5198387850964838,0.5300957220939552
final-final-SME13365-023225,0.8353421957944199,0.6907374338677774,0.7763414594744963,0.7763414594744963,0.8656498088903437,0.7783018280507655,0.8092339761524002,0.8106484424325546
final-final-SME13365-023226,0.7961511252309736,0.6793500332437344,0.7396040877436798,0.7396040877436798,0.8405693694260792,0.7418203325494451,0.7807054839535162,0.7786478768424046
final-final-SME13383-023255,0.238819907375387,0.3232088769719157,0.3006472946559161,0.3006472946559161,0.4631640112631099,0.45807110760466513,0.3474620718389686,0.354157127477771
final-final-SME13383-023256,0.469070258039003,0.4821012166185167,0.48740656864812715,0.48740656864812715,0.6561585091606325,0.6508702077898689,0.5301774633043632,0.5421323678770954
final-final-SME13400-023282,0.4708741327911991,0.4422292595032436,0.4845699072340003,0.4845699072340003,0.6132589564300859,0.4873947043532402,0.5312360934438954,0.5193025187545185
final-final-SME13400-023283,0.5296227628805941,0.5025785558564851,0.529629392366912,0.529629392366912,0.6550763089193304,0.5323830228483593,0.5665204643889067,0.5671159039453276
final-final-SME13430-023336,0.6456456416521913,0.5610334508245673,0.6195703830076723,0.6195703830076723,0.7331174123173969,0.7263259137093108,0.6549240527387923,0.6597745851617727
final-final-SME13430-023337,0.7195671452373684,0.6332858632264964,0.6792312344429421,0.6792312344429421,0.7812580954404438,0.7751556435430731,0.7084370965311033,0.6872883101699125
final-final-SME13431-023338,0.3283535917388143,0.5283102824670431,0.37656912147753113,0.37656912147753113,0.5479694382459827,0.380331454978858,0.4517827209185331,0.4654639817319923
final-final-SME13431-023339,0.4992098196415224,0.6235085746517605,0.5105430352096243,0.5105430352096243,0.6767299797282271,0.5141909322534213,0.5660707427845999,0.5855050971568849
final-final-SME13431-023340,0.4635954069190101,0.531390917749593,0.4831930766090344,0.4831930766090344,0.6523427359894359,0.48690600691291847,0.5385421499424028,0.5254112393140326
final-final-SME13476-023417,0.0398600328473533,0.1691137139677557,0.07597301720060953,0.07597301720060953,0.1889351228545703,0.18217860982222403,0.11385166147118399,0.124549679175115
final-final-SME13476-023418,0.056123826437158,0.1145228578805919,0.0977144002920355,0.0977144002920355,0.23478916035091502,0.22659041620231846,0.14520738703280786,0.14200852545684273
final-final-SME13541-023531,0.752939507395297,0.7144028516762816,0.7013439587188904,0.7013439587188904,0.8134013571953318,0.8098897336124122,0.7446026991719927,0.7442609603358581
final-final-SME13553-023551,0.7027582173876609,0.6769440662696995,0.659043028570078,0.659043028570078,0.7820394833619487,0.7781850546750875,0.6996947320285578,0.6997844179188986
final-final-SME13553-023552,0.6927720471625665,0.6829305936024972,0.6508371383979321,0.6508371383979321,0.7757866917902483,0.7718710574427315,0.6899613429152243,0.688947355534365
final-final-SME13554-023553,0.7502459654317484,0.5924158292310365,0.6990216681402575,0.6990216681402575,0.8117164830592214,0.7014953828077061,0.7422794168933524,0.7430327555716851
final-final-SME13569-023576,0.8690443347600171,0.847667116637913,0.8100600662387218,0.8100600662387218,0.8878493753843173,0.8117675853924871,0.8365399357447383,0.8377174164036725
final-final-SME13569-023577,0.5595411947557777,0.5183216524368384,0.5455570721272752,0.5455570721272752,0.6902511797109684,0.5487331892936288,0.5978038649663265,0.572335561008486
final-final-SME13572-023581,0.3857767593864785,0.4664215942445541,0.5949771505870872,0.42262017441418637,0.5949771505870872,0.42640350712831854,0.47101589692788703,0.47475470507146744
final-final-SME13583-023599,0.4158762626440453,0.4522706640302534,0.4420613609250985,0.4420613609250985,0.5719891898862839,0.44491334995797593,0.5127190007180096,0.5151326891821832
final-final-SME13583-023600,0.4761428899975726,0.5206948027746046,0.4886183543018352,0.4886183543018352,0.6170953349092538,0.4914384963960976,0.5554284863156201,0.5580743472886602
final-final-SME13618-023656,0.6495699654169913,0.6763155650743342,0.6159662758367848,0.6159662758367848,0.7485738589192407,0.6188770869821055,0.6667272778245484,0.6688239254997158
final-final-SME13658-023718,0.3784675226086008,0.3748822328132724,0.41273438140217594,0.41273438140217594,0.5424225014711324,0.41558110868984305,0.4578595706482458,0.44381526040270136
final-final-SME13658-023719,0.6282452945628089,0.631392299096326,0.605878373181575,0.605878373181575,0.721676251622746,0.6084202018412639,0.646726663774394,0.6436060732689787
final-final-SME13716-023833,0.7944721025765858,0.6735652933537484,0.7380780932457093,0.7380780932457093,0.8395066652126418,0.8334399983035975,0.7702742376215688,0.7752606045415796
final-final-SME13716-023834,0.7604500958820968,0.6735652933537484,0.7078548309698715,0.7078548309698715,0.8181028966026341,0.8115087162983065,0.7419375179268468,0.7479733281879765
final-final-SME13749-023896,0.4526197268057001,0.4194706248657708,0.46343705857501927,0.46343705857501927,0.6158677761756173,0.4667829986892069,0.5067589544352037,0.481537362081359
final-final-SME13749-023897,0.5740106424070609,0.6141307250243938,0.5567355779784431,0.5567355779784431,0.699828784134995,0.5598765544566975,0.596360665993239,0.5989526359467507
final-final-SME13763-023923,0.604078358951323,0.5176490485314236,0.587017192578218,0.587017192578218,0.7056645910001388,0.5896215698065934,0.6287529180004812,0.5963546805461571
final-final-SME13784-023956,0.3070530920362907,0.4278680456751889,0.3486765910356576,0.3486765910356576,0.498424323140044,0.4895203663049061,0.411223396944922,0.4086049439070587
final-final-SME13784-023957,0.5770178587797951,0.56521412551389,0.5590636322372039,0.5590636322372039,0.7018078317178751,0.6933203029067126,0.6047482634489169,0.6057115596278501
final-final-SME13784-023958,0.5406606002608865,0.56521412551389,0.5310179935501023,0.5310179935501023,0.6776057085874362,0.6688896454530437,0.5781187316329798,0.5791759568148386
final-final-SME13820-024011,0.1015133379015447,0.18954507211693,0.15050099979847706,0.15050099979847706,0.33419807495938825,0.32321074717239895,0.20663156447813846,0.16270313606548473
final-final-SME13820-024012,0.1154330013250141,0.196485406044745,0.16518091224552767,0.16518091224552767,0.3592191063450061,0.34761325339444105,0.2245064294242322,0.2220861140771543
final-final-SME13910-024171,0.4449503850380712,0.5023586475280959,0.4575310863434039,0.4575310863434039,0.6102285002186304,0.4608828805910472,0.49948600254753067,0.5063128637632979
final-final-SME13948-024234,0.6553966012824644,0.633378984435062,0.6206164746681685,0.6206164746681685,0.752264141721782,0.6235062151159441,0.6635251685082826,0.6649870002860392
final-final-SME13948-024235,0.438173579406935,0.3669109934726497,0.4523056034872875,0.4523056034872875,0.605204704416653,0.4556618248793777,0.512148876517392,0.47705711511711923
final-final-SME13948-024236,0.6336751440744517,0.6355090176961213,0.6033520370701867,0.6033520370701867,0.7384659388630062,0.6063178633229868,0.6472177668022616,0.6497462967327119
final-final-SME13962-024256,0.4071309974036081,0.4374151397008072,0.4394035754377646,0.4394035754377646,0.6113577475659105,0.44317806637621854,0.48560181495395627,0.49019675637140087
final-final-SME13963-024257,0.5153041375833702,0.5217899913741759,0.5186533049700287,0.5186533049700287,0.6450657746682066,0.5214281298869128,0.5886185729969714,0.5703902376803611
final-final-SME14020-024363,0.5845412581772749,0.4963073593276768,0.5718751096711209,0.5718751096711209,0.6925946361261603,0.5745249712770343,0.6061297284981191,0.6053335793681593
final-final-SME14020-024364,0.6441411004181393,0.5773057414028,0.6183822812082986,0.6183822812082986,0.7321306078657254,0.6208791210518402,0.6498124273925827,0.6490553359411577
final-final-SME14037-024388,0.4256148046308089,0.4564583274860347,0.45381903421251946,0.45381903421251946,0.6251238669816361,0.45757927178627567,0.5054417771964816,0.5004349782094275
final-final-SME14037-024389,0.5485774542812798,0.5517953601488753,0.5483648168875337,0.5483648168875337,0.7090288416673464,0.551891482732053,0.592549318314169,0.5938522674924226
final-final-SME14052-024410,0.4111481386124672,0.4417762793090543,0.44254464078701333,0.44254464078701333,0.6143808806715982,0.6089959243850591,0.4896138999810566,0.489089226341403
final-final-SME14132-024549,0.2634153133042951,0.2502224501770738,0.32215832056266175,0.32215832056266175,0.48818603829499857,0.4829831078599345,0.37545278706945806,0.32803379350127904
final-final-SME14132-024550,0.4445884347752664,0.4266301658892504,0.4685285079162776,0.4685285079162776,0.6388908576199732,0.633552089693937,0.5139106878367941,0.5283013688683555
final-final-SME14143-024566,0.6616013808126118,0.654734551382136,0.6255851084846442,0.6255851084846442,0.7561859793972181,0.7520932456332547,0.6771792253719854,0.6795459187934951
final-final-SME14196-024666,0.4326785163586523,0.4913977061873822,0.4593046566488429,0.4593046566488429,0.630290613242663,0.6249323028973701,0.49753576518333437,0.5088858525526396
final-final-SME14221-024708,0.5533228962315628,0.5476254519456141,0.5478197397479496,0.5478197397479496,0.6714250264244256,0.5505329454162464,0.6129627958271389,0.6179984075378753
final-final-SME14221-024709,0.5969924668335381,0.611302099932989,0.5815157384517176,0.5815157384517176,0.7009384524681749,0.5841371342941213,0.6431440086552711,0.5969220364524006
final-final-SME14276-024816,0.6839678358691726,0.6340427711409241,0.6436517228057332,0.6436517228057332,0.7702649709475864,0.6464309549225528,0.6846908034171252,0.684445242253496
final-final-SME14295-024851,0.5386132042157953,0.7515747614873828,0.6762236672545797,0.5294439400694576,0.6762236672545797,0.5326658377608734,0.5750264308367109,0.577410653120222
final-final-SME14297-024854,0.7777544643979101,0.6668795048678903,0.7230684035013488,0.7230684035013488,0.8289624954194917,0.8226287358994175,0.7593259331086005,0.7618879214395087
final-final-SME14297-024855,0.827160430341995,0.6668795048678903,0.7684785646260917,0.7684785646260917,0.860361891312366,0.8548661466056156,0.7986057673145006,0.8019142622494166
final-final-SME14344-024936,0.5947443802059736,0.5857634982017661,0.5797727157877057,0.5797727157877057,0.6994357447033277,0.5823993866775133,0.618255298133228,0.6192261506879941
final-final-SME14380-024994,0.0306368403553506,0.1497911527733119,0.0625329800532345,0.0625329800532345,0.15894901343205783,0.15592755459767468,0.10706820255730047,0.1100431143334699
final-final-SME14380-024995,0.071618354870928,0.2471257134617169,0.11678266460799736,0.11678266460799736,0.27252723914346333,0.26764655898948403,0.17493389513753926,0.18318979469393928
final-final-SME14391-025015,0.4161804802266181,0.4663752488903371,0.44647294561301826,0.44647294561301826,0.6181431297379189,0.6079356702468944,0.5043306127766746,0.5159923697677016
final-final-SME14444-025113,0.7721987357841893,0.7011967156521112,0.7181500968238205,0.7181500968238205,0.8254709234010036,0.7205058494200476,0.7531185939895093,0.760077709988332
final-final-SME14488-025191,0.3427890737602419,0.4191387602815924,0.38829461959027267,0.38829461959027267,0.5602359301370681,0.3920688282097711,0.45375503216053503,0.4681009992646299
final-final-SME14488-025192,0.4525414058714271,0.4852984947926077,0.47467207313695414,0.47467207313695414,0.644559095168124,0.47840118896637235,0.5398977808996874,0.5350675330072154
final-final-SME14511-025237,0.4159579831349644,0.4767591361088268,0.44629941141251384,0.44629941141251384,0.61797736464194,0.4500678391905492,0.500667279794205,0.5200680407572205
final-final-SME14511-025238,0.3804232981982919,0.3367106627513869,0.41838763732121953,0.41838763732121953,0.5907846891100604,0.42217184971769584,0.468230457858713,0.4835641068068546
final-final-SME14572-025348,0.3345558360736788,0.3901563613233239,0.38162086964179337,0.38162086964179337,0.5532799206491746,0.5479005170583815,0.4375439828766069,0.44470666741716514
final-final-SME14573-025349,0.3475466442343028,0.4231461636603348,0.3921350333731627,0.3921350333731627,0.5642083885318492,0.3959121404462717,0.4500000203357084,0.453367902981056
final-final-SME14573-025350,0.4649748908486004,0.5265421710044718,0.4842551337862717,0.4842551337862717,0.653306595400685,0.48796590859387845,0.5363629623607067,0.538533184699416
final-final-SME14576-025355,0.2499608719189605,0.4499279456790053,0.3104640878496245,0.3104640878496245,0.4746855271895888,0.4648630801958148,0.37126191182291934,0.3936605079591684
final-final-SME14586-025369,0.2437265930998074,0.3228867301474771,0.3014141784618461,0.3014141784618461,0.4212118085968876,0.41404644774808136,0.35343790229516253,0.31403716211035054
final-final-SME14607-025412,0.253499117395186,0.2891425828786372,0.3135559364574753,0.3135559364574753,0.4782784382915006,0.3171716881594383,0.36316782296295824,0.33501101932774724
final-final-SME14628-025452,0.569585386916318,0.5890594325230447,0.5603331341755381,0.5603331341755381,0.6825003024785176,0.5630147723354574,0.6043054005006432,0.6108670887149262
final-final-SME14628-025453,0.4382920498953271,0.4451854503993064,0.4594538482057231,0.4594538482057231,0.5890962084965116,0.46229957104048336,0.5051885461106289,0.5008457247449309
final-final-SME14680-025542,0.6369760128431783,0.5969027962268012,0.6127353972236171,0.6127353972236171,0.7274249682849536,0.615252897912019,0.6569718726418492,0.663313836091155
final-final-SME14680-025543,0.7063882349733294,0.6643974032219713,0.6683770309267553,0.6683770309267553,0.7727009715802231,0.6706670001888378,0.7056595232108893,0.7028278784290054
final-final-SME14680-025544,0.6830443191632715,0.6844712151020674,0.6494049513826258,0.6494049513826258,0.7575320971484543,0.651778403139236,0.6879020801408345,0.6944069465804363
final-final-SME14704-025587,0.598660987021754,0.6103573388911193,0.5828101270854115,0.5828101270854115,0.702052718196219,0.5854275691285746,0.6356757236931276,0.6172116061592136
final-final-SME14704-025588,0.7097114784874089,0.7101956045191207,0.6711036430469051,0.6711036430469051,0.7748587621412484,0.6733811263553529,0.7120170758448605,0.7128786940984326
final-final-SME14704-025589,0.3897146365792919,0.4339319906137846,0.42159828517767417,0.42159828517767417,0.5514562361950466,0.42444874035032326,0.47550608930149496,0.43168726128683155
final-final-SME14727-025623,0.8265578808937711,0.7115837052472986,0.7679038780329579,0.7679038780329579,0.8599737211611471,0.7699248629517377,0.8014589161261554,0.8026910656200281
final-final-SME14727-025624,0.7960987321478151,0.7115837052472986,0.7395564163484383,0.7395564163484383,0.8405361967448246,0.7417729794091426,0.7763586988626575,0.7777100879937711
final-final-SME14738-025639,0.7187875545534466,0.653525223652466,0.6723498499693544,0.6723498499693544,0.7920605897861899,0.6749775681403188,0.7098336771648364,0.7088622036682767
final-final-SME14739-025640,0.336024625419044,0.4168393772733762,0.3828140964441867,0.3828140964441867,0.5545285675758903,0.3865833258107472,0.4536955328772299,0.39792900031310424
final-final-SME14739-025641,0.4730883239909968,0.6074940290813846,0.49049637599813883,0.49049637599813883,0.6589428898927148,0.4941938718625335,0.5456053993268333,0.5659930800350863
final-final-SME14757-025668,0.3098129277485687,0.3653957385518299,0.36133300963067505,0.36133300963067505,0.5317130768893797,0.36507294808056556,0.42487100309440307,0.436633569835742
final-final-SME14757-025669,0.4261642669545242,0.4838697975588782,0.45424617327561906,0.45424617327561906,0.6255275827462622,0.45800589669477965,0.5163351533773753,0.5319114369232143
final-final-SME14768-025687,0.1144313830335965,0.2397303017086119,0.1641424034658412,0.1641424034658412,0.35748305713793144,0.16838633972099767,0.23772197013919127,0.2570285663288346
final-final-SME14768-025688,0.1245933710345401,0.2385738996098818,0.17456165030229887,0.17456165030229887,0.3746737360684985,0.17895422330620794,0.24308710097634015,0.26162611647501777
final-final-SME14884-025891,0.4311883891643212,0.4678399605244275,0.4581484164324247,0.4581484164324247,0.6292048333888844,0.6238443149763468,0.5315600919793066,0.519712693699071
final-final-SME14921-025949,0.6615908514898311,0.6679374658383193,0.6255766618507572,0.6255766618507572,0.7561793307468225,0.6284434640003366,0.6679777863839467,0.6704218928224297
final-final-SME14931-025966,0.4881258353101497,0.4814040687106352,0.5020439120797314,0.5020439120797314,0.6692470818225393,0.5057141158396302,0.5433608904986491,0.5551765011900275
final-final-SME14950-025998,0.6008971236280176,0.6066952094643024,0.5845458497103607,0.5845458497103607,0.7035446847916167,0.5871579411713697,0.622181473729565,0.63031344273342
final-final-SME14950-025999,0.4913670925907363,0.4629374479865373,0.5003032253265222,0.5003032253265222,0.6280790806293994,0.5031079773254122,0.5407694827646197,0.515406061827893
final-final-SME14960-026018,0.403407764932485,0.3942571315300399,0.4364879903551005,0.4364879903551005,0.6085397406369569,0.4402646231889933,0.463100520362705,0.47056778873153793
final-final-SME14970-026034,0.4024350272156176,0.4075129821600936,0.435725553758223,0.435725553758223,0.6078009241758969,0.43950270506740197,0.48573602988346587,0.4469064689676509
final-final-SME14970-026035,0.4613131128989642,0.4656971438125483,0.4814353390014432,0.4814353390014432,0.6507444681930395,0.4851517697575109,0.529663708559456,0.531854992981131
final-final-SME14975-026041,0.3915509917487356,0.4723565323546648,0.4271736405563377,0.4271736405563377,0.599459601122477,0.43095541443789903,0.479470770859974,0.4867533120400854
final-final-SME14975-026042,0.506176388737191,0.5579978896188974,0.5158813123867905,0.5158813123867905,0.6813868699692421,0.5195142526035197,0.5634593846543984,0.5753089486850878
final-final-SME14975-026043,0.4847186945942809,0.5287668460783789,0.4994294627174581,0.4994294627174581,0.6669280979480272,0.5031061521112462,0.5470819903771974,0.549647020574582
