facility_id,governed,existing_enhanced,state_oracle_calibration,normal_scenario,downturn_scenario,canonical_proxy,canonical_no_industry,capture_required_proxy
selection-selection-SME00044-000074,0.6901328341343188,0.6932496305058573,0.6486784946402373,0.6486784946402373,0.7741324458067458,0.7666287679042427,0.6976540203249026,0.6985563879305168
selection-selection-SME00044-000075,0.4522720049558998,0.4962860278261803,0.4631694483831833,0.4631694483831833,0.6156131337938627,0.6064951402754758,0.5364182254947971,0.5400208025317177
selection-selection-SME00075-000124,0.5444519441880925,0.562960097822904,0.541006136723049,0.541006136723049,0.6653361294577996,0.661439910729829,0.5902164128100318,0.5714220476698034
selection-selection-SME00085-000138,0.4070812770749166,0.487027268557405,0.4393646683097529,0.4393646683097529,0.6113202180904714,0.44313918948845676,0.5168300014630858,0.5193168914316797
selection-selection-SME00085-000139,0.524376739267109,0.5240373349949886,0.5298214501286388,0.5298214501286388,0.6933937247156252,0.5334119536946166,0.5991620398692956,0.5457573386540789
selection-selection-SME00144-000241,0.2920009364984705,0.3454239481163937,0.34648567011515935,0.34648567011515935,0.5155157675995361,0.5102187494229619,0.41959569958323617,0.4210100163179515
selection-selection-SME00144-000242,0.3842549953501105,0.3814826764136045,0.42141812972671333,0.42141812972671333,0.5937890382822752,0.5883873266976516,0.48962304391716105,0.4937313314863736
selection-selection-SME00144-000243,0.2755032955156137,0.2728575493204981,0.33252670975333554,0.33252670975333554,0.4999567035974386,0.4947098290236492,0.40020178559300557,0.41547815286008316
selection-selection-SME00178-000302,0.6775338906863702,0.6948102862904325,0.6384281706332062,0.6384281706332062,0.7662232921065361,0.6412333455353902,0.675376549389628,0.6776728303224947
selection-selection-SME00178-000303,0.6682796987805576,0.6992046675000392,0.6309531003984721,0.6309531003984721,0.7603986906943028,0.6337945040210042,0.6733558421224837,0.6707046032795826
selection-selection-SME00190-000324,0.2827784316238749,0.3013058126979691,0.33870843506920384,0.33870843506920384,0.5068872710440211,0.49682812341703253,0.39666644809158297,0.3936631081003573
selection-selection-SME00190-000325,0.3700556841770467,0.4032121541085733,0.410159179926005,0.410159179926005,0.5825617663204692,0.5722499868521165,0.4690437635716982,0.4802180355886875
selection-selection-SME00190-000326,0.3865381658228182,0.4352048047022697,0.4232212923169141,0.4232212923169141,0.5955705447689791,0.585261955321517,0.4815240425977105,0.4952361014894343
selection-selection-SME00197-000339,0.5348386542583021,0.6091442008482555,0.6736699720585003,0.5265431114182862,0.6736699720585003,0.5297726288845784,0.5739760187290679,0.5754063155264665
selection-selection-SME00197-000340,0.5453830436428377,0.6193043929619912,0.6807852172195917,0.5346503510455604,0.6807852172195917,0.5378580936745383,0.5817634446842328,0.5831840977870548
selection-selection-SME00262-000449,0.4137953764011865,0.4559014980782789,0.44044079320651003,0.44044079320651003,0.5703792425908126,0.44329301536365723,0.485707286401274,0.49306438767590094
selection-selection-SME00267-000458,0.1781014436106123,0.2021830864751438,0.22595287549230506,0.22595287549230506,0.4526702255299276,0.23092944903347834,0.29670121653188125,0.24108986738047905
selection-selection-SME00267-000459,0.191606737910408,0.2620261284025415,0.23820299912909518,0.23820299912909518,0.4697524315776281,0.2432856396010566,0.3120198573078884,0.31888712011798664
selection-selection-SME00284-000489,0.6410350009385911,0.5906819043578948,0.6091804125241994,0.6091804125241994,0.7431541105049301,0.6121212106610575,0.6505096377714996,0.6520978924649199
selection-selection-SME00284-000490,0.6480957640147668,0.6030729923571134,0.6147920382737729,0.6147920382737729,0.7476389684552535,0.6177081032227394,0.6580660634247245,0.6609215737465075
selection-selection-SME00341-000590,0.3242571937830938,0.3113574769114828,0.3692738701576298,0.3692738701576298,0.49685972976493537,0.48922853770995944,0.4231973263240314,0.43098295092872074
selection-selection-SME00341-000591,0.7966812561866282,0.680936767147135,0.7455215309995818,0.7455215309995818,0.8316882443500239,0.8265344229128586,0.771730869293858,0.7499909020506573
selection-selection-SME00363-000626,0.4722793351135099,0.4413951959262269,0.48564992125308964,0.48564992125308964,0.614283960854891,0.48847351088074864,0.5255109920205364,0.523868882129343
selection-selection-SME00363-000627,0.5273592243151585,0.5243774630582967,0.527893865912967,0.527893865912967,0.6535008263146515,0.5306510094470569,0.5656230908948939,0.5756400403119932
selection-selection-SME00393-000682,0.7138243124384979,0.6878392599889993,0.6682108811723783,0.6682108811723783,0.7889591769664266,0.6708613742814884,0.7303361663088108,0.7225291490231944
selection-selection-SME00393-000683,0.7419238544242058,0.682972284886582,0.6918871783708356,0.6918871783708356,0.8065139292536607,0.6944033001209331,0.74350690805318,0.7380055712527882
selection-selection-SME00440-000765,0.5944631142926188,0.5452574213167908,0.5795547176575684,0.5795547176575684,0.6992476214827552,0.6954967185571531,0.6208047145230512,0.6249084517479178
selection-selection-SME00483-000837,0.37677905957165,0.4161397019952305,0.41550019312511083,0.41550019312511083,0.5879101279264954,0.4192846883109693,0.479094822904244,0.4298278612372667
selection-selection-SME00483-000838,0.5115366798721666,0.5543593946909298,0.5199874858729169,0.5199874858729169,0.6849465660213371,0.5236084306021432,0.5751244194869515,0.5939211432946833
selection-selection-SME00493-000850,0.7074807468322827,0.6980446687016371,0.6629455389358387,0.6629455389358387,0.7849934835474642,0.7811687790087884,0.7032837491750228,0.7033727434358352
selection-selection-SME00493-000851,0.7320610260570658,0.7213282061329143,0.6835073922281204,0.6835073922281204,0.8003520847581078,0.7966904382857997,0.7261319214490498,0.723189474868227
selection-selection-SME00509-000880,0.2955202791035831,0.2791838362730721,0.3494368273616236,0.3494368273616236,0.5187637813315268,0.5086956496277196,0.40067169219518284,0.3621603955193874
selection-selection-SME00509-000881,0.5085144525120132,0.5213763570639466,0.5176724593633325,0.5176724593633325,0.6829420183018142,0.6731151381329398,0.5572716652553855,0.5730169457980248
selection-selection-SME00542-000937,0.6145061564910788,0.5859992000476447,0.5882628867895473,0.5882628867895473,0.7261841082306576,0.5912903352899652,0.6475579721764496,0.6448727284583795
selection-selection-SME00552-000951,0.3886265407109932,0.4279741642963963,0.4248689527175506,0.4248689527175506,0.5971944550575803,0.4286515945633223,0.49571123784541604,0.5028742036391909
selection-selection-SME00624-001075,0.5810548099685215,0.6232998771770382,0.573322298652233,0.573322298652233,0.7294877331353679,0.5767502179057248,0.6288645446023022,0.6463945426031144
selection-selection-SME00624-001076,0.688851212808957,0.7059428930764451,0.6579118417444231,0.6579118417444231,0.7942290876327538,0.6609040820779525,0.7032489530468409,0.7095076459775955
selection-selection-SME00643-001109,0.2572800749726155,0.2352936281509215,0.31319817514645576,0.31319817514645576,0.43476455828140004,0.3158666257335198,0.35672332561099884,0.3562373951774921
selection-selection-SME00647-001116,0.8004902041417378,0.7190752868230903,0.7435642719213238,0.7435642719213238,0.8433193303782858,0.8373879234574231,0.7762725006469595,0.7798644374818544
selection-selection-SME00647-001117,0.4505023509746541,0.4086115174767855,0.46180727591137855,0.46180727591137855,0.6143156730099707,0.6052475678328229,0.5230798633438957,0.49140740733375843
selection-selection-SME00653-001126,0.4671001968536942,0.6484254429541794,0.6104994469750578,0.48166826309294747,0.6104994469750578,0.48449618014860885,0.5227047827159166,0.5392360386167943
selection-selection-SME00659-001140,0.73799173097245,0.8251083114087813,0.8040569792437139,0.6885367780375286,0.8040569792437139,0.6910725115254964,0.7395870675843543,0.7405451471610894
selection-selection-SME00704-001213,0.7611611868148055,0.833923407496302,0.7084740481121161,0.7084740481121161,0.8185483378496778,0.7108902407757146,0.7508700397534925,0.7504568944146806
selection-selection-SME00704-001214,0.9333960372990988,0.8528273386775839,0.883251789766571,0.883251789766571,0.9335254777565063,0.8843553255366672,0.9024311500731308,0.9022887103316732
selection-selection-SME00704-001215,0.8546448497268603,0.8528273386775839,0.7953689961516658,0.7953689961516658,0.8782708499716667,0.7971887385408847,0.8303156658350519,0.8277261051817674
selection-selection-SME00742-001282,0.5936058698318014,0.5684606360758817,0.5719401133725329,0.5719401133725329,0.7126582953636433,0.7082485081193907,0.6205901712698795,0.6214574810341228
selection-selection-SME00773-001335,0.4480694200574657,0.6518815462845977,0.6413790108566113,0.47121896850434536,0.6413790108566113,0.4749540772836015,0.5234547947628485,0.5402164044260394
selection-selection-SME00773-001336,0.5399859585079585,0.7142401918118784,0.7035190428134704,0.5417788467789484,0.7035190428134704,0.5453291351887063,0.5858215926406805,0.5976775866212739
selection-selection-SME00785-001357,0.6951648139233898,0.6532375324243752,0.6527977801276083,0.6527977801276083,0.7772858023054278,0.7698837805159403,0.6985760438754018,0.7016394338998493
selection-selection-SME00830-001427,0.3427093311664289,0.4274950989493587,0.38823015172015923,0.38823015172015923,0.5601690571659869,0.3920043075463367,0.43861694539701523,0.440142926479093
selection-selection-SME00870-001494,0.656333347394549,0.5947441933350763,0.6280351789455505,0.6280351789455505,0.7401154766011245,0.6304954046129156,0.663686682605836,0.6729661643237006
selection-selection-SME00891-001531,0.6127763329488354,0.6380249009424334,0.5869071607734941,0.5869071607734941,0.7250702722159592,0.7207405550618267,0.6250295897671464,0.628994730866213
selection-selection-SME00966-001658,0.2449084110025671,0.275779724944785,0.3060277617969202,0.3060277617969202,0.4695003803914132,0.3096160778577275,0.3427216992665622,0.3524535035468905
selection-selection-SME00966-001659,0.3463909379387502,0.3769719734326297,0.39120316945824735,0.39120316945824735,0.5632465096471468,0.39497961768586237,0.4276199479130356,0.44326638166002086
selection-selection-SME00966-001660,0.3266406809141793,0.3339356478274271,0.37517012682518486,0.37517012682518486,0.546491858294272,0.3789307353349243,0.411420287043314,0.41091392472597604
selection-selection-SME00982-001689,0.6857906977754976,0.6743712712158887,0.6451357912921019,0.6451357912921019,0.7714090079425773,0.647907559526149,0.6840284584311931,0.6853081906298648
selection-selection-SME00982-001690,0.6597263934832592,0.6781972027193776,0.6240818056117884,0.6240818056117884,0.7550016883354091,0.6269555707835663,0.665050720407556,0.66573248933979
selection-selection-SME00986-001695,0.4720776780830092,0.620204796811361,0.6299665629357273,0.47839211975531276,0.6299665629357273,0.4817192641636457,0.5407759028806199,0.5453712799199908
selection-selection-SME00995-001710,0.2524858053880721,0.2929906337923016,0.31267170104061126,0.31267170104061126,0.4772526415796931,0.31628434539241007,0.37700555714978135,0.377622278635402
selection-selection-SME00997-001713,0.4068566394565963,0.5459630052254927,0.428049940398433,0.428049940398433,0.5814544597515926,0.43141725600962316,0.4878856779197071,0.49116354234370285
selection-selection-SME00997-001714,0.7880155471919638,0.7738648559611929,0.7322422868598708,0.7322422868598708,0.8354268576410236,0.7345072463114592,0.7651655932016587,0.7671888023449864
selection-selection-SME00997-001715,0.7225500987415009,0.7640346527505234,0.6754992538220089,0.6754992538220089,0.7944111709954744,0.6781094373859817,0.7132748457648802,0.7154632684336666
selection-selection-SME01015-001746,0.8318748643262891,0.7126104621695066,0.7729955293206064,0.7729955293206064,0.8634048562802318,0.7749800649741323,0.810553008777674,0.8073039570111008
selection-selection-SME01015-001747,0.8094250810149446,0.7100703550802526,0.7517972191342195,0.7517972191342195,0.8489999955165496,0.7539308748292628,0.7930907031266073,0.7893860282539764
selection-selection-SME01033-001777,0.7287781880803901,0.6924577147665975,0.6807354526552123,0.6807354526552123,0.7983015196927313,0.7946172669867679,0.7119103189487497,0.7174195645366802
selection-selection-SME01033-001778,0.7173555373033664,0.6924577147665975,0.6711538720609735,0.6711538720609735,0.7911658535440872,0.7874049514515974,0.706224583502995,0.7104425778271971
selection-selection-SME01042-001790,0.3350367834073746,0.3829080753037377,0.38201171439078696,0.38201171439078696,0.553689157061978,0.5434812659798908,0.42158868839242547,0.39165980495725283
selection-selection-SME01042-001791,0.450521653265595,0.493928807061251,0.47311294052924646,0.47311294052924646,0.6431250903927618,0.633016217139319,0.5088452563357024,0.5212731436479897
selection-selection-SME01069-001834,0.7708182982217309,0.66022401534829,0.7169331316175294,0.7169331316175294,0.8246041712280985,0.8212300061391827,0.751999867861966,0.7519253975438237
selection-selection-SME01078-001849,0.428625532079712,0.4778561562717475,0.45615859660852864,0.45615859660852864,0.6273322153728556,0.6171542815145352,0.4972255541403209,0.5104888877836302
selection-selection-SME01078-001850,0.4785498775236581,0.4634321729927924,0.4946930933177571,0.4946930933177571,0.662706241199075,0.6527162280252656,0.534412516262545,0.5390951550788917
selection-selection-SME01078-001851,0.5300045123620192,0.5410327287783244,0.5341318231543031,0.5341318231543031,0.6970619500550598,0.6873741718384481,0.5731411288480608,0.5443162695304951
selection-selection-SME01091-001871,0.7394002237551012,0.7310878141974468,0.6897354173871747,0.6897354173871747,0.804936995955049,0.7980465351015211,0.731478366090174,0.7332625788094824
selection-selection-SME01091-001872,0.7533096838804896,0.7365288870855321,0.7016636296000371,0.7016636296000371,0.8136329578705471,0.8069358250461978,0.7422353820396221,0.7439695344892341
selection-selection-SME01091-001873,0.7224233984905117,0.7365288870855321,0.6753930325735814,0.6753930325735814,0.7943320228561561,0.7872180191533565,0.7180657563959508,0.7200077483158094
selection-selection-SME01098-001883,0.1326572200826153,0.4242600908704905,0.38768946274253285,0.18265628034951095,0.38768946274253285,0.18715687419638835,0.24718767761133847,0.25529440461208974
selection-selection-SME01098-001884,0.1374305581880555,0.4639099542898873,0.3951541867874462,0.18738133119450703,0.3951541867874462,0.19194206241135592,0.26046706197585645,0.27158940705818624
selection-selection-SME01098-001885,0.114601814549011,0.4561703307516442,0.35777912475443846,0.1643192970934073,0.35777912475443846,0.16856584928475069,0.2323703080933297,0.24272645859563405
selection-selection-SME01136-001947,0.7778388515364741,0.6871862726813146,0.7231433662081234,0.7231433662081234,0.8290155719325787,0.8227204412046271,0.7607034016771126,0.7642124297742852
selection-selection-SME01165-001993,0.8154811121623321,0.8125124831691135,0.8442135048412002,0.7626289443470398,0.8442135048412002,0.7644197714057369,0.787057021741651,0.7937687815765971
selection-selection-SME01214-002077,0.5011038851719819,0.6341402086377402,0.6350286667921302,0.507769224325751,0.6350286667921302,0.5105626407719893,0.5616653721174545,0.5570706579294491
selection-selection-SME01214-002078,0.5616337042802781,0.7193863920092551,0.6770985184921661,0.5542104691914871,0.6770985184921661,0.5569079310953717,0.6030562796070023,0.6089995562326013
selection-selection-SME01219-002089,0.0947877753739338,0.2271903164353515,0.14320054544289504,0.14320054544289504,0.3213577455831286,0.14711119634032424,0.21580229482379368,0.2284038056925854
selection-selection-SME01219-002090,0.1005161458285799,0.1524173079893766,0.14942765752897597,0.14942765752897597,0.3323271548274999,0.15344240452032304,0.22396196461455867,0.16622007618559442
selection-selection-SME01237-002121,0.2647693950993462,0.2962908756025205,0.3233260599559312,0.3233260599559312,0.4895209741102641,0.4796390725879219,0.4091313851958648,0.4190915229828329
selection-selection-SME01237-002122,0.4532359862395195,0.5020225126338463,0.4752080833805161,0.4752080833805161,0.6450513845840861,0.6349525510231229,0.5567066229375537,0.5444436547026055
selection-selection-SME01237-002123,0.4302007007938473,0.5110263026488523,0.4573817517297336,0.4573817517297336,0.6284839342061977,0.6183102479288902,0.5180732040620974,0.5180835475709695
selection-selection-SME01254-002151,0.7192019236771203,0.7556404182204899,0.7923194784406338,0.6726961920152623,0.7923194784406338,0.6753219905350224,0.7103465359465645,0.7120128048222458
selection-selection-SME01254-002152,0.7352800577442643,0.7556404182204899,0.8023629109255873,0.686233697695432,0.8023629109255873,0.6887827993403769,0.7235922163163224,0.7253913322099634
selection-selection-SME01282-002201,0.807570289635238,0.675463063788221,0.7500792117046393,0.7500792117046393,0.8478186112805264,0.8420070548536861,0.7824989754720362,0.7870085548225595
selection-selection-SME01301-002235,0.3551796450061352,0.6234851881258651,0.5705121443516432,0.39827327387573885,0.5705121443516432,0.4020540141032941,0.4589918902551749,0.4741621701089478
selection-selection-SME01301-002236,0.4594838658312836,0.6769878266112674,0.6494601925045053,0.48002595263417114,0.6494601925045053,0.48374512964011085,0.5340079007960761,0.5350055218271412
selection-selection-SME01314-002264,0.2479492538043566,0.1639008628842517,0.30870082197956694,0.30870082197956694,0.4726288660859033,0.3122991348868963,0.37696953454085147,0.3700145774691632
selection-selection-SME01318-002271,0.7187875545534466,0.721206015018257,0.7920605897861899,0.6723498499693544,0.7920605897861899,0.6749775681403188,0.710338247406874,0.7121483163120201
selection-selection-SME01327-002288,0.5671278728759108,0.5734115698579417,0.5626050803799157,0.5626050803799157,0.7207827124963984,0.5660771685049124,0.6298795829408979,0.616753633532426
selection-selection-SME01327-002289,0.389357216938589,0.4895150688425989,0.42544506365850787,0.42544506365850787,0.597761371572054,0.4292275036814392,0.4860145842522875,0.5012709198608934
selection-selection-SME01337-002303,0.5509109290728499,0.6232049425175837,0.5459664249106666,0.5459664249106666,0.669772936267128,0.5486840475740371,0.5861341283906171,0.5918013759411239
selection-selection-SME01396-002399,0.5996110332020855,0.6202488531529128,0.5835474264937569,0.5835474264937569,0.702686785243951,0.5861626025284546,0.6259225729132643,0.6354647457519982
selection-selection-SME01396-002400,0.6905595639544713,0.6612981463220792,0.6554798484202435,0.6554798484202435,0.7624188647783541,0.6578272200670918,0.6884332891331877,0.6876636162933403
selection-selection-SME01412-002421,0.3858639748632099,0.4437803023964046,0.4226890403329077,0.4226890403329077,0.5950451572090438,0.5896439091619554,0.4791094745446742,0.4364695596736328
selection-selection-SME01435-002457,0.3648948968262825,0.6143144373209346,0.5480683960920035,0.39515610293250164,0.5480683960920035,0.3985126139014744,0.4390915909783411,0.4487224928400645
selection-selection-SME01491-002559,0.402704520853445,0.4097119638980558,0.43178372531159176,0.43178372531159176,0.5617320924146261,0.5576598066335419,0.4685424738366592,0.4674246322620642
selection-selection-SME01491-002560,0.4562234615884706,0.4582590921729478,0.4732957642575879,0.4732957642575879,0.6024905447581849,0.5984418746644258,0.5085222424881923,0.4901839538938276
selection-selection-SME01520-002616,0.4439247216125472,0.4706200087815587,0.46801525668086463,0.46801525668086463,0.6384151592172103,0.47175563052627245,0.524405781268709,0.5081722444018433
selection-selection-SME01520-002617,0.6172756542860325,0.5519535632298016,0.6013570521904963,0.6013570521904963,0.7517054300786636,0.6046572837750328,0.6481042238832071,0.6099398888697559
selection-selection-SME01520-002618,0.4347678315630068,0.4771433905048102,0.4609249755834372,0.4609249755834372,0.6318092857051589,0.46467598244820646,0.513450014968507,0.48422258700639664
selection-selection-SME01545-002658,0.0672019209535532,0.3056957371103814,0.2622547660543673,0.11148110398772432,0.2622547660543673,0.1147906707995371,0.1496853594244835,0.14818823938513803
selection-selection-SME01545-002659,0.0474294373181692,0.2985847549930065,0.2112251331774911,0.08635502497182547,0.2112251331774911,0.0890959941851505,0.12244472766791725,0.11787461914657314
selection-selection-SME01557-002682,0.4255514069870764,0.3713822012467062,0.44255282890856246,0.44255282890856246,0.5957411488843227,0.4459153988216355,0.5015040951429139,0.5127127198425397
selection-selection-SME01577-002717,0.4732737384081045,0.5129462172348833,0.48641407887456917,0.48641407887456917,0.6150085082910443,0.6109786518325622,0.5342681899520663,0.533567691100023
selection-selection-SME01596-002747,0.1188347807077475,0.4263126836977779,0.36504572563274,0.16868874021089703,0.36504572563274,0.1729988866470332,0.24765882403665612,0.23597602538775064
selection-selection-SME01596-002748,0.1396675397317648,0.4158418209831132,0.3985942400334073,0.18957953377692421,0.3985942400334073,0.19416752431536122,0.2657769406855506,0.2537911126465845
selection-selection-SME01618-002784,0.5614981487987384,0.4997250777321179,0.5470668694502565,0.5470668694502565,0.6915520482787105,0.6829610013391219,0.5943272676453561,0.5945548460984323
selection-selection-SME01644-002831,0.7500228099742661,0.7540940538040093,0.6988295639858044,0.6988295639858044,0.8115769194326433,0.7013044319474355,0.7440801785089445,0.7463718261747786
selection-selection-SME01644-002832,0.7755393088945447,0.7540940538040093,0.7211034172190017,0.7211034172190017,0.8275697062015738,0.7234404122336738,0.7638331556094615,0.7659971373868608
selection-selection-SME01644-002833,0.7353983549995144,0.7515539467147553,0.6863340455316257,0.6863340455316257,0.8024368110997753,0.6888825666354919,0.7284035366587128,0.7302017067328453
selection-selection-SME01667-002877,0.638258700247833,0.6510024678881291,0.6069793778985395,0.6069793778985395,0.7413872821186678,0.7371752446038987,0.6494454508723577,0.6502399899979731
selection-selection-SME01667-002878,0.6545126207678501,0.6510024678881291,0.6199100203926812,0.6199100203926812,0.7517047537767492,0.7475746070827458,0.6606424967343847,0.6623295556927681
selection-selection-SME01667-002879,0.6253188357909641,0.6510024678881291,0.5967588322742174,0.5967588322742174,0.7331252299812929,0.7288518177424158,0.6439076017338781,0.640972640765019
selection-selection-SME01693-002927,0.2527964094967846,0.2392297481896345,0.31294284468342154,0.31294284468342154,0.4775673415065637,0.47240838481802383,0.37798206910434073,0.3823203557429462
selection-selection-SME01693-002928,0.4581384806698487,0.4611669336513469,0.4789890359685817,0.4789890359685817,0.6485137523710148,0.6432012339643727,0.5424622000107662,0.4941909391721638
selection-selection-SME01693-002929,0.3046507622189534,0.3059425483264685,0.3570523904774201,0.3570523904774201,0.5270797965830498,0.5217515250263198,0.4244382667490558,0.4277664136508438
selection-selection-SME01703-002942,0.4256881163183998,0.4383374626623297,0.44265861448363497,0.44265861448363497,0.5958444122375154,0.586682031340819,0.5049165131001737,0.5034101633850039
selection-selection-SME01703-002943,0.7106776194747063,0.6805088731725865,0.6655956365469802,0.6655956365469802,0.7869923023777113,0.7797312996722439,0.7061654256772002,0.7065294045426469
selection-selection-SME01704-002944,0.1535971433943683,0.2090225299645265,0.20305129118662452,0.20305129118662452,0.4192353764516808,0.2077966536327465,0.2760986658643244,0.21466439474907525
selection-selection-SME01704-002945,0.0219526964266937,0.0231828729758265,0.04880419544852541,0.04880419544852541,0.12691836511339724,0.05051884547367969,0.07577392802069136,0.07595926260808128
selection-selection-SME01715-002962,0.6001015141615705,0.5951955362525337,0.5770002517104111,0.5770002517104111,0.7168784273193503,0.5800706564571476,0.6233848680200216,0.6238650669839538
selection-selection-SME01719-002969,0.3555404422391772,0.6386224774959325,0.570808031562201,0.3985627289821487,0.570808031562201,0.40234361039801314,0.459926595148303,0.4764863008369916
selection-selection-SME01719-002970,0.4762329984767646,0.7020667336872043,0.6611127340291806,0.49291319222242347,0.6611127340291806,0.4966052669103734,0.5532990714205384,0.5474040750459723
selection-selection-SME01778-003073,0.702868869148738,0.6937014031988663,0.6591343020301992,0.6591343020301992,0.7821087168131956,0.6618336597050696,0.6993179464868968,0.7026268988431847
selection-selection-SME01778-003074,0.7175103075934083,0.6937014031988663,0.6712830612243295,0.6712830612243295,0.7912625587362541,0.6739166787780899,0.7104880737354282,0.7137164399097977
selection-selection-SME01795-003097,0.3124987583275312,0.356681953736841,0.3596501112757976,0.3596501112757976,0.486475512315722,0.48250109317642115,0.40628332837626363,0.4099104914492297
selection-selection-SME01803-003109,0.4081608906648685,0.5542286731645343,0.4402093202856222,0.4402093202856222,0.612134503991746,0.4439831749118838,0.48173320238238937,0.51500414316643
selection-selection-SME01806-003115,0.3966598917408104,0.4176045639343682,0.420104694493366,0.420104694493366,0.5735170148331928,0.564341085120323,0.4667640761560804,0.47750947138321886
selection-selection-SME01826-003151,0.6349445333669611,0.658041009501128,0.6151482340612257,0.6151482340612257,0.7623507737295667,0.7577377814881515,0.6574068749358062,0.6659190590789899
selection-selection-SME01833-003167,0.8077608126538797,0.7055360233196063,0.7555479568778529,0.7555479568778529,0.839052633401471,0.7573809315649809,0.7805092117629021,0.7767818189697491
selection-selection-SME01873-003238,0.1413881015909877,0.1979452960041288,0.19126346169602723,0.19126346169602723,0.40121559888840674,0.3946361772145748,0.2442461867482322,0.2021043271682323
selection-selection-SME01879-003249,0.2693252843002749,0.3430711658157437,0.3272431838112148,0.3272431838112148,0.4939817048662499,0.48400870565575776,0.3885589710137989,0.39871878764555324
selection-selection-SME01879-003250,0.3920075427636937,0.3976931289571717,0.4275331667570691,0.4275331667570691,0.5998122962255804,0.5895079009886415,0.4885163501313766,0.486723799307589
selection-selection-SME01890-003268,0.5404058243320422,0.5277374995700812,0.5308220964885862,0.5308220964885862,0.6774338477262346,0.6728393694483232,0.5771439654515939,0.5780106464203151
selection-selection-SME01890-003269,0.5859119794078654,0.5940400402383899,0.5659600133040419,0.5659600133040419,0.7076391624706131,0.703199260704324,0.6097473668906432,0.6115609528487488
selection-selection-SME01907-003295,0.6395894756877254,0.6632330715555292,0.742234428121285,0.6080340331503515,0.742234428121285,0.610979807413841,0.6528966084418375,0.6548730833014194
selection-selection-SME01907-003296,0.4195413393951289,0.5545515214385004,0.5911844113163887,0.43789858897843215,0.5911844113163887,0.4412632991232776,0.5030475209714966,0.5023778091868024
selection-selection-SME01918-003314,0.4175733770070635,0.4958781621617007,0.4475590127052366,0.4475590127052366,0.6191796666920313,0.4513261827326201,0.5007703663546073,0.5188184951237962
selection-selection-SME01930-003334,0.4070578978547726,0.4296509658031738,0.43934637335629506,0.43934637335629506,0.6113025702336571,0.6059138547682462,0.48686007510652546,0.4932422425955435
selection-selection-SME01930-003335,0.3943801612284962,0.3351576377793215,0.42940040762655823,0.42940040762655823,0.6016411916145304,0.5962435578374098,0.4748093962223592,0.5010640076889004
selection-selection-SME01945-003357,0.4573863162348179,0.502305694368852,0.46710405514149195,0.46710405514149195,0.6193486810018238,0.6102962595862048,0.5171771150959574,0.5213759829612226
selection-selection-SME01964-003383,0.4016431600763382,0.3975209945310713,0.43510466460276526,0.43510466460276526,0.6071986873035633,0.5969053637112365,0.4933405899532357,0.5137182729323777
selection-selection-SME01964-003384,0.449220598838032,0.4942887025740204,0.47210821392655605,0.47210821392655605,0.6421993809137458,0.632025852545247,0.5296663809563424,0.5349126274586447
selection-selection-SME02030-003490,0.5320813736432397,0.6292788003128121,0.698410578268987,0.5357226784703922,0.698410578268987,0.5392937695116045,0.5871727309982571,0.5959085379584379
selection-selection-SME02071-003560,0.7187875545534466,0.6373818062525238,0.6723498499693544,0.6723498499693544,0.7920605897861899,0.6749775681403188,0.7104285129282151,0.7120028779234204
selection-selection-SME02071-003561,0.7352800577442643,0.6373818062525238,0.686233697695432,0.686233697695432,0.8023629109255873,0.6887827993403769,0.7227843137940342,0.7244019126691785
selection-selection-SME02071-003562,0.4040716787169475,0.3336846597421669,0.4258825710274331,0.4258825710274331,0.579297068049182,0.42925010565406907,0.4824314232135121,0.4887531108209673
selection-selection-SME02093-003598,0.3857811467435239,0.4067041012568729,0.4226236387668537,0.4226236387668537,0.5949805718702165,0.4264069705355853,0.4835760439515522,0.4757717203524891
selection-selection-SME02093-003599,0.4874373804460434,0.4872833841462095,0.5015157107967005,0.5015157107967005,0.6687792278482658,0.5051872392140196,0.5550752346956223,0.5557891706034598
selection-selection-SME02107-003622,0.5394300771088055,0.5404418416950802,0.5371518653104123,0.5371518653104123,0.6618733720630614,0.6579648841777037,0.5792872081973404,0.5747052520773559
selection-selection-SME02107-003623,0.6527379935136947,0.6653767039281665,0.6251826043433807,0.6251826043433807,0.7377635386334536,0.7342355086308361,0.6597822679561671,0.6711435273589721
selection-selection-SME02107-003624,0.3860805082328642,0.4308254815060683,0.4187390125437326,0.4187390125437326,0.5485515126091758,0.544483484591522,0.46046724577864745,0.4822162889463373
selection-selection-SME02112-003634,0.5658881101086627,0.5624385313231423,0.5504559899233726,0.5504559899233726,0.6944638503489161,0.6858504221546324,0.6067041186792705,0.6101472394468318
selection-selection-SME02112-003635,0.5806950183086416,0.5720786123918289,0.5619128092372867,0.5619128092372867,0.7042226296035128,0.6957107649355444,0.6169742631504131,0.620499126188403
selection-selection-SME02137-003682,0.2771110116457363,0.3137411442466332,0.3113285251545391,0.3113285251545391,0.5615618186036532,0.5537200772598875,0.421706563310675,0.41191010995733757
selection-selection-SME02150-003705,0.8653042513753463,0.8159278274661405,0.8061993796584046,0.8061993796584046,0.8853460313100631,0.8079366932447568,0.8320879376611494,0.8361695008237362
selection-selection-SME02151-003706,0.4039874119771086,0.4369286372834502,0.4327868623538147,0.4327868623538147,0.5627381400657786,0.5586657630728413,0.47349847233904424,0.4703254894458363
selection-selection-SME02151-003707,0.4644049717202739,0.5004631279234417,0.4795949939999782,0.4795949939999782,0.608522668193886,0.6044823686032661,0.528063144957662,0.5189053802782457
selection-selection-SME02154-003711,0.6297210418740465,0.6130378130794838,0.6002291035493074,0.6002291035493074,0.7359412268193359,0.603208061100505,0.647380840439267,0.6511355202599391
selection-selection-SME02156-003714,0.4334812243008579,0.5547912248422289,0.45992729430064383,0.45992729430064383,0.6308745920421369,0.6206498566023344,0.5075916653528083,0.5053844545488351
selection-selection-SME02156-003715,0.6606001142838699,0.6927615028427485,0.6353535402246431,0.6353535402246431,0.7776215527061703,0.7691121886601245,0.6682917220218785,0.6894436249886824
selection-selection-SME02156-003716,0.6042162837726199,0.6643563038912697,0.5912170021126354,0.5912170021126354,0.743760149718302,0.7346362071463562,0.6261400844355799,0.6396121967914429
selection-selection-SME02181-003755,0.3930908803502079,0.4843122080849232,0.4283859883758589,0.4283859883758589,0.6006482004767375,0.4321672409652304,0.4971614679764842,0.4902645981004712
selection-selection-SME02192-003769,0.394996514823945,0.5225843341885242,0.5556544070823431,0.42574621011860303,0.5556544070823431,0.42859776821807793,0.4769286158028266,0.4821963845984293
selection-selection-SME02192-003770,0.4357892035755358,0.5324164393820467,0.5872067714207221,0.45751724130852606,0.5872067714207221,0.46036399954743656,0.5136576814501537,0.5141853928147176
selection-selection-SME02197-003775,0.4202236164637278,0.4564027849730932,0.4496240093692677,0.4496240093692677,0.621146184657947,0.610887064522347,0.4913285116959605,0.4956538612370116
selection-selection-SME02197-003776,0.377101356224001,0.4006640768550317,0.4157557678116762,0.4157557678116762,0.588165037606635,0.5778528583893374,0.45783470601380877,0.4811074433719197
selection-selection-SME02207-003797,0.2119892121136452,0.233101896637832,0.2764458654864686,0.2764458654864686,0.43399882016264096,0.2799042415897752,0.32547709099210015,0.348469379797103
selection-selection-SME02236-003850,0.5087201040916639,0.5742712823525378,0.513607120011384,0.513607120011384,0.6404260627941805,0.6328854451397594,0.5571580006068292,0.5636041284743473
selection-selection-SME02259-003891,0.250222178998309,0.3389248771973588,0.3106928426274137,0.3106928426274137,0.4749519375222626,0.4698044316977093,0.3493021095572546,0.3702235300286705
selection-selection-SME02259-003892,0.3577468975503046,0.3608416842775691,0.4003315753865207,0.4003315753865207,0.572613513379057,0.5672145899291888,0.4435195077534051,0.42009089235775343
selection-selection-SME02295-003956,0.252423485374569,0.2847536641911906,0.3126172872650143,0.3126172872650143,0.47718947107518617,0.4674040566297194,0.36883060330255113,0.37357038327810055
selection-selection-SME02295-003957,0.4216946088660325,0.4547575627576792,0.4507693670157334,0.4507693670157334,0.6222344955949629,0.61203922864737,0.5200552447824787,0.5100529211465479
selection-selection-SME02299-003963,0.1478262643344993,0.1913664601465345,0.19751380796332163,0.19751380796332163,0.4108415667139551,0.404156360750713,0.27587860907732176,0.2595576715327508
selection-selection-SME02299-003964,0.018462609153556,0.0,0.04288518667504229,0.04288518667504229,0.11264756234461591,0.1104613684213894,0.0656727657531314,0.07341441874631636
selection-selection-SME02312-003985,0.3954412565973103,0.3750052118736936,0.41915329300813525,0.41915329300813525,0.5725612193186933,0.5634396283947983,0.4886392716579686,0.5007279784140565
selection-selection-SME02325-004006,0.225961771703954,0.4848607793059303,0.4494501760382975,0.28915357564004457,0.4494501760382975,0.2926721763124219,0.36863318737345585,0.3711095136342165
selection-selection-SME02325-004007,0.3203141535382475,0.5284235073164762,0.5409924197412951,0.36998819449076825,0.5409924197412951,0.3737418335601619,0.4418072706081426,0.4531560218152185
selection-selection-SME02327-004010,0.6130895541685886,0.66022401534829,0.5871525756505387,0.5871525756505387,0.7252720274818863,0.7209436785205026,0.6303298212020345,0.6337054830166781
selection-selection-SME02327-004011,0.6317302692773801,0.66022401534829,0.6018152712838488,0.6018152712838488,0.7372246657000854,0.732981243764131,0.6441453312078359,0.647454758779508
selection-selection-SME02355-004064,0.6102718587154813,0.6081863528985774,0.5849459240403313,0.5849459240403313,0.7234559121532919,0.5879862963008433,0.6322393355548537,0.6366256287834173
selection-selection-SME02378-004100,0.6353497174297031,0.7248783082944338,0.7395338782806281,0.6046763435115734,0.7395338782806281,0.6076365423637926,0.6530602950054727,0.6552621990424192
selection-selection-SME02456-004241,0.2938606874645155,0.3419342568017746,0.3480462891626986,0.3480462891626986,0.5172351499275155,0.5119331564714213,0.42158483435316507,0.4145668353817996
selection-selection-SME02456-004242,0.331529453066231,0.3432009816062747,0.37915854972853846,0.37915854972853846,0.5506963729181786,0.5453207683310164,0.4630458518683738,0.450776870298755
selection-selection-SME02456-004243,0.3881461689431303,0.4314211971396131,0.4244900937665373,0.4244900937665373,0.5968213913507251,0.5914209210837039,0.49488044008217447,0.49201908985739456
selection-selection-SME02466-004259,0.3915835765855853,0.4495938116680261,0.4021322315102382,0.4021322315102382,0.6558444797772568,0.6478937159151338,0.4778211644271876,0.501606399175079
selection-selection-SME02466-004260,0.4064506132546363,0.3884113863467298,0.41361369211044285,0.41361369211044285,0.6664944493946179,0.658569742565623,0.4895345668992441,0.4332298006564536
selection-selection-SME02476-004274,0.6968731812705831,0.6355917601350719,0.6541997340486058,0.6541997340486058,0.7783557607993655,0.65692502877176,0.691586593668375,0.6930416697936848
selection-selection-SME02546-004404,0.7648181304125363,0.7333911828589911,0.711666320556936,0.711666320556936,0.8208400803494007,0.81741882343343,0.7492375715772446,0.7498595945529363
selection-selection-SME02546-004405,0.7787275905379247,0.7333911828589911,0.7239333255466445,0.7239333255466445,0.8295746381631546,0.826264080094178,0.7602889139405484,0.7608908106211667
selection-selection-SME02660-004611,0.5254148569421724,0.5993320374321184,0.5193059699592196,0.5193059699592196,0.6672605949774448,0.5225536573198815,0.5688923421953351,0.5712777315068002
selection-selection-SME02660-004612,0.5411158865151265,0.5993320374321184,0.5313680798028111,0.5313680798028111,0.6779127412327457,0.5345848176684901,0.5767751299260984,0.5797902652109013
selection-selection-SME02684-004651,0.2923530379094233,0.5732802051513513,0.5158418143656434,0.34678133144838436,0.5158418143656434,0.3504923042786701,0.41509213988365956,0.4267412446996663
selection-selection-SME02684-004652,0.4223594084986587,0.6121563671366415,0.6227256051508425,0.4512868150725219,0.6227256051508425,0.4550499930846721,0.514388891725324,0.5233835967529148
selection-selection-SME02684-004653,0.4068965550872351,0.5938080546704925,0.6111807636614883,0.4392201132265442,0.6111807636614883,0.4429947463674815,0.49801595598710974,0.5016107659537006
selection-selection-SME02710-004698,0.4081399076366114,0.6076873744787841,0.6121186901326136,0.44019290721710685,0.6121186901326136,0.44396677499635195,0.4882370863620423,0.4990988968453437
selection-selection-SME02710-004699,0.550589086626716,0.698658638681859,0.7103127037826813,0.5499075696171618,0.7103127037826813,0.5534285526668667,0.5933007873807565,0.6017287237879371
selection-selection-SME02715-004707,0.5218102458048353,0.4931850429677559,0.5165394072971807,0.5165394072971807,0.6647959129425083,0.519793721107654,0.5688276363640298,0.5373775711113765
selection-selection-SME02715-004708,0.6700586007049101,0.6403895619991454,0.6323866340987139,0.6323866340987139,0.7615194538694322,0.635221172232039,0.682957883160892,0.6839950309685356
selection-selection-SME02715-004709,0.6436361327564017,0.6403895619991454,0.6112453370750424,0.6112453370750424,0.7448077052649696,0.614177106291294,0.6583511262761779,0.6630557376585091
selection-selection-SME02723-004724,0.6399644701551394,0.6119216063121546,0.6083313451967742,0.6083313451967742,0.7424730606057226,0.6112758314108244,0.6468250046785207,0.6496815489787575
selection-selection-SME02727-004731,0.4238515141653212,0.4590561449540198,0.4524477859854586,0.4524477859854586,0.6238262023905439,0.4562096387614733,0.5094225229339346,0.5061354799402565
selection-selection-SME02798-004861,0.6650965739920977,0.635866090930624,0.6350104832864361,0.6350104832864361,0.745839563687447,0.637443244030264,0.6856434396516925,0.6809580363056384
selection-selection-SME02825-004906,0.5789213079794795,0.6273489206111739,0.5605381349920989,0.5605381349920989,0.703058529034223,0.5636665379217818,0.609200875755235,0.6137141693294814
selection-selection-SME02825-004907,0.5881807685060096,0.6281101344184606,0.5677219870738143,0.5677219870738143,0.7091215914272146,0.5708257880384988,0.6160020408647529,0.620479841603506
selection-selection-SME02904-005052,0.3737189153679501,0.4141842916353569,0.4130715031070119,0.4130715031070119,0.5854831333252455,0.41685603550822525,0.4550374524429343,0.4796053705045714
selection-selection-SME02904-005053,0.5071303986691498,0.4767858486459443,0.516612184026299,0.516612184026299,0.6820218887946619,0.5202430202197661,0.5527490361978712,0.5793408022661161
selection-selection-SME02907-005058,0.3161553989477655,0.3995744577897467,0.36656875330913313,0.36656875330913313,0.5373405065472854,0.3703172894869058,0.4301587533770473,0.440257593133468
selection-selection-SME02907-005059,0.3883273384137418,0.3941375108799923,0.4246329879525998,0.4246329879525998,0.5969621231641665,0.42841570954194813,0.4777751161920109,0.4931125211251326
selection-selection-SME02914-005070,0.6213492639297047,0.777165969033651,0.7305811330172847,0.5936353266644597,0.7305811330172847,0.5966413642542473,0.6584598578142025,0.6607099930201777
selection-selection-SME02926-005094,0.7248399654095891,0.7076896488815944,0.6774210480400716,0.6774210480400716,0.7958415747191944,0.7921305451946637,0.716560356096574,0.7166467053363779
selection-selection-SME02926-005095,0.752939507395297,0.7028086086900031,0.7013439587188904,0.7013439587188904,0.8134013571953318,0.8098897336124122,0.7383801817620775,0.7384618911704393
selection-selection-SME02929-005098,0.7375773618487762,0.6997232880166595,0.6881844574924113,0.6881844574924113,0.8037980964957491,0.8001750284364222,0.7434848840311802,0.7426677227615585
selection-selection-SME02943-005126,0.4544684618143409,0.689484809247262,0.6459238397331168,0.47615898465689793,0.6459238397331168,0.4798854188528394,0.5335187838227619,0.5532693901816346
selection-selection-SME02943-005127,0.5876091616074538,0.7357991013244931,0.7335515376422297,0.578376186055448,0.7335515376422297,0.5817823724316601,0.625668999702216,0.6238914045769944
selection-selection-SME02966-005167,0.3144082030695497,0.3061614261005613,0.3651289745759685,0.3651289745759685,0.5357973428167933,0.3688752413948139,0.42204639218208917,0.42096571275564476
selection-selection-SME02967-005168,0.357120488225032,0.3524668404514164,0.3957791685660402,0.3957791685660402,0.5249015278891218,0.517178434392563,0.45641299247573497,0.4573882941439221
selection-selection-SME02967-005169,0.4817228753474369,0.486007365315901,0.4929031325077237,0.4929031325077237,0.6211383056873567,0.6134682767535167,0.548055732481618,0.5369511564088807
selection-selection-SME02999-005227,0.5942997468732589,0.5813040984406325,0.5724801337862943,0.5724801337862943,0.713109839614958,0.7046984663082577,0.6176396302999538,0.6189678045361795
selection-selection-SME02999-005228,0.609183276824804,0.5716640173719458,0.5840940467669705,0.5840940467669705,0.7227535773378002,0.7144600445646886,0.6286208738018512,0.6299304407601701
selection-selection-SME03019-005262,0.6410350009385911,0.6059685834932134,0.6091804125241994,0.6091804125241994,0.7431541105049301,0.73895568002451,0.654125525241786,0.6557012048750119
selection-selection-SME03019-005263,0.6544359922374425,0.5831854184571462,0.6198487971696195,0.6198487971696195,0.751656254899311,0.747525709453304,0.6640671858083474,0.6656173880479082
selection-selection-SME03029-005285,0.2645886832608651,0.3065356566760956,0.3231703108097886,0.3231703108097886,0.4893430617566524,0.4841355863110547,0.37544225361886635,0.35298500816568495
selection-selection-SME03029-005286,0.5007118835484656,0.5504082397013673,0.5116942166316352,0.5116942166316352,0.6777370166370271,0.6725336135578854,0.5569276738739031,0.5658517799347147
selection-selection-SME03034-005295,0.734266060092413,0.6194808284480277,0.6853740171500389,0.6853740171500389,0.8017294797056228,0.6879280850951213,0.7297610938155423,0.7282412786540946
selection-selection-SME03036-005299,0.3842442388307301,0.3976277354139437,0.4172925529327334,0.4172925529327334,0.5470786830325735,0.5393616372785649,0.4608288748585506,0.44758378817801325
selection-selection-SME03036-005300,0.476190871903025,0.4724053873800541,0.488655210541928,0.488655210541928,0.6171301871580878,0.6094911022109567,0.5315196427002905,0.5336422569959447
selection-selection-SME03062-005347,0.133536000258146,0.1890329806753448,0.18352976984457542,0.18352976984457542,0.3890767084923255,0.376782492111598,0.2505019327433793,0.22179959323036336
selection-selection-SME03062-005348,0.1444622880111872,0.3044639776737166,0.19425779855734368,0.19425779855734368,0.40584738352253996,0.3931917431195058,0.27360798790172025,0.28817019671335214
selection-selection-SME03112-005436,0.2550985982389697,0.2774624754312757,0.2930988604770324,0.2930988604770324,0.5401726731866325,0.5253946427501456,0.38332047075867426,0.36185053259764877
selection-selection-SME03112-005437,0.1468616950023245,0.1983154730248087,0.19658235774428626,0.19658235774428626,0.4094173506386992,0.3966872196367547,0.27827417212799427,0.2589002153654084
selection-selection-SME03118-005447,0.5061054185119178,0.5250464234038995,0.5116030666773007,0.5116030666773007,0.638576835507632,0.6345977668597863,0.5446250624935002,0.5513285130394605
selection-selection-SME03118-005448,0.5449286623905493,0.611064872719846,0.5413721172717676,0.5413721172717676,0.6656642393292983,0.6617692073820761,0.5728232598115957,0.5768548007401347
selection-selection-SME03153-005516,0.7419625149932368,0.7353541341749222,0.6919201837285627,0.6919201837285627,0.8065380890495403,0.694436111313595,0.7334516401698463,0.7352268131065062
selection-selection-SME03153-005517,0.7674790139135155,0.7359648548483527,0.7139974590945662,0.7139974590945662,0.8225087001898422,0.7163793419600153,0.7571818550239866,0.7575065102963923
selection-selection-SME03153-005518,0.7298076708263869,0.7397907863518416,0.6816038183536732,0.6816038183536732,0.7989445615171602,0.6841795137630988,0.723703125857721,0.725619022188708
selection-selection-SME03158-005525,0.656813957197825,0.6777580333978593,0.7531607059078025,0.6217499160463894,0.7531607059078025,0.6246344569063653,0.6591902230961245,0.6623005747302501
selection-selection-SME03158-005526,0.6230244685256623,0.6806492804662054,0.73165534269729,0.5949528338474065,0.73165534269729,0.5979535309199572,0.6329028592609761,0.6369328670179626
selection-selection-SME03183-005569,0.2063616656135725,0.198688921216427,0.2513267930954089,0.2513267930954089,0.4874701615432075,0.47334590511948926,0.3294230947658589,0.31547215582157134
selection-selection-SME03209-005608,0.7263264275222023,0.7106888020482743,0.678670672295595,0.678670672295595,0.7967700806078387,0.681263020832385,0.7142253826013522,0.7157738971671035
selection-selection-SME03217-005623,0.7138243124384979,0.6743712712158887,0.6682108811723783,0.6682108811723783,0.7889591769664266,0.6708613742814884,0.7130795269803378,0.7082075895366671
selection-selection-SME03277-005732,0.4153539509575952,0.4210407871261033,0.43465141784608036,0.43465141784608036,0.587989590638641,0.4380172771128929,0.49334111635693323,0.4978925587445805
selection-selection-SME03277-005733,0.7271822472831135,0.6858762361801491,0.6793908910346637,0.6793908910346637,0.7973046526912014,0.6819791645227878,0.716682734075023,0.7181456339463395
selection-selection-SME03278-005734,0.7393794719278075,0.72201459949652,0.6897177454930795,0.6897177454930795,0.8049240298570834,0.8013137273641319,0.740186541087833,0.7360693051756908
selection-selection-SME03283-005743,0.2841545009732734,0.3946952278115588,0.33987297625918095,0.33987297625918095,0.5081856871048502,0.49817786200383163,0.4224624735588284,0.4320808771873069
selection-selection-SME03283-005744,0.403105630125151,0.5115300196829008,0.4362512073345908,0.4362512073345908,0.6083103774876673,0.598079788999925,0.5084234679832342,0.5255415570705371
selection-selection-SME03284-005745,0.6686256620849869,0.666155876616963,0.6312317731009225,0.6312317731009225,0.7606167020229474,0.7565620731108504,0.6863902412268273,0.6876319199711747
selection-selection-SME03297-005764,0.4572317770474561,0.516350159476703,0.47829005751893616,0.47829005751893616,0.6478750108664301,0.48201254277059513,0.5142369313608008,0.5358975400311303
selection-selection-SME03297-005765,0.282465894245692,0.384469487018289,0.33844373502271957,0.33844373502271957,0.506591824478842,0.34213468030259037,0.37477390601957156,0.39456935906612256
selection-selection-SME03347-005859,0.6839302479838278,0.6311232988397397,0.643621140446264,0.643621140446264,0.7702413759417659,0.6464005259394319,0.698890554098266,0.6931065486185436
selection-selection-SME03357-005875,0.6640946272251594,0.777165969033651,0.757759712025905,0.6275866637289192,0.757759712025905,0.6304440354643472,0.6815456722672375,0.6839684327617084
selection-selection-SME03357-005876,0.6723958374471539,0.7751277414935165,0.7629911525496984,0.6342725122312997,0.7629911525496984,0.6370979588923428,0.6852536741356507,0.6886675288043658
selection-selection-SME03387-005932,0.5259229598701589,0.4117110458031149,0.5196960077976647,0.5196960077976647,0.6676074228758501,0.5229427466758028,0.5637648291357695,0.5745811910733575
selection-selection-SME03387-005933,0.5081032779464266,0.4213511268718014,0.5060248663052634,0.5060248663052634,0.655354371891695,0.5093027330688552,0.558396787241177,0.5627516213963915
selection-selection-SME03422-005998,0.3179765934584757,0.5572572165586127,0.5981111250705282,0.3443840465408569,0.5981111250705282,0.3499534988367682,0.4435524879107322,0.4597798246477259
selection-selection-SME03441-006030,0.2144487664302068,0.2383087873930288,0.2787002083480269,0.2787002083480269,0.43676241415387057,0.2821697628004864,0.33312282261807336,0.32416900101067925
selection-selection-SME03508-006138,0.8425127809609908,0.7613401957179682,0.7833279924935688,0.7833279924935688,0.8703126019723009,0.7852373536692764,0.8137295682575558,0.8159564318020106
selection-selection-SME03525-006173,0.4311200443212348,0.5310609119022437,0.5836684094432643,0.4539010563102553,0.5836684094432643,0.45674952280830966,0.4941068812276196,0.49490480095293876
selection-selection-SME03532-006186,0.446922713379799,0.4587676073271876,0.46612294607429594,0.46612294607429594,0.5955737397509312,0.4689644639139678,0.5119903027488738,0.5122776889621997
selection-selection-SME03532-006187,0.5009636460166353,0.5017084446126793,0.5076617170750936,0.5076617170750936,0.6349289706219592,0.5104553049789484,0.5472277537556508,0.548995066880031
selection-selection-SME03549-006214,0.6839678358691726,0.6380454113806744,0.6436517228057332,0.6436517228057332,0.7702649709475864,0.7662972001967916,0.6831342076237967,0.684445242253496
selection-selection-SME03600-006297,0.5048934780208164,0.4985642913239381,0.5106741251509189,0.5106741251509189,0.6377183825214985,0.5134628181630926,0.5551617905792309,0.5282577992283649
selection-selection-SME03600-006298,0.5952346806437189,0.6100533886689672,0.5801527692283063,0.5801527692283063,0.6997636185246794,0.582778294746079,0.6198949332638066,0.6264273216227901
selection-selection-SME03645-006377,0.4439047500959445,0.4342891491708048,0.45672525564778077,0.45672525564778077,0.6094558796344753,0.6003207236861116,0.5043520611464598,0.505933531806132
selection-selection-SME03645-006378,0.6202369169754796,0.5628938626578704,0.5927610075046958,0.5927610075046958,0.7298673825872105,0.721666747474224,0.634460366093672,0.6367263368954496
selection-selection-SME03664-006409,0.5994742727092404,0.5528732724276398,0.5875447475170387,0.5875447475170387,0.7408575949721145,0.7360531196049571,0.6297684849947905,0.6216825687965745
selection-selection-SME03664-006410,0.5618934796697386,0.5831975646764075,0.558583443392429,0.558583443392429,0.7174851253709503,0.7125055086621199,0.6018857388963683,0.6103603360825613
selection-selection-SME03666-006414,0.4249870746512681,0.4039094009763317,0.44914411051854697,0.44914411051854697,0.5789933824549598,0.5749242020906423,0.48373340100179085,0.49084079817652837
selection-selection-SME03666-006415,0.4902887602572295,0.4686807998889163,0.4994761046481397,0.4994761046481397,0.627305905992071,0.623300011235433,0.531832404093882,0.5381087155714428
selection-selection-SME03667-006416,0.6006589886689876,0.6727142761843901,0.5884617505607359,0.5884617505607359,0.741583658021148,0.5918228626816875,0.6331414380688254,0.6519333820762234
selection-selection-SME03673-006425,0.314850254290921,0.3247878831407168,0.34188600261581903,0.34188600261581903,0.5954441665175348,0.3474517471404986,0.4362829544407206,0.44081613820105114
selection-selection-SME03704-006476,0.3498020977217964,0.4210151763221952,0.3899221352296941,0.3899221352296941,0.5187742698087234,0.39275051216495416,0.4366113222258201,0.4087130280903112
selection-selection-SME03704-006477,0.6982562348585959,0.6666217752130695,0.6617330962854611,0.6617330962854611,0.7674198218123721,0.6640529794431603,0.6974214647811582,0.6965741199077342
selection-selection-SME03704-006478,0.6621839321399631,0.6903375301678518,0.6326884570829332,0.6326884570829332,0.743938302942558,0.6351304538655912,0.6698712205273336,0.6781059661247062
selection-selection-SME03741-006548,0.7413418821808189,0.7297293253637156,0.6974273399358627,0.6974273399358627,0.7954098523600623,0.6995781112762434,0.7454751441545353,0.7553339744235001
selection-selection-SME03741-006549,0.7645310296760003,0.6885006657509928,0.7172205720136547,0.7172205720136547,0.8105346863397908,0.7192688693861161,0.7548055590290046,0.7465336667825706
selection-selection-SME03741-006550,0.8046797657858085,0.7159845933190773,0.7527441845513522,0.7527441845513522,0.8370000018576317,0.7545936472017704,0.7832650171518628,0.781701254058295
selection-selection-SME03800-006652,0.1253243141560544,0.2690632434947038,0.1753014545498766,0.1753014545498766,0.3758754394328205,0.3638786664002551,0.2309489868466574,0.24064210651852408
selection-selection-SME03808-006664,0.6643084195024502,0.6270475579498273,0.6277584314909119,0.6277584314909119,0.7578946018119137,0.7538164307058252,0.6634829998269921,0.6674008160087503
selection-selection-SME03824-006692,0.3586348721833564,0.5447046926492605,0.5733381812745032,0.401042804098753,0.5733381812745032,0.40482478468019956,0.470820847893235,0.48955806738449587
selection-selection-SME03826-006695,0.7253720239980173,0.6902359459551812,0.6778681429379492,0.6778681429379492,0.7961739232164454,0.6804650214556459,0.7202746986747091,0.717055791595777
selection-selection-SME03838-006715,0.6490926773629339,0.6124765983357255,0.615586003721033,0.615586003721033,0.7482712331827361,0.6184985192481157,0.6614936155483822,0.6638692273630183
selection-selection-SME03839-006716,0.7032835986117214,0.6264817554122875,0.6594764700867912,0.6594764700867912,0.7823681992124846,0.7750610925461354,0.6989506094712052,0.7053288188098568
selection-selection-SME03839-006717,0.6747268718048007,0.6272429692195742,0.6361561556402544,0.6361561556402544,0.7644580358426926,0.7568292431582517,0.6769362855788884,0.683678746446339
selection-selection-SME03902-006818,0.0511747306913522,0.2787106680047294,0.22161867260982676,0.09131553331755174,0.22161867260982676,0.09417576062360548,0.15545754592342445,0.14107195984668852
selection-selection-SME03902-006819,0.2399690807669194,0.4659596882654037,0.524664742966979,0.28035940146163413,0.524664742966979,0.2857220413226816,0.38608609251390125,0.37642208993047443
selection-selection-SME03972-006931,0.6638940503787765,0.6392930498796645,0.6274255335148317,0.6274255335148317,0.7576331524779335,0.6302836640958543,0.6650714183260491,0.6674110481123188
selection-selection-SME03972-006932,0.681118531888876,0.6392930498796645,0.641335674310276,0.641335674310276,0.7684758280928391,0.6441264723027104,0.6780946875100734,0.6803791996852395
selection-selection-SME03992-006961,0.790992975852181,0.7259426339421999,0.7349271738342165,0.7349271738342165,0.8373069681599088,0.7371744679892842,0.7717540338174863,0.7757705868246989
selection-selection-SME03992-006962,0.6373344542944517,0.5862580383762507,0.6062473046725124,0.6062473046725124,0.7407986561358364,0.6092007826287005,0.6496503213087421,0.6487967435667985
selection-selection-SME04048-007062,0.7095066318733234,0.6999260479274495,0.664624134829245,0.664624134829245,0.7862602247525466,0.7790277780299675,0.7078873114525444,0.7084208246623691
selection-selection-SME04048-007063,0.7274153686628331,0.697887820387315,0.6795871717284443,0.6795871717284443,0.7974502669630051,0.7904421614132482,0.7205380884347938,0.7227943843011901
selection-selection-SME04061-007087,0.5918404594329929,0.7308431449022726,0.7115086293014232,0.5705666919313358,0.7115086293014232,0.5736604468479369,0.617316562856313,0.6238194557853145
selection-selection-SME04061-007088,0.8193056510357654,0.84662919545842,0.8553142455436461,0.7610320446909219,0.8553142455436461,0.7631015921079564,0.7923050696161709,0.7966551379400224
selection-selection-SME04076-007114,0.4301942080949734,0.4329320552936203,0.45737671120295026,0.45737671120295026,0.6284791920485564,0.46113250703800235,0.5391325808137805,0.4736220889475273
selection-selection-SME04076-007115,0.4123485026162903,0.477143262564315,0.4434823101316264,0.4434823101316264,0.6152807827003963,0.44725338337704784,0.5079993013638207,0.5059580766937775
selection-selection-SME04091-007144,0.5416625163814818,0.6896526343227037,0.663414164258572,0.5388650274709266,0.663414164258572,0.5415989511808258,0.599676134668186,0.5893444849432271
selection-selection-SME04091-007145,0.6517279037352938,0.7410564099747171,0.7371023861304505,0.6243821234824977,0.7371023861304505,0.626856396741932,0.6724970984374395,0.664961607544347
selection-selection-SME04095-007152,0.0352836714716855,0.1507445870643498,0.06942725772588015,0.06942725772588015,0.17449459857863528,0.07173354504108778,0.10395510454020557,0.10335640739001267
selection-selection-SME04151-007256,0.6395894756877254,0.5737100189254332,0.6080340331503515,0.6080340331503515,0.742234428121285,0.610979807413841,0.6512300605403765,0.6541146206286255
selection-selection-SME04151-007257,0.656813957197825,0.5737100189254332,0.6217499160463894,0.6217499160463894,0.7531607059078025,0.6246344569063653,0.6640480335700216,0.666872632705379
selection-selection-SME04169-007290,0.2504842306356696,0.4105125140919007,0.4752189351657195,0.3109221822674053,0.4752189351657195,0.31452858854040894,0.3530569315700578,0.3532206347592729
selection-selection-SME04182-007313,0.0620648774555541,0.1569445109376554,0.10518583351143033,0.10518583351143033,0.24983944670072303,0.24118739460740088,0.15671844175487457,0.13007037136132335
selection-selection-SME04182-007314,0.0,0.0,2.3649668543938647e-05,2.3649668543938647e-05,6.700213079121257e-05,6.440912427400682e-05,3.961993419105282e-05,3.078172632626614e-05
selection-selection-SME04183-007315,0.8214797497606264,0.6740580940659003,0.7630835149221459,0.7630835149221459,0.8567087260381889,0.8537747252155655,0.7994419612404577,0.7984583746081579
selection-selection-SME04234-007411,0.8385419969402039,0.7297750918667789,0.7794477476431844,0.7794477476431844,0.8677270680525139,0.8649605952658136,0.808427523727123,0.8125618406468503
selection-selection-SME04252-007446,0.6905472032579926,0.8078634145261903,0.774392223263623,0.6490171418731487,0.774392223263623,0.6517691955323272,0.6885751725886079,0.6928268154695693
selection-selection-SME04252-007447,0.6833570862570447,0.7840468125770088,0.7698815619442596,0.6431549001239152,0.7698815619442596,0.6459366217348624,0.6886730601728652,0.6888642420315594
selection-selection-SME04359-007637,0.3576996663239618,0.4007176978065682,0.4002937351297718,0.4002937351297718,0.5725749373766585,0.4040754045635452,0.4587682240831697,0.4648329120213852
selection-selection-SME04362-007643,0.4938691674599312,0.5514039460378051,0.4951101215509587,0.4951101215509587,0.6454271732669312,0.4984096655083698,0.5481823546757825,0.5537085519591527
selection-selection-SME04362-007644,0.429296850611174,0.4249451442592101,0.44544977357238313,0.44544977357238313,0.598564129954964,0.4488107199429229,0.5070117295739139,0.5061398528872525
selection-selection-SME04398-007704,0.5794095880387614,0.5964261350960287,0.5679105585230564,0.5679105585230564,0.6891403150469437,0.6853412506589696,0.6209885249542908,0.6291620986726523
selection-selection-SME04398-007705,0.6633191529097493,0.6631677003717991,0.6335930423811128,0.6335930423811128,0.7446794741708382,0.7411982784718573,0.6771289970747272,0.6757268784512208
selection-selection-SME04404-007712,0.6634760560142337,0.5977015134647282,0.6270898059727991,0.6270898059727991,0.7573693826596644,0.6299495160663915,0.6649405499391806,0.6685367835587601
selection-selection-SME04404-007713,0.5016974558565762,0.4354186824074075,0.5011127691456336,0.5011127691456336,0.650902780518652,0.5044007442706397,0.5508343820446233,0.5491192223350865
selection-selection-SME04427-007750,0.5738807268163191,0.5594973528548428,0.5636442460723445,0.5636442460723445,0.6854079213401182,0.6781678884298619,0.6134664925805459,0.5948263644448143
selection-selection-SME04427-007751,0.6633094885567808,0.6217740574311054,0.6335853391161514,0.6335853391161514,0.7446731652157003,0.7380679152089076,0.682721603382437,0.6715951350324298
selection-selection-SME04525-007931,0.7080981390906722,0.674104972566958,0.6634568052125873,0.6634568052125873,0.7853795531674443,0.6661330782081856,0.7047604509240986,0.7078236373794555
selection-selection-SME04551-007971,0.6637843160189527,0.6271632985414594,0.6273373882804956,0.6273373882804956,0.7575639092879343,0.7534829067971668,0.6697746527093273,0.6697960406964357
selection-selection-SME04584-008027,0.3999792380894656,0.4165882559062566,0.42965112653843546,0.42965112653843546,0.5595897496716468,0.5518636367259838,0.4677768940151175,0.4377123329021952
selection-selection-SME04629-008108,0.5396294244025133,0.6358938657618117,0.6769099136006712,0.5302251644295871,0.6769099136006712,0.5334449773000944,0.5777142454360065,0.5823065087138471
selection-selection-SME04693-008214,0.2841377177361801,0.3977778575765012,0.3398587817817889,0.3398587817817889,0.508169874497818,0.34355330507503296,0.40061390353834325,0.4148186109846048
selection-selection-SME04693-008215,0.40189665528063,0.4324433146180477,0.4353034473232973,0.4353034473232973,0.6073915553204476,0.4390808782295207,0.49549179724693915,0.482810052259523
selection-selection-SME04749-008317,0.6823600539830749,0.6373348472795194,0.6423442934487729,0.6423442934487729,0.7692555471133407,0.76527843754837,0.6885446258896644,0.6885264078275228
selection-selection-SME04753-008322,0.4328188481052208,0.4415195237395137,0.45521727117573946,0.45521727117573946,0.5849578480276219,0.4580651499193402,0.4919172416664358,0.49080118754470925
selection-selection-SME04753-008323,0.4475705838560085,0.4869671803038277,0.4666230392934626,0.4666230392934626,0.5960576570543703,0.4694642020626725,0.5013912804118532,0.482914115714768
selection-selection-SME04753-008324,0.4603879273189462,0.520433788109939,0.47650325224978307,0.47650325224978307,0.6055669389245077,0.4793362728727091,0.5098141602033031,0.5110721265576149
selection-selection-SME04786-008384,0.4586017936522235,0.5451433288599197,0.4793461533907714,0.4793461533907714,0.6488398598716933,0.48306663572231057,0.5342870080442504,0.5534367243617736
selection-selection-SME04786-008385,0.5647727326054925,0.6344659416465083,0.560795219118627,0.560795219118627,0.7193008083962594,0.5642745060880462,0.6084822704341091,0.613343789961197
selection-selection-SME04790-008395,0.3932749755997132,0.5599836329866049,0.5542891183566631,0.42439525269746514,0.5542891183566631,0.4272464962167327,0.4758111362887965,0.4705380126881566
selection-selection-SME04790-008396,0.4740872604266001,0.6660040855776452,0.6156007671283372,0.48703916269767683,0.6156007671283372,0.48986116233252724,0.5342925320622081,0.533683801432129
selection-selection-SME04791-008397,0.6536436851189928,0.6611713181293053,0.6192159263317328,0.6192159263317328,0.7511547222328476,0.6221120572217013,0.6628795452854672,0.6641747546411869
selection-selection-SME04791-008398,0.6641135692827429,0.6611713181293053,0.6276018815209535,0.6276018815209535,0.7577716636498083,0.6304591815621513,0.6706800658210796,0.6719579092218306
selection-selection-SME04804-008416,0.0741408024431517,0.0931687890372004,0.11976802821591327,0.11976802821591327,0.27823971807282655,0.12324657107395243,0.1798895737339909,0.17136919465787415
selection-selection-SME04804-008417,0.0519688031725389,0.1080447595745514,0.09235375262802517,0.09235375262802517,0.22377355023867312,0.09523849121317081,0.14738794245971673,0.1377030085276411
selection-selection-SME04849-008498,0.658379282983055,0.6455947273600223,0.6230027389946696,0.6230027389946696,0.7541503817326565,0.625881503627058,0.6648088300223649,0.6669730081498351
selection-selection-SME04886-008560,0.6143831502044631,0.5730722997465915,0.5881664518158137,0.5881664518158137,0.7261049360984431,0.591194279245327,0.6331168343272211,0.6305799139333734
selection-selection-SME04890-008565,0.7168647096152491,0.796957929629598,0.7908591636306979,0.6707442828179828,0.7908591636306979,0.6733808721114557,0.7126368438735946,0.7153581182875932
selection-selection-SME04890-008566,0.7319222559867492,0.7937632999907334,0.8002654029435197,0.6833900480915853,0.8002654029435197,0.6859555279654233,0.7267194678446758,0.7267773415581815
selection-selection-SME04896-008577,0.7538373735897896,0.7121393183337237,0.7021195405293308,0.7021195405293308,0.8139631270921163,0.8104582038874717,0.741833237107169,0.7406975306038328
selection-selection-SME04896-008578,0.7789395033863945,0.7121393183337237,0.7241218137766737,0.7241218137766737,0.8297079651628312,0.8263991357211473,0.7616136048380915,0.7605414389457346
selection-selection-SME04898-008581,0.1818204672481993,0.1707640807550999,0.22935050999600667,0.22935050999600667,0.4574621926331549,0.2343576899231546,0.3041754140816497,0.2411885200363911
selection-selection-SME04898-008582,0.1722315096194722,0.2716053053473425,0.22055058322945442,0.22055058322945442,0.4449633947607974,0.22547657085228903,0.29021950369519944,0.3186859605837556
selection-selection-SME04911-008600,0.329959776223954,0.3710429686562774,0.3778794292228606,0.3778794292228606,0.549350614686146,0.5439770983735159,0.43390504044304823,0.40378556100037244
selection-selection-SME04929-008633,0.6433971499201153,0.5947597151759192,0.6217795427928686,0.6217795427928686,0.7674047151381603,0.6249760973551998,0.6660483635079697,0.6633033581727605
selection-selection-SME04929-008634,0.805680008722749,0.7136172056463864,0.7567787842222494,0.7567787842222494,0.8619647874385648,0.7590876762431786,0.7858258582877635,0.7921201516460904
selection-selection-SME04929-008635,0.7746329994469862,0.696609862509287,0.7293470517146255,0.7293470517146255,0.843950202489027,0.7318626554290495,0.7609946674324645,0.7596749398829832
selection-selection-SME04981-008724,0.4073739279534492,0.6155183558830751,0.611541074719964,0.4395936626477326,0.611541074719964,0.4433680051991513,0.496166554434106,0.5081466068394155
selection-selection-SME04981-008725,0.5661240665195971,0.6982852432570776,0.7201514532738329,0.5618336032855838,0.7201514532738329,0.5653087692718493,0.6093164638112307,0.6114213320851816
selection-selection-SME05014-008781,0.6950727741358343,0.6599287144444167,0.6591426460339235,0.6591426460339235,0.7653517286279191,0.7590365672987491,0.6950998824788243,0.6915136819631743
selection-selection-SME05014-008782,0.8291739100311851,0.7298933983772787,0.7753965678370529,0.7753965678370529,0.8534362310132817,0.8487960152144509,0.7988372986016221,0.7924804036866164
selection-selection-SME05036-008814,0.4517417782293624,0.4781589104598701,0.47405489311165994,0.47405489311165994,0.643991811226117,0.6338275088233774,0.5339093623600469,0.5398637117238239
selection-selection-SME05040-008820,0.4317451239332075,0.4154589609989084,0.44734202039129667,0.44734202039129667,0.6004025973847558,0.5956060275991516,0.5015127842428184,0.5086523258445175
selection-selection-SME05055-008844,0.6840790618534084,0.5969842563948632,0.6437422233993504,0.6437422233993504,0.7703347896061109,0.766367666980045,0.6831746265718978,0.6844738081797633
selection-selection-SME05055-008845,0.701303543363508,0.6071444485085989,0.6578438339457724,0.6578438339457724,0.7811292180326127,0.777265734959876,0.6945377745000675,0.6954129499346607
selection-selection-SME05055-008846,0.6674170210375856,0.6071444485085989,0.6302584720733841,0.6302584720733841,0.7598549746691472,0.7557937155201152,0.6657684272058058,0.6672501169407209
selection-selection-SME05073-008873,0.8069310401129199,0.7976003405019055,0.838499452698671,0.7547916446561302,0.838499452698671,0.7566290781945207,0.7817669828525566,0.7924923447723162
selection-selection-SME05073-008874,0.7880657231544678,0.7983219544513394,0.8259914640959537,0.737827650651983,0.8259914640959537,0.7397628960189626,0.7662389630486606,0.7677635000748686
selection-selection-SME05080-008888,0.5596603821338186,0.5390604695528958,0.5568686371379024,0.5568686371379024,0.7160738465894061,0.7066075508868633,0.6067355881390896,0.5813861828974793
selection-selection-SME05080-008889,0.6692750385480751,0.6467899663007607,0.6422424593317279,0.6422424593317279,0.7827418041917922,0.774387753787028,0.6849068481157099,0.6953255637199451
selection-selection-SME05080-008890,0.6458723485817818,0.6336322470630531,0.6237259502125333,0.6237259502125333,0.7688802672246514,0.760249433522216,0.6668517269112624,0.6654742758910802
selection-selection-SME05170-009039,0.2690722847904556,0.1781996054730579,0.3233158841437898,0.3233158841437898,0.44625770131807474,0.32601452628278704,0.3678596553887796,0.3367341010166444
selection-selection-SME05170-009040,0.6056722673296693,0.5465324884231487,0.5882563385160453,0.5882563385160453,0.7067255954413175,0.5908568054382237,0.6269344420772409,0.626617379546921
selection-selection-SME05184-009062,0.6049599655792293,0.5917827546190636,0.5807923258403664,0.5807923258403664,0.7200249898892584,0.7156617553930588,0.6286805122398603,0.6045965610446526
selection-selection-SME05189-009070,0.7252543345332628,0.7122083389330522,0.7961004091938911,0.6777692288573228,0.7961004091938911,0.6803666649206019,0.7121893333672642,0.7137246397707554
selection-selection-SME05189-009071,0.519171825894275,0.6369022817465481,0.6629871536380945,0.514514871910607,0.6629871536380945,0.5177739221276285,0.5629808931797391,0.5662308171799525
selection-selection-SME05189-009072,0.7152681643081684,0.7197653473817976,0.78986150943508,0.6694131609649234,0.78986150943508,0.6720570700613165,0.7087312892435818,0.7088447215857053
selection-selection-SME05200-009088,0.4306203330154371,0.4986801909990425,0.4577075070471933,0.4577075070471933,0.6287903368731516,0.6234289907414569,0.5125454334175872,0.507064072082841
selection-selection-SME05200-009089,0.416253290551212,0.5438806933271715,0.44652973028451814,0.44652973028451814,0.6181973634888989,0.6128176909516033,0.5015551062349763,0.5112192622113628
selection-selection-SME05229-009146,0.5521500406166402,0.5221681767972886,0.5511049018693196,0.5511049018693196,0.7113073426825544,0.5546214356857665,0.6014874256817863,0.6021847590703677
selection-selection-SME05231-009148,0.3176365416195802,0.3864499151212036,0.36386514623862865,0.36386514623862865,0.4910371299206195,0.3666566429152848,0.41082847954642737,0.41933360281116594
selection-selection-SME05231-009149,0.640695171232487,0.6026046016221135,0.6156642265852976,0.6156642265852976,0.7298688108467748,0.6181710815402538,0.6551324621240925,0.6578237255259962
selection-selection-SME05245-009170,0.3974123593649643,0.6537612399871066,0.5575654355620773,0.427640441723551,0.5575654355620773,0.430492368523889,0.47671503776898966,0.48209369525683576
selection-selection-SME05253-009182,0.4843252241338723,0.5610109075565199,0.4877905967550644,0.4877905967550644,0.6386965877992474,0.6339675378287896,0.5374038251942169,0.5444351138545089
selection-selection-SME05314-009288,0.3652493167002478,0.3601029535811741,0.39543635601795607,0.39543635601795607,0.5483587769715647,0.5392660540557574,0.4503363215059868,0.463846067780193
selection-selection-SME05314-009289,0.5472068368327231,0.4869994751784777,0.5360538384631404,0.5360538384631404,0.6820100999855213,0.6733315828944747,0.5854106801413071,0.5903896763725553
selection-selection-SME05314-009290,0.3805750537575648,0.4468336106024861,0.40751221134699234,0.40751221134699234,0.5607728940005912,0.5516600581419475,0.4652033940458561,0.4697695558510579
selection-selection-SME05341-009339,0.9166375184938892,0.7708923907605629,0.862665472810358,0.862665472810358,0.9210111899488361,0.8639461941671662,0.8828131803188106,0.8847589938327564
selection-selection-SME05341-009340,0.847517673270018,0.7708923907605629,0.7882605015062536,0.7882605015062536,0.8735844867792908,0.7901334110452315,0.8220254771800035,0.8227834255031596
selection-selection-SME05453-009549,0.2759421580224623,0.2787495026438258,0.3329008238417507,0.3329008238417507,0.5003779741435188,0.49041983123074767,0.3749477488253965,0.39927523191332914
selection-selection-SME05454-009550,0.8680352911295074,0.8225746325754404,0.8090152422119267,0.8090152422119267,0.8871728562143857,0.8824980766984801,0.8402415180818368,0.8398319908233236
selection-selection-SME05454-009551,0.7350539609238739,0.8090685482560648,0.6860419382559708,0.6860419382559708,0.802221669327059,0.7952727030119222,0.7324591732140855,0.7318504191295653
selection-selection-SME05475-009588,0.4124421488529701,0.4319246366464671,0.443555444907387,0.443555444907387,0.6153509223807003,0.6051360129834216,0.49349235588403384,0.49350379587552773
selection-selection-SME05475-009589,0.4984502050361993,0.5205873935711217,0.509960820553306,0.509960820553306,0.6762200793868255,0.666334351948471,0.555202524451663,0.5601500957083229
selection-selection-SME05542-009708,0.3217215869755656,0.4322242586440714,0.3473704856347535,0.3473704856347535,0.6012799184136322,0.5933229752381265,0.43938554549033054,0.4415141886026563
selection-selection-SME05611-009829,0.6730207214277253,0.7821905945802453,0.7633844699244444,0.6347771899928094,0.7633844699244444,0.6376001922306347,0.6753550358721088,0.6797162870880356
selection-selection-SME05628-009857,0.3415861545972263,0.5778228704603722,0.5592261245140374,0.38732177201552453,0.5592261245140374,0.391095169385045,0.45605320202959054,0.45126642323322697
selection-selection-SME05638-009874,0.4867576573033761,0.5503512094385326,0.6247690358148252,0.49676713643977133,0.6247690358148252,0.49957685023337434,0.5396028657401948,0.5428364529225287
selection-selection-SME05638-009875,0.3751328700874196,0.4085241007700374,0.539718648480689,0.4100976080360502,0.539718648480689,0.41294286288817816,0.46070025334285825,0.46184943919031846
selection-selection-SME05650-009895,0.2037155604287217,0.43758680161338,0.2489918111061641,0.2489918111061641,0.48436063567242443,0.47036567344612346,0.3295907890317604,0.34908922549594174
selection-selection-SME05673-009940,0.1832152959959565,0.4545432429770866,0.45924180243746915,0.230619935180377,0.45924180243746915,0.23563831394731508,0.3054147905726319,0.33567854325447777
selection-selection-SME05673-009941,0.1985511930181175,0.4599599602675517,0.478207823243959,0.24441168358721674,0.478207823243959,0.2495436405479483,0.33220730395652276,0.3625134874474494
selection-selection-SME05696-009974,0.4154523160363294,0.4309464202188401,0.4459049711032859,0.4459049711032859,0.617600434662688,0.44967378324292767,0.49271702972749865,0.4923042289710837
selection-selection-SME05696-009975,0.5151521410456802,0.4887509289810101,0.5227566567900588,0.5227566567900588,0.6873363086688276,0.5263692728550379,0.5661804854813934,0.57366543799718
selection-selection-SME05739-010054,0.6638940503787765,0.630668092004763,0.6274255335148317,0.6274255335148317,0.7576331524779335,0.6302836640958543,0.6733828342256113,0.67364190391574
selection-selection-SME05743-010060,0.5922687319801797,0.6151008915790642,0.5708998013470838,0.5708998013470838,0.7117876359531685,0.5739923686775396,0.6242791942840845,0.624186281029489
selection-selection-SME05743-010061,0.5842734585362015,0.5723547686381157,0.5646882405649414,0.5646882405649414,0.706567288435437,0.5678025655848924,0.6230074800789398,0.5879988673406753
selection-selection-SME05756-010079,0.5191283334226854,0.6742056176335244,0.6477498529076826,0.5215843501669057,0.6477498529076826,0.5243537540199605,0.5544745777046207,0.572389458346918
selection-selection-SME05756-010080,0.4876722581628553,0.7138871679230386,0.6254268626791343,0.4974688684826823,0.6254268626791343,0.5002776185328836,0.529153645572468,0.5463088829089825
selection-selection-SME05780-010113,0.2574722399882743,0.3351403589912809,0.31701356917789414,0.31701356917789414,0.48227632592430886,0.47244985021180713,0.38847457077626696,0.3923594960964513
selection-selection-SME05781-010114,0.8271056732448644,0.7387516351468545,0.7684263153455174,0.7684263153455174,0.8603266092313464,0.7704435785629218,0.8034224152970634,0.8064104826813779
selection-selection-SME05788-010125,0.5278034129869692,0.4738666730024726,0.5324459131670685,0.5324459131670685,0.6956296705962185,0.5360278885625835,0.5798091751448424,0.5922665208881805
selection-selection-SME05796-010139,0.5994491435163912,0.6147427789234758,0.5875253000106357,0.5875253000106357,0.7408421877372745,0.5908906920582616,0.629199684991899,0.6570182952098313
selection-selection-SME05800-010145,0.4320972589605449,0.3784590972094662,0.458853700127454,0.458853700127454,0.6298673433542575,0.619638639644445,0.5206371778043457,0.49998252166874124
selection-selection-SME05844-010227,0.3558696500484244,0.4657885677799845,0.39477980183027067,0.39477980183027067,0.5238587972230058,0.39761315848818024,0.4527116650686677,0.4553094430721015
selection-selection-SME05844-010228,0.6425856950502766,0.6445153938729333,0.6171548877730593,0.6171548877730593,0.7311099812319676,0.6196562662643632,0.6643959472925856,0.6533486950465978
selection-selection-SME05893-010312,0.208864170865769,0.1832586465516235,0.27357035768006105,0.27357035768006105,0.4304594655138676,0.27701416197123874,0.3424050628901545,0.30051592150686746
selection-selection-SME05893-010313,0.3658248519952726,0.3937143893802119,0.4067886336040863,0.4067886336040863,0.5791655790252545,0.4105724046544665,0.464354876504258,0.4641463670554145
selection-selection-SME05919-010359,0.3450520327681048,0.3932316986847902,0.3793864001940694,0.3793864001940694,0.5315593153522495,0.3827266813994281,0.4413181493146566,0.4091156925410608
selection-selection-SME05919-010360,0.5704607708926174,0.5279108772140313,0.5539896656789703,0.5539896656789703,0.6974876425121306,0.55713952710158,0.6133906746286042,0.6117414405080293
selection-selection-SME05919-010361,0.52499420589867,0.5468971125460144,0.5189830760674543,0.5189830760674543,0.6669733512041957,0.5222315459682989,0.5792125629148885,0.5785428080943699
selection-selection-SME05931-010380,0.4421059950634473,0.5068919185028594,0.46240262984841535,0.46240262984841535,0.5919658413418143,0.5842163795032629,0.5111018638400917,0.5226016190436088
selection-selection-SME05957-010425,0.7061427058660796,0.6614214430656756,0.661838361515149,0.661838361515149,0.7841566873886843,0.6645233176688876,0.6981180440936748,0.6996061778412189
selection-selection-SME05957-010426,0.7226352090568974,0.6670636970645537,0.6755706140934525,0.6755706140934525,0.7944643382168108,0.6781803983097274,0.7095683934102556,0.7117882983608628
selection-selection-SME05957-010427,0.696570904764659,0.6714580782741604,0.6539515446849782,0.6539515446849782,0.7781664648889554,0.6566781321526047,0.6938460836878164,0.6930967811738606
selection-selection-SME05996-010501,0.5510726099767747,0.5527828932208887,0.5460906396826133,0.5460906396826133,0.6698837599699423,0.5488079684044733,0.5958154318962549,0.5673567116892704
selection-selection-SME05996-010502,0.6259737205755584,0.6118185049557628,0.6040983338792673,0.6040983338792673,0.7201776658667036,0.6066463406028368,0.6512646255053772,0.6426909173948768
selection-selection-SME06007-010523,0.8425127809609908,0.8875953225713696,0.8703126019723009,0.7833279924935688,0.8703126019723009,0.7852373536692764,0.8257427564422046,0.822659707545762
selection-selection-SME06009-010526,0.4665991430230071,0.4126114942136482,0.47418490412734404,0.47418490412734404,0.626026198585119,0.47751790607152994,0.5320167805557677,0.5341157667346097
selection-selection-SME06048-010596,0.6733982103335732,0.7039055903818007,0.7512524001956891,0.6416495861734366,0.7512524001956891,0.644055429679506,0.677683605843788,0.6663046548717606
selection-selection-SME06048-010597,0.7987542365849603,0.7917798856657224,0.8330626537668873,0.7473858486887007,0.8330626537668873,0.7492665028211419,0.7736037072653974,0.780731929800417
selection-selection-SME06059-010615,0.682680232433237,0.6833404124148269,0.6426045450786175,0.6426045450786175,0.7694565951804123,0.6453890190329727,0.7007358210765885,0.7004988934144324
selection-selection-SME06059-010616,0.700174600099073,0.6833404124148269,0.6569140847370379,0.6569140847370379,0.7804226556189792,0.6596251674391655,0.7119944828171654,0.713282493598856
selection-selection-SME06059-010617,0.6669510779668513,0.6833404124148269,0.6298834463830633,0.6298834463830633,0.7595612509706129,0.6327299472401029,0.6939567465368607,0.6894158996837354
selection-selection-SME06095-010674,0.2639572257459591,0.291484750647393,0.3226258528887991,0.3226258528887991,0.4887207961314787,0.326271730452766,0.38152796639718817,0.39430054576659224
selection-selection-SME06095-010675,0.3524102966541547,0.3178328776961667,0.39604948015563757,0.39604948015563757,0.568234822135641,0.39982904540255565,0.4560051329467123,0.46969351542863336
selection-selection-SME06095-010676,0.2996880501795938,0.3676705458442119,0.3529202713100456,0.3529202713100456,0.5225792971066632,0.3566443824936872,0.4119962502903894,0.42411266894286126
selection-selection-SME06099-010681,0.3371971920114506,0.4422088340277523,0.3797751358284927,0.3797751358284927,0.5080665914427054,0.500438418601265,0.4223288930894935,0.4205412416057913
selection-selection-SME06115-010711,0.3122319439790446,0.3247233013362232,0.3529072309183881,0.3529072309183881,0.5030685394730354,0.35620335622567934,0.4091369227815274,0.4141360754442839
selection-selection-SME06115-010712,0.5991396090818946,0.6126231547410597,0.5762502320424053,0.5762502320424053,0.7162544601616,0.5793234037127463,0.6244722254750648,0.6231926582560259
selection-selection-SME06141-010754,0.781261761236085,0.6622472429598758,0.726190644680713,0.726190644680713,0.8311696070233345,0.8278798055029979,0.7603960889007575,0.7672033489608816
selection-selection-SME06207-010879,0.2966598023376522,0.3181057361287363,0.3503904673262095,0.3503904673262095,0.5198102973250722,0.35410932802735345,0.41551718199571186,0.4049872508791626
selection-selection-SME06215-010893,0.4045347162915883,0.4562386130369946,0.43737093153826645,0.43737093153826645,0.6093943443612465,0.4411469423489746,0.49148774790838134,0.48903288473484513
selection-selection-SME06215-010894,0.5282916696778757,0.5741329864957284,0.5328198800124448,0.5328198800124448,0.6959476505268878,0.5364006264636452,0.5874506697880351,0.5879088200416095
selection-selection-SME06222-010907,0.7981594381035373,0.8089101156398095,0.841841504952177,0.74143403242949,0.841841504952177,0.7436380330099907,0.7729702638277011,0.7779716068890397
selection-selection-SME06233-010925,0.6205385306288013,0.6537410886919494,0.5929980395111212,0.5929980395111212,0.7300609536920634,0.7218629180715896,0.6411622661641124,0.6441378239598877
selection-selection-SME06233-010926,0.632839017514917,0.6537410886919494,0.6026911913736651,0.6026911913736651,0.7379324260599243,0.7298433491134707,0.6502152756176369,0.653151285789212
selection-selection-SME06274-010992,0.6306043830034768,0.5595346886986013,0.6077287163007459,0.6077287163007459,0.7232312849944896,0.6102640627451333,0.6451101033937942,0.64196302821678
selection-selection-SME06297-011027,0.3928498026743265,0.4603549794468856,0.4281962429317014,0.4281962429317014,0.6004623057654418,0.595063879806884,0.47326058783219316,0.4821529224517034
selection-selection-SME06297-011028,0.4283270697679898,0.4560227795799704,0.4559267670521564,0.4559267670521564,0.6271137062414188,0.6217490975594565,0.49455832914054554,0.4789440032317262
selection-selection-SME06310-011047,0.5133144976071173,0.598381615200304,0.521349190863245,0.521349190863245,0.6861227840294238,0.5249660640487281,0.5657436487692162,0.5797041923328977
selection-selection-SME06341-011099,0.5675478045432658,0.5089420461384188,0.5517381470038368,0.5517381470038368,0.695562438043599,0.6910553124179929,0.5987823720224964,0.5712041352888519
selection-selection-SME06341-011100,0.7398519275840958,0.674080211500466,0.6901201691572524,0.6901201691572524,0.8052192321777404,0.8016122897574265,0.7328787897880678,0.7292094117380026
selection-selection-SME06388-011184,0.6894437392339497,0.6505232139741431,0.6481155461165258,0.6481155461165258,0.7737003916611485,0.7697648487048793,0.7053056841664443,0.6995127356963413
selection-selection-SME06549-011469,0.4058582857237098,0.4522111744416491,0.43840741852651144,0.43840741852651144,0.6103962207849579,0.6050064835411845,0.5064961956542291,0.5078773650216535
selection-selection-SME06549-011470,0.4954844685770029,0.5111574345038303,0.5076873789353012,0.5076873789353012,0.6742252234245028,0.6690063067790317,0.5664800954834287,0.5708533131194089
selection-selection-SME06555-011478,0.5875743950750721,0.5684827675650542,0.5672509530310209,0.5672509530310209,0.7087255838361668,0.570356400868583,0.6062877793913501,0.6084889495359282
selection-selection-SME06639-011631,0.6429436934093996,0.6053329696263003,0.6106953752780074,0.6106953752780074,0.7443676701451698,0.7363724349545273,0.6736244638847808,0.6742407911594982
selection-selection-SME06639-011632,0.6686256620849869,0.6053329696263003,0.6312317731009225,0.6312317731009225,0.7606167020229474,0.7528779036587527,0.6900380898479841,0.6927390519676291
selection-selection-SME06647-011648,0.3076054467309699,0.5631992110996739,0.529737679780888,0.35950465470399245,0.529737679780888,0.3632413654951647,0.3835167291788395,0.4076500117919555
selection-selection-SME06647-011649,0.4421229746849072,0.577507170570097,0.6371217093943211,0.4666215194278204,0.6371217093943211,0.4703640946388111,0.4872148578148191,0.4994984587861997
selection-selection-SME06647-011650,0.4198061786869055,0.6353458886837654,0.6208369310036118,0.4492988768234256,0.6208369310036118,0.45306423373852633,0.47032259653005914,0.49607067006529926
selection-selection-SME06670-011691,0.5230261798461864,0.45207545899567,0.5245720838635359,0.5245720838635359,0.650477667866048,0.6465320736972039,0.5739243100090132,0.5373345300248895
selection-selection-SME06704-011745,0.4711857110906449,0.5065276451811346,0.48480939881550694,0.48480939881550694,0.6134863481350986,0.48763393033564206,0.5174520141464548,0.4924676343082082
selection-selection-SME06704-011746,0.4378242516132183,0.5170111996531063,0.45909197661655526,0.45909197661655526,0.5887434412660145,0.4619378992971167,0.49220447482431895,0.49120232760229393
selection-selection-SME06715-011766,0.6970005576633734,0.6641585845128661,0.7784355255711587,0.6543043353655172,0.7784355255711587,0.6570290849125159,0.6936961352270224,0.6945728949585397
selection-selection-SME06715-011767,0.6561756571044333,0.6701145492774143,0.7527569946119833,0.6212393642537954,0.7527569946119833,0.6241262503228578,0.6682772573571674,0.6639041089230293
selection-selection-SME06765-011854,0.4354356500128779,0.5360443344758846,0.46144268028902385,0.46144268028902385,0.632293800334881,0.6221350421570754,0.5143720997557198,0.5279352009107318
selection-selection-SME06790-011901,0.3663031750461429,0.3536908092493042,0.396269405681339,0.396269405681339,0.5492213170477213,0.5444281525953114,0.46838178317380874,0.4656037418104354
selection-selection-SME06790-011902,0.3934336757300843,0.5250585171998229,0.4175850500857756,0.4175850500857756,0.5709832297149351,0.5661760802318428,0.4807962713378587,0.4803593818426958
selection-selection-SME06828-011969,0.7254225176819262,0.7264922579385182,0.6779105843877449,0.6779105843877449,0.7962054637487637,0.792498371724937,0.7174437814324899,0.7177984603331278
selection-selection-SME06837-011984,0.5483153485193054,0.5847074982743277,0.5369070824559512,0.5369070824559512,0.6827537763134252,0.5401084995402557,0.5837418761716535,0.5851193221392659
selection-selection-SME06837-011985,0.5593753882596023,0.5943475793430143,0.5454291791876269,0.5454291791876269,0.6901408795194264,0.5486056825247113,0.5906935333831367,0.5928946836551414
selection-selection-SME06837-011986,0.4027309855659589,0.4671101384058855,0.42483849386603667,0.42483849386603667,0.5782557018753488,0.42820608800037674,0.4784883740097619,0.4755261623783671
selection-selection-SME06882-012068,0.4094579322314459,0.6302891156140147,0.613111072820905,0.4412236215567408,0.613111072820905,0.44499664793464705,0.49521862185981935,0.5101968558886332
selection-selection-SME06883-012069,0.2298039334862823,0.207545492255577,0.29260731137518414,0.29260731137518414,0.4535968010072588,0.2961411213565421,0.32991076247212303,0.327230887725265
selection-selection-SME06883-012070,0.3617349870118636,0.3996858890203862,0.40352305732961413,0.40352305732961413,0.5758595259401293,0.40730593989120023,0.43776372650442286,0.45155418125712576
selection-selection-SME06883-012071,0.327670155511046,0.3795721105150797,0.37601113667952457,0.37601113667952457,0.5473804719428079,0.37977279011936144,0.4106222838177347,0.4203749888241003
selection-selection-SME06903-012101,0.4460278837303567,0.623761685134479,0.6110237102872847,0.4583613127401896,0.6110237102872847,0.4617123383597061,0.5179599883941872,0.5241027966939075
selection-selection-SME06903-012102,0.6348048166133708,0.7136449625208319,0.7391864566487633,0.60424530338826,0.7391864566487633,0.607207337713468,0.6558995752606938,0.658033118823524
selection-selection-SME06925-012139,0.3542587412897207,0.4493916894139222,0.39753418807536434,0.39753418807536434,0.5697560762310212,0.5643590346062374,0.44213601975002215,0.45364537442638075
selection-selection-SME06959-012202,0.4533141234111759,0.5131582385066165,0.47105350241200294,0.47105350241200294,0.6003338455899987,0.5926468737800599,0.5180963731746047,0.5246088005531072
selection-selection-SME06959-012203,0.529569693659896,0.5707774336838453,0.5295887001433482,0.5295887001433482,0.6550394007091959,0.6475801383412191,0.5710530068695179,0.5705443470252776
selection-selection-SME07025-012308,0.770712273671576,0.6891149593908903,0.7168397449275885,0.7168397449275885,0.8245376127170845,0.7192037737908098,0.7519310939663444,0.7589146588407163
selection-selection-SME07049-012350,0.478207212665573,0.542044052619456,0.6185934084619049,0.49020382794275247,0.6185934084619049,0.4930220515558457,0.535695172690176,0.5242453316486018
selection-selection-SME07056-012360,0.5663474897176176,0.574157905237706,0.5508108249288591,0.5508108249288591,0.6947680468493844,0.5539707670398252,0.6138147380183794,0.6158221345807051
selection-selection-SME07056-012361,0.571294645280101,0.574157905237706,0.5546344756787335,0.5546344756787335,0.6980380726583476,0.5577822654103946,0.6162666851839425,0.6180359356930001
selection-selection-SME07063-012373,0.7411454397898436,0.7311491832818664,0.8060274957526541,0.6912228974139987,0.8060274957526541,0.6937429230159315,0.7285691147343609,0.7335187950947823
selection-selection-SME07063-012374,0.7600665362546876,0.7250500570164534,0.8178626513240551,0.7075210306374815,0.8178626513240551,0.709943091365996,0.7416326397128994,0.7476735718829761
selection-selection-SME07074-012395,0.5156104172643879,0.5253234124217956,0.5188880470660362,0.5188880470660362,0.6452810310792682,0.6413201629044661,0.5639132796339924,0.5674801928987556
selection-selection-SME07074-012396,0.5546403913609077,0.6140217256917152,0.5488323328883679,0.5488323328883679,0.6723263865269452,0.6684563642258409,0.592961292081233,0.586085193263157
selection-selection-SME07089-012421,0.8976312097878885,0.8335729113800944,0.8407819024533083,0.8407819024533083,0.9074270428113648,0.9053385359412223,0.8682504475212695,0.8663106374058189
selection-selection-SME07089-012422,0.9304185005976277,0.8335729113800944,0.8794896354350913,0.8794896354350913,0.9312572818809378,0.9296350017766064,0.900826253856484,0.8993194762626608
selection-selection-SME07089-012423,0.8873102738398793,0.8407869736688867,0.8294219282579116,0.8294219282579116,0.9002580105767615,0.8980381691332283,0.8567050109928349,0.8564391396681186
selection-selection-SME07129-012487,0.8264125684109579,0.7323614081764074,0.7677653726813211,0.7677653726813211,0.8598801337115363,0.8544030166656477,0.7983189272158393,0.8018158595810135
selection-selection-SME07129-012488,0.8599318375399789,0.7299163351484844,0.800709782921619,0.800709782921619,0.8817695633304108,0.8769497722345262,0.8287792097740331,0.830893666967415
selection-selection-SME07142-012508,0.7683487005665596,0.675554221205157,0.7147609255638039,0.7147609255638039,0.8230542882101537,0.8196606209350515,0.7472688820235187,0.7510709231527565
selection-selection-SME07142-012509,0.4594760646274189,0.5983753807890178,0.46871093589163737,0.46871093589163737,0.6208691008546113,0.6161008106061984,0.5131654904232286,0.5225469442348105
selection-selection-SME07153-012527,0.2419756361233205,0.3173691323513683,0.303440828212197,0.303440828212197,0.4664604122282513,0.3070191999088172,0.37079324396547775,0.3164426049463729
selection-selection-SME07163-012544,0.641912612794848,0.6497012963008497,0.6098768082343958,0.6098768082343958,0.7437122145631905,0.7357072233157725,0.6521620009439781,0.6529531558045338
selection-selection-SME07187-012580,0.389895738784972,0.4062856267424249,0.42586954678275174,0.42586954678275174,0.5981787856239927,0.42965183163556403,0.4936111209675463,0.4859628907863361
selection-selection-SME07187-012581,0.5079944081270826,0.4823663669257819,0.5172740788094972,0.5172740788094972,0.6825964466822669,0.5209029979089098,0.5692084964053934,0.5319537522890865
selection-selection-SME07187-012582,0.4848113410755576,0.4901732628915406,0.49950056799920145,0.49950056799920145,0.6669912749104442,0.5031770833619145,0.5512891509916055,0.555675670472057
selection-selection-SME07188-012583,0.2953048682595125,0.3286789288977036,0.3492564508489914,0.3492564508489914,0.5185656705354177,0.5084985933069762,0.393881464552864,0.3739048701573149
selection-selection-SME07188-012584,0.6502233039855035,0.5905755220971319,0.6271526274026986,0.6271526274026986,0.7714693825863834,0.7628883500679947,0.6637425860647008,0.6471011338707632
selection-selection-SME07201-012605,0.7979119531710271,0.7196481403248,0.7412082504862852,0.7412082504862852,0.8416846784180914,0.743413764676858,0.7810925946038791,0.7803312086018873
selection-selection-SME07201-012606,0.8077680272614957,0.7164535106859353,0.7502621398084633,0.7502621398084633,0.8479445020797727,0.7524063226839162,0.7881961415858832,0.7871699322497842
selection-selection-SME07243-012685,0.488804703907173,0.3991771193659846,0.49122634421554545,0.49122634421554545,0.6418632857090955,0.49453290993376536,0.5368388878963677,0.5555500685328911
selection-selection-SME07243-012686,0.7269752563312675,0.6300614504533565,0.6792166459713325,0.6792166459713325,0.7971753600071898,0.681805906189504,0.7152434814597117,0.721168210008692
selection-selection-SME07275-012743,0.5531114746580928,0.623250265971933,0.6712803132590685,0.5476572634174167,0.6712803132590685,0.550370858997195,0.5869320135533878,0.5983967578840993
selection-selection-SME07351-012867,0.3708208682780717,0.4313657893482411,0.4107679693829685,0.4107679693829685,0.5831734483103516,0.5728614958332164,0.47436095558130803,0.46676425876042
selection-selection-SME07351-012868,0.5021251077439067,0.5560518358158708,0.5127772069086157,0.5127772069086157,0.6786829953600818,0.6687598037258197,0.5693888532171163,0.5866564304983652
selection-selection-SME07351-012869,0.478781191933849,0.5402781141572032,0.4948707644365666,0.4948707644365666,0.6628650970672112,0.6528169849927399,0.54918193307042,0.5632758908029922
selection-selection-SME07360-012885,0.4078992071921127,0.3750153427573617,0.44000462029045584,0.44000462029045584,0.6119372512853375,0.6065492743209966,0.49397854374504147,0.4892643041016095
selection-selection-SME07361-012886,0.7405169029437717,0.6598339183884974,0.6906868904732817,0.6906868904732817,0.8056347400760437,0.6932100605211539,0.7304588114712437,0.7325156060888158
selection-selection-SME07391-012937,0.4270192784828672,0.4416099186981413,0.45072128102284736,0.45072128102284736,0.5805459772567897,0.45357100623426805,0.4856145864489043,0.47551815621357735
selection-selection-SME07391-012938,0.4675768167256044,0.4670586768637422,0.4820348076610579,0.4820348076610579,0.6108484925787672,0.48486234060459366,0.513447830404987,0.50722417084599
selection-selection-SME07391-012939,0.6963542993178758,0.6296192920148146,0.660184759912777,0.660184759912777,0.7661843118048733,0.6625115097854043,0.6859088084049163,0.6940930602508738
selection-selection-SME07450-013039,0.5663895875113913,0.7024752069763297,0.6947959188524055,0.5508433440135997,0.6947959188524055,0.5540031841185042,0.598188403912318,0.6011445302390431
selection-selection-SME07450-013040,0.7635149955905819,0.8150407865985043,0.8200232377049024,0.7105272581948207,0.8200232377049024,0.7129307566231691,0.7477495811691033,0.7487883150911034
selection-selection-SME07484-013104,0.4195413393951289,0.3157056462291938,0.43789858897843215,0.43789858897843215,0.5911844113163887,0.4412632991232776,0.5064952898881419,0.46638495408867836
selection-selection-SME07584-013282,0.4005329587657013,0.3923641047603023,0.423125758612342,0.423125758612342,0.5765444537771405,0.571736661383899,0.4854151769626138,0.44412309347481904
selection-selection-SME07584-013283,0.6716067518723504,0.6706832526337595,0.6336355035053158,0.6336355035053158,0.7624943892696336,0.7584562453516857,0.6790824328445406,0.6836213683912604
selection-selection-SME07600-013313,0.6944829798623955,0.6190189080066723,0.6522387333068116,0.6522387333068116,0.7768586831679679,0.6549742114035627,0.6918789617104935,0.6935178897387207
selection-selection-SME07600-013314,0.7109754830532132,0.6190189080066723,0.6658429045180748,0.6658429045180748,0.7871785079528427,0.6685062893607239,0.7044384186312767,0.7060341528737689
selection-selection-SME07604-013320,0.5932729405779513,0.6696254394645134,0.6984512960288236,0.5786324485371469,0.6984512960288236,0.5812625397324701,0.6140125018058636,0.6202860297859408
selection-selection-SME07607-013325,0.2594562739307088,0.3583356615583431,0.3187346731221461,0.3187346731221461,0.4842584963309396,0.4790713568022881,0.3521581836262316,0.36159390136010394
selection-selection-SME07607-013326,0.3880660680946801,0.4081454868619928,0.42442691190298903,0.42442691190298903,0.5967591565522898,0.5913586566064056,0.4546988591314299,0.45748128957860207
selection-selection-SME07607-013327,0.368898700605044,0.4496810762854713,0.4092382062025712,0.4092382062025712,0.5816354073679219,0.5762328718328062,0.43859456784728534,0.4674303273472735
selection-selection-SME07621-013351,0.5191266663355913,0.5172167141647723,0.5215830723920885,0.5215830723920885,0.6477486845301921,0.6437949416719658,0.5626344470926377,0.5638778737541041
selection-selection-SME07637-013378,0.451080221003562,0.4781331276039934,0.4735441951722015,0.4735441951722015,0.6435220398160775,0.47727530460912815,0.5479401591605901,0.5502814490858734
selection-selection-SME07643-013388,0.7192019236771203,0.6760673238512704,0.6726961920152623,0.6726961920152623,0.7923194784406338,0.6753219905350224,0.711824386309722,0.7120128048222458
selection-selection-SME07643-013389,0.7352800577442643,0.6760673238512704,0.686233697695432,0.686233697695432,0.8023629109255873,0.6887827993403769,0.7242189976676665,0.7244019126691785
selection-selection-SME07677-013454,0.226057877369304,0.3381351618602309,0.2892401719096428,0.2892401719096428,0.4495544182670089,0.44453053500860135,0.3465427301939319,0.36702116384889477
selection-selection-SME07688-013476,0.2844619090696709,0.339077006574905,0.31734429336779296,0.31734429336779296,0.568421871344892,0.5605536720474393,0.4418962425889067,0.4215312090135471
selection-selection-SME07690-013478,0.6374369208890925,0.6077794211158996,0.6063284498587855,0.6063284498587855,0.740863925137888,0.609281579323787,0.6479049619554663,0.6521721101202997
selection-selection-SME07690-013479,0.62818272898328,0.6121738023255062,0.5990156730721528,0.5990156730721528,0.7349578305382949,0.6019996800035312,0.6410269027691119,0.6453386675772543
selection-selection-SME07738-013560,0.3614247742197573,0.4313657893482411,0.40327506529024604,0.40327506529024604,0.575607828314456,0.5653002251360932,0.45330527807907944,0.4507362633090065
selection-selection-SME07738-013561,0.4647355177313278,0.5111574345038303,0.4840708612993812,0.4840708612993812,0.6531394601161381,0.643027093808403,0.5271758200243531,0.5298702784303551
selection-selection-SME07741-013566,0.0552392806166812,0.1048132750075651,0.09658299565470119,0.09658299565470119,0.2324795478448392,0.0995660015245823,0.1385141086621644,0.14272229198473918
selection-selection-SME07741-013567,0.0697336299448247,0.0455640862116375,0.11453213520285895,0.11453213520285895,0.26818669955142654,0.11790493944254636,0.15868597311317878,0.12351768342723365
selection-selection-SME07741-013568,0.0370461379800678,0.1009239432665504,0.0719747989087306,0.0719747989087306,0.18015109143274416,0.0743493294643669,0.1075130961521433,0.1076375832380074
selection-selection-SME07746-013576,0.7722551266594483,0.6642479363414815,0.7181998523561155,0.7181998523561155,0.8255063366992926,0.7205552901322273,0.7541043302737163,0.758663748912594
selection-selection-SME07746-013577,0.7359014972480494,0.6686423175510882,0.686760971488987,0.686760971488987,0.8027511271248571,0.6893070207414075,0.7255709838305382,0.730499368920867
selection-selection-SME07852-013752,0.3693617946151664,0.4067382565997083,0.398684865301057,0.398684865301057,0.5517170991273508,0.4020440090352273,0.4703752771438824,0.470244694651235
selection-selection-SME07854-013754,0.7054189789506085,0.6514378537151472,0.6612399940102993,0.6612399940102993,0.7837040241539387,0.6639281484548408,0.6980860842638847,0.7002005436338967
selection-selection-SME07858-013760,0.6633435571032223,0.7115866798543518,0.779242993621778,0.6375287809483101,0.779242993621778,0.6406394877428363,0.6922485169901313,0.6878727229644478
selection-selection-SME07946-013914,0.4734907256622656,0.5478871754475761,0.6309792802676178,0.47947690560732187,0.6309792802676178,0.4828024680710426,0.5426930625904811,0.542374020858615
selection-selection-SME07971-013956,0.3062231337093757,0.3760573818703907,0.3349682607045513,0.3349682607045513,0.5879796729298594,0.5729356875446181,0.4296861118291924,0.4183230940067937
selection-selection-SME07971-013957,0.3187078403135271,0.3976502067480766,0.34496768044575066,0.34496768044575066,0.5987320671546363,0.5836433101244056,0.45038546267313684,0.43334962589488224
selection-selection-SME07971-013958,0.2879651875691455,0.4623949323567553,0.320199652812098,0.320199652812098,0.5716445999797604,0.5566937561537334,0.428815640626443,0.43226736005872046
selection-selection-SME07976-013964,0.7731421296783808,0.7814293807729585,0.82606344010983,0.7189829258947666,0.82606344010983,0.7213334034992794,0.7500601228065635,0.7566834261625821
selection-selection-SME08002-014008,0.6130895541685886,0.66022401534829,0.5871525756505387,0.5871525756505387,0.7252720274818863,0.7209436785205026,0.6390112783376737,0.6421787646081781
selection-selection-SME08002-014009,0.6317302692773801,0.6609852291555768,0.6018152712838488,0.6018152712838488,0.7372246657000854,0.732981243764131,0.6521659130462489,0.6553849476024549
selection-selection-SME08023-014047,0.767380421650672,0.8382370782151812,0.8224468562804248,0.7139109571322354,0.8224468562804248,0.7162933812558356,0.7593143276525668,0.7585973558054552
selection-selection-SME08037-014071,0.6676109524789803,0.6632580121732218,0.6304145938643116,0.6304145938643116,0.759977214629621,0.6332585663715711,0.6730107814425937,0.6762632458364504
selection-selection-SME08060-014107,0.3369474945443665,0.3605820448123343,0.38356322804943227,0.38356322804943227,0.5553113870017223,0.3873331968826308,0.45317092136035597,0.4448830882790118
selection-selection-SME08062-014111,0.3961702238215069,0.4152320644521732,0.4308079137608201,0.4308079137608201,0.6030166228267545,0.43458799192843683,0.4961454817193309,0.4907077278562034
selection-selection-SME08062-014112,0.3759119002491266,0.4610261376238863,0.4148123495889098,0.4148123495889098,0.587223614455003,0.4185968739704379,0.4685595247927109,0.4794452235314603
selection-selection-SME08072-014133,0.6859222372299482,0.6049643865426886,0.6517277983764401,0.6517277983764401,0.7594039672072621,0.7560296413802687,0.6823633367240969,0.6861111196121843
selection-selection-SME08093-014173,0.740488907231333,0.731482293611587,0.690663023844247,0.690663023844247,0.8056172466872464,0.7987415807259443,0.7164718390721524,0.7213239585722544
selection-selection-SME08093-014174,0.768588449217041,0.7331209877750603,0.7149715281037865,0.7149715281037865,0.8232047110307611,0.8167310453112272,0.740502919007379,0.7462132256807047
selection-selection-SME08093-014175,0.7260951250321729,0.7331209877750603,0.6784761139057346,0.6784761139057346,0.7966256008718691,0.7895588191061582,0.7063466860834607,0.7125801699894818
selection-selection-SME08098-014185,0.2951762049591707,0.298786452196407,0.3491486974235704,0.3491486974235704,0.5184472975890871,0.35286489706158475,0.409139439272699,0.4020727513076835
selection-selection-SME08116-014217,0.7002858260833087,0.6810548174728471,0.6570056501293793,0.6570056501293793,0.7804922726508026,0.7731497937952212,0.6923167733363939,0.6946224338469912
selection-selection-SME08116-014218,0.6960931212714639,0.6621290941926472,0.6535593658955612,0.6535593658955612,0.7778672419897121,0.7704759316342509,0.6942680967787052,0.6927338966133327
selection-selection-SME08148-014272,0.4517308206139444,0.4986405536912972,0.47404643486636705,0.47404643486636705,0.6439840334746864,0.6338196903701058,0.5290330141841744,0.5355199512107924
selection-selection-SME08155-014286,0.4454227016571263,0.4763918614911559,0.4691735265027444,0.4691735265027444,0.6394882088762475,0.472912029717574,0.5131709856549868,0.5245923204330207
selection-selection-SME08198-014368,0.0454789134247092,0.0,0.08372768754683589,0.08372768754683589,0.20565380053519647,0.20183291392204117,0.13080278012145302,0.1374092797548208
selection-selection-SME08198-014369,0.1613850898149042,0.1937363419953326,0.210432771737157,0.210432771737157,0.43023312360110094,0.42334508131532794,0.2883097565193328,0.29079329747452043
selection-selection-SME08216-014398,0.6641508316744469,0.7087056210759061,0.7577951744181709,0.6276318181207234,0.7577951744181709,0.6304889771113023,0.6669791339558632,0.670270917953273
selection-selection-SME08216-014399,0.6566441513546872,0.7177094110909117,0.7530533156616435,0.6216140769790651,0.7530533156616435,0.6244992423066906,0.6633250134129722,0.6642533911351809
selection-selection-SME08223-014410,0.2534708268431019,0.2983983779858187,0.29173694079396273,0.29173694079396273,0.5385373184585214,0.2971543481041364,0.3852877414310695,0.399609365338033
selection-selection-SME08223-014411,0.264393078077468,0.237401545136561,0.3008375567371199,0.3008375567371199,0.5493651587451418,0.3062928775945626,0.3969260215490037,0.3760017614886063
selection-selection-SME08233-014426,0.6154161067607814,0.5905780388246279,0.5958455638956759,0.5958455638956759,0.7131958262380407,0.706176847862281,0.642361179563151,0.6031633774903188
selection-selection-SME08248-014448,0.6536436851189928,0.6696196767687005,0.6192159263317328,0.6192159263317328,0.7511547222328476,0.6221120572217013,0.6683432894581394,0.6687178381387704
selection-selection-SME08267-014483,0.6756912841866496,0.5933654336883353,0.6434890805261078,0.6434890805261078,0.7527460774472221,0.6458873331520115,0.6816755625590953,0.6818398281812186
selection-selection-SME08267-014484,0.7847113271397991,0.6319845745596858,0.7348549752465134,0.7348549752465134,0.8237796908571672,0.7368069228446612,0.7605585425179568,0.757805801857393
selection-selection-SME08287-014522,0.7634096376298851,0.8270555518555036,0.8199572057404845,0.7104352389286118,0.8199572057404845,0.712839307792873,0.7497293394682434,0.7515175737057324
selection-selection-SME08287-014523,0.4959677324570788,0.6334039843112386,0.6468989528460317,0.49671931623221205,0.6468989528460317,0.5000158438507262,0.5554687181939182,0.565780186620926
selection-selection-SME08303-014550,0.726284664136134,0.6379215459672546,0.6786355403398258,0.6786355403398258,0.7967439937479859,0.6812280874215662,0.7117606131753889,0.7167386283556867
selection-selection-SME08303-014551,0.7633888408056025,0.6379215459672546,0.7104170763515568,0.7104170763515568,0.8199441717200742,0.7128212577905251,0.7411353941929716,0.7457517237414943
selection-selection-SME08303-014552,0.709540050118401,0.6477517491779241,0.6646518472695945,0.6646518472695945,0.7862811182884727,0.6673216782811351,0.6985426582832068,0.7038907898279356
selection-selection-SME08313-014568,0.4241513274296091,0.403708463738016,0.4526809951335996,0.4526809951335996,0.6240470708346335,0.456442577024209,0.51804198806259,0.5147188456431028
selection-selection-SME08313-014569,0.6026044721024331,0.5351470359214661,0.589968256177613,0.589968256177613,0.7427746503187218,0.59332244260348,0.6434573709283702,0.6372160554926205
selection-selection-SME08313-014570,0.4635538672092323,0.4279689619486687,0.4831610911481895,0.4831610911481895,0.6523136863909103,0.4868740858959052,0.5423721119185054,0.5502019305222958
selection-selection-SME08336-014614,0.6049541826581915,0.5513232243726921,0.5876980036643473,0.5876980036643473,0.706247686891519,0.5903002359891558,0.6345312764491392,0.6412291807395181
selection-selection-SME08336-014615,0.6686621422756465,0.6817576523861717,0.6378581416203589,0.6378581416203589,0.74816545268622,0.6402794492333724,0.6762001594493914,0.6855532032518005
selection-selection-SME08348-014635,0.314983797757194,0.3432798526165328,0.3616908150138952,0.3616908150138952,0.48868665505419967,0.48109075337266977,0.40519028828323544,0.37086645141898367
selection-selection-SME08348-014636,0.4127848795330328,0.5027195753768173,0.4396534260097613,0.4396534260097613,0.5695960419595013,0.5618238871024464,0.4792619998599551,0.48322804080445364
selection-selection-SME08348-014637,0.44725772537424,0.5133084865865938,0.4663815516915833,0.4663815516915833,0.5958240119933474,0.5880817725502643,0.5111107709219129,0.5152868929305443
selection-selection-SME08429-014780,0.28226277119401,0.3103187017219071,0.33827166123156954,0.33827166123156954,0.5063997002640147,0.3419621663933464,0.39852744430212095,0.39486702133221296
selection-selection-SME08429-014781,0.3980147412804692,0.4543897022783937,0.43225711890172686,0.43225711890172686,0.6044299645063735,0.43603640984616676,0.4874551166846832,0.5038222374776944
selection-selection-SME08453-014829,0.4691542898433077,0.4510707545496661,0.4874712084579954,0.4874712084579954,0.6562168783606948,0.6461833096393822,0.538255407330865,0.5355164740110709
selection-selection-SME08453-014830,0.3861702587814881,0.3732357033462319,0.4229308621306054,0.4229308621306054,0.5952839092022889,0.5850358468779727,0.4722095777655587,0.47093880513163466
selection-selection-SME08453-014831,0.5308786105287693,0.5481675782234195,0.5348013600463836,0.5348013600463836,0.6976298840503269,0.6879481471125701,0.5811451590420331,0.5793115317820732
selection-selection-SME08480-014876,0.5283707159897573,0.5325992024158519,0.5215752392735135,0.5215752392735135,0.6692762210940572,0.6604939634387569,0.577449341451533,0.5780795986820985
selection-selection-SME08501-014911,0.1180763460290246,0.2447546112848534,0.16790920110954607,0.16790920110954607,0.36375583714076715,0.17220814508908286,0.23776718059020321,0.2551736631136121
selection-selection-SME08503-014914,0.8206358586170164,0.7117488540874561,0.7622863635721246,0.7622863635721246,0.8561672170211605,0.850585088630906,0.7917620347292038,0.7964382683667693
selection-selection-SME08503-014915,0.8375255744042012,0.7117488540874561,0.7784590709632787,0.7784590709632787,0.8670666324709185,0.8617980524941554,0.8048391213610244,0.8097970769544767
selection-selection-SME08503-014916,0.8024947211786131,0.7097106265473216,0.745401991882219,0.745401991882219,0.8445915802529808,0.8386937960198766,0.7741890629193192,0.7803242849842665
selection-selection-SME08507-014921,0.741603544582175,0.6345057441604239,0.6916137715442728,0.6916137715442728,0.806313763521816,0.7994937351767671,0.7219114703787826,0.7297752606668734
selection-selection-SME08507-014922,0.7067065895525786,0.6246755409497544,0.6623048101642546,0.6623048101642546,0.7845093491014632,0.7772431025649458,0.6952212577736161,0.7029631145196529
selection-selection-SME08541-014984,0.532006322917378,0.5198002504895379,0.5314571790031426,0.5314571790031426,0.6567325693393663,0.5342070443875252,0.5733460977916941,0.5863113471507742
selection-selection-SME08541-014985,0.3607164548458408,0.4131531861976547,0.39864839953738135,0.39864839953738135,0.5278890150643851,0.4014853038482773,0.44620508546282567,0.4529451282270268
selection-selection-SME08541-014986,0.5763610673284782,0.6026023106867544,0.5655575604449481,0.5655575604449481,0.6870837370851302,0.5682251284768042,0.6051447496777725,0.6148112738409367
selection-selection-SME08561-015019,0.6400038448113992,0.7075525001086352,0.7424981150943072,0.6083625663413245,0.7424981150943072,0.6113069171938027,0.6527531752513063,0.6540699495669493
selection-selection-SME08618-015117,0.2875725165637353,0.3971933720410522,0.3427592661902354,0.3427592661902354,0.5113940246291392,0.3464608941284145,0.3861142245612834,0.4048414097228187
selection-selection-SME08618-015118,0.3829400323326788,0.4881527930125732,0.4203787467332204,0.4203787467332204,0.5927600732498575,0.42416261395111393,0.46291825872361336,0.48207914464075685
selection-selection-SME08726-015301,0.7366614780940095,0.6027312670883429,0.6874062188098172,0.6874062188098172,0.8032259035223555,0.7963392985711641,0.7163101880725061,0.7217105497631523
selection-selection-SME08732-015312,0.5517510634791045,0.6203948201310785,0.5395526093120457,0.5395526093120457,0.6850548580746506,0.676352047213354,0.5901066055210031,0.5928920077012283
selection-selection-SME08732-015313,0.6406643272431046,0.6130359848784881,0.6088863699954641,0.6088863699954641,0.7429183281684147,0.7349015807210846,0.660334351659039,0.6579960153790476
selection-selection-SME08764-015362,0.0997163928692777,0.1880306106252022,0.14856459474819145,0.14856459474819145,0.33081857115260305,0.15256517219229665,0.21300529754022915,0.21109449608902076
selection-selection-SME08769-015371,0.7419625149932368,0.7175527982477569,0.6919201837285627,0.6919201837285627,0.8065380890495403,0.694436111313595,0.7514790238394904,0.7489626763953519
selection-selection-SME08771-015373,0.8167510701912267,0.8223886950731237,0.8450649894659858,0.7638015857148323,0.8450649894659858,0.7655853632021158,0.7930028133611337,0.796977194598734
selection-selection-SME08771-015374,0.7915455250100988,0.8116327683411934,0.8282895086518358,0.7409248329481958,0.8282895086518358,0.7428425367916281,0.7723184943714791,0.7758948743310918
selection-selection-SME08788-015402,0.4166824863278762,0.4366732340319784,0.446864429953111,0.446864429953111,0.6185169406398727,0.6131377420078279,0.5094212673703953,0.5048785916690532
selection-selection-SME08807-015432,0.5424601402455143,0.4897639499312088,0.5394772069654213,0.5394772069654213,0.6639641077375709,0.6600629718691708,0.5856145003762498,0.5798606405621638
selection-selection-SME08807-015433,0.3532640095247805,0.3183918785599888,0.39269577438771724,0.39269577438771724,0.5216807146569724,0.5176386204780127,0.44115173667944385,0.44122696449632703
selection-selection-SME08861-015527,0.4629559734634021,0.398737259176879,0.47848000242298777,0.47848000242298777,0.607457816627961,0.6034159457636215,0.525269177303138,0.5043783405129392
selection-selection-SME08861-015528,0.3609250859963546,0.2596477226918061,0.39881469638798694,0.39881469638798694,0.528061882553827,0.524011570185908,0.4526031016851933,0.42545915239796506
selection-selection-SME08861-015529,0.5110254215604659,0.4771697988797767,0.5153739938141423,0.5153739938141423,0.6420533159461942,0.6380834745870742,0.5594965596328403,0.5381327989833594
selection-selection-SME08865-015536,0.4326757867052103,0.5093221645337028,0.630288626301033,0.4593025390843937,0.630288626301033,0.46305578001372655,0.516190825257364,0.5185975902279901
selection-selection-SME08865-015537,0.5354314950101686,0.5174184744286536,0.70058033367499,0.5382891106806873,0.70058033367499,0.5418514944426008,0.5980845242542681,0.5851127432583811
selection-selection-SME08946-015690,0.3752753633211246,0.4369428839932905,0.41021036519118936,0.41021036519118936,0.5398344305435376,0.41305568644174545,0.4534922473624434,0.43115714741338695
selection-selection-SME08967-015730,0.8357968617783297,0.7333911828589911,0.7767817419980393,0.7767817419980393,0.8659446413998304,0.8631504792604457,0.8070747879926665,0.8106356023354606
selection-selection-SME08967-015731,0.5421637929406242,0.5492649304500171,0.5321739370202295,0.5321739370202295,0.6786190135768464,0.674029758503726,0.5812891726262759,0.5917075480988758
selection-selection-SME08967-015732,0.8176757056140745,0.7350750420796273,0.7594987429396671,0.7594987429396671,0.8542700499444515,0.8513001330876714,0.7906096672585929,0.7950480183496278
selection-selection-SME08971-015738,0.8991555526133107,0.8239348380894819,0.842488575659698,0.842488575659698,0.9084970867120206,0.9045722397383655,0.8676707547953422,0.8674837337983909
selection-selection-SME08977-015748,0.457478101637909,0.3843573252948521,0.4742623485578488,0.4742623485578488,0.6034186997533295,0.5993712339464444,0.5121047045181395,0.4850861548784247
selection-selection-SME08980-015752,0.6317302692773801,0.6532844109254329,0.6018152712838488,0.6018152712838488,0.7372246657000854,0.6047875837661812,0.6495783716582977,0.6525596262951755
selection-selection-SME08980-015753,0.4619741177397315,0.5845112595137152,0.4706311919318174,0.4706311919318174,0.6226821231055838,0.47396879552000576,0.5242642793478718,0.527611924063053
selection-selection-SME09073-015914,0.3988404890180932,0.3700248164446534,0.4218060963479824,0.4218060963479824,0.5752234222400203,0.5660471931340173,0.4795675968472123,0.4885502692122254
selection-selection-SME09073-015915,0.4637324944287789,0.4877651683857549,0.4719824966745284,0.4719824966745284,0.6239554209511089,0.6148655846958967,0.5293086954711048,0.5380982829432749
selection-selection-SME09106-015973,0.5651357897813084,0.536488016710885,0.5610741767731809,0.5610741767731809,0.7195294423225237,0.7100518829185973,0.605073833517063,0.6004994466651272
selection-selection-SME09117-015991,0.2598171614676855,0.3089305438638349,0.31904734574189086,0.31904734574189086,0.4846180387103828,0.47942943039023933,0.37123498105907116,0.3851331333303925
selection-selection-SME09140-016029,0.5231100120886126,0.4935961564189866,0.5175368960968401,0.5175368960968401,0.6656854909293063,0.6610428514743178,0.5950430360541312,0.5935361963409735
selection-selection-SME09153-016048,0.1513604003804569,0.3627780861306215,0.4160074827021097,0.20091207661417138,0.4160074827021097,0.2056335419391124,0.2660368076179682,0.26012850766482337
selection-selection-SME09153-016049,0.1395231654092152,0.3651102547792283,0.39837331531942066,0.18943796616672984,0.39837331531942066,0.19402421477203746,0.2526976082866104,0.25278458929114644
selection-selection-SME09183-016102,0.140951070011909,0.2098219706077793,0.1908362895232649,0.1908362895232649,0.4005517579288463,0.3880082125765007,0.2679431995242116,0.27280411952405004
selection-selection-SME09183-016103,0.1502981232016711,0.2104468746172556,0.19989300978414093,0.19989300978414093,0.41446328168100527,0.4016293598093089,0.27719212127029447,0.29134201455905373
selection-selection-SME09208-016142,0.5878513599868775,0.5440593173471955,0.5785630782626847,0.5785630782626847,0.7337013155851645,0.7288396366581035,0.6183439165702959,0.609927269713436
selection-selection-SME09216-016154,0.2670338153643329,0.4208944960177572,0.49174398033680705,0.32527525004620367,0.49174398033680705,0.3289293324464234,0.38133382097733604,0.37851211958246034
selection-selection-SME09217-016155,0.6638904251379074,0.6578838314455554,0.6274226214118116,0.6274226214118116,0.7576308649608475,0.7535504352439872,0.6659712543790257,0.6688469051647105
selection-selection-SME09225-016169,0.3548412864479605,0.4105830678320966,0.3980017651666819,0.3980017651666819,0.5702344904151417,0.5648371091805582,0.4503173438751594,0.4530981781074651
selection-selection-SME09225-016170,0.4565283449711388,0.5100417885519454,0.47774768943367896,0.47774768943367896,0.6473789649849915,0.6420631072573828,0.5274655298128572,0.5466505633571848
selection-selection-SME09258-016222,0.055275307195542,0.1483203059828013,0.09662917752890533,0.09662917752890533,0.23257398134666388,0.2283137808998172,0.15507099942482952,0.14813791992982758
selection-selection-SME09258-016223,0.1866985561625424,0.2955653516650326,0.2337787162812476,0.2337787162812476,0.46364494014920044,0.4564414563665471,0.31851860646121816,0.30781917253642666
selection-selection-SME09274-016252,0.7194693886144409,0.6997731868498863,0.6729198126599346,0.6729198126599346,0.7924865818093344,0.6755443705936515,0.7119899602903492,0.7152072209149175
selection-selection-SME09299-016298,0.4507108576030218,0.5137067509981809,0.4732590262132887,0.4732590262132887,0.6432595814785604,0.47699063416114773,0.5392828631546891,0.48955819325220723
selection-selection-SME09305-016308,0.80513526804042,0.7096225823477773,0.7478309538303065,0.7478309538303065,0.8462694005919364,0.7499917331862175,0.7820553009200961,0.7824420247528587
selection-selection-SME09305-016309,0.7620270412826716,0.7183075926477521,0.7092286962535358,0.7092286962535358,0.8190908056782445,0.711640231439748,0.745540037325403,0.7478563400867166
selection-selection-SME09308-016314,0.2589104539874682,0.3362616082659067,0.3146042571516427,0.3146042571516427,0.4363696451160896,0.4291295103693845,0.34824522385122547,0.35695355614178015
selection-selection-SME09314-016324,0.2165839910692466,0.4092481834507029,0.43914611537237974,0.28065110248747466,0.43914611537237974,0.2841301572991159,0.3447984564605653,0.34224008405086065
selection-selection-SME09314-016325,0.400526265792305,0.6164451232319706,0.6063480388456788,0.43422858894533733,0.6063480388456788,0.4380067078239904,0.493435390541501,0.5113714805831009
selection-selection-SME09355-016395,0.7598941533250603,0.7458756293227764,0.7073710571713715,0.7073710571713715,0.8177546834501559,0.7097940399462963,0.7469743023941141,0.7487766054892455
selection-selection-SME09418-016503,0.4402676920264665,0.4961567968380312,0.46518568246115066,0.46518568246115066,0.6357866036608376,0.4689304687794508,0.5217861054083512,0.5055378104200332
selection-selection-SME09418-016504,0.5998368681723472,0.5824232209743594,0.5878253751732173,0.5878253751732173,0.7410798792815341,0.5911893978652809,0.6442707133270269,0.632732336050098
selection-selection-SME09438-016541,0.6923304250637626,0.6983445714765799,0.6504756447244637,0.6504756447244637,0.7755099400426146,0.653220217937393,0.6913737536702635,0.6915706950571983
selection-selection-SME09454-016567,0.6634760560142337,0.7170350767763262,0.7573693826596644,0.6270898059727991,0.7573693826596644,0.6299495160663915,0.6693172515848111,0.6690645797284465
selection-selection-SME09458-016573,0.4768008432916056,0.509584109031336,0.4820175516740242,0.4820175516740242,0.6333459248701677,0.48533929470759335,0.5239587731406923,0.5273087501748182
selection-selection-SME09458-016574,0.4573909491159623,0.5194143122420055,0.46710761803790435,0.46710761803790435,0.6193520554965399,0.4704494691980459,0.5104868560374843,0.5130450176423828
selection-selection-SME09464-016583,0.5092422640364419,0.592726838216982,0.6834253340582016,0.5182299862148746,0.6834253340582016,0.5218561171530918,0.5930497189949602,0.597424414448336
selection-selection-SME09464-016584,0.5309364611663245,0.5396631101517463,0.6976674547681248,0.5348456728353542,0.6976674547681248,0.5384197026648262,0.6058177470511499,0.5953560528418538
selection-selection-SME09464-016585,0.5811439960592203,0.6049199585999061,0.7295431679641793,0.5733910206200089,0.7295431679641793,0.576818648213316,0.6415004428535962,0.650734807890179
selection-selection-SME09472-016598,0.7333446423300256,0.6761835343036214,0.6845935407236772,0.6845935407236772,0.8011538986327551,0.7942232534675435,0.7249612851922081,0.7280835804208643
selection-selection-SME09473-016599,0.7426787405778289,0.7029777328859846,0.6925318698207434,0.6925318698207434,0.8069856857743121,0.695044195551731,0.7322976334523141,0.7354641702568758
selection-selection-SME09550-016734,0.6142077084546282,0.67552298668114,0.7259920058560481,0.588028916375905,0.7259920058560481,0.5910572839033638,0.633146178294548,0.6361537317292835
selection-selection-SME09557-016746,0.3285765364663992,0.3348344319750477,0.3727891984291918,0.3727891984291918,0.5006255871131567,0.4966194859242892,0.41878115638314084,0.43734320331956034
selection-selection-SME09557-016747,0.6743887996240739,0.6442533700282957,0.6424439254162055,0.6424439254162055,0.7518977282606351,0.7484676954334003,0.6795750339507518,0.6865615296257737
selection-selection-SME09557-016748,0.6514592529376898,0.6222972890321637,0.6241692895151038,0.6241692895151038,0.7369265115330966,0.7333929570746989,0.6624426056106204,0.6421709082814668
selection-selection-SME09611-016843,0.3867986890233453,0.4345644164920619,0.4234269226642977,0.4234269226642977,0.5957734173812733,0.4272100253045682,0.4916741422577261,0.48584774643664685
selection-selection-SME09611-016844,0.4813805633990707,0.5019547299753847,0.4968669409993552,0.4968669409993552,0.664647275939625,0.5005498138604503,0.543129179331047,0.5085659260156243
selection-selection-SME09686-016972,0.2897699421913634,0.3729707818071614,0.34461017015292383,0.34461017015292383,0.5134441636821826,0.3483161714135636,0.40951168329436927,0.4257675275992182
selection-selection-SME09686-016973,0.3993648521501214,0.4734111452231361,0.43331716886481575,0.43331716886481575,0.6054619628297594,0.43709584405996293,0.5017406643114151,0.5132856480336346
selection-selection-SME09686-016974,0.3883096107127637,0.4169186418169776,0.4246190060635883,0.4246190060635883,0.5969483541107781,0.4284017323247985,0.48581862275902843,0.48516493117233805
selection-selection-SME09688-016977,0.7823901197490936,0.7035913088222933,0.7271980511797314,0.7271980511797314,0.8318801906123763,0.7294958831067871,0.7684295496249005,0.7682690612324372
selection-selection-SME09827-017210,0.5634373258642064,0.6026490462142529,0.5485635533473624,0.5485635533473624,0.6928393593058626,0.5517304885574175,0.6028880328804516,0.6079592301496393
selection-selection-SME09827-017211,0.5714896367178357,0.6026490462142529,0.5547852752639578,0.5547852752639578,0.6981667404865335,0.5579325791910853,0.6087730067561571,0.6138127685516864
selection-selection-SME09829-017213,0.3604596445839163,0.4264508681538227,0.40250324088479,0.40250324088479,0.5748238986116042,0.4062857763885727,0.4544505240413967,0.47069735075059765
selection-selection-SME09829-017214,0.4711496827355549,0.4517530888346164,0.48900585635638744,0.48900585635638744,0.6576011570754428,0.49270661817538974,0.5346736788695842,0.5381347126966373
selection-selection-SME09829-017215,0.3577358736083779,0.3886683375352271,0.4003227434230672,0.4003227434230672,0.5726045098790812,0.40410442524154877,0.4486973479717768,0.4514611982329519
selection-selection-SME09834-017224,0.6878324050750663,0.6643151804068549,0.6468002547096412,0.6468002547096412,0.7726898813541914,0.7651601447390941,0.6888715551996636,0.6892490051334326
selection-selection-SME09836-017228,0.4222827744328726,0.5173972948711808,0.4512271726103882,0.4512271726103882,0.6226690164778044,0.4549904176549292,0.5155257730873634,0.49725942563156644
selection-selection-SME09882-017302,0.3003485448154089,0.4130075474330907,0.3534711973381041,0.3534711973381041,0.5231809342242205,0.3571964216587253,0.382625782970656,0.40206202126675683
selection-selection-SME09893-017320,0.3204323340076779,0.3734448971738284,0.36615224142487046,0.36615224142487046,0.493503451180072,0.3689476722147901,0.396708933829294,0.39861260012714217
selection-selection-SME09893-017321,0.3966512605749586,0.4555593196373836,0.42704387042185027,0.42704387042185027,0.5569639889405951,0.42989569020617285,0.45418585039416126,0.45835078635022025
selection-selection-SME09899-017331,0.5949856042311781,0.6363600138237364,0.579959692634211,0.579959692634211,0.6995970657693794,0.6924834621688771,0.6323404666064685,0.6265904754457334
selection-selection-SME09899-017332,0.6788951691021662,0.7030486483255546,0.6460634708138395,0.6460634708138395,0.7548321044180543,0.7483647529261882,0.6906108351008589,0.6878171157727921
selection-selection-SME09899-017333,0.6511436413180426,0.7269842309087107,0.6239192878277254,0.6239192878277254,0.7367198775558937,0.7300127871191746,0.6682932462588926,0.6768742662436292
selection-selection-SME09907-017345,0.8484802688128217,0.8197646489041315,0.7892146752096202,0.7892146752096202,0.8742155157428777,0.7910804915395354,0.8170181153363409,0.8214015768254813
selection-selection-SME09907-017346,0.8673548780736836,0.8197646489041315,0.8083120640247513,0.8083120640247513,0.8867171485602952,0.8100330997951866,0.8369140375926754,0.8389140560421946
selection-selection-SME09907-017347,0.5830731910910655,0.6487207529139472,0.5637570056371043,0.5637570056371043,0.7057814275768206,0.5668745216997627,0.6165183781721395,0.6191900206287647
selection-selection-SME09942-017410,0.3531775558046409,0.3773111296114897,0.3926265752914304,0.3926265752914304,0.5216083082795436,0.3954577969847715,0.45620528379291014,0.46120077412469596
selection-selection-SME09963-017448,0.5478892360915669,0.4838364260314901,0.5436454013858039,0.5436454013858039,0.6676996005302009,0.6638120245450486,0.5838002479909672,0.593148848740704
selection-selection-SME09975-017469,0.4633230949153943,0.5190977064724788,0.48298339253994194,0.48298339253994194,0.6521522753504632,0.48669674480894554,0.5247882696347381,0.5178556785598298
selection-selection-SME09975-017470,0.6327470483268172,0.6031042995212199,0.6134280144921095,0.6134280144921095,0.761032921719042,0.6166680253502594,0.6420814163337067,0.6206263117562338
selection-selection-SME09976-017471,0.3766493902231152,0.3490709282730653,0.40442668519568536,0.40442668519568536,0.5576190748976209,0.4077893444415404,0.451447579482929,0.4617491670705653
selection-selection-SME10035-017578,0.6345265660043253,0.6922103267869236,0.739009017110395,0.604025238029217,0.739009017110395,0.6069882080151996,0.6449797288216668,0.6474712015715307
selection-selection-SME10035-017579,0.6550183458592643,0.6922103267869236,0.7520248000077633,0.6203141403059196,0.7520248000077633,0.623205263477807,0.662111209503489,0.6630415043185701
selection-selection-SME10035-017580,0.4843878929430586,0.6651669294028695,0.6387409856414209,0.4878386683779898,0.6387409856414209,0.4911510592438424,0.5355161383453213,0.536408182573728
selection-selection-SME10053-017611,0.3663031750461429,0.3522915703212677,0.396269405681339,0.396269405681339,0.5492213170477213,0.3996267862922694,0.4577433122832714,0.4599714790028343
selection-selection-SME10053-017612,0.656813957197825,0.6085387598529407,0.6217499160463894,0.6217499160463894,0.7531607059078025,0.6246344569063653,0.6656903570992596,0.666872632705379
selection-selection-SME10091-017681,0.603218284234115,0.6059685834932134,0.5794321791019985,0.5794321791019985,0.7188979470031918,0.7145274075633101,0.6333932334550179,0.6368476523354204
selection-selection-SME10091-017682,0.5798175504856953,0.6059685834932134,0.5612326653471481,0.5612326653471481,0.7036469020307107,0.6991839642962904,0.6174216662280427,0.6211896079499821
selection-selection-SME10110-017716,0.6147639485430632,0.581437997542457,0.5884650068819471,0.5884650068819471,0.7263500185626669,0.7181514156525287,0.6398296994136691,0.6399281757974101
selection-selection-SME10114-017722,0.4351731271735977,0.502455395352549,0.4612391797156142,0.4612391797156142,0.6321033873402605,0.6267488923302973,0.5275277451690388,0.5310145782660323
selection-selection-SME10120-017734,0.2694348221700904,0.3005969687731092,0.3273371427492444,0.3273371427492444,0.49408837812520584,0.4841146184430976,0.38152978119838177,0.37401026753328137
selection-selection-SME10120-017735,0.4023705097577671,0.4214781102221099,0.43567497415538264,0.43567497415538264,0.6077518836298724,0.597459583617408,0.488189643738591,0.5003520932180153
selection-selection-SME10184-017847,0.6130895541685886,0.6596945420246936,0.5871525756505387,0.5871525756505387,0.7252720274818863,0.5901843754196838,0.6524162626735193,0.6531436410114717
selection-selection-SME10206-017883,0.2731778917445871,0.3501449295493083,0.3305417392207444,0.3305417392207444,0.49771754721264844,0.4877183929046506,0.3775682114123676,0.3833522371279107
selection-selection-SME10210-017889,0.7435552952695297,0.6549150480423583,0.693281077044423,0.693281077044423,0.8075335116922969,0.6957889823423143,0.7290557997097131,0.7281286213099502
selection-selection-SME10214-017894,0.3635200077269605,0.407482604532659,0.4049492192648062,0.4049492192648062,0.5773052647850437,0.4087325315505882,0.4647492430085798,0.47396345570797466
selection-selection-SME10214-017895,0.466774868711999,0.4509380816608472,0.48564052153780063,0.48564052153780063,0.6545618093461443,0.4893484389570384,0.5479702306986136,0.5379073044092848
selection-selection-SME10214-017896,0.4434309529019413,0.4720420422035327,0.4676333675153584,0.4676333675153584,0.6380609946750588,0.4713743499318659,0.530518895867972,0.5269990868038582
selection-selection-SME10217-017899,0.8025549049846807,0.69306639911044,0.7454572496323373,0.7454572496323373,0.8446297972357849,0.838733026241776,0.7816008825480565,0.7829280858991637
selection-selection-SME10217-017900,0.8152897327529728,0.69306639911044,0.7572613932862634,0.7572613932862634,0.8527434055767029,0.8470660727448871,0.7917183914897905,0.7930772584345485
selection-selection-SME10250-017957,0.5727202330985678,0.5870821309944295,0.5627493874111492,0.5627493874111492,0.6846230508359131,0.6808038078725922,0.60948075231957,0.6074818174846095
selection-selection-SME10250-017958,0.6035171942648794,0.6590558772853691,0.5865810759340694,0.5865810759340694,0.7052908649147421,0.7015707705686685,0.6310680452538295,0.6112970167131759
selection-selection-SME10251-017959,0.6082207944362972,0.5984248801892433,0.5902389410313277,0.5902389410313277,0.7084205035441553,0.7013518032691533,0.6260468043459344,0.6249382407385371
selection-selection-SME10315-018080,0.681118531888876,0.6342709796553655,0.641335674310276,0.641335674310276,0.7684758280928391,0.7644915453196429,0.6820256440983011,0.6846593404549323
selection-selection-SME10317-018083,0.2247172134992993,0.332076625828004,0.2880311945103084,0.2880311945103084,0.44809780925082493,0.2915447468679495,0.3286434882162703,0.33726869266444665
selection-selection-SME10349-018133,0.4841865328415272,0.6445323541790945,0.6229169347364327,0.49479412588985994,0.6229169347364327,0.49760649371446997,0.5398306460062299,0.5292702482016056
selection-selection-SME10349-018134,0.5905373168978674,0.7037110781895399,0.696619174132298,0.5765137350948356,0.696619174132298,0.5791501171360233,0.6169764400962585,0.6094553573696999
selection-selection-SME10434-018266,0.0920220997445381,0.1503376980030736,0.1401550731800371,0.1401550731800371,0.3159204212261093,0.310412335640949,0.20501726092851696,0.19111736010994151
selection-selection-SME10434-018267,0.0977504701991841,0.1465205974343853,0.14643444228425048,0.14643444228425048,0.3270790809941906,0.32141808955545775,0.2122374883190778,0.15896742981253467
selection-selection-SME10435-018268,0.659693035356823,0.6885942215584008,0.6240550749161157,0.6240550749161157,0.7549806121074676,0.7508777040419709,0.6719786573203147,0.6746846475430348
selection-selection-SME10450-018291,0.3899844770890933,0.4389119381014011,0.42181041475156744,0.42181041475156744,0.5516713853428891,0.5439498895949052,0.46215029519482376,0.4414300109408916
selection-selection-SME10461-018307,0.6092463521101847,0.6453143810809441,0.7227942832282162,0.5841433972272942,0.7227942832282162,0.5871868622758135,0.6257845615778408,0.6255261876626371
selection-selection-SME10481-018339,0.6504482755670605,0.6426684219664152,0.6166663093699398,0.6166663093699398,0.7491306179058167,0.6195739755582579,0.6819015887057829,0.6815459835688975
selection-selection-SME10488-018351,0.6453418631538774,0.5610119077354794,0.6126009221742266,0.6126009221742266,0.7458911744263687,0.6155267182923633,0.6568009353757978,0.6572585181313285
selection-selection-SME10502-018374,0.6638940503787765,0.7233755450501356,0.7576331524779335,0.6274255335148317,0.7576331524779335,0.6302836640958543,0.6650714183260491,0.6674110481123188
selection-selection-SME10502-018375,0.681118531888876,0.7177332910512575,0.7684758280928391,0.641335674310276,0.7684758280928391,0.6441264723027104,0.6790455136926865,0.6805923101531564
selection-selection-SME10502-018376,0.6473290432167134,0.7233755450501356,0.7471525399588301,0.6141816874202433,0.7471525399588301,0.6171004725347525,0.6508714509266088,0.6546875794639155
selection-selection-SME10512-018393,0.1335773519466574,0.2603248327952326,0.1835708320296548,0.1835708320296548,0.389141840225768,0.18808323145586248,0.25063438099608487,0.2587475190989122
selection-selection-SME10512-018394,0.143443629335207,0.219688946343118,0.1932676180754768,0.1932676180754768,0.40431987984020684,0.19790033410505653,0.26045463512761724,0.2558947396663884
selection-selection-SME10557-018465,0.3410142695008766,0.4043725854196003,0.38685900373074433,0.38685900373074433,0.5587452761515302,0.553358751959289,0.45833877612412965,0.39886478182580815
selection-selection-SME10557-018466,0.4844120899748504,0.4844831713616286,0.4991941410314337,0.4991941410314337,0.6667189719636224,0.661469125411547,0.5629939060267347,0.5565733322038898
selection-selection-SME10568-018485,0.4104925621212223,0.4325686833782344,0.44203235890226283,0.44203235890226283,0.6138887356868847,0.6085031483557737,0.4922056945124125,0.4711278439313172
selection-selection-SME10568-018486,0.6200596862629294,0.61785010112149,0.6035242576321115,0.6035242576321115,0.7533904638405893,0.7486939983580801,0.6421335122504845,0.6468107527889287
selection-selection-SME10596-018530,0.086091099016739,0.1362010602680189,0.13353248227041753,0.13353248227041753,0.3039282301352801,0.13727276491844598,0.17966022898183606,0.192502205558351
selection-selection-SME10596-018531,0.0533355802466426,0.138911154362156,0.09413021454865497,0.09413021454865497,0.2274444628259347,0.09705653739306022,0.130219647264045,0.140266954636118
selection-selection-SME10615-018559,0.3679828832637064,0.3993900262772699,0.40442966622401344,0.40442966622401344,0.5338805728303925,0.4072711865425568,0.45925689685173265,0.470614915622711
selection-selection-SME10615-018560,0.3980375294799904,0.4405549502216555,0.42813033453211613,0.42813033453211613,0.5580590471261029,0.4309823429612313,0.4811254593348743,0.48097973344749356
selection-selection-SME10618-018565,0.2840965674173338,0.4901934462353994,0.5081311015848704,0.3398239778430821,0.5081311015848704,0.34351841401510586,0.37122036524847524,0.39683550322766836
selection-selection-SME10627-018580,0.2383593005176761,0.2707487683654518,0.3002386786669233,0.3002386786669233,0.4626806460264228,0.3038043713525658,0.335317791290347,0.3478669425239391
selection-selection-SME10651-018620,0.4876333534035137,0.6363385355155572,0.6689124426265453,0.5016660706076155,0.6689124426265453,0.5053372226818106,0.5670964283331903,0.5453824156768399
selection-selection-SME10694-018688,0.6273635789867933,0.6169316053395885,0.5983698640705079,0.5983698640705079,0.7344338988389748,0.7262956084023311,0.6348122820599091,0.6376057083617296
selection-selection-SME10746-018780,0.0824798511944936,0.396747903840945,0.2963910407475345,0.12943520789532836,0.2963910407475345,0.13309998247115576,0.19677159537049083,0.20743066835835008
selection-selection-SME10746-018781,0.0575144628643262,0.3630636673047325,0.23838298687937326,0.09948285112230326,0.23838298687937326,0.10253178734337016,0.15619027232192398,0.160897102289033
selection-selection-SME10747-018782,0.2788004126908335,0.3007495240743393,0.33533354514059216,0.33533354514059216,0.5031115480154638,0.3390163668115381,0.3949532449284484,0.3829072517623282
selection-selection-SME10747-018783,0.4433528105875497,0.4286358842312312,0.46757292647429366,0.46757292647429366,0.6380049245955377,0.47131400483586916,0.532029365916264,0.5277508076653153
selection-selection-SME10754-018794,0.3327948930705293,0.4215591414645492,0.38018874910827016,0.38018874910827016,0.5517784194914932,0.5464011901314005,0.4422020295085717,0.4473198879425597
selection-selection-SME10754-018795,0.4582935048235875,0.4996890912983361,0.4791085309811663,0.4791085309811663,0.6486228887700807,0.6433106949787875,0.5288285928908543,0.53444447825025
selection-selection-SME10785-018850,0.5246419218332291,0.5554766989920719,0.5300245462184697,0.5300245462184697,0.6935670301760125,0.6838428413859337,0.5931344960641389,0.5799500914319996
selection-selection-SME10808-018887,0.4287404105478093,0.5319545646329303,0.4562478223665535,0.4562478223665535,0.6274162957826489,0.6220522657759495,0.5041496323612678,0.5251750062638807
selection-selection-SME10808-018888,0.5349093267017606,0.6174221570455324,0.5378890672817731,0.5378890672817731,0.7002426009652094,0.6951548110878374,0.5881363019248077,0.5994107283126184
selection-selection-SME10841-018947,0.5768758207685007,0.6001578985824034,0.5589536322893851,0.5589536322893851,0.7017144423524944,0.6972406437979107,0.6109830944577278,0.6128936294807883
selection-selection-SME10841-018948,0.8265578808937711,0.7155863454870489,0.7679038780329579,0.7679038780329579,0.8599737211611471,0.8570884620278769,0.8022327709998278,0.8028614627622785
selection-selection-SME10875-019003,0.7221078408308401,0.637401945632375,0.6751285308781191,0.6751285308781191,0.7941348963075019,0.6777407876345111,0.7127578438384636,0.7153848692726656
selection-selection-SME10875-019004,0.4746481395811669,0.3782132999438607,0.48036534443569867,0.48036534443569867,0.6318077020835461,0.48368958949218915,0.5482790925478227,0.5454931250224676
selection-selection-SME10875-019005,0.4496245029259731,0.5089095332381159,0.4611314164584704,0.4611314164584704,0.6136711157088384,0.46447974878125886,0.5090571718069186,0.5113135695761696
selection-selection-SME10885-019021,0.716417069626854,0.6740580940659003,0.6703708815626228,0.6703708815626228,0.7905794512629886,0.7868123885436307,0.7134991028777593,0.71546182402161
selection-selection-SME10885-019022,0.7299121606285687,0.6740580940659003,0.6816920010173004,0.6816920010173004,0.7990098287365798,0.7953333552853196,0.7266870613896377,0.7270594030258521
selection-selection-SME10885-019023,0.690470746239176,0.6740580940659003,0.6489546490946762,0.6489546490946762,0.7743442921248775,0.7704148663707067,0.6925199497798784,0.6959890426734441
selection-selection-SME10904-019052,0.8004902041417378,0.7227480043033353,0.7435642719213238,0.7435642719213238,0.8433193303782858,0.7457539516455829,0.7777198316882681,0.7801332930163407
selection-selection-SME10920-019083,0.3950891702172736,0.5066161474805514,0.4299580224273115,0.4299580224273115,0.6021864246533001,0.43373853287088443,0.5162274237524479,0.4911786393236621
selection-selection-SME10920-019084,0.5231000150791814,0.5824444953802462,0.5288436502064563,0.5288436502064563,0.6925587034752199,0.5324372878449252,0.5974673830756885,0.5818737435160886
selection-selection-SME10920-019085,0.345476464954322,0.3455697363759918,0.3904653426106564,0.3904653426106564,0.5624839986078718,0.3942412490063596,0.46421708016334284,0.47607975523762647
selection-selection-SME10927-019098,0.4499614514527464,0.4606505805490463,0.4684679543106561,0.4684679543106561,0.5978407217415599,0.47130775943028264,0.511826694885714,0.5094027426508226
selection-selection-SME10927-019099,0.4751605707447365,0.5168747183419964,0.4878637599209843,0.4878637599209843,0.6163814797369824,0.490684796263823,0.5237518671241295,0.5326602842906137
selection-selection-SME10954-019144,0.3513201154593184,0.2820552930068959,0.3951730603229354,0.3951730603229354,0.5673353019194032,0.39895211850342266,0.4587227907165121,0.4704938891569629
selection-selection-SME10974-019178,0.3835783571872954,0.4651510185061228,0.4208833767803479,0.4208833767803479,0.59325983421085,0.5829496175735416,0.4852371632412982,0.48917466159661915
selection-selection-SME10986-019201,0.5852159156059565,0.6135802934374193,0.5654196751593293,0.5654196751593293,0.7071839474747313,0.5685314807911941,0.6223425866388701,0.6206642817534471
selection-selection-SME10986-019202,0.6194333058726851,0.5979243624377548,0.5921296112495451,0.5921296112495451,0.7293515012992419,0.5951417090319945,0.6481807073517085,0.6456040812840742
selection-selection-SME10992-019211,0.6370667578948136,0.616500661101623,0.606035329913186,0.606035329913186,0.7406281264004528,0.6089897176109953,0.6497318789451848,0.6522506568786568
selection-selection-SME11015-019251,0.1397470930857112,0.3015789251561044,0.18965752279064022,0.18965752279064022,0.3987159102002078,0.1942464721549926,0.2529064269201873,0.26688618560012844
selection-selection-SME11023-019262,0.6590734527867341,0.6093303372381222,0.6235586810996933,0.6235586810996933,0.7545891084808205,0.6264348727889723,0.6699676813260083,0.6714743746474943
selection-selection-SME11039-019289,0.6205385306288013,0.656772752910574,0.5929980395111212,0.5929980395111212,0.7300609536920634,0.5960066476837017,0.6437663190176822,0.6443620472010541
selection-selection-SME11049-019301,0.7136871562813989,0.6609156558157329,0.6680967479123608,0.6680967479123608,0.7888734564969633,0.6707478646982283,0.7057395002480877,0.7068357751596684
selection-selection-SME11049-019302,0.7007035738672014,0.6653100370253395,0.6573496250423168,0.6573496250423168,0.7807537338610417,0.6600584147433143,0.696222248040568,0.6972445901238891
selection-selection-SME11068-019334,0.6851061163362733,0.639865987084142,0.6445782266458202,0.6445782266458202,0.7709794128693553,0.64735280388408,0.679088344582068,0.6802184594091398
selection-selection-SME11089-019373,0.2831653547925656,0.3416738830079124,0.3390360296415586,0.3390360296415586,0.5072527551446924,0.5019812261930141,0.41414147324492745,0.39633956435136486
selection-selection-SME11089-019374,0.4382136848451322,0.4703546764153001,0.4635952149283689,0.4635952149283689,0.6343046431057973,0.6289549985310965,0.5370322364486897,0.5374230944470384
selection-selection-SME11089-019375,0.2766625227668447,0.3432090454694947,0.33351456669788027,0.33351456669788027,0.5010685636440829,0.49581780309557333,0.4033096054464912,0.41364989486046355
selection-selection-SME11098-019389,0.0434244795691811,0.2044013242875168,0.08092557820110172,0.08092557820110172,0.19966035765265938,0.1926004220115017,0.1273507170161361,0.09028087573473428
selection-selection-SME11140-019468,0.4063678457132271,0.6187552270619825,0.6107814080367719,0.43880631221429467,0.6107814080367719,0.4425812624396253,0.5014487453910831,0.5078147156560551
selection-selection-SME11142-019470,0.6573342962548837,0.6104523161198543,0.6221662510654947,0.6221662510654947,0.7534897462150397,0.6250488757573729,0.6729168405498912,0.6748784549020146
selection-selection-SME11142-019471,0.6258938139821515,0.6104523161198543,0.5972117051786329,0.5972117051786329,0.7334933478171226,0.6002031640007732,0.6498783943489841,0.6519140698831007
selection-selection-SME11155-019494,0.3464936490786909,0.4441353570122149,0.3912860140037258,0.3912860140037258,0.5633320750256969,0.39506252195515934,0.4580461311440185,0.4597857615300209
selection-selection-SME11155-019495,0.3657469687175386,0.3887900368557389,0.4067265153490525,0.4067265153490525,0.5791028347303805,0.41051027265750556,0.47067867418529374,0.4278073440747805
selection-selection-SME11155-019496,0.480572942966641,0.5037568386848496,0.4962468065053353,0.4962468065053353,0.6640941337401635,0.49993114988503207,0.558518694953158,0.5401486762246737
selection-selection-SME11156-019497,0.7393794719278075,0.7165262042799654,0.6897177454930795,0.6897177454930795,0.8049240298570834,0.6922465883295349,0.727794710527915,0.7278787160238744
selection-selection-SME11156-019498,0.7227899178874756,0.6629140256623798,0.6757003425160634,0.6757003425160634,0.7945609822919566,0.6783094005122754,0.719448280501415,0.7131838356206159
selection-selection-SME11162-019509,0.7503610984480723,0.678454907198134,0.7050709382983986,0.7050709382983986,0.8012834780246632,0.7071828577410498,0.7421279662361258,0.7108194795928012
selection-selection-SME11171-019523,0.3086969592765732,0.4966977547481641,0.36040910267728415,0.36040910267728415,0.5307155333880561,0.5253785178358654,0.42054778072385135,0.44245729243291687
selection-selection-SME11182-019542,0.749452220445329,0.6864140621425281,0.6983385726915536,0.6983385726915536,0.8112200837985044,0.7008163854454929,0.7528071302138326,0.7494616097430076
selection-selection-SME11184-019544,0.3105042980028242,0.3836249880133925,0.3619049870612644,0.3619049870612644,0.5323299598779928,0.36564591121344847,0.40401695809138305,0.3995818852309229
selection-selection-SME11184-019545,0.4381803604073441,0.4457702135593835,0.4635694036595706,0.4635694036595706,0.634280566082249,0.4673166098348133,0.4896668998727661,0.48961526301481034
selection-selection-SME11185-019546,0.3652982962164819,0.5409313894127253,0.5316739548469774,0.40229630858383186,0.5316739548469774,0.4051362207965743,0.4415359503499243,0.45313694882791467
selection-selection-SME11185-019547,0.4280378054907235,0.5837364218751527,0.5813228194493223,0.4515114001288969,0.5813228194493223,0.4543608339045871,0.4949030434293144,0.500174607302494
selection-selection-SME11192-019561,0.5048028064230379,0.4968669573840624,0.503493939019558,0.503493939019558,0.6530639850426583,0.6441178702428916,0.5554612701359463,0.5616161190958355
selection-selection-SME11192-019562,0.6658875635369897,0.6839588598886059,0.6290278470921885,0.6290278470921885,0.7588906785118613,0.7511232957437655,0.6730213468289061,0.6762840198979738
selection-selection-SME11208-019592,0.0997674942862314,0.2652791022301633,0.14861980144602258,0.14861980144602258,0.3309151815704283,0.32001169225941906,0.19957803083464676,0.19243691526385945
selection-selection-SME11208-019593,0.1558457952835986,0.2562923652482521,0.20519310516194492,0.20519310516194492,0.4224487617959923,0.40945422113210356,0.27348020134062523,0.24653124333409687
selection-selection-SME11256-019678,0.693012259124757,0.6719311787124684,0.6510338145808867,0.6510338145808867,0.7759372166217731,0.653775514612649,0.6963479107883321,0.6994853011910511
selection-selection-SME11256-019679,0.7008991002230777,0.6719311787124684,0.6575106597670833,0.6575106597670833,0.7808761052432011,0.6602186007859319,0.7022667958981812,0.7053655550859994
selection-selection-SME11290-019738,0.3145549836545945,0.476719727480878,0.36133894129761823,0.36133894129761823,0.48830574719827624,0.4807115821127647,0.4060910723060149,0.4210749111370169
selection-selection-SME11290-019739,0.5801535528465177,0.5475447835767423,0.568485028535973,0.568485028535973,0.6896416899463076,0.6823950424353085,0.6098842710210488,0.6094624267806222
selection-selection-SME11296-019748,0.7132727871577251,0.8061501566350738,0.7886144767306895,0.6677520132400304,0.7886144767306895,0.6704050123943909,0.7115461667258371,0.7134180537896062
selection-selection-SME11302-019760,0.3479390300792013,0.4097775044511367,0.39245126928703766,0.39245126928703766,0.564534516244239,0.5591418193187672,0.45211713871888004,0.4646178956432974
selection-selection-SME11302-019761,0.3301457324173203,0.3835545102982514,0.37803103603719557,0.37803103603719557,0.5495102508508704,0.5441364829166913,0.4374874713512748,0.44443711582633694
selection-selection-SME11304-019763,0.6548611551728782,0.6798340316443261,0.7519253283515125,0.6201885186449644,0.7519253283515125,0.623080215824185,0.6747162813548202,0.6768505119059156
selection-selection-SME11304-019764,0.6774379685573195,0.688712898905726,0.7661629895942623,0.6383504624488036,0.7661629895942623,0.6411560194152953,0.6912539080921223,0.693324562458614
selection-selection-SME11368-019874,0.3060362849133253,0.3834366752612483,0.35820304015145654,0.35820304015145654,0.528328127900389,0.5181525706562113,0.42312007695317305,0.42808258626012063
selection-selection-SME11368-019875,0.4144431408517612,0.4649155935485858,0.44511756273093833,0.44511756273093833,0.6168473632760012,0.6065758246152463,0.5141695633570188,0.5162882862073139
selection-selection-SME11456-020026,0.6011712614092473,0.7193730437433344,0.7037274853428271,0.5847587192663084,0.7037274853428271,0.5873701506957257,0.6252558959503628,0.6353536351365254
selection-selection-SME11485-020072,0.3998810419772052,0.3370717153336696,0.4226175323112666,0.4226175323112666,0.5760359596981294,0.5712281756964384,0.48643136449702074,0.4425804252164187
selection-selection-SME11485-020073,0.6702425831375508,0.6501381458489268,0.6325349868326767,0.6325349868326767,0.7616353368752686,0.7575896260169351,0.6793639002613252,0.6811616597149328
selection-selection-SME11485-020074,0.3753898192823524,0.3848490276375515,0.40343559052576944,0.40343559052576944,0.5566034158041423,0.5518034851016183,0.46843151618615264,0.42423431067231643
selection-selection-SME11490-020080,0.2952846404425044,0.4501383908653447,0.47090289281391806,0.34540659803617657,0.47090289281391806,0.34816131239748394,0.3843795121281625,0.3836190497644657
selection-selection-SME11490-020081,0.5702072285040701,0.6593449472293718,0.6829216813152339,0.5608123153887955,0.6829216813152339,0.5634926847539902,0.5967293383357,0.5999344986880141
selection-selection-SME11490-020082,0.553203540916688,0.6633029641512871,0.6713433328574674,0.5477280152694329,0.6713433328574674,0.5504414411218888,0.5826000083260551,0.5870418731270362
selection-selection-SME11492-020086,0.4955394362371777,0.553958914055276,0.503502999398852,0.503502999398852,0.63106401460556,0.6270665429941232,0.5569785869078898,0.5670483094227766
selection-selection-SME11492-020087,0.5797873400009533,0.6093105533468459,0.5682022365775681,0.5682022365775681,0.6893949157745143,0.6855970133054982,0.6136977385760387,0.6129355237289758
selection-selection-SME11519-020129,0.3390591041019689,0.4109652701952082,0.3852755981081983,0.3852755981081983,0.5570975654871135,0.38904718707793684,0.44563619367496077,0.4407974831319694
selection-selection-SME11544-020174,0.330863275227397,0.4042059927644081,0.3746461454689086,0.3746461454689086,0.5026090373069481,0.37745500302510154,0.4160602061901636,0.42273162102622763
selection-selection-SME11544-020175,0.6920537418445303,0.6057242583339508,0.6566912427438523,0.6566912427438523,0.7633899740149018,0.6590333399976891,0.6894444202874769,0.6913644001323804
selection-selection-SME11566-020212,0.7352800577442643,0.6489686493587918,0.686233697695432,0.686233697695432,0.8023629109255873,0.6887827993403769,0.7235922163163224,0.7253913322099634
selection-selection-SME11566-020213,0.6999898970767345,0.6533630305683985,0.6567620474103384,0.6567620474103384,0.7803070464326911,0.6594739297306677,0.7002205658866949,0.6987196473220219
selection-selection-SME11592-020252,0.692243073394438,0.6492363270480808,0.6504041559163833,0.6504041559163833,0.7754551967226656,0.7680196980083877,0.689780294279565,0.6901877337971797
selection-selection-SME11592-020253,0.6657643999785259,0.6530622585515696,0.6289287972454075,0.6289287972454075,0.7588130073530235,0.751090129790123,0.6700071262416846,0.6705782251192209
selection-selection-SME11648-020343,0.4091555509147818,0.462286488452407,0.4409872003807949,0.4409872003807949,0.6128835700818723,0.4447604225234151,0.4892192478374856,0.4998831123204226
selection-selection-SME11658-020359,0.4290479437423894,0.4643040426621296,0.4564866669432004,0.4564866669432004,0.6276413160614562,0.4602436079012231,0.5131569346681554,0.5216319361828401
selection-selection-SME11683-020407,0.722484519229422,0.6139057086425567,0.6816494265494313,0.6816494265494313,0.7831526891253084,0.6838774803388481,0.7186424931888007,0.7135852313282267
selection-selection-SME11689-020414,0.7007163143501052,0.7091682834702943,0.6573601173206626,0.6573601173206626,0.7807617076722997,0.6600688517398888,0.7051372484417293,0.7083912268434476
selection-selection-SME11689-020415,0.7149433836711017,0.7091682834702943,0.6691425932548959,0.6691425932548959,0.789658546525805,0.6717879863147467,0.7143911670867803,0.7189803854023535
selection-selection-SME11689-020416,0.6764118140766632,0.7091682834702943,0.6375194607299616,0.6375194607299616,0.7655177974015406,0.6403290963202165,0.6870763043412185,0.6904514944161465
selection-selection-SME11690-020417,0.1857473949960872,0.3122080861582423,0.2329177453212485,0.2329177453212485,0.4624483447582357,0.23795607127141596,0.31998031408355143,0.30202893231644967
selection-selection-SME11777-020568,0.4760266806581008,0.6623654662406557,0.6609706213408736,0.4927546633014539,0.6609706213408736,0.49644709833495787,0.5478198247007033,0.5704132373922948
selection-selection-SME11779-020570,0.3624085156786541,0.3798901130154494,0.4040613460339341,0.4040613460339341,0.5764055504926138,0.5660972629767854,0.46330608188805245,0.41738245022773146
selection-selection-SME11779-020571,0.4767980256090783,0.5140312731009141,0.493347318939936,0.493347318939936,0.6615017502205072,0.6514440622921827,0.545974987994499,0.5603535000770774
selection-selection-SME11808-020617,0.2467686634123168,0.2466724098320528,0.3076641208595726,0.3076641208595726,0.4714170622405055,0.4616226371444068,0.3767301011991295,0.3845441772191051
selection-selection-SME11808-020618,0.3444784023020885,0.3251062614718596,0.3896595922280848,0.3896595922280848,0.5616503620935749,0.5513632142813767,0.4581966775271249,0.47188230022416494
selection-selection-SME11881-020738,0.3977400991420148,0.4476583978749365,0.43204140855544887,0.43204140855544887,0.6042197744212588,0.5939214060779485,0.4780906159496575,0.4802097904520827
selection-selection-SME11881-020739,0.4588638250899838,0.4855543486395276,0.4795481097355128,0.4795481097355128,0.6490242095344626,0.6388874696929575,0.5226214128111897,0.5256107848722913
selection-selection-SME11909-020787,0.1734854057757413,0.316730728897776,0.22170875804236204,0.22170875804236204,0.4466247701101253,0.22664579120041942,0.3178240867108063,0.30749735589092486
selection-selection-SME11909-020788,0.148906855315959,0.3183707926315707,0.1985552619061377,0.1985552619061377,0.4124297594037275,0.20324992759979377,0.2960171352310442,0.29149408752319755
selection-selection-SME11924-020816,0.8381276278165302,0.7636589767370823,0.7790444677905781,0.7790444677905781,0.8674577582904003,0.86468708718627,0.8094608292909085,0.8115030015963687
selection-selection-SME11924-020817,0.5653931426985214,0.6810385509574751,0.5500737064994764,0.5500737064994764,0.6941359819767182,0.6896213984610096,0.5996346969874934,0.606134400443787
selection-selection-SME11972-020900,0.4646799377341599,0.4950483750705656,0.47980654846827864,0.47980654846827864,0.6087245708432852,0.6046845737186813,0.5306594653748289,0.5435185496006825
selection-selection-SME11972-020901,0.4881457614051496,0.5328109296551217,0.4978321451053869,0.4978321451053869,0.6257672246154634,0.6217580306809395,0.5459931324806335,0.5504045174502185
selection-selection-SME11984-020922,0.5645494840992576,0.5815135662562579,0.5564545802565838,0.5564545802565838,0.6790822238229666,0.5591463261079165,0.6072038835462954,0.6133219108478813
selection-selection-SME11984-020923,0.6142944382763721,0.6547348112334223,0.594970641128348,0.594970641128348,0.7124523482392252,0.5975494307758225,0.6415689630383046,0.6456569819109101
selection-selection-SME11984-020924,0.3914886120787281,0.4815820264733486,0.4229924198737521,0.4229924198737521,0.5528693264378965,0.42584329113133035,0.47450721353463704,0.4700831274124895
selection-selection-SME11987-020929,0.5093894530717682,0.537462889216936,0.5141201362423471,0.5141201362423471,0.6408988404839251,0.5169030002137555,0.5678721162194361,0.5257190461575373
selection-selection-SME11987-020930,0.5808488783386839,0.6394763009262706,0.5690220282302544,0.5690220282302544,0.6901101050131768,0.5716799797234658,0.6150346266149411,0.6135896985721743
selection-selection-SME12056-021052,0.3398567195430361,0.4060505101593336,0.38592179507411106,0.38592179507411106,0.5577704627082511,0.3896939701294918,0.44057510383480336,0.4552547854067428
selection-selection-SME12056-021053,0.3113754282694317,0.3922036293728811,0.3626252422622912,0.3626252422622912,0.5331060214115321,0.36636739139490915,0.4085988353933935,0.41662301189014195
selection-selection-SME12066-021067,0.4260941326620672,0.4217784089084359,0.45000340147241163,0.45000340147241163,0.5798396023710027,0.5720738124331901,0.4907581795840419,0.49625798711071917
selection-selection-SME12066-021068,0.4552934502874361,0.4068843001339271,0.47257912968849936,0.47257912968849936,0.601801801514559,0.5940727081056424,0.5086943097258446,0.510572695378733
selection-selection-SME12066-021069,0.4140596439034442,0.4097577078994567,0.44064666333800495,0.44064666333800495,0.5705839160793589,0.562812082007643,0.47698387070178094,0.4788946918392487
selection-selection-SME12090-021108,0.3278807106891258,0.4370339171499767,0.37618307084180697,0.37618307084180697,0.5475620037296464,0.37994493495490905,0.43804558843401453,0.4515241400483565
selection-selection-SME12090-021109,0.4672747797089923,0.5451741157731029,0.4860252080830896,0.4860252080830896,0.654909932878975,0.4897323229236083,0.5496150127737676,0.5579095330334715
selection-selection-SME12101-021125,0.4228003379380661,0.4467016850527857,0.4516299506284977,0.4516299506284977,0.6230510808556642,0.45539274099696736,0.5007886416816204,0.5160717399982769
selection-selection-SME12107-021135,0.1843310219622127,0.2526867147442858,0.23163347327729095,0.23163347327729095,0.46065850943439984,0.4534813865582393,0.3250861248168994,0.3436175596841193
selection-selection-SME12108-021136,0.8425127809609908,0.7129688777692219,0.7833279924935688,0.7833279924935688,0.8703126019723009,0.8675867024765992,0.8075656496660784,0.8136511974396594
selection-selection-SME12108-021137,0.8668546475241731,0.7129688777692219,0.8077957914393855,0.8077957914393855,0.8863823620314699,0.883919637942351,0.8304861019431926,0.8351914042995758
selection-selection-SME12120-021158,0.3634020021000677,0.463061340134478,0.40485498076543436,0.40485498076543436,0.5772098236933262,0.40863826665363695,0.46495319010453706,0.4776703041741458
selection-selection-SME12120-021159,0.5740037533984299,0.574332529189203,0.5678929353197573,0.5678929353197573,0.7250926915938333,0.5713435585191844,0.6102085621901668,0.626185099361535
selection-selection-SME12125-021166,0.4496112025036121,0.4935513489857809,0.4681977428879445,0.4681977428879445,0.5975797827832314,0.5898411572181068,0.5047066620415426,0.49811029304425325
selection-selection-SME12212-021308,0.4140258750695846,0.461621846565831,0.5869728240107714,0.433620743521112,0.5869728240107714,0.43698690806970997,0.49471283713391934,0.4563879129111689
selection-selection-SME12223-021328,0.7027582173876609,0.7197520472864198,0.7820394833619487,0.659043028570078,0.7820394833619487,0.6617428700355581,0.6996947320285578,0.6997844179188986
selection-selection-SME12223-021329,0.7192507205784786,0.7197520472864198,0.792349965314327,0.6727369860297427,0.792349965314327,0.6753625583019566,0.7101902024470852,0.7092195222942659
selection-selection-SME12223-021330,0.6863730447836552,0.7256131574927357,0.7717743999018161,0.6456102977778337,0.7717743999018161,0.648379670886561,0.6868779610264353,0.6870766819708805
selection-selection-SME12227-021337,0.6088181301724465,0.6027162365384586,0.5838083769058393,0.5838083769058393,0.7225179023311327,0.5868531291227547,0.6374768315624586,0.6394504135534398
selection-selection-SME12264-021400,0.2402629123418997,0.2820044638365496,0.28060860182540437,0.28060860182540437,0.5249726848573077,0.28597253109604837,0.36332019562219847,0.3499560492284826
selection-selection-SME12287-021436,0.4476555582662777,0.4447850192255269,0.47089921450656913,0.47089921450656913,0.6410837793913495,0.630904664688313,0.5364941165028008,0.48633235807200537
selection-selection-SME12287-021437,0.5506259189390635,0.536389062836333,0.5499358197184806,0.5499358197184806,0.7103361892758335,0.7007422889051439,0.6091604659179173,0.6046615879123826
selection-selection-SME12296-021453,0.2117213777803109,0.4414375996392694,0.49368206263050113,0.25603272677396993,0.49368206263050113,0.2612492635617577,0.34463309864188846,0.3546725917945094
selection-selection-SME12296-021454,0.1934201659235209,0.4451686765845259,0.4719810665996111,0.23982996480318197,0.4719810665996111,0.24492581225624463,0.3263804862871887,0.33618770661228853
selection-selection-SME12323-021495,0.4643111511901696,0.4838612431622393,0.48374415839375196,0.48374415839375196,0.652843037811561,0.6427884673546488,0.5515284093625581,0.545119744443946
selection-selection-SME12323-021496,0.5632808726840205,0.5418086186329175,0.5596490932368223,0.5596490932368223,0.7183605805459673,0.708923641419196,0.6221980230624182,0.5894398097895656
selection-selection-SME12389-021613,0.4632738409221831,0.5212412654952417,0.4716300512742284,0.4716300512742284,0.6236235235289468,0.4749663936067776,0.5273206140554756,0.5398200813326598
selection-selection-SME12389-021614,0.8553320054274598,0.8507687501848995,0.7960598045752086,0.7960598045752086,0.8787244653839252,0.7978743404442212,0.8236772087750893,0.8284630715476051
selection-selection-SME12526-021852,0.6413721757575467,0.6336897165734054,0.6094479287206338,0.6094479287206338,0.743368554534463,0.6123875618935334,0.6520465993278581,0.6538078443568327
selection-selection-SME12531-021861,0.2657183276825091,0.2654704770760392,0.32414343881859337,0.32414343881859337,0.4904539767647044,0.32779404880774315,0.3921106573208647,0.3360312737671772
selection-selection-SME12531-021862,0.5960715732887345,0.5956449853738436,0.5849125747521235,0.5849125747521235,0.7387688104944067,0.5882898057925027,0.645456657336558,0.6192344622678474
selection-selection-SME12531-021863,0.5714072658979573,0.6480735961865588,0.5658954017369231,0.5658954017369231,0.7234679953852418,0.5693542089267307,0.6279019111049766,0.6448565761797527
selection-selection-SME12560-021916,0.5642131944729086,0.5190440888375562,0.5561957006153825,0.5561957006153825,0.6788536102149986,0.5588881108231932,0.5959309596337419,0.599591525292642
selection-selection-SME12575-021942,0.8385419969402039,0.7498485603252978,0.7794477476431844,0.7794477476431844,0.8677270680525139,0.8649605952658136,0.8113054799195016,0.8125618406468503
selection-selection-SME12575-021943,0.5061683012131325,0.5062370313680606,0.5045410300299101,0.5045410300299101,0.6540124007891732,0.6493283085501419,0.5615327097880984,0.5718541992771011
selection-selection-SME12582-021955,0.7419238544242058,0.6775056307173062,0.6918871783708356,0.6918871783708356,0.8065139292536607,0.8029217880197358,0.7297726011107244,0.7298561840255913
selection-selection-SME12597-021982,0.3350300201718398,0.5223404576596055,0.5062052086750454,0.3780225887779299,0.5062052086750454,0.38083626948879035,0.4404872083322712,0.4362177411901445
selection-selection-SME12597-021983,0.6805575674186102,0.7672347383403082,0.7559140757168189,0.6474012320833136,0.7559140757168189,0.6497831501253795,0.7044587643616631,0.701645648492528
selection-selection-SME12597-021984,0.6447463863063522,0.7765951432995651,0.7325276573912712,0.6188601609493444,0.7325276573912712,0.6213552265241248,0.6724600985421223,0.678779705918708
selection-selection-SME12604-021996,0.644285303202482,0.5932453025364214,0.6224777105420255,0.6224777105420255,0.7679343980849227,0.7633761168717782,0.6589005054439319,0.6609186117768029
selection-selection-SME12604-021997,0.6213557565160979,0.6230758136319435,0.60453387941565,0.60453387941565,0.7541738985536002,0.7494845212585897,0.6424734943097756,0.6559311223983699
selection-selection-SME12677-022128,0.2279344666380751,0.5880589694186521,0.5118079386013865,0.2700876074159448,0.5118079386013865,0.27539350484435726,0.3441310453067512,0.3786874516093934
selection-selection-SME12746-022242,0.2619574041813038,0.2189187311521949,0.32089921421098283,0.32089921421098283,0.48674399525415213,0.3245396005737564,0.3907738602812556,0.40251216881207436
selection-selection-SME12746-022243,0.6139796213674207,0.5536475087835965,0.5987938898642632,0.5987938898642632,0.7497066121859002,0.6021065091270045,0.6455972082770052,0.6498334106067263
selection-selection-SME12777-022293,0.3868528658418508,0.4208053557614284,0.42346968120625067,0.42346968120625067,0.5958155950860431,0.590414666777616,0.48578416030932686,0.4851075361871622
selection-selection-SME12780-022298,0.1954697630186329,0.2434625460258721,0.24166394904893235,0.24166394904893235,0.47448223213600194,0.46055685641164185,0.3227164810566834,0.2793333567601696
selection-selection-SME12780-022299,0.210537512688214,0.2393327614384122,0.25499593926073155,0.25499593926073155,0.4923197611028432,0.4781248991544087,0.34710096403976803,0.2752335527020542
selection-selection-SME12780-022300,0.1843132006517889,0.3219325970796968,0.23161729721887173,0.23161729721887173,0.4606359278235124,0.44693781770620966,0.30540268076028587,0.320505557220291
selection-selection-SME12793-022322,0.6601379233625374,0.6453157968262712,0.6244116169808084,0.6244116169808084,0.75526168144872,0.7474352500915616,0.6828672276786982,0.6827109381923746
selection-selection-SME12800-022331,0.6822658633095633,0.6871534895274706,0.642267742876322,0.642267742876322,0.7691963997096921,0.7616045164041528,0.6846789620303204,0.687995067318627
selection-selection-SME12800-022332,0.4680884017959508,0.4283336304842631,0.4753288053024113,0.4753288053024113,0.62709954271419,0.6180217997019205,0.5435145097083882,0.5442195529140945
selection-selection-SME12800-022333,0.6595850994635686,0.6871534895274706,0.623968586716823,0.623968586716823,0.7549124148483253,0.747080375279357,0.6677214123615407,0.6711424169776063
selection-selection-SME12801-022334,0.4934235321234245,0.5531033559745783,0.5061072021595815,0.5061072021595815,0.6728351162243187,0.5097669737896393,0.5710034028042268,0.589163745506446
selection-selection-SME12803-022336,0.8231493752124945,0.7277317336912171,0.7646639132247968,0.7646639132247968,0.8577809779612828,0.7667078852477691,0.7945404690267939,0.7974482152966507
selection-selection-SME12847-022407,0.77672974421374,0.6338656217549893,0.7278306560833209,0.7278306560833209,0.8185294325700972,0.8156871395418518,0.755994243440713,0.7595001965419911
selection-selection-SME12847-022408,0.866013656990423,0.7135020192958286,0.8113226675592606,0.8113226675592606,0.8788302653327598,0.8767147310120383,0.8290766102744892,0.8248184793227901
selection-selection-SME12857-022425,0.439314931506151,0.3926879157901084,0.46444804721750577,0.46444804721750577,0.6350996944942658,0.6297518606413576,0.4967581720261897,0.4701451328729888
selection-selection-SME12857-022426,0.4194919047897587,0.4033463354215205,0.44905406584306223,0.44905406584306223,0.6206039841295153,0.6152280005095736,0.4770439318198857,0.460716035988584
selection-selection-SME12872-022451,0.7014115810577845,0.6971331954619922,0.6579328512424056,0.6579328512424056,0.7811968289330246,0.6606385649862065,0.7030941852494071,0.7060890622832738
selection-selection-SME12872-022452,0.3918631178132519,0.4367813820301706,0.4163573953277632,0.4163573953277632,0.5697457649869911,0.4197243564440746,0.4758274289112887,0.48750036735861163
selection-selection-SME12951-022583,0.6309778684768055,0.6214581622593278,0.7599707079811368,0.6120441609685288,0.7599707079811368,0.6152912320011512,0.6744144105216048,0.6645239536064366
selection-selection-SME12963-022599,0.2671413007691719,0.3638061740977452,0.32536766098612985,0.32536766098612985,0.4918492096825373,0.3290220247575774,0.3735914589129084,0.3792321844550368
selection-selection-SME12963-022600,0.3683195744905638,0.3759568593250776,0.40877700322655103,0.40877700322655103,0.5811710502152048,0.4125611496659707,0.44716703502394833,0.4591802613299871
selection-selection-SME13001-022662,0.7314244348541598,0.7244772730326001,0.6829692145324686,0.6829692145324686,0.7999544438737258,0.6855371062132385,0.7187652842349932,0.7188039764069656
selection-selection-SME13029-022703,0.4535395083134496,0.6708255859092238,0.6452663713860707,0.4754422862563517,0.6452663713860707,0.47917002058533126,0.5221742082320214,0.5310507532851124
selection-selection-SME13051-022741,0.5156392670180545,0.684821657172135,0.6605590696607073,0.5118047686040137,0.6605590696607073,0.5150700093041701,0.5777856694389809,0.5800486666069861
selection-selection-SME13052-022742,0.1041244347293098,0.1585873171593674,0.15329710248165804,0.15329710248165804,0.33904491378501084,0.15737437156984083,0.23733315314997772,0.2300002677457453
selection-selection-SME13052-022743,0.2627121903563053,0.2543762154940327,0.2994426815225327,0.2994426815225327,0.5477206830072682,0.30489252350789153,0.42065465722065765,0.3187122874383622
selection-selection-SME13058-022752,0.6638940503787765,0.7229425102195147,0.7576331524779335,0.6274255335148317,0.7576331524779335,0.6302836640958543,0.6709636646813559,0.6721351156085843
selection-selection-SME13099-022822,0.7983941000286264,0.6789488608611721,0.7416481883004665,0.7416481883004665,0.8419902218282048,0.7438507524581669,0.7734994362849066,0.7784323874934916
selection-selection-SME13099-022823,0.7719154266127143,0.6876338711611469,0.7179001744026658,0.7179001744026658,0.8252930138636057,0.7202575077222556,0.7519895369675373,0.7572691154112587
selection-selection-SME13151-022914,0.2910789037774182,0.3210046659497085,0.3457110031326109,0.3457110031326109,0.5146608043035468,0.5093663024305075,0.38251375986288266,0.377945568074859
selection-selection-SME13151-022915,0.3968669343465088,0.3888288148052926,0.43135543942917814,0.43135543942917814,0.603550936886574,0.5981547222861514,0.4619118933715186,0.4656922368526181
selection-selection-SME13153-022918,0.4728979770574235,0.5449294286068668,0.4903500486626604,0.4903500486626604,0.6588112886154864,0.49404786777232873,0.5574827489119312,0.5548593416332195
selection-selection-SME13204-023002,0.6389333947367732,0.5505423553244343,0.6142762276773925,0.6142762276773925,0.7287115134725969,0.7251253723183289,0.6548418493496815,0.6614740957555816
selection-selection-SME13204-023003,0.6972893371080421,0.6478949391062346,0.6609457021191532,0.6609457021191532,0.7667917388308161,0.7634747651750928,0.6943690192686457,0.6999550675002351
selection-selection-SME13216-023027,0.4045548819943945,0.4848427790349527,0.43738672733402917,0.43738672733402917,0.609409623595124,0.441162726805913,0.5013156614683332,0.5159297683206094
selection-selection-SME13226-023044,0.6130895541685886,0.6537224542147271,0.5871525756505387,0.5871525756505387,0.7252720274818863,0.7209436785205026,0.6445286239512416,0.6477366328818716
selection-selection-SME13226-023045,0.6033287282428978,0.6581168354243337,0.5795184040976727,0.5795184040976727,0.7189694467264437,0.7145993687430532,0.6418324148107031,0.6406590914368937
selection-selection-SME13236-023057,0.287532558266121,0.2766105553090194,0.342725575459835,0.342725575459835,0.5113566547127453,0.5060721408585155,0.3918996571824521,0.3952011620160193
selection-selection-SME13236-023058,0.5752104863386518,0.6266029120926311,0.5688216149713926,0.5688216149713926,0.7258466191479781,0.7209258132460771,0.6016460474826278,0.6132346138357306
selection-selection-SME13254-023087,0.7021138197817973,0.6524285604566029,0.6585116385400129,0.6585116385400129,0.7816362718663631,0.6612142935965267,0.6996589005064218,0.7000280602690889
selection-selection-SME13288-023144,0.4281553952005465,0.4955893579821448,0.45579340973890514,0.45579340973890514,0.6269879796705581,0.6216231318585133,0.5130696285876781,0.5194171492399621
selection-selection-SME13331-023213,0.4071644463996748,0.4653519830918098,0.4394297495117578,0.4394297495117578,0.6113829937017994,0.44320422008144766,0.4886055553696971,0.4972658718185542
selection-selection-SME13331-023214,0.5447432992957337,0.4930330065567058,0.5454251227205841,0.5454251227205841,0.7065753326391446,0.5489624606027628,0.5829057363967927,0.5856451563395209
selection-selection-SME13331-023215,0.5242092705692644,0.4826430175014083,0.5296931907626655,0.5296931907626655,0.6932842549311995,0.5332841067705424,0.5675556356801694,0.5640312177695429
selection-selection-SME13333-023218,0.8142374222491529,0.7026234456290947,0.7562772954208749,0.7562772954208749,0.8520707870879831,0.849068837292592,0.7908466985063777,0.7922099983177957
selection-selection-SME13348-023245,0.2534878866483376,0.327132423744785,0.3135461416761384,0.3135461416761384,0.4782670830230063,0.3171618591245294,0.3421694296100338,0.3507863548729027
selection-selection-SME13393-023320,0.5175265314414912,0.4692588038556591,0.520356633082448,0.520356633082448,0.6466265508800627,0.5231283289048164,0.5718340253942198,0.5777636400006108
selection-selection-SME13393-023321,0.5704210136595254,0.5625661172622136,0.560977068033269,0.560977068033269,0.6830665140311453,0.5636570001448109,0.6064734478859081,0.6048271547170212
selection-selection-SME13393-023322,0.5396936737549684,0.5386003764182022,0.5373541298958103,0.5373541298958103,0.6620554236465698,0.5400913935367585,0.5824192878935464,0.548052468816537
selection-selection-SME13480-023477,0.7240582646913034,0.6598339183884974,0.6767645599054342,0.6767645599054342,0.7953532815700824,0.6793676491459353,0.7144077952386537,0.7202377785197724
selection-selection-SME13480-023478,0.7452276384986619,0.6598339183884974,0.6947122853576417,0.6947122853576417,0.8085787968210143,0.6972117194242462,0.73047576554289,0.7361475096145026
selection-selection-SME13487-023488,0.2738830492385287,0.2843980708682734,0.3311441365986945,0.3311441365986945,0.4983977941830326,0.493156445585901,0.37175325655071406,0.3769740442649293
selection-selection-SME13493-023496,0.0132026088543551,0.0270659752399438,0.03335507434005585,0.03335507434005585,0.08905708659893889,0.03457776488558166,0.05066015466671282,0.037895565060396035
selection-selection-SME13493-023497,0.114879185951736,0.1792634142040253,0.16460702282998632,0.16460702282998632,0.3582603774486701,0.16885782304706218,0.22410293655906438,0.21987182193591043
selection-selection-SME13493-023498,0.0903006354919538,0.2704617641154239,0.13824601481972162,0.13824601481972162,0.31248732885553004,0.14207070981137523,0.19815198996196948,0.20659693097465753
selection-selection-SME13505-023519,0.2597119887531857,0.376182181793609,0.31895623650240373,0.31895623650240373,0.484513289848251,0.32259030708014663,0.35359591678071645,0.3723312900652379
selection-selection-SME13505-023520,0.3765185885162748,0.4412308042810126,0.41529361493048017,0.41529361493048017,0.5877040196395084,0.4190781204310762,0.4474992373973353,0.4668048222073788
selection-selection-SME13512-023529,0.431553476721427,0.4540026586173523,0.4329171254946667,0.4329171254946667,0.6838365356012989,0.6759732929245741,0.5363956448457897,0.5303773470996072
selection-selection-SME13529-023554,0.3719368587655123,0.498158862767308,0.5840641758150158,0.4116554300499081,0.5840641758150158,0.41543989913575063,0.47912259702753546,0.48692986631910323
selection-selection-SME13530-023555,0.697787383375351,0.7164535106859353,0.6549506959905458,0.6549506959905458,0.7789282112193514,0.6576720722852392,0.6975919712917087,0.7000652435453496
selection-selection-SME13530-023556,0.6871196219349853,0.6967725181720376,0.6462189026314586,0.6462189026314586,0.7722427740014173,0.6489851975961444,0.6945929912577549,0.6941554402155321
selection-selection-SME13546-023583,0.4499691302259749,0.5432923694746092,0.6427321559629788,0.4726862975673229,0.6427321559629788,0.47641889994441267,0.5412092565688964,0.5518954508592487
selection-selection-SME13546-023584,0.5773137596344852,0.5674080474296139,0.7271589358636644,0.5704407506154163,0.7271589358636644,0.5738808030595619,0.6311144791477705,0.629082001034317
selection-selection-SME13615-023705,0.4217511789045948,0.4827634627992712,0.4508134028553388,0.4508134028553388,0.6222763036795789,0.45457711011194324,0.49926846557812876,0.5049845217076322
selection-selection-SME13615-023706,0.382400611029995,0.3629451463509742,0.4199521862228889,0.4199521862228889,0.5923373501622375,0.4237361376743725,0.4729814151896403,0.4921632095738118
selection-selection-SME13780-023978,0.7953243906556147,0.7121603825325208,0.7388522614668556,0.7388522614668556,0.8400460093762581,0.7410735212349965,0.774752531369697,0.7781064966738342
selection-selection-SME13780-023979,0.7478722332041343,0.7121603825325208,0.6969805085058143,0.6969805085058143,0.810232110694642,0.6994664449674697,0.7415780815815252,0.7422419195265122
selection-selection-SME13785-023984,0.3043263127879748,0.5291126380879654,0.5267869636985462,0.3567827553937899,0.5267869636985462,0.3605144435279233,0.4187531427041201,0.417051322811753
selection-selection-SME13785-023985,0.396411141041989,0.5746324178276053,0.603201448879846,0.4309972622551693,0.603201448879846,0.43477724115265304,0.488848596283737,0.5032139663269701
selection-selection-SME13785-023986,0.3731031457102729,0.5555117866180193,0.5849932982526944,0.4125823412192428,0.5849932982526944,0.41636685884367103,0.4705031389711945,0.4696880394672611
selection-selection-SME13789-023995,0.2414460888327793,0.241198835217909,0.30297278419459506,0.30297278419459506,0.4659091059818853,0.3065493282383931,0.36775035483473706,0.36408300700454455
selection-selection-SME13789-023996,0.3263620867572115,0.3240704299855878,0.3749424296395064,0.3749424296395064,0.5462510847924852,0.3787027511167415,0.4418953181667067,0.43695309218597855
selection-selection-SME13796-024007,0.5873379757983741,0.497558060871096,0.5740378104894351,0.5740378104894351,0.6944733146527369,0.5766814376460577,0.6115734603063441,0.6083857698256909
selection-selection-SME13796-024008,0.398419028210952,0.3198738123377384,0.4284292238503427,0.4284292238503427,0.5583600792585321,0.43128127931543664,0.47741320009793453,0.43981337127080994
selection-selection-SME13820-024042,0.3644888403517387,0.431405485086011,0.4057226918641364,0.4057226918641364,0.5780881218767758,0.5726865819772063,0.4706374801671943,0.47739227763840464
selection-selection-SME13820-024043,0.4014049586055639,0.4463395120172403,0.43491785616031886,0.43491785616031886,0.6070173883344782,0.6016241810674072,0.493155645894423,0.5014794825754738
selection-selection-SME13849-024095,0.5764230275276122,0.6151794536738361,0.6871255704451781,0.5656053688516114,0.6871255704451781,0.5682728057278286,0.6014375767984227,0.6061028399722
selection-selection-SME13853-024099,0.4865717512994229,0.4666213638965268,0.5008515197869118,0.5008515197869118,0.6681904515045118,0.6582405270287744,0.5660254353214831,0.5766401912659345
selection-selection-SME13853-024100,0.5722204622409625,0.5869709536509015,0.566520913838222,0.566520913838222,0.7239772039226892,0.7146148984598207,0.6227422381581962,0.638202374953394
selection-selection-SME13853-024101,0.5521936604489263,0.5528482192379245,0.5511383633002324,0.5511383633002324,0.7113351173579008,0.701809864699888,0.6083381973624462,0.6091653843521236
selection-selection-SME13854-024102,0.3615268007775671,0.4094886684636139,0.4033566326638105,0.4033566326638105,0.5756906243631037,0.40713946085580005,0.43401560928845895,0.4487284565051266
selection-selection-SME13869-024124,0.1429175751687027,0.4148896174204602,0.40352823816144057,0.19275549085339685,0.40352823816144057,0.19738207138320432,0.2661933866854703,0.27973645862834373
selection-selection-SME13869-024125,0.0375640915308191,0.260345708556175,0.18179023009743794,0.07271697490820317,0.18179023009743794,0.0751111942995921,0.1190030320927129,0.12245685572519582
selection-selection-SME13871-024128,0.6348110303294102,0.5939153433723587,0.6042502180788608,0.6042502180788608,0.7391904188794536,0.7311669135724366,0.6563985006689214,0.6584141387256714
selection-selection-SME13892-024169,0.4650085371173245,0.4898262774708324,0.4842810344609786,0.4842810344609786,0.6533300839902365,0.48799175632195746,0.5504628464073482,0.5424451565835258
selection-selection-SME13892-024170,0.5477020813644382,0.5816632919944299,0.5476935706979652,0.5476935706979652,0.7084694351969875,0.5512226914873196,0.6085215695661985,0.5621412928674185
selection-selection-SME13940-024248,0.4863068697725341,0.4783944188862918,0.4964212472461434,0.4964212472461434,0.6244446138644808,0.49923143225782873,0.5343677134835708,0.5326087449023874
selection-selection-SME13940-024249,0.5403889827560969,0.5261585210515586,0.5378876815197512,0.5378876815197512,0.6625354784043934,0.5406237708743539,0.5699521550866768,0.5699021984010482
selection-selection-SME13953-024271,0.4404248608324547,0.4772402719628828,0.46110318307250425,0.46110318307250425,0.5907023610601624,0.4639479580313866,0.5007282009464328,0.4947988042933621
selection-selection-SME13953-024272,0.5340022198184956,0.5360537970896833,0.5329879045772828,0.5329879045772828,0.6581173041374003,0.5357345653818947,0.5709081478142989,0.567389134528099
selection-selection-SME13960-024282,0.5610484706318157,0.6172877013036664,0.676699945784434,0.5537601785046471,0.676699945784434,0.5564587756473054,0.599373981974835,0.6094674853561977
selection-selection-SME13962-024286,0.2066446148807388,0.3169386108228237,0.4279262608709801,0.2715202696418881,0.4279262608709801,0.2749534692514571,0.336278752138474,0.35357765700981914
selection-selection-SME13962-024287,0.3854071899931303,0.5619006641925043,0.5946888733889576,0.42232832906700735,0.5946888733889576,0.4261117401040211,0.49278619310420235,0.4960903808961409
selection-selection-SME13973-024306,0.6944829798623955,0.678373911455639,0.6522387333068116,0.6522387333068116,0.7768586831679679,0.7729533778442262,0.6916515002699799,0.6931976006237823
selection-selection-SME13977-024311,0.5882244321003548,0.5921122651653058,0.69506822506524,0.5747236224979947,0.69506822506524,0.5773652543133797,0.6118875235236845,0.615224283096151
selection-selection-SME13977-024312,0.4060597023830514,0.5200951398489263,0.5643599803678333,0.43440625675669664,0.5643599803678333,0.4372588141917267,0.4809273223321415,0.48407061814531266
selection-selection-SME13977-024313,0.6474829937821333,0.6455388215708808,0.73432192041484,0.6210224431576755,0.73432192041484,0.6235094305040485,0.654658107282911,0.658701456043147
selection-selection-SME13995-024344,0.5414745932789785,0.5363216438620458,0.5316439179699085,0.5316439179699085,0.6781545677260777,0.6735632577382701,0.5857922125287123,0.5860624235635677
selection-selection-SME13995-024345,0.8007574674292864,0.7181132619090924,0.7438089915746259,0.7438089915746259,0.843488890483392,0.8403651495389273,0.7833771517045074,0.7816354052745578
selection-selection-SME14018-024389,0.56213432882825,0.5425072266905935,0.5475578151067044,0.5475578151067044,0.6919745625391014,0.683387584510528,0.5900360160840619,0.5943837182734485
selection-selection-SME14031-024414,0.4882104975475719,0.5922219488157667,0.6693045905952776,0.5021088645311029,0.6693045905952776,0.5057789048980628,0.5575846243165604,0.5658278822238946
selection-selection-SME14031-024415,0.5912100146387674,0.6825064672190695,0.7357755392113813,0.5811558627200477,0.7357755392113813,0.5845498517149078,0.6281080673587958,0.6391991516218097
selection-selection-SME14042-024436,0.3092754148329578,0.4519026494587295,0.35699748193387315,0.35699748193387315,0.4835938967122088,0.3597763445488813,0.403102930181272,0.4037701314631376
selection-selection-SME14042-024437,0.7089896991784043,0.6597953860031857,0.6705108649205057,0.6705108649205057,0.7743901191355941,0.6727910730647781,0.6999271543336828,0.6997114875073929
selection-selection-SME14043-024438,0.3930405631987275,0.3767110135112674,0.41727783281708397,0.41727783281708397,0.570673737341876,0.5614987894951602,0.48623607348143305,0.48681343462902926
selection-selection-SME14043-024439,0.6708466227028642,0.6796650144421277,0.633022168505633,0.633022168505633,0.7620157555702355,0.7543003642268685,0.6810528841826957,0.6814190719860249
selection-selection-SME14109-024554,0.6908105452521544,0.5967963493155216,0.6492324127586241,0.6492324127586241,0.7745573079613676,0.770629911256603,0.6978007410690672,0.699694401131986
selection-selection-SME14109-024555,0.3744204252086291,0.4681644019582603,0.4026724553836331,0.4026724553836331,0.5558204927383394,0.551021182144263,0.45967419183951796,0.4673818315772097
selection-selection-SME14122-024581,0.3555075940856544,0.4403819780160514,0.398536378565145,0.398536378565145,0.5707811006939378,0.4023172472397773,0.43829774310973213,0.4384051261577572
selection-selection-SME14124-024584,0.439359330087875,0.3825716123324535,0.45322041759997517,0.45322041759997517,0.6060865482974851,0.4565759152769043,0.5083510384917614,0.5048243363502295
selection-selection-SME14140-024613,0.1208479417353285,0.2553907122252421,0.17075099693860332,0.17075099693860332,0.3684445632936125,0.17509048207910652,0.23834434911876373,0.2556983250372014
selection-selection-SME14149-024628,0.3369545226835583,0.4354065000109794,0.3835689313299275,0.3835689313299275,0.5553173434862416,0.5451052325790975,0.4385949650655949,0.4585270864653549
selection-selection-SME14187-024701,0.5732980773295392,0.5331440019593795,0.5561842002192556,0.5561842002192556,0.699359282499075,0.5593269739245359,0.6014652820934977,0.603241587136271
selection-selection-SME14187-024702,0.7595474872088805,0.708284243264646,0.7070695435273744,0.7070695435273744,0.8175375675371296,0.7094943788800345,0.7432030960817538,0.7433770941500842
selection-selection-SME14199-024723,0.4557886254791488,0.5922715325302238,0.6021685947386944,0.47296071028912307,0.6021685947386944,0.47579689613443227,0.5119436160836666,0.517768200850624
selection-selection-SME14199-024724,0.3133217706188713,0.5260650109051467,0.4872088134296766,0.36032638022619484,0.4872088134296766,0.36311152110674655,0.39938231461398654,0.4038775977974814
selection-selection-SME14214-024751,0.114242810551479,0.217994473330933,0.163946592229198,0.163946592229198,0.35715515486318866,0.1681876290116625,0.2311442277298998,0.22104296611706178
selection-selection-SME14214-024752,0.1466390085979399,0.2066334267878873,0.19636707227428019,0.19636707227428019,0.40908766368835103,0.20103640907941805,0.26399228333090885,0.21085395487544456
selection-selection-SME14237-024793,0.408113047739053,0.4327982277350912,0.44017189702972165,0.44017189702972165,0.6120984464579796,0.6067106600760819,0.46124323074971135,0.4758291376031576
selection-selection-SME14237-024794,0.391132955558655,0.4081011706399711,0.42684438055365953,0.42684438055365953,0.5991364404705832,0.5937371998226642,0.4479605112727773,0.4606743373401204
selection-selection-SME14293-024892,0.6536436851189928,0.6402795032214608,0.6192159263317328,0.6192159263317328,0.7511547222328476,0.6221120572217013,0.6683432894581394,0.6687178381387704
selection-selection-SME14293-024893,0.6704537975054187,0.6402795032214608,0.6327053187142445,0.6327053187142445,0.7617683649387492,0.6355383252789275,0.681733019572315,0.6822944575176741
selection-selection-SME14293-024894,0.6263603071456957,0.6402795032214608,0.5975792153949604,0.5975792153949604,0.7337919397582885,0.60056916142214,0.6537087775442274,0.6502647480063041
selection-selection-SME14335-024965,0.8644287224454327,0.8151446508191023,0.8053003154992129,0.8053003154992129,0.8847616544141751,0.807044536648255,0.8322020651595119,0.8365273934182944
selection-selection-SME14351-024998,0.2132122632834737,0.4245865835298635,0.49538988814256313,0.2573362773671878,0.49538988814256313,0.26256168821716863,0.337286001595954,0.34265617418552213
selection-selection-SME14351-024999,0.2344577807874235,0.4131891761268227,0.5188368772717921,0.2756714180534327,0.5188368772717921,0.2810090368561954,0.3589069803860867,0.35082453327356944
selection-selection-SME14388-025062,0.7029836166586514,0.6631977801191821,0.6592289622153865,0.6592289622153865,0.7821805118824683,0.6619278179880829,0.695721489991562,0.7001358022624709
selection-selection-SME14416-025116,0.2596763450745169,0.4257325813813752,0.4844777838768645,0.31892535672728106,0.4844777838768645,0.3225593257574101,0.347484610089828,0.35649216742391154
selection-selection-SME14416-025117,0.3646029742296302,0.514518278705623,0.5781802625081252,0.4058137842572235,0.5781802625081252,0.4095973255473202,0.4332707542681957,0.4370266364969435
selection-selection-SME14438-025153,0.692243073394438,0.63436686034487,0.6504041559163833,0.6504041559163833,0.7754551967226656,0.6531490967022097,0.6895365270225355,0.6901877337971797
selection-selection-SME14468-025200,0.4460295300309285,0.4686826044552319,0.4583625811126852,0.4583625811126852,0.6110249245426699,0.6018938526052104,0.5012649305404477,0.5121550726335244
selection-selection-SME14468-025201,0.5536414449765145,0.5109254163240045,0.5410088824869901,0.5410088824869901,0.6863184855145004,0.6776271972201058,0.5833725854688887,0.5918257182751077
selection-selection-SME14500-025253,0.7095343703330896,0.6290452542523477,0.664647137193539,0.664647137193539,0.7862775672151363,0.6673169936458421,0.7030846715685276,0.7061673500167829
selection-selection-SME14512-025275,0.5992946465092122,0.6060139065567033,0.5763711017317003,0.5763711017317003,0.7163550520835773,0.5794438282936262,0.6247181373686242,0.6297446232746127
selection-selection-SME14631-025483,0.30186562047478,0.2991923065589539,0.3444229983874255,0.3444229983874255,0.49372871421173975,0.4890498132209803,0.40183492088614925,0.36044013664733077
selection-selection-SME14633-025485,0.5493874671340057,0.5928677841268145,0.5489859927603085,0.5489859927603085,0.7095460864280803,0.6999426326055727,0.6046947291211275,0.5987497235544084
selection-selection-SME14633-025486,0.5086577907773855,0.6135041336038183,0.5177822623109141,0.5177822623109141,0.6830372338426597,0.6731529690057896,0.5757445728630346,0.5707557578595981
selection-selection-SME14650-025513,0.3658252546071838,0.3809234251619848,0.40271529708425036,0.40271529708425036,0.5321077312457657,0.5243684839766207,0.44964269387607325,0.4580095393971355
selection-selection-SME14650-025514,0.4270172854138406,0.433796150802092,0.45071973467980786,0.45071973467980786,0.5805444562668459,0.572779352932011,0.4964671255145181,0.4922976083560249
selection-selection-SME14650-025515,0.4021172707266611,0.4318261107773997,0.43132437379800365,0.43132437379800365,0.5612710511517611,0.5534986533731617,0.47711473917605557,0.471593690743192
selection-selection-SME14673-025556,0.608521743747149,0.6329456502289944,0.5904731700588103,0.5904731700588103,0.7086205268372161,0.5930665710914415,0.6468401819376315,0.635161421675225
selection-selection-SME14690-025583,0.5313037414505843,0.556766298094093,0.5351270065038892,0.5351270065038892,0.6979059334516331,0.5387000956423001,0.5887965957370156,0.5866460842453924
selection-selection-SME14690-025584,0.644685992214376,0.6461484008451673,0.6227927769715004,0.6227927769715004,0.7681732814648854,0.625983960936663,0.6674886270128497,0.6332887078791275
selection-selection-SME14747-025693,0.6748790613796103,0.6404017745171697,0.6362792331490842,0.6362792331490842,0.7645537755832104,0.6390949316114112,0.677436045123927,0.6572908845387146
selection-selection-SME14747-025694,0.8097980900135392,0.6753248699305943,0.7521432992081336,0.7521432992081336,0.8492377209223397,0.7542745764571763,0.7840649458660448,0.7865023475456511
selection-selection-SME14770-025737,0.4690324245770114,0.4688832360417379,0.47605381754764897,0.47605381754764897,0.6277790620371491,0.6187040400570388,0.5318042818335906,0.5367221339545629
selection-selection-SME14770-025738,0.6194525221821555,0.5109254163240045,0.5921447070230859,0.5921447070230859,0.7293638395955035,0.7211564602080047,0.642564993874928,0.6470126611331339
selection-selection-SME14850-025873,0.5315715351743695,0.5757372873841492,0.6564306585569983,0.5311237509179059,0.6564306585569983,0.5338743081248398,0.5791396830056343,0.5861716084355086
selection-selection-SME14850-025874,0.5751647918995223,0.5956438611606869,0.6862757737482242,0.5646346392649897,0.6862757737482242,0.5673047306862555,0.6108550828900712,0.6078963835064124
selection-selection-SME14879-025923,0.3954424074791423,0.4390416889631733,0.43023576990249296,0.43023576990249296,0.6024578453933892,0.4340161414706668,0.48122838942624035,0.4384363184461494
selection-selection-SME14887-025936,0.7270671202425016,0.6611999191481291,0.6792939730278443,0.6792939730278443,0.797232740957099,0.7902201359308044,0.7182740544312589,0.7183600523848206
selection-selection-SME14914-025978,0.4467550865647728,0.4569157821016796,0.45892154132854746,0.45892154132854746,0.6115598515621106,0.6067765146547679,0.5011898407111015,0.5069840762298552
selection-selection-SME14920-025989,0.4911018979351791,0.6062299202473181,0.6278889997337193,0.5000998172324099,0.6278889997337193,0.5029048617708127,0.5393603515648928,0.5437985098630409
selection-selection-SME14920-025990,0.5761145108779234,0.6665739048674384,0.6869172566723938,0.5653673240837119,0.6869172566723938,0.5680354135720191,0.599683887547622,0.6075036733424173
selection-selection-SME14925-026000,0.2827574420235849,0.2995842187439379,0.33869066055334957,0.33869066055334957,0.5068674355884513,0.3423822354978373,0.39332802028109737,0.3670747514580621
selection-selection-SME14925-026001,0.3432206438796004,0.2973113348255943,0.3886434656768745,0.3886434656768745,0.5605976823744597,0.3924179575936528,0.4402840835597185,0.44895972187074507
selection-selection-SME14925-026002,0.4437329073042597,0.4621449571342572,0.4678669099569981,0.4678669099569981,0.6382776042516444,0.4716075206875795,0.520154025533706,0.5179140214767295
selection-selection-SME14935-026018,0.6492231134404095,0.6532390500602343,0.615689917130624,0.615689917130624,0.7483539417048662,0.7441965534053523,0.6674813228637556,0.6697947545457719
selection-selection-SME14935-026019,0.5856877490112876,0.5236559004015393,0.5657859365439754,0.5657859365439754,0.707492540190939,0.7030517780637803,0.6200299625807821,0.6222704741276033
selection-selection-SME14990-026111,0.7040838215779059,0.6568156594976382,0.6664903053975838,0.6664903053975838,0.7712046067904695,0.6687888432977833,0.6994443776375487,0.7061598483289919
