cohort,model,group,n,macro_clusters,mean_prediction,mean_realized,mean_conditional,conditional_bias,conditional_bias_se,conditional_rmse,mae,rmse,bias,borrower_bias_se,equivalence_se,scenario,ci95_low,ci95_high
calibration,incumbent,all,6000,84,0.4513753826886588,0.4640890887378108,0.4626991238731523,-0.01132374118449352,0.008849809102173985,0.0932611125197046,0.13944324762836793,0.1820650189624013,-0.012713706049151976,0.0013097283838219972,0.008849809102173985,upside,-0.02866936702475453,0.006021884655767491
calibration,incumbent,regime:0,3421,49,0.45023834583995614,0.40937131096523927,0.4075599479917516,0.042678397848204534,0.005445097433349752,0.08117649201599544,0.12385298293923641,0.1741300474256781,0.040867034874716913,0.0012887139214204642,0.005445097433349752,upside,0.03200600687883902,0.05335078881757005
calibration,incumbent,regime:1,2579,35,0.4528836428900592,0.5366712980282207,0.5358403106472011,-0.08295666775714185,0.008060000907353156,0.10720950426785861,0.16012347077746406,0.19208550185692888,-0.08378765513816146,0.0014378200590861668,0.008060000907353156,upside,-0.09875426953555402,-0.06715906597872967
calibration,incumbent,collateral_type:Cash,610,84,0.11543226598299888,0.17762664102535297,0.17008510476753494,-0.05465283878453605,0.003695841345381806,0.0784798404711593,0.08343178050444724,0.11349099828452104,-0.06219437504235408,0.002416427155666902,0.003695841345381806,upside,-0.061896687821484386,-0.04740898974758771
calibration,incumbent,collateral_type:Mortgage,2178,84,0.3812856769086509,0.41891475410275353,0.4208874459726145,-0.03960176906396359,0.0090179191190986,0.09622089299355627,0.10749868980154607,0.13378344221951982,-0.03762907719410257,0.002049939325092399,0.0090179191190986,upside,-0.057276890537396846,-0.021926647590530337
calibration,incumbent,collateral_type:Other,1172,84,0.49235906853311684,0.48961360760864664,0.486862526908033,0.005496541625083784,0.010095001751332265,0.0900005411366468,0.14822782990620464,0.18284489086447697,0.002745460924470114,0.0028529180035107133,0.010095001751332265,upside,-0.014289661807527453,0.02528274505769502
calibration,incumbent,collateral_type:Unsecured,2040,84,0.6031145006149359,0.5833131366903277,0.5809544561108572,0.02216004450407863,0.010581721709678691,0.09592309010943954,0.1852504591297331,0.2352143727832259,0.01980136392460812,0.0022658248765850117,0.010581721709678691,upside,0.001419869953108395,0.042900219055048865
calibration,incumbent,product_type:Financial Guarantee,264,78,0.4561285117277012,0.497371660191581,0.48930699706359176,-0.033178485335890545,0.010941338256881367,0.09915039823556138,0.14817301647893505,0.18886604584728925,-0.04124314846387987,0.005761412737703247,0.010941338256881367,upside,-0.054623508319378025,-0.011733462352403065
calibration,incumbent,product_type:Import LC,532,83,0.46406372294948817,0.5045836277368436,0.4923552139220644,-0.0282914909725762,0.01002100331797762,0.09954474783557875,0.14718317748852408,0.1859878619860141,-0.040519904787355406,0.004141732936117414,0.01002100331797762,upside,-0.04793265747581234,-0.008650324469340064
calibration,incumbent,product_type:OVD,2044,84,0.48457088730189374,0.4896998172453151,0.48483820248340564,-0.00026731518151185065,0.008733713608923756,0.0935175153165431,0.1401224466117322,0.1835027377420306,-0.005128929943421286,0.0020689833793366775,0.008733713608923756,upside,-0.01738539385500241,0.01685076349197871
calibration,incumbent,product_type:Performance Guarantee,470,81,0.4494251572665787,0.4786890135092671,0.4752351948764615,-0.025810037609882756,0.009811570975747804,0.0920444927335308,0.14348933195377434,0.1803529238848401,-0.0292638562426883,0.004079704460937282,0.009811570975747804,upside,-0.04504071672234845,-0.006579358497417059
calibration,incumbent,product_type:Term Loan,2690,84,0.4235166360097951,0.43080284809721453,0.4352099980444496,-0.011693362034654403,0.008901439938033976,0.09137736718737093,0.1358327479937618,0.17978763772744386,-0.007286212087419287,0.0017476636391962643,0.008901439938033976,upside,-0.029140184313200996,0.00575346024389219
calibration,incumbent,industry:Construction,713,12,0.4438058259774979,0.45627748541006313,0.4558190469991012,-0.012013221021603427,0.01751443393190595,0.08104632110136445,0.13021936171521542,0.17191898342858525,-0.012471659432565263,0.0032964651849652785,0.01751443393190595,upside,-0.04634151152813909,0.02231506948493224
calibration,incumbent,industry:Hospitality,490,12,0.45541366874222344,0.45375342490044707,0.46344377615440463,-0.008030107412181176,0.021302724439107253,0.08833565621378348,0.14315739972100952,0.18582775273169447,0.0016602438417764416,0.004387066665126199,0.021302724439107253,upside,-0.049783447312831394,0.033723232488469035
calibration,incumbent,industry:Manufacturing,1019,12,0.4624775389101006,0.48844159441202445,0.48588052727079917,-0.023402988360698568,0.02328961298574848,0.10070218274264582,0.14253143711692898,0.18462685277462884,-0.025964055501923818,0.003376354859597322,0.02328961298574848,upside,-0.06905062981276558,0.02224465309136845
calibration,incumbent,industry:Retail,1188,12,0.44542686281967153,0.4677413703643102,0.4614953400115702,-0.016068477191898682,0.023931252226799322,0.09854003789443952,0.14124110291762929,0.18383428849863007,-0.02231450754463869,0.0031003963332654517,0.023931252226799322,upside,-0.06297373155642536,0.03083677717262799
calibration,incumbent,industry:Services,1473,12,0.45324577161626733,0.45790762264132684,0.45988048936418613,-0.006634717747918756,0.021972405421323435,0.09176188618767503,0.1417631348985639,0.18390468460586873,-0.004661851025059469,0.0026007683074027936,0.021972405421323435,upside,-0.04970063237371269,0.03643119687787518
calibration,incumbent,industry:Technology,482,12,0.45587518256134246,0.4582039291074687,0.45348318010994204,0.0023920024514004086,0.02521883928003953,0.09665365503817468,0.13946196047370862,0.18335427284818698,-0.0023287465461262714,0.004868840920643306,0.02521883928003953,upside,-0.04703692253747707,0.051820927440277886
calibration,incumbent,industry:Transport,635,12,0.44231725946742734,0.4537300038569182,0.44843580715554116,-0.006118547688113841,0.021123863308386583,0.08787806715128817,0.1332192561602486,0.17740966285878776,-0.011412744389490843,0.0037694182890413166,0.021123863308386583,upside,-0.04752131977255154,0.035284224396323866
calibration,incumbent,lien_rank:First,2090,84,0.29988647862665635,0.32946077568357274,0.3303668822104505,-0.030480403583794217,0.007412421159631852,0.08803965688106109,0.1057456634723428,0.13727541978633073,-0.029574297056916363,0.001828374591961375,0.007412421159631852,upside,-0.045008749056672646,-0.01595205811091579
calibration,incumbent,lien_rank:Second,1870,84,0.45515292756565356,0.4844934290908713,0.48159404756840846,-0.026441120002754864,0.009264469811618119,0.0959493292509678,0.12713374999377305,0.1579214960501291,-0.029340501525217763,0.002207138926852167,0.009264469811618119,upside,-0.04459948083352638,-0.008282759171983352
calibration,incumbent,lien_rank:Unsecured,2040,84,0.6031145006149359,0.5833131366903277,0.5809544561108572,0.02216004450407863,0.010581721709678691,0.09592309010943954,0.1852504591297331,0.2352143727832259,0.01980136392460812,0.0022658248765850117,0.010581721709678691,upside,0.001419869953108395,0.042900219055048865
calibration,incumbent,reporting_date:2016-01-01,498,7,0.4353453841637109,0.3913658346005911,0.39304578797455797,0.04229959618915287,0.016592185271414872,0.08363209652376102,0.12430458899502263,0.1742631251391353,0.043979549563119794,0.003530442335135682,0.016592185271414872,upside,0.00977891305717972,0.07482027932112602
calibration,incumbent,reporting_date:2016-04-01,493,7,0.4518503602561001,0.39881540045365743,0.39304019637135684,0.05881016388474332,0.008572268157253994,0.08720104567798229,0.1260095862039897,0.17533932740029806,0.05303495980244265,0.003186709134690513,0.008572268157253994,upside,0.04200851829652549,0.07561180947296114
calibration,incumbent,reporting_date:2016-07-01,462,7,0.4554974244558336,0.40127273252477513,0.40848378490590714,0.04701363954992646,0.012620078933107645,0.08168074142144169,0.12849081585360583,0.18358305158112567,0.0542246919310584,0.003488737979771271,0.012620078933107645,upside,0.02227828484103548,0.07174899425881745
calibration,incumbent,reporting_date:2016-10-01,483,7,0.443183624317284,0.44045821886943315,0.4299565110670593,0.013227113250224635,0.01757135485376708,0.07216572982589349,0.11563659137963551,0.16045458042720376,0.002725405447850806,0.0035294549962765773,0.01757135485376708,upside,-0.021212742263158838,0.04766696876360811
calibration,incumbent,reporting_date:2017-01-01,501,7,0.4488613242980129,0.487462131019082,0.4823897045076254,-0.03352838020961253,0.021375517697848404,0.08336367853390535,0.13916618813900106,0.17874854475760504,-0.03860080672106908,0.003653246412397,0.021375517697848404,upside,-0.07542439489739541,0.008367634478170342
calibration,incumbent,reporting_date:2017-04-01,504,7,0.4700140424966749,0.5311355315454139,0.5355649387028059,-0.06555089620613087,0.029282304455904788,0.11175937569287021,0.15930169163692134,0.19821141712960955,-0.061121489048739014,0.004346759263090669,0.029282304455904788,upside,-0.12294421293970426,-0.008157579472557491
calibration,incumbent,reporting_date:2017-07-01,521,7,0.45513991336762066,0.5298782658135637,0.5295465187681162,-0.07440660540049557,0.029794821763088133,0.11309980698320368,0.16116494156224923,0.19332598100159729,-0.0747383524459431,0.00405023923549431,0.029794821763088133,upside,-0.13280445605614832,-0.016008754744842826
calibration,incumbent,reporting_date:2017-10-01,513,7,0.4404147041899004,0.5146238311897634,0.5098300155714196,-0.06941531138151927,0.012746016660874956,0.09197837913484846,0.1501050409334073,0.18274156274120013,-0.07420912699986291,0.002961552595704503,0.012746016660874956,upside,-0.09439750403683418,-0.044433118726204354
calibration,incumbent,reporting_date:2018-01-01,531,7,0.4467331633503638,0.4760122627234894,0.4916744252338866,-0.04494126188352282,0.018852064988290115,0.08705671264111535,0.15059268299729983,0.1897956230328205,-0.029279099373125693,0.0035330662612547722,0.018852064988290115,upside,-0.08189130926057145,-0.0079912145064742
calibration,incumbent,reporting_date:2018-04-01,533,7,0.4590159567817761,0.4851002571593703,0.4837196840185165,-0.024703727236740407,0.03790436353953053,0.10664553173512806,0.15151778423982143,0.19111166731199683,-0.026084300377594193,0.004868173238660646,0.03790436353953053,upside,-0.09899627977422024,0.04958882530073943
calibration,incumbent,reporting_date:2018-07-01,512,7,0.46203324312147304,0.4709734529760857,0.4580930232511162,0.003940219870356754,0.035346493418399294,0.10212515067383837,0.13866248465738848,0.18286681236357707,-0.00894020985461272,0.004920526840586435,0.035346493418399294,upside,-0.06533890722970587,0.07321934697041937
calibration,incumbent,reporting_date:2018-10-01,449,7,0.44750889171675357,0.42416534144142043,0.41830016910487877,0.029208722611874814,0.023101398342363563,0.08374177909842159,0.12186597924275687,0.16666354051167634,0.023343550275333195,0.004039871830183097,0.023101398342363563,upside,-0.016070018139157767,0.0744874633629074
calibration,incumbent,collateral_coverage:0-0.5,2356,84,0.596371846253443,0.5766867313994374,0.5739871935805693,0.022384652672873737,0.010505943444207563,0.09551142391789494,0.1805879089364847,0.22996418593196474,0.019685114854005578,0.0020880658491077026,0.010505943444207563,upside,0.0017930035222269124,0.042976301823520566
calibration,incumbent,collateral_coverage:0.5-1,2162,84,0.38963925094819496,0.4210354963950266,0.4175272577445368,-0.02788800679634183,0.008335468239193873,0.0913474779485,0.12566578454388228,0.1558784425018894,-0.0313962454468316,0.0020648924737073793,0.008335468239193873,upside,-0.04422552454516182,-0.011550489047521838
calibration,incumbent,collateral_coverage:1-inf,1482,84,0.3109312859708796,0.34789598518471165,0.3516781268012174,-0.040746840830337784,0.008116958409624458,0.09239959926931372,0.09413289212683941,0.12117277107235043,-0.03696469921383202,0.0023352855472776805,0.008116958409624458,upside,-0.056656079313201727,-0.024837602347473845
calibration,incumbent,ead_at_default:0-100000,1254,84,0.45211279491395295,0.47262681634878845,0.4656182009005133,-0.013505405986560267,0.008829873113215219,0.09345076291893407,0.1396304726117267,0.18001437274440368,-0.020514021434835543,0.0027192877603895013,0.008829873113215219,upside,-0.030811957288462095,0.0038011453153415625
calibration,incumbent,ead_at_default:100000-500000,3117,84,0.4524581577778292,0.4617445855047957,0.46329047763120085,-0.010832319853371634,0.008987640515526694,0.09316027363503239,0.13979704820684805,0.1832836568078826,-0.00928642772696653,0.001758035589882988,0.008987640515526694,upside,-0.028448095263803954,0.0067834555570606865
calibration,incumbent,ead_at_default:500000-inf,1629,84,0.4487358953446054,0.46200284328240365,0.4593205037036325,-0.010584608359027102,0.009235726682536029,0.09330780522987062,0.13862214478474943,0.18129347743989163,-0.013266947937798286,0.0024372852046206394,0.009235726682536029,upside,-0.028686632656797717,0.007517415938743513
calibration,incumbent,guarantee:zero,4789,84,0.47659079326537857,0.48896279369749923,0.48779846886709827,-0.01120767560171975,0.008953833761075634,0.09348797978235887,0.14635473875244767,0.19046724999244782,-0.012372000432120724,0.0014447415340516022,0.008953833761075634,upside,-0.028757189773427994,0.006341838569988493
calibration,incumbent,guarantee:partial,992,83,0.36340329656874615,0.3891825888082982,0.38381810308492725,-0.020414806516181057,0.008963559754265663,0.09088299502986488,0.1143409857073256,0.14756438613423364,-0.02577929223955207,0.002877931634704811,0.008963559754265663,upside,-0.037983383634541755,-0.0028462293978203587
calibration,incumbent,guarantee:full,219,74,0.29846080816373854,0.2594638598708165,0.271143002621609,0.0273178055421296,0.010634363730891525,0.09876632389186404,0.10201088613273349,0.12733166486220238,0.038996948292922134,0.0064283361507715565,0.010634363730891525,upside,0.006474452629582211,0.048161158454676986
calibration,incumbent,predicted:0.0,553,84,0.09667161051198712,0.15907277592581917,0.15453976785777318,-0.05786815734578607,0.0036944044508730087,0.08013063795642153,0.08132415744393932,0.11246634628247075,-0.06240116541383204,0.0024460019904462803,0.0036944044508730087,upside,-0.06510919006949717,-0.05062712462207497
calibration,incumbent,predicted:0.2,1696,84,0.31868435942391415,0.349968193585918,0.35137052000981234,-0.032686160585898176,0.009259242350434297,0.09687000146047123,0.10466090296226035,0.13104883938655643,-0.03128383416200386,0.002324148938970477,0.009259242350434297,upside,-0.050834275592749396,-0.014538045579046956
calibration,incumbent,predicted:0.4,2348,84,0.4994406025865256,0.5101526044385651,0.509925444365062,-0.01048484177853642,0.009704758879177855,0.09303810417989537,0.15851306573020094,0.1925230536263869,-0.010712001852039622,0.0020208666908017965,0.009704758879177855,upside,-0.029506169181725016,0.008536485624652175
calibration,incumbent,predicted:0.6,1373,84,0.6675625004185164,0.6417941113584573,0.6366098668106744,0.03095263360784205,0.010539219575888888,0.09386008490759029,0.17358637267012414,0.23347999542108927,0.02576838906005924,0.0025628487300682393,0.010539219575888888,upside,0.010295763239099833,0.05160950397658427
calibration,incumbent,predicted:0.8,30,20,0.8351457996026811,0.7999866967085641,0.7813186392234056,0.05382716037927549,0.021771080876190493,0.09998105452149905,0.12198557563744235,0.1721826581532268,0.03515910289411704,0.017061866557075065,0.021771080876190493,upside,0.011155841861942128,0.09649847889660886
calibration,incumbent,realized_gt:0.6,2005,84,0.5946712614832126,0.7345404173893973,0.6172808384453055,-0.02260957696209291,0.011787280093342931,0.1033919894917243,0.1488641290741174,0.17382738262141761,-0.1398691559061847,0.0023526313848705295,0.011787280093342931,upside,-0.04571264594504505,0.0004934920208592326
calibration,incumbent,realized_gt:0.75,767,78,0.64498588177176,0.8307501044455498,0.6801292622280244,-0.03514338045626448,0.011858053311772561,0.09658376735268016,0.1870766588914598,0.20488104630413337,-0.18576422267378984,0.003328778211628437,0.011858053311772561,upside,-0.0583851649473387,-0.011901595965190259
calibration,incumbent,realized_gt:0.9,114,40,0.6939766794975509,0.9469261502711559,0.7615555951590688,-0.06757891566151777,0.011073429071243594,0.09977650280704042,0.25294947077360475,0.2628988552621587,-0.25294947077360475,0.006972293510286657,0.011073429071243594,upside,-0.08928283664115522,-0.04587499468188033
calibration,original_s2,all,6000,84,0.46959683889161413,0.4640890887378108,0.4626991238731523,0.006897715018461784,0.001847743491770137,0.042185499539792067,0.1243753318131503,0.16157044625104244,0.0055077501538033265,0.0005630650932845487,0.001847743491770137,upside,0.0032761377745923153,0.010519292262331252
calibration,original_s2,regime:0,3421,49,0.41862181109572333,0.40937131096523927,0.4075599479917516,0.011061863103971649,0.0019929402247244824,0.042946270413582205,0.12540843081752892,0.1601860624321581,0.009250500130484028,0.0007430599632177252,0.0019929402247244824,upside,0.007155700263511663,0.014968025944431635
calibration,original_s2,regime:1,2579,35,0.537214353466931,0.5366712980282207,0.5358403106472011,0.0013740428197300091,0.0030566309420329866,0.04115465549090642,0.12300494340912575,0.16338870970324934,0.0005430554387103899,0.0008472671649119723,0.0030566309420329866,upside,-0.004616953826654644,0.007365039466114663
calibration,original_s2,collateral_type:Cash,610,84,0.1846345053475046,0.17762664102535297,0.17008510476753494,0.014549400579969703,0.00200664685564345,0.046731548472020226,0.07223035807456508,0.08920776936385659,0.007007864322151666,0.0018219028655505091,0.00200664685564345,upside,0.010616372742908541,0.018482428417030863
calibration,original_s2,collateral_type:Mortgage,2178,84,0.43487116749346305,0.41891475410275353,0.4208874459726145,0.013983721520848527,0.0028175677339601756,0.0455588517676235,0.08444311276904105,0.10480558564452781,0.01595641339070955,0.0009748193790661096,0.0028175677339601756,upside,0.008461288762286582,0.01950615427941047
calibration,original_s2,collateral_type:Other,1172,84,0.49596951831972913,0.48961360760864664,0.486862526908033,0.00910699141169613,0.0022969834145654894,0.03890815856012874,0.1321228651142268,0.1641306734300124,0.006355910711082462,0.0011527350536090191,0.0022969834145654894,upside,0.004604903919147771,0.013609078904244488
calibration,original_s2,collateral_type:Unsecured,2040,84,0.5767295621648146,0.5833131366903277,0.5809544561108572,-0.0042248939460425355,0.0020385313856449883,0.03867064818896241,0.17815018378851566,0.2172462263338498,-0.006583574525513041,0.0009029654419746491,0.0020385313856449883,upside,-0.008220415461906713,-0.00022937243017835847
calibration,original_s2,product_type:Financial Guarantee,264,78,0.4984368126015223,0.497371660191581,0.48930699706359176,0.009129815537930526,0.002956443454009938,0.041272124490220614,0.1235796493657761,0.16310879683932913,0.0010651524099412023,0.0024819000511303578,0.002956443454009938,upside,0.003335186368071047,0.014924444707790006
calibration,original_s2,product_type:Import LC,532,83,0.49603797603529814,0.5045836277368436,0.4923552139220644,0.003682762113233756,0.0022423264832021005,0.039819344416526785,0.12538612826829398,0.1627344971171497,-0.008545651701545441,0.0017206059530105752,0.0022423264832021005,upside,-0.0007121977938423607,0.008077722020309873
calibration,original_s2,product_type:OVD,2044,84,0.48972334930242967,0.4896998172453151,0.48483820248340564,0.0048851468190240265,0.0018483431767178395,0.040339145997619126,0.12499269336034749,0.16159748441511954,2.353205711459122e-05,0.0008858992296626587,0.0018483431767178395,upside,0.0012623941926570613,0.00850789944539099
calibration,original_s2,product_type:Performance Guarantee,470,81,0.481427998679618,0.4786890135092671,0.4752351948764615,0.006192803803156447,0.0028295907670468144,0.03846810063902101,0.1235437546108385,0.15866702071228375,0.002738985170350904,0.0017531232852733768,0.0028295907670468144,upside,0.0006468058997446905,0.011738801706568203
calibration,original_s2,product_type:Term Loan,2690,84,0.44417688707008085,0.43080284809721453,0.4352099980444496,0.008966889025631244,0.002031304355106229,0.044650144648746004,0.12392970755091456,0.16166986343232675,0.01337403897286636,0.0008435060969829654,0.002031304355106229,upside,0.004985532489623036,0.012948245561639453
calibration,original_s2,industry:Construction,713,12,0.46819942719596264,0.45627748541006313,0.4558190469991012,0.012380380196861456,0.0028579170948283437,0.04097358335817597,0.11958796612167892,0.15904156842571507,0.01192194178589962,0.0015012339428039218,0.0028579170948283437,upside,0.006778862690997902,0.01798189770272501
calibration,original_s2,industry:Hospitality,490,12,0.47009155966547633,0.45375342490044707,0.46344377615440463,0.006647783511071655,0.005562220131370941,0.044070321219015086,0.12882467124075533,0.16470835490365504,0.016338134765029273,0.0020894747775144443,0.005562220131370941,upside,-0.0042541679464153884,0.017549734968558696
calibration,original_s2,industry:Manufacturing,1019,12,0.481066915589862,0.48844159441202445,0.48588052727079917,-0.004813611680937197,0.003501476092250524,0.03830151970064541,0.12372750375976836,0.16095767114122136,-0.007374678822162445,0.0012474472972891705,0.003501476092250524,upside,-0.011676504821748224,0.00204928145987383
calibration,original_s2,industry:Retail,1188,12,0.46696358048288,0.4677413703643102,0.4614953400115702,0.005468240471309847,0.0038941033613865608,0.04202622027068667,0.12306323468896203,0.15936843624861777,-0.0007777898814301611,0.0012703132497027343,0.0038941033613865608,upside,-0.002164202117007812,0.013100683059627506
calibration,original_s2,industry:Services,1473,12,0.46813085800392623,0.45790762264132684,0.45988048936418613,0.00825036863974015,0.005274356869626611,0.04348544385412228,0.12992090177241214,0.16683714532903945,0.010223235362599436,0.001163080395632143,0.005274356869626611,upside,-0.0020873708247280062,0.018588108104208308
calibration,original_s2,industry:Technology,482,12,0.46755560913780525,0.4582039291074687,0.45348318010994204,0.014072429027863313,0.005602379483320599,0.04522917713239947,0.11947210122134345,0.1555226159020984,0.009351680030336632,0.0020246691016705893,0.005602379483320599,upside,0.0030917652405549386,0.025053092815171686
calibration,original_s2,industry:Transport,635,12,0.4622543298881,0.4537300038569182,0.44843580715554116,0.013818522732558933,0.001471421454046853,0.04282264122544536,0.12066959351973712,0.15908531248501637,0.008524326031181927,0.001691488330340647,0.001691488330340647,upside,0.010503205605091265,0.017133839860026603
calibration,original_s2,lien_rank:First,2090,84,0.3465510930499305,0.32946077568357274,0.3303668822104505,0.01618421083947994,0.0021434576563187932,0.04729962818344801,0.09174212035534617,0.11743282027922722,0.01709031736635779,0.0009760086976038442,0.0021434576563187932,upside,0.011983033833095107,0.020385387845864775
calibration,original_s2,lien_rank:Second,1870,84,0.490246493079737,0.4844934290908713,0.48159404756840846,0.008652445511328554,0.0024569794795378233,0.039726207473438545,0.10218426973671466,0.12984625909367953,0.0057530639888656605,0.0009130196780214894,0.0024569794795378233,upside,0.0038367657314344206,0.013468125291222688
calibration,original_s2,lien_rank:Unsecured,2040,84,0.5767295621648146,0.5833131366903277,0.5809544561108572,-0.0042248939460425355,0.0020385313856449883,0.03867064818896241,0.17815018378851566,0.2172462263338498,-0.006583574525513041,0.0009029654419746491,0.0020385313856449883,upside,-0.008220415461906713,-0.00022937243017835847
calibration,original_s2,reporting_date:2016-01-01,498,7,0.40613045953543647,0.3913658346005911,0.39304578797455797,0.013084671560878468,0.006985633203431031,0.043845028055943036,0.12392868995383949,0.1555367477483406,0.014764624934845384,0.0019681020253987168,0.006985633203431031,upside,-0.0006071695178463538,0.02677651263960329
calibration,original_s2,reporting_date:2016-04-01,493,7,0.40082903307392087,0.39881540045365743,0.39304019637135684,0.007788836702564055,0.004045001508778441,0.04007988007045966,0.1288790596185756,0.16144721050625072,0.002013632620263387,0.0018401830253865898,0.004045001508778441,upside,-0.00013936625464168895,0.0157170396597698
calibration,original_s2,reporting_date:2016-07-01,462,7,0.4253676211601128,0.40127273252477513,0.40848378490590714,0.016883836254205628,0.003923133905463233,0.04379017543817713,0.1270038594086566,0.16382207704062138,0.024094888635337573,0.001958491130239094,0.003923133905463233,upside,0.009194493799497692,0.024573178708913564
calibration,original_s2,reporting_date:2016-10-01,483,7,0.4418788156007947,0.44045821886943315,0.4299565110670593,0.011922304533735377,0.004502058568102287,0.04196597756462348,0.12053306896378138,0.15655655097299098,0.001420596731361547,0.001928979211875615,0.004502058568102287,upside,0.0030982697402548946,0.02074633932721586
calibration,original_s2,reporting_date:2017-01-01,501,7,0.4838130070168704,0.487462131019082,0.4823897045076254,0.0014233025092449906,0.007305935987027711,0.04147502328205933,0.12125172356564214,0.15738353652089088,-0.0036491240022115652,0.0019434229439424643,0.007305935987027711,upside,-0.012896332025329322,0.015742937043819304
calibration,original_s2,reporting_date:2017-04-01,504,7,0.539508804177918,0.5311355315454139,0.5355649387028059,0.003943865475112233,0.0075512149853866565,0.039685581168137016,0.12846753485790355,0.1709212109226855,0.008373272632504097,0.0018158650762818544,0.0075512149853866565,upside,-0.010856515896245613,0.01874424684647008
calibration,original_s2,reporting_date:2017-07-01,521,7,0.5214702499413433,0.5298782658135637,0.5295465187681162,-0.008076268826773057,0.0066516182615178375,0.04248136909888996,0.12290839297516153,0.15981611813758806,-0.008408015872220575,0.0019357793787457259,0.0066516182615178375,upside,-0.021113440619348018,0.004960902965801903
calibration,original_s2,reporting_date:2017-10-01,513,7,0.5176436962780431,0.5146238311897634,0.5098300155714196,0.007813680706623522,0.0030511887271890584,0.0389543050171762,0.1181019455414354,0.1568089467304292,0.0030198650882798713,0.00176299460630678,0.0030511887271890584,upside,0.001833350801332968,0.013794010611914076
calibration,original_s2,reporting_date:2018-01-01,531,7,0.5035849226782494,0.4760122627234894,0.4916744252338866,0.011910497444362865,0.004954078163206066,0.04112929364445844,0.13000364521143146,0.17338404974399688,0.027572659954759993,0.0018150675189834815,0.004954078163206066,upside,0.002200504244478976,0.021620490644246752
calibration,original_s2,reporting_date:2018-04-01,533,7,0.4897781409211856,0.4851002571593703,0.4837196840185165,0.006058456902669021,0.006339492069188189,0.044928918397669354,0.12195278030367092,0.15958052370948594,0.0046778837618152375,0.002049170272709628,0.006339492069188189,upside,-0.006366947552939829,0.01848386135827787
calibration,original_s2,reporting_date:2018-07-01,512,7,0.4596022066969694,0.4709734529760857,0.4580930232511162,0.0015091834458531336,0.004971651798672142,0.04223989391274853,0.12818579614731676,0.1644419380498361,-0.01137124627911634,0.0019267831062013683,0.004971651798672142,upside,-0.008235254079544264,0.01125362097125053
calibration,original_s2,reporting_date:2018-10-01,449,7,0.4286423144125814,0.42416534144142043,0.41830016910487877,0.010342145307702619,0.008811259952870088,0.04550879185232597,0.1209903218696832,0.156941823782444,0.004476972971160995,0.0021767641126009094,0.008811259952870088,upside,-0.006927924199922756,0.027612214815327996
calibration,original_s2,collateral_coverage:0-0.5,2356,84,0.5709918237524818,0.5766867313994374,0.5739871935805693,-0.00299536982808751,0.0019234431022869998,0.03838520252225042,0.1739710165536062,0.2129186816644982,-0.005694907646955671,0.0008336625736809976,0.0019234431022869998,upside,-0.00676531830857003,0.0007745786523950097
calibration,original_s2,collateral_coverage:0.5-1,2162,84,0.42542565871769333,0.4210354963950266,0.4175272577445368,0.007898400973156538,0.002248288628638162,0.041465834337659005,0.10281379455110988,0.1297294711703952,0.00439016232266676,0.0009111253838076652,0.002248288628638162,upside,0.00349175526102574,0.012305046685287336
calibration,original_s2,collateral_coverage:1-inf,1482,84,0.37284346993332296,0.34789598518471165,0.3516781268012174,0.02116534313210556,0.0026833286782517916,0.04852017741770341,0.07698573013434956,0.09521763587207974,0.02494748474861133,0.0011833137004655162,0.0026833286782517916,upside,0.015906018922732048,0.02642466734147907
calibration,original_s2,ead_at_default:0-100000,1254,84,0.4731807557312788,0.47262681634878845,0.4656182009005133,0.0075625548307655215,0.001961198489663569,0.04080295528654737,0.12109360756879124,0.15700775435005104,0.0005539393824902463,0.0011709195181635334,0.001961198489663569,upside,0.003718605791024926,0.011406503870506117
calibration,original_s2,ead_at_default:100000-500000,3117,84,0.470018038346317,0.4617445855047957,0.46329047763120085,0.006727560715116253,0.0019924882031008393,0.04237553758162212,0.12702319015608718,0.16493598964187614,0.008273452841521358,0.0007666233434932454,0.0019924882031008393,upside,0.002822283837038608,0.010632837593193898
calibration,original_s2,ead_at_default:500000-inf,1629,84,0.4660320074507003,0.46200284328240365,0.4593205037036325,0.006711503747067757,0.0021187807327857876,0.042862460906752685,0.12183506646477217,0.15849712210064285,0.004029164168296571,0.001075870601381375,0.0021187807327857876,upside,0.002558693510807614,0.0108643139833279
calibration,original_s2,guarantee:zero,4789,84,0.49108474933874763,0.48896279369749923,0.48779846886709827,0.0032862804716492816,0.0018515713058284767,0.03958257935938805,0.13275688770134356,0.17048656619805938,0.002121955641248309,0.0005969879508947286,0.0018515713058284767,upside,-0.00034279928777453247,0.006915360231073095
calibration,original_s2,guarantee:partial,992,83,0.4006096477536669,0.3891825888082982,0.38381810308492725,0.01679154466873971,0.0025224788750835667,0.046454029423467914,0.0939772472995262,0.12343815308629208,0.011427058945368699,0.0013988648076435771,0.0025224788750835667,upside,0.01184748607357592,0.021735603263903502
calibration,original_s2,guarantee:full,219,74,0.3121981652729902,0.2594638598708165,0.271143002621609,0.041055162651381275,0.0040304672167769595,0.06870202200254366,0.07878459523304858,0.10291377640469233,0.0527343054021738,0.003730878740788923,0.0040304672167769595,upside,0.03315544690649844,0.04895487839626411
calibration,original_s2,predicted:0.0,385,80,0.1385356494631005,0.12467815170371421,0.12478033784267335,0.01375531162042715,0.0023084656171933108,0.04503337450256907,0.06070068070766435,0.07451595974798532,0.013857497759386307,0.002200355400701578,0.0023084656171933108,upside,0.00923071901072826,0.01827990423012604
calibration,original_s2,predicted:0.2,1395,84,0.3171146697587648,0.2886648415802467,0.2882858016718108,0.028828868086954007,0.00255062217309989,0.05277154615111065,0.08726434444305818,0.10696813223614568,0.028449828178518093,0.0012095207760046236,0.00255062217309989,upside,0.023829648627678224,0.03382808754622979
calibration,original_s2,predicted:0.4,3045,84,0.501428761984525,0.49713985403882893,0.4984837311116543,0.0029450308728707964,0.0018480085734525762,0.039052849030840636,0.1392774126303685,0.1742170124070431,0.004288907945696097,0.0007326856374463143,0.0018480085734525762,upside,-0.0006770659310962527,0.006567127676837845
calibration,original_s2,predicted:0.6,1151,65,0.6736183896041847,0.6941560912105231,0.6843433039795002,-0.010724914375315425,0.0026503341414179046,0.034055229858226045,0.15138729063292197,0.19896097182446498,-0.020537701606338464,0.0010009966670893732,0.0026503341414179046,upside,-0.015919569292494516,-0.005530259458136332
calibration,original_s2,predicted:0.8,24,11,0.8201873881507797,0.8783947285393437,0.8513964884132011,-0.031209100262421446,0.0051956825388072975,0.037183171375180554,0.11674897210081969,0.15097640609116728,-0.05820734038856423,0.0045558636830124915,0.0051956825388072975,upside,-0.041392638038483746,-0.021025562486359145
calibration,original_s2,realized_gt:0.6,2005,84,0.604202736215611,0.7345404173893973,0.6172808384453055,-0.01307810222969452,0.0020507595592549927,0.036314102754280514,0.1326531213842974,0.15231489701003031,-0.1303376811737863,0.0007803003250165697,0.0020507595592549927,upside,-0.017097590965834304,-0.009058613493554735
calibration,original_s2,realized_gt:0.75,767,78,0.6629339272118202,0.8307501044455498,0.6801292622280244,-0.017195335016204096,0.0024667753399288056,0.036775484110815694,0.16832795270141854,0.18490485577596746,-0.16781617723372946,0.0011998407345053025,0.0024667753399288056,upside,-0.022030214682464556,-0.012360455349943638
calibration,original_s2,realized_gt:0.9,114,40,0.7325541075405875,0.9469261502711559,0.7615555951590688,-0.02900148761848129,0.0035302310201409505,0.03987953967089055,0.2143720427305683,0.22492555648289797,-0.2143720427305683,0.0026526273129814687,0.0035302310201409505,upside,-0.03592074041795755,-0.022082234819005026
calibration,corrected,all,6000,84,0.46522113675964366,0.4640890887378108,0.4626991238731523,0.00252201288649134,0.0011273457959337723,0.032197162916091274,0.11935005067703554,0.15841907519706436,0.0011320480218328826,0.00042733341848892245,0.0011273457959337723,upside,0.0003124151264611466,0.004731610646521533
calibration,corrected,regime:0,3421,49,0.4075478778052885,0.40937131096523927,0.4075599479917516,-1.207018646310319e-05,0.0010441859724724671,0.030797097756934892,0.12035692271809591,0.15657285976103036,-0.0018234331599507221,0.000541811386871174,0.0010441859724724671,upside,-0.0020586746925091385,0.0020345343195829323
calibration,corrected,regime:1,2579,35,0.5417237419875804,0.5366712980282207,0.5358403106472011,0.005883431340379339,0.0020921032668468407,0.0339653926601755,0.1180144518974824,0.16083535161925158,0.0050524439593597195,0.0006795009797470362,0.0020921032668468407,upside,0.0017829089373595309,0.009983953743399148
calibration,corrected,collateral_type:Cash,610,84,0.1726920468444796,0.17762664102535297,0.17008510476753494,0.0026069420769447064,0.0026722677526402803,0.043932790031139694,0.06920353092446077,0.08779719460291921,-0.00493459418087333,0.0018217925462723312,0.0026722677526402803,upside,-0.0026307027182302426,0.007844586872119655
calibration,corrected,collateral_type:Mortgage,2178,84,0.4254607684759408,0.41891475410275353,0.4208874459726145,0.004573322503326298,0.001774815736277951,0.03427527114766482,0.0788472834308334,0.10036693122234877,0.006546014373187323,0.0007485324024982809,0.001774815736277951,upside,0.0010946836602215137,0.008051961346431082
calibration,corrected,collateral_type:Other,1172,84,0.489702863393379,0.48961360760864664,0.486862526908033,0.00284033648534592,0.001310889568610797,0.029021340538161952,0.12825819269589112,0.1603300842737002,8.925578473224929e-05,0.0008676782754851485,0.001310889568610797,upside,0.0002709929308687578,0.005409680039823082
calibration,corrected,collateral_type:Unsecured,2040,84,0.5810781187966129,0.5833131366903277,0.5809544561108572,0.00012366268575572211,0.00108753982105532,0.027087222064195563,0.17246968874821209,0.2144421369812702,-0.002235017893714784,0.0006254640352717519,0.00108753982105532,upside,-0.002007915363512705,0.0022552407350241496
calibration,corrected,product_type:Financial Guarantee,264,78,0.49330659908106234,0.497371660191581,0.48930699706359176,0.003999602017470612,0.002313235908203127,0.031777816739917766,0.12228860660038593,0.16182119013994872,-0.004065061110518707,0.0019439218134866467,0.002313235908203127,upside,-0.0005343403626075164,0.008533544397548741
calibration,corrected,product_type:Import LC,532,83,0.4938175302867477,0.5045836277368436,0.4923552139220644,0.0014623163646832983,0.0018633673182342307,0.03200302137369789,0.12366264188245288,0.1624218298992145,-0.010766097450095897,0.0013873622548446034,0.0018633673182342307,upside,-0.002189883579055794,0.00511451630842239
calibration,corrected,product_type:OVD,2044,84,0.48592418407689264,0.4896998172453151,0.48483820248340564,0.0010859815934869997,0.00126770009345682,0.03134468829140283,0.12012721097690002,0.15791428000631427,-0.0037756331684224366,0.0006930570047107708,0.00126770009345682,upside,-0.0013987105896883676,0.003570673776662367
calibration,corrected,product_type:Performance Guarantee,470,81,0.4782242466985812,0.4786890135092671,0.4752351948764615,0.0029890518221196726,0.0017534140665716642,0.02935627237250197,0.1185638710353462,0.15462003519968134,-0.00046476681068587035,0.0013485017326064716,0.0017534140665716642,upside,-0.00044763974836078925,0.006425743392600134
calibration,corrected,product_type:Term Loan,2690,84,0.4388061427830521,0.43080284809721453,0.4352099980444496,0.0035961447386024573,0.0012844351347814959,0.033368661426599285,0.11775559398321564,0.15831871858500218,0.008003294685837572,0.0006397445416920579,0.0012844351347814959,upside,0.0010786518744307257,0.006113637602774189
calibration,corrected,industry:Construction,713,12,0.4560239545496683,0.45627748541006313,0.4558190469991012,0.00020490755056708904,0.0022760227867990577,0.029694243938164222,0.11680186434523653,0.15634206719524216,-0.00025353086039474706,0.0011573554464146202,0.0022760227867990577,upside,-0.0042560971115590636,0.004665912212693242
calibration,corrected,industry:Hospitality,490,12,0.466504872077634,0.45375342490044707,0.46344377615440463,0.00306109592322936,0.0020051723111094133,0.030476635539771035,0.12302856726484751,0.1615220887063704,0.01275144717718698,0.0014279042489934416,0.0020051723111094133,upside,-0.0008690418065450903,0.00699123365300381
calibration,corrected,industry:Manufacturing,1019,12,0.47490412100054913,0.48844159441202445,0.48588052727079917,-0.010976406270250089,0.0012571518202731202,0.03394146139573285,0.12111123235644312,0.15840795102021815,-0.013537473411475338,0.0010386864799325688,0.0012571518202731202,upside,-0.013440423837985405,-0.008512388702514773
calibration,corrected,industry:Retail,1188,12,0.46977565614362354,0.4677413703643102,0.4614953400115702,0.008280316132053394,0.002295128505295534,0.03392727781007644,0.11801978823811721,0.1566349688304875,0.0020342857793133862,0.0009780874504854477,0.002295128505295534,upside,0.003781864261674147,0.01277876800243264
calibration,corrected,industry:Services,1473,12,0.4621377191266122,0.45790762264132684,0.45988048936418613,0.0022572297624261213,0.001845211905178384,0.029294169012286077,0.12306062069686054,0.163361812593877,0.0042300964852854065,0.0007715861128019817,0.001845211905178384,upside,-0.0013593855717235117,0.005873845096575754
calibration,corrected,industry:Technology,482,12,0.46297003512358664,0.4582039291074687,0.45348318010994204,0.00948685501364462,0.0028127658563160793,0.03390594170570194,0.1113238629624973,0.1498240998760274,0.004766106016117939,0.0015109934080899518,0.0028127658563160793,upside,0.003973833935265105,0.014999876092024137
calibration,corrected,industry:Transport,635,12,0.45935930337740943,0.4537300038569182,0.44843580715554116,0.010923496221868263,0.001796529239759521,0.03497122199676374,0.11652019904218316,0.1563439302095949,0.005629299520491258,0.0013401879637837423,0.001796529239759521,upside,0.007402298911939602,0.014444693531796924
calibration,corrected,lien_rank:First,2090,84,0.33516435235893016,0.32946077568357274,0.3303668822104505,0.004797470148479617,0.0017511902175963807,0.03754292914050941,0.08599924382048378,0.113215664648933,0.005703576675357469,0.000823118652770824,0.0017511902175963807,upside,0.0013651373219907112,0.008229802974968524
calibration,corrected,lien_rank:Second,1870,84,0.484189284375726,0.4844934290908713,0.48159404756840846,0.002595236807317628,0.0014861533568885357,0.030829567743301565,0.09867578579200506,0.12661822831801953,-0.00030414471514526734,0.0007152758619258977,0.0014861533568885357,upside,-0.00031762377218390184,0.005508097386819158
calibration,corrected,lien_rank:Unsecured,2040,84,0.5810781187966129,0.5833131366903277,0.5809544561108572,0.00012366268575572211,0.00108753982105532,0.027087222064195563,0.17246968874821209,0.2144421369812702,-0.002235017893714784,0.0006254640352717519,0.00108753982105532,upside,-0.002007915363512705,0.0022552407350241496
calibration,corrected,reporting_date:2016-01-01,498,7,0.3931682424556015,0.3913658346005911,0.39304578797455797,0.00012245448104355067,0.0030043654560189606,0.030915806648807356,0.11733168328987152,0.15123430619099937,0.0018024078550104659,0.001456630422957755,0.0030043654560189606,upside,-0.005766101812753612,0.006011010774840713
calibration,corrected,reporting_date:2016-04-01,493,7,0.3945629973569479,0.39881540045365743,0.39304019637135684,0.0015228009855911303,0.0030363905720105664,0.03135583065051707,0.12461184751238136,0.15883473812066576,-0.004252403096709538,0.001448373029666876,0.0030363905720105664,upside,-0.00442852453554958,0.00747412650673184
calibration,corrected,reporting_date:2016-07-01,462,7,0.40581381440091246,0.40127273252477513,0.40848378490590714,-0.00266997050499466,0.002660608811663324,0.031871914084487155,0.1239407207058017,0.16034309873898275,0.004541081876137282,0.0015382631311607019,0.002660608811663324,upside,-0.007884763775854774,0.0025448227658654544
calibration,corrected,reporting_date:2016-10-01,483,7,0.4321150576935882,0.44045821886943315,0.4299565110670593,0.002158546626528882,0.004052688298316074,0.029498775136357,0.11592916980840616,0.1542134307577871,-0.008343161175844944,0.001393437340542859,0.004052688298316074,upside,-0.005784722438170622,0.010101815691228385
calibration,corrected,reporting_date:2017-01-01,501,7,0.48476956458755033,0.487462131019082,0.4823897045076254,0.0023798600799249015,0.005449667406070196,0.03229935095152813,0.11605287410208136,0.15487534773446188,-0.002692566431531654,0.0014708642726114693,0.005449667406070196,upside,-0.008301488035972682,0.013061208195822484
calibration,corrected,reporting_date:2017-04-01,504,7,0.5385690753699891,0.5311355315454139,0.5355649387028059,0.0030041366671833525,0.003084122652691599,0.030677888991039088,0.1257272447098371,0.169840114625147,0.007433543824575217,0.001353153947911935,0.003084122652691599,upside,-0.003040743732092182,0.009049017066458886
calibration,corrected,reporting_date:2017-07-01,521,7,0.5369864848174892,0.5298782658135637,0.5295465187681162,0.0074399660493728705,0.004304309222823901,0.03531663363994587,0.11522303657725594,0.15880744058223858,0.007108219003925353,0.0015861806265670092,0.004304309222823901,upside,-0.0009964800273619756,0.015876412126107717
calibration,corrected,reporting_date:2017-10-01,513,7,0.5179907539215335,0.5146238311897634,0.5098300155714196,0.00816073835011382,0.0046328994214562816,0.03254606259601773,0.11482181928231266,0.1548498857443902,0.003366922731770173,0.0014357745731431095,0.0046328994214562816,upside,-0.0009197445159404918,0.017241221216168133
calibration,corrected,reporting_date:2018-01-01,531,7,0.49571789241564934,0.4760122627234894,0.4916744252338866,0.004043467181762701,0.004622186126166406,0.03220011385211885,0.12721134271760087,0.1701148793234638,0.019705629692159828,0.0014416079860788548,0.004622186126166406,upside,-0.005016017625523455,0.013102951989048857
calibration,corrected,reporting_date:2018-04-01,533,7,0.48470155970396434,0.4851002571593703,0.4837196840185165,0.0009818756854478102,0.00402694441623581,0.033574527851109336,0.11475458516754952,0.15335184304218832,-0.00039869745540597367,0.0014942927498685374,0.00402694441623581,upside,-0.006910935370374377,0.008874686741269996
calibration,corrected,reporting_date:2018-07-01,512,7,0.45938638419133365,0.4709734529760857,0.4580930232511162,0.0012933609402174008,0.0024810791278028076,0.03189326709623236,0.1216626112065697,0.15958773473990207,-0.011587068784752073,0.0014393476450828245,0.0024810791278028076,upside,-0.0035695541502761023,0.006156276030710904
calibration,corrected,reporting_date:2018-10-01,449,7,0.41921242962447913,0.42416534144142043,0.41830016910487877,0.0009122605196003975,0.004479723383730775,0.033611280905061845,0.11477192105595016,0.1525618911326856,-0.004952911816941227,0.0016264772992313347,0.004479723383730775,upside,-0.007867997312511922,0.009692518351712717
calibration,corrected,collateral_coverage:0-0.5,2356,84,0.5753906918820948,0.5766867313994374,0.5739871935805693,0.0014034983015254628,0.0010385689377677523,0.027240288383660816,0.16860332564687439,0.21012995028700968,-0.0012960395173426981,0.0005866870539025753,0.0010385689377677523,upside,-0.0006320968164993314,0.0034390934195502572
calibration,corrected,collateral_coverage:0.5-1,2162,84,0.4203827214136209,0.4210354963950266,0.4175272577445368,0.002855463669084065,0.0014399596999284505,0.03276821936155033,0.0989508075538896,0.1268346461904196,-0.0006527749814057123,0.0007154982416569172,0.0014399596999284505,upside,3.314265722430222e-05,0.005677784680943827
calibration,corrected,collateral_coverage:1-inf,1482,84,0.3554918399375159,0.34789598518471165,0.3516781268012174,0.003813713136298448,0.0020242792090338526,0.03809084613764494,0.07080919224471517,0.08912242230138932,0.007595854752804214,0.001016449147584463,0.0020242792090338526,upside,-0.00015387411340790288,0.007781300386004799
calibration,corrected,ead_at_default:0-100000,1254,84,0.4680881357933492,0.47262681634878845,0.4656182009005133,0.002469934892835918,0.0014886001181929807,0.03250317444265026,0.11681578735819388,0.15388765925252987,-0.0045386805554393575,0.0009395550176273333,0.0014886001181929807,upside,-0.0004477213388223238,0.00538759112449416
calibration,corrected,ead_at_default:100000-500000,3117,84,0.46588856691317104,0.4617445855047957,0.46329047763120085,0.002598089281970257,0.0011915186425451487,0.031943567683250886,0.12213638737442645,0.16199953265424624,0.004143981408375363,0.0005849917545898156,0.0011915186425451487,upside,0.0002627127425817656,0.004933465821358748
calibration,corrected,ead_at_default:500000-inf,1629,84,0.46173703818578754,0.46200284328240365,0.4593205037036325,0.0024165344821550066,0.0013582852056399526,0.03244286833924542,0.11596942128235165,0.1548897190976768,-0.00026580509661617804,0.0008066568292311006,0.0013582852056399526,upside,-0.0002457045208993005,0.005078773485209314
calibration,corrected,guarantee:zero,4789,84,0.4897788548322979,0.48896279369749923,0.48779846886709827,0.001980385965199601,0.0010841908199007127,0.02929125437526826,0.12760109032139638,0.1676805142628092,0.0008160611347986286,0.0004378233415855057,0.0010841908199007127,upside,-0.00014462804180579575,0.004105399972204998
calibration,corrected,guarantee:partial,992,83,0.38640506646725253,0.3891825888082982,0.38381810308492725,0.0025869633823252997,0.0019103352558210618,0.03842447820294474,0.09106312236971875,0.11994012306611578,-0.002777522341045714,0.0012388149606733887,0.0019103352558210618,upside,-0.0011572937190839814,0.00633122048373458
calibration,corrected,guarantee:full,219,74,0.28521488050444205,0.2594638598708165,0.271143002621609,0.014071877882833102,0.0038738727800312375,0.05433114068361941,0.06705052567253436,0.0870084554910061,0.02575102063362564,0.003554203546205791,0.0038738727800312375,upside,0.006479087233971876,0.021664668531694325
calibration,corrected,predicted:0.0,461,82,0.13109681108278315,0.13749251635646131,0.13522302743254092,-0.004126216349757758,0.0027271420482517677,0.043010080598472306,0.05929118631521233,0.07613541564578453,-0.006395705273678152,0.002011491680093916,0.0027271420482517677,upside,-0.009471414764331222,0.001218982064815707
calibration,corrected,predicted:0.2,1535,84,0.3125879924296322,0.30499550049737445,0.30523402820623047,0.007353964223401822,0.0017653819842167872,0.03926414636215721,0.08271496486985856,0.10433316417504293,0.007592491932257804,0.0010018085081509945,0.0017653819842167872,upside,0.0038938155343369195,0.010814112912466724
calibration,corrected,predicted:0.4,2738,84,0.5027202128134733,0.49953718189582985,0.5032706243265352,-0.0005504115130618652,0.0011217197790836376,0.028654944230313253,0.14180274912768123,0.17642505867083777,0.0031830309176435353,0.0005611273774386579,0.0011217197790836376,upside,-0.0027489822800657953,0.0016481592539420646
calibration,corrected,predicted:0.6,1139,76,0.6743252590919863,0.6838170194232298,0.6712273202815857,0.0030979388104004552,0.0013530680063886676,0.023035006843625947,0.1407222157628343,0.19282987898843104,-0.009491760331243704,0.000704158337259288,0.0013530680063886676,upside,0.00044592551787866683,0.005749952102922244
calibration,corrected,predicted:0.8,127,22,0.8390882636232391,0.8376535430647684,0.8097622605446418,0.029326003078597132,0.0017662066351068271,0.03415255804915403,0.1044178364583306,0.168924116697939,0.0014347205584706979,0.0016050936189991735,0.0017662066351068271,upside,0.02586423807378775,0.03278776808340651
calibration,corrected,realized_gt:0.6,2005,84,0.6164507865061855,0.7345404173893973,0.6172808384453055,-0.0008300519391200103,0.0010806213580192429,0.025357563315783472,0.12407208592177131,0.1459163856735576,-0.1180896308832118,0.0005815535302141998,0.0010806213580192429,upside,-0.002948069800837726,0.0012879659225977058
calibration,corrected,realized_gt:0.75,767,78,0.6840769492543847,0.8307501044455498,0.6801292622280244,0.0039476870263603706,0.001437096532158192,0.025315985030954488,0.1501030630804391,0.17149420356345374,-0.146673155191165,0.0009307918834606163,0.001437096532158192,upside,0.001130977823330314,0.0067643962293904274
calibration,corrected,realized_gt:0.9,114,40,0.7745811740092401,0.9469261502711559,0.7615555951590688,0.013025578850171393,0.0020637881017996334,0.026498143886120092,0.17234497626191564,0.1920779463132825,-0.17234497626191564,0.002225133807995408,0.002225133807995408,upside,0.008664316586500393,0.017386841113842394
calibration,incumbent,all,6000,84,0.4513753826886588,0.4833651247508025,0.486062159206357,-0.03468677651769815,0.009335718421176156,0.10131046350635926,0.14539282046201127,0.18712266536908423,-0.03198974206214366,0.001346616197858853,0.009335718421176156,baseline,-0.05298478462320341,-0.016388768412192885
calibration,incumbent,regime:0,3421,49,0.45023834583995614,0.42920821369404477,0.4281910331453357,0.02204731269462046,0.006268447173496328,0.07354648831896338,0.12402841723687943,0.1727581948806397,0.021030132145911477,0.0013080090574128656,0.006268447173496328,baseline,0.009761156234567659,0.034333469154673266
calibration,incumbent,regime:1,2579,35,0.4528836428900592,0.5552033538028258,0.5628272318138613,-0.10994358892380207,0.008054466751333905,0.1292420969053855,0.17373234098670146,0.2046268403536927,-0.10231971091276662,0.0014383848369317314,0.008054466751333905,baseline,-0.12573034375641653,-0.09415683409118762
calibration,incumbent,collateral_type:Cash,610,84,0.11543226598299888,0.17969853925993148,0.17803222095190352,-0.06259995496890465,0.0038824140365932088,0.08565268635327018,0.08574861221294587,0.11581939848621815,-0.06426627327693259,0.002506758209923857,0.0038824140365932088,baseline,-0.07020948648062734,-0.05499042345718196
calibration,incumbent,collateral_type:Mortgage,2178,84,0.3812856769086509,0.43853261748105493,0.4441652610629325,-0.06287958415428162,0.009553641243884733,0.11156355861944725,0.11594849956548635,0.14484531672167414,-0.057246940572404016,0.0021542432271143153,0.009553641243884733,baseline,-0.0816047209922957,-0.04415444731626754
calibration,incumbent,collateral_type:Other,1172,84,0.49235906853311684,0.5159133498041512,0.5114651433026104,-0.01910607476949355,0.010673943882557506,0.0956938247484774,0.1485826052233639,0.18153457045434812,-0.023554281271034313,0.0029836894436085716,0.010673943882557506,baseline,-0.04002700477930626,0.001814855240319161
calibration,incumbent,collateral_type:Unsecured,2040,84,0.6031145006149359,0.6033334081921833,0.6083059872116442,-0.0051914865967084695,0.011048347418411094,0.097183327452372,0.19283118820919554,0.24008669106468894,-0.000218907577247501,0.0023604257898645867,0.011048347418411094,baseline,-0.026846247536794213,0.016463274343377274
calibration,incumbent,product_type:Financial Guarantee,264,78,0.4561285117277012,0.5092811066605939,0.5132626703893066,-0.057134158661605365,0.011339002021487436,0.11140397568020478,0.16238492517600261,0.19947803188041616,-0.05315259493289272,0.005897261628934185,0.011339002021487436,baseline,-0.07935860262372074,-0.03490971469948999
calibration,incumbent,product_type:Import LC,532,83,0.46406372294948817,0.5152510851791805,0.5152863914602557,-0.05122266851076751,0.010453509400105154,0.11053045207355958,0.15321133016846558,0.1911282483070264,-0.051187362229692286,0.004250450085001297,0.010453509400105154,baseline,-0.07171154693497361,-0.03073379008656141
calibration,incumbent,product_type:OVD,2044,84,0.48457088730189374,0.5046841424397008,0.5086061130368429,-0.024035225734949123,0.009196804974830223,0.09882184544936712,0.14395331430913283,0.18708921523150665,-0.02011325513780694,0.0021206932184589405,0.009196804974830223,baseline,-0.04206096348561636,-0.006009487984281886
calibration,incumbent,product_type:Performance Guarantee,470,81,0.4494251572665787,0.4914549969581883,0.49881503219076667,-0.04938987492418791,0.010189253718966515,0.1027529726534594,0.15578193763359757,0.1950613324180229,-0.04202983969160952,0.004160637366115295,0.010189253718966515,baseline,-0.06936081221336228,-0.029418937635013537
calibration,incumbent,product_type:Term Loan,2690,84,0.4235166360097951,0.4569028711204451,0.45825475458049875,-0.034738118570703524,0.009451155552514084,0.09996916609618296,0.14145754265439436,0.18364604309966884,-0.03338623511064985,0.001807703988689224,0.009451155552514084,baseline,-0.05326238345363113,-0.01621385368777592
calibration,incumbent,industry:Construction,713,12,0.4438058259774979,0.47775963074877104,0.4809078122152938,-0.03710198623779592,0.017838988252867033,0.0885540231905723,0.14136794827623936,0.17970101016324022,-0.03395380477127315,0.003299212167677866,0.017838988252867033,baseline,-0.0720664032134153,-0.0021375692621765363
calibration,incumbent,industry:Hospitality,490,12,0.45541366874222344,0.47865266179393307,0.4858350227843043,-0.030421354042080802,0.023140909719416868,0.09699683249206847,0.14886560946897226,0.19061475701848915,-0.023238993051709587,0.00459648808160917,0.023140909719416868,baseline,-0.07577753709213786,0.014934829007976255
calibration,incumbent,industry:Manufacturing,1019,12,0.4624775389101006,0.5033836611205021,0.5102535475479432,-0.04777600863784254,0.02473079082667298,0.11124662657533797,0.1622949775965766,0.20610665896159922,-0.04090612221040145,0.0034642841739483134,0.02473079082667298,baseline,-0.09624835865812158,0.0006963413824365022
calibration,incumbent,industry:Retail,1188,12,0.44542686281967153,0.4821491086925953,0.48489134801640293,-0.039464485196731354,0.025096146249010524,0.1069857651094344,0.14388362532963425,0.18487048027825886,-0.03672224587292378,0.003167853238846902,0.025096146249010524,baseline,-0.08865293184479198,0.009723961451329269
calibration,incumbent,industry:Services,1473,12,0.45324577161626733,0.48640568680285495,0.48315755783376757,-0.029911786217500277,0.023128837287742537,0.09861170793744296,0.13785628624843238,0.17832153261057754,-0.0331599151865876,0.0026673004135004826,0.023128837287742537,baseline,-0.07524430730147566,0.015420734866475098
calibration,incumbent,industry:Technology,482,12,0.45587518256134246,0.4698547063940786,0.47517690519478356,-0.019301722633441168,0.026874413189860554,0.10263034747487397,0.14477467536731234,0.1896066442417145,-0.01397952383273623,0.005087055677044895,0.026874413189860554,baseline,-0.07197557248556785,0.033372127218685516
calibration,incumbent,industry:Transport,635,12,0.44231725946742734,0.4666483315760125,0.4703950969708067,-0.02807783750337938,0.02272825452091707,0.09534060763367254,0.1408840862642678,0.18273597616443138,-0.024331072108585143,0.003929394228119114,0.02272825452091707,baseline,-0.07262521636437683,0.01646954135761807
calibration,incumbent,lien_rank:First,2090,84,0.29988647862665635,0.3505520064269816,0.3492560769368836,-0.04936959831022724,0.007904378234762744,0.09890290009735016,0.11019530718370858,0.14241114169252703,-0.05066552780032531,0.001892377239413712,0.007904378234762744,baseline,-0.06486217965036221,-0.033877016970092266
calibration,incumbent,lien_rank:Second,1870,84,0.45515292756565356,0.5009288247916414,0.5056061714055085,-0.05045324383985494,0.009763827312822649,0.1081491098724467,0.13298027102211646,0.16370264159153983,-0.04577589722598778,0.0022882577680897855,0.009763827312822649,baseline,-0.06959034537298733,-0.03131614230672254
calibration,incumbent,lien_rank:Unsecured,2040,84,0.6031145006149359,0.6033334081921833,0.6083059872116442,-0.0051914865967084695,0.011048347418411094,0.097183327452372,0.19283118820919554,0.24008669106468894,-0.000218907577247501,0.0023604257898645867,0.011048347418411094,baseline,-0.026846247536794213,0.016463274343377274
calibration,incumbent,reporting_date:2016-01-01,498,7,0.4353453841637109,0.4087576896803857,0.41226944445513125,0.023075939708579612,0.01929611661785022,0.07853884885149302,0.11369594507470471,0.16040409741537617,0.026587694483325115,0.0036798658500356834,0.01929611661785022,baseline,-0.014744448862406823,0.06089632827956605
calibration,incumbent,reporting_date:2016-04-01,493,7,0.4518503602561001,0.4264762611663148,0.4163408857689012,0.03550947448719885,0.008917754481796185,0.0712371510811614,0.11707540734631017,0.16325789092932158,0.025374099089785305,0.003057549119671506,0.008917754481796185,baseline,0.018030675702878328,0.05298827327151937
calibration,incumbent,reporting_date:2016-07-01,462,7,0.4554974244558336,0.42066339779090844,0.4281845425825546,0.027312881873278936,0.015499657299747597,0.07413289828407028,0.13015938343846647,0.18734308588206383,0.03483402666492514,0.003581283674433795,0.015499657299747597,baseline,-0.0030664464342263532,0.05769221018078423
calibration,incumbent,reporting_date:2016-10-01,483,7,0.443183624317284,0.4506576901118516,0.45218360802449314,-0.008999983707209178,0.019830525864051506,0.07319790974534318,0.12948808728637587,0.17532265424893814,-0.007474065794567596,0.0036085559223452534,0.019830525864051506,baseline,-0.04786781440075013,0.029867846986331777
calibration,incumbent,reporting_date:2017-01-01,501,7,0.4488613242980129,0.5053705494127904,0.5080859101213637,-0.05922458582335078,0.021689680471327254,0.09686348287277752,0.15083990052611182,0.18570104356655573,-0.05650922511477754,0.0036554746832924284,0.021689680471327254,baseline,-0.1017363595471522,-0.016712812099549362
calibration,incumbent,reporting_date:2017-04-01,504,7,0.4700140424966749,0.5499103187323946,0.5619785907059139,-0.09196454820923909,0.02941062929106831,0.12920606600822981,0.18000230781319568,0.21775286174051384,-0.07989627623571975,0.004353620317057567,0.02941062929106831,baseline,-0.14960938161973297,-0.03431971479874521
calibration,incumbent,reporting_date:2017-07-01,521,7,0.45513991336762066,0.5541307404584238,0.5562623948119475,-0.10112248144432685,0.029726857437178875,0.13185514318718503,0.1745716582280644,0.2070760874297845,-0.09899082709080315,0.0040093743185500245,0.029726857437178875,baseline,-0.15938712202119745,-0.04285784086745626
calibration,incumbent,reporting_date:2017-10-01,513,7,0.4404147041899004,0.5204341182105091,0.5372979331026382,-0.09688322891273782,0.012876263394963353,0.11449363397973088,0.1642711914453454,0.19685669755950452,-0.08001941402060878,0.002981011956971887,0.012876263394963353,baseline,-0.12212070516686599,-0.07164575265860965
calibration,incumbent,reporting_date:2018-01-01,531,7,0.4467331633503638,0.5064273664615174,0.5170844110413723,-0.07035124769100845,0.020003679624694383,0.10383781269932739,0.15537662570495905,0.1907287746273351,-0.059694203111153546,0.0036197765550013417,0.020003679624694383,baseline,-0.10955845975540944,-0.03114403562660746
calibration,incumbent,reporting_date:2018-04-01,533,7,0.4590159567817761,0.5146060494536195,0.5073951188269812,-0.048379162045205065,0.03955237458586588,0.11724018331048719,0.15130123724413072,0.19091013394523956,-0.055590092671843394,0.005026234443661752,0.03955237458586588,baseline,-0.1259018162335022,0.02914349214309206
calibration,incumbent,reporting_date:2018-07-01,512,7,0.46203324312147304,0.4832202909056189,0.47915395288135626,-0.01712070975988323,0.03762525553954654,0.10623923076916612,0.1372730000045458,0.1792280453772247,-0.02118704778414593,0.0050584327013575665,0.03762525553954654,baseline,-0.09086621061739444,0.05662479109762799
calibration,incumbent,reporting_date:2018-10-01,449,7,0.44750889171675357,0.4403685055106432,0.4365383771228992,0.010970514593854341,0.026861810581536652,0.08381904578944623,0.13450902637582157,0.17964149884888272,0.007140386206110381,0.00428069862461239,0.026861810581536652,baseline,-0.041678634145957495,0.06361966333366617
calibration,incumbent,collateral_coverage:0-0.5,2356,84,0.596371846253443,0.5991224392678618,0.6011431490696045,-0.004771302816161523,0.01095778153587508,0.0966426793963678,0.18778333048688908,0.23436096330719702,-0.0027505930144187596,0.0021747010240368726,0.01095778153587508,baseline,-0.02624855462647668,0.016705948994153636
calibration,incumbent,collateral_coverage:0.5-1,2162,84,0.38963925094819496,0.43505163941994257,0.43855943421532556,-0.04892018326713061,0.008799364735763152,0.10211166110330422,0.12919037089581023,0.15985121987670192,-0.045412388471747556,0.0021271815895731773,0.008799364735763152,baseline,-0.06616693814922639,-0.03167342838503483
calibration,incumbent,collateral_coverage:1-inf,1482,84,0.3109312859708796,0.3698222922832771,0.3724117403890821,-0.061480454418202435,0.008672847817139393,0.10721461446293983,0.10163955078826935,0.13102314994735814,-0.05889100631239752,0.002472075508725658,0.008672847817139393,baseline,-0.07847923613979564,-0.04448167269660923
calibration,incumbent,ead_at_default:0-100000,1254,84,0.45211279491395295,0.4875713115413206,0.4889719059810079,-0.03685911106705504,0.009219783886569953,0.101341581143041,0.1461304347997789,0.18668061333773017,-0.035458516627367646,0.0027785936168737103,0.009219783886569953,baseline,-0.054929887484732154,-0.018788334649377934
calibration,incumbent,ead_at_default:100000-500000,3117,84,0.4524581577778292,0.4817034592074752,0.4866478046811944,-0.03418964690336519,0.009484171424695225,0.10110183578171077,0.14552515897530868,0.18761920305622584,-0.02924530142964601,0.0018083860340451583,0.009484171424695225,baseline,-0.05277862289576783,-0.015600670910962552
calibration,incumbent,ead_at_default:500000-inf,1629,84,0.4487358953446054,0.48330671668649383,0.4827016439206107,-0.033965748576005275,0.00979046279322742,0.10168460111034713,0.14457178453474995,0.1865101940629974,-0.03457082134188845,0.0025191555442359457,0.00979046279322742,baseline,-0.05315505565073102,-0.014776441501279533
calibration,incumbent,guarantee:zero,4789,84,0.47659079326537857,0.5089105771508325,0.5115759833750809,-0.03498519010970238,0.009427439739038425,0.10135647295505569,0.15165825512383946,0.19447730486005682,-0.032319783885453986,0.0014809466386855813,0.009427439739038425,baseline,-0.05346297199821769,-0.016507408221187066
calibration,incumbent,guarantee:partial,992,83,0.36340329656874615,0.40146317845999574,0.40604097283131346,-0.04263767626256733,0.009562799159789125,0.10206574545557465,0.12510605023102497,0.16012901180042277,-0.03805988189124961,0.003014607389065602,0.009562799159789125,baseline,-0.06138076261575401,-0.023894589909380645
calibration,incumbent,guarantee:full,219,74,0.29846080816373854,0.29573754108293115,0.2906069671516723,0.007853841012066338,0.011113447872642035,0.0967683621323916,0.10027551212248283,0.1268946078407572,0.0027232670808075305,0.006532358795049521,0.011113447872642035,baseline,-0.013928516818312052,0.029636198842444728
calibration,incumbent,predicted:0.0,553,84,0.09667161051198712,0.16304816358768354,0.1620807659044801,-0.06540915539249295,0.0038780996470228206,0.0873241458423172,0.0836060209140197,0.11433621594162897,-0.06637655307569643,0.0025547530795252136,0.0038780996470228206,baseline,-0.07301023070065768,-0.05780808008432822
calibration,incumbent,predicted:0.2,1696,84,0.31868435942391415,0.37147477693738057,0.37355355510297433,-0.05486919567906015,0.009898787160728414,0.11072599817596368,0.11092154490091612,0.14058742128552643,-0.05279041751346631,0.0024521447923606583,0.009898787160728414,baseline,-0.07427081851408784,-0.03546757284403246
calibration,incumbent,predicted:0.4,2348,84,0.4994406025865256,0.5358711752743791,0.535828103639637,-0.036387501053111254,0.010186435915732704,0.10269021472770423,0.16674763776575874,0.19950191219784832,-0.03643057268785354,0.002103215371445807,0.010186435915732704,baseline,-0.05635291544794735,-0.016422086658275156
calibration,incumbent,predicted:0.6,1373,84,0.6675625004185164,0.6546547453836907,0.6634933621971815,0.0040691382213349486,0.010948366288987474,0.09173275741889202,0.17598502515504916,0.23200839469691908,0.012907755034825729,0.0026502243867274154,0.010948366288987474,baseline,-0.017389659705080503,0.025527936147750396
calibration,incumbent,predicted:0.8,30,20,0.8351457996026811,0.7645802466326332,0.8031562865240806,0.03198951307860068,0.022895977653932156,0.09284444565436292,0.16163200142590256,0.25693650189237655,0.0705655529700478,0.01755097322610336,0.022895977653932156,baseline,-0.012886603123106348,0.07686562928030771
calibration,incumbent,realized_gt:0.6,2213,84,0.5829172090948371,0.7397818947961848,0.6337981977725635,-0.05088098867772633,0.011937836726848387,0.11546819469133995,0.16382542812153567,0.18993144331600753,-0.15686468570134768,0.0023323801291070824,0.011937836726848387,baseline,-0.07427914866234916,-0.02748282869310349
calibration,incumbent,realized_gt:0.75,920,80,0.6324952428830485,0.8338525426071217,0.6963454308237426,-0.06385018794069397,0.012297912435019879,0.11275557963237545,0.20185046730604503,0.22204888188639577,-0.20135729972407324,0.0031616409012247613,0.012297912435019879,baseline,-0.08795409631333292,-0.03974627956805501
calibration,incumbent,realized_gt:0.9,162,45,0.6666438274224279,0.9438348877765369,0.772526891365284,-0.10588306394285613,0.013035272559740943,0.12871907112839004,0.2771910603541091,0.2909848833894348,-0.2771910603541091,0.005908661200658279,0.013035272559740943,baseline,-0.1314321981599484,-0.08033392972576388
calibration,original_s2,all,6000,84,0.48877744504272336,0.4833651247508025,0.486062159206357,0.002715285836366456,0.002028159774544252,0.04242348057576234,0.1250720818151276,0.1650925289344492,0.005412320291920955,0.000575025617889587,0.002028159774544252,baseline,-0.0012599073217402774,0.006690478994473189
calibration,original_s2,regime:0,3421,49,0.43532902031191484,0.42920821369404477,0.4281910331453357,0.007137987166579152,0.0019137704715866137,0.04137745157427072,0.12622624386520853,0.1637054871337266,0.006120806617870167,0.0007297891527178017,0.0019137704715866137,baseline,0.003386997042269389,0.010888977290888915
calibration,original_s2,regime:1,2579,35,0.5596758789334159,0.5552033538028258,0.5628272318138613,-0.0031513528804453443,0.0036660720216828424,0.04377246663221925,0.12354110532294968,0.16691463233439185,0.004472525130590109,0.0009072557187307143,0.0036660720216828424,baseline,-0.010336854042943716,0.004034148282053026
calibration,original_s2,collateral_type:Cash,610,84,0.19414602967834224,0.17969853925993148,0.17803222095190352,0.016113808726438722,0.0023903634790760114,0.04985972261016976,0.07405845562999114,0.09117576105478642,0.014447490418410789,0.0019525920062032171,0.0023903634790760114,baseline,0.01142869630744974,0.020798921145427703
calibration,original_s2,collateral_type:Mortgage,2178,84,0.4506586768788277,0.43853261748105493,0.4441652610629325,0.006493415815895197,0.0030805169726963203,0.04509040688933724,0.08700124253080949,0.10890421944147988,0.012126059397772808,0.0010025405143786188,0.0030805169726963203,baseline,0.0004556025494104089,0.012531229082379984
calibration,original_s2,collateral_type:Other,1172,84,0.5144962188857842,0.5159133498041512,0.5114651433026104,0.0030310755831739673,0.0024829928700769504,0.039621159700567496,0.12676699614819012,0.16027003811805016,-0.0014171309183667984,0.0012101209663688932,0.0024829928700769504,baseline,-0.0018355904421768553,0.00789774160852479
calibration,original_s2,collateral_type:Unsecured,2040,84,0.6027997183217283,0.6033334081921833,0.6083059872116442,-0.005506268889915939,0.002021393775457683,0.038437737043864745,0.1799986309993574,0.22418304329301597,-0.000533689870454971,0.0009009513149480503,0.002021393775457683,baseline,-0.009468200689812998,-0.0015443370900188802
calibration,original_s2,product_type:Financial Guarantee,264,78,0.5177216466962302,0.5092811066605939,0.5132626703893066,0.004458976306923643,0.0028653020099211586,0.041125153093557874,0.13016147662072805,0.16924197449494321,0.008440540035636287,0.00252093572106564,0.0028653020099211586,baseline,-0.0011570156325218283,0.010074968246369113
calibration,original_s2,product_type:Import LC,532,83,0.5151872962402071,0.5152510851791805,0.5152863914602557,-9.90952200484744e-05,0.0023316686974650686,0.039683856902896476,0.12616692746757474,0.16710916662131545,-6.37889389732472e-05,0.0017221273353025025,0.0023316686974650686,baseline,-0.004669165867080009,0.0044709754269830594
calibration,original_s2,product_type:OVD,2044,84,0.508604290778832,0.5046841424397008,0.5086061130368429,-1.8222580108866146e-06,0.0021320327474563805,0.04157607445162668,0.12573447859550682,0.165021998880478,0.003920148339131292,0.0009198336597285103,0.0021320327474563805,baseline,-0.004180606443025392,0.00417696192700362
calibration,original_s2,product_type:Performance Guarantee,470,81,0.5007445567240916,0.4914549969581883,0.49881503219076667,0.0019295245333248402,0.0029127586149587676,0.03921988069626757,0.12849026304040514,0.16929185947830339,0.009289559765903241,0.0018088128119596863,0.0029127586149587676,baseline,-0.003779482351994344,0.0076385314186440244
calibration,original_s2,product_type:Term Loan,2690,84,0.46355739848196653,0.4569028711204451,0.45825475458049875,0.005302643901467754,0.0021862582865637436,0.04421165758468233,0.12325552333529263,0.16358254613852213,0.006654527361521425,0.0008464377774733573,0.0021862582865637436,baseline,0.001017577659802816,0.009587710143132692
calibration,original_s2,industry:Construction,713,12,0.4901244056581988,0.47775963074877104,0.4809078122152938,0.009216593442905015,0.003310974012819578,0.040553067599568705,0.12090584477425137,0.16507837201907352,0.01236477490942779,0.0015342662157275533,0.003310974012819578,baseline,0.002727084377778643,0.015706102508031387
calibration,original_s2,industry:Hospitality,490,12,0.4916562450124898,0.47865266179393307,0.4858350227843043,0.005821222228185491,0.004764360376862463,0.04323375777585592,0.13174712236489852,0.17370008398871908,0.013003583218556707,0.002034631717052744,0.004764360376862463,baseline,-0.003516924110464936,0.015159368566835918
calibration,original_s2,industry:Manufacturing,1019,12,0.5015923434252864,0.5033836611205021,0.5102535475479432,-0.008661204122656812,0.004886039035283672,0.0406922267484826,0.13423053916531355,0.17524453254537956,-0.0017913176952157202,0.001309069550414786,0.004886039035283672,baseline,-0.01823784063181281,0.0009154323864991841
calibration,original_s2,industry:Retail,1188,12,0.48659346290559674,0.4821491086925953,0.48489134801640293,0.0017021148891938984,0.005600974202445392,0.04347258327891699,0.12328098541827419,0.1614640796736621,0.004444354213001468,0.0013333659063870917,0.005600974202445392,baseline,-0.009275794547599069,0.012680024325986866
calibration,original_s2,industry:Services,1473,12,0.48601707970502556,0.48640568680285495,0.48315755783376757,0.0028595218712579354,0.004710745463468134,0.04270951863100178,0.1219182576227607,0.15938597042403116,-0.00038860709782938415,0.001169021686885145,0.004710745463468134,baseline,-0.0063735392371396075,0.01209258297965548
calibration,original_s2,industry:Technology,482,12,0.48280130778852276,0.4698547063940786,0.47517690519478356,0.007624402593739205,0.006852837087893617,0.04431936440584562,0.12343293366332682,0.1616809658736413,0.012946601394444148,0.0020659525631210505,0.006852837087893617,baseline,-0.005807158098532285,0.021055963286010695
calibration,original_s2,industry:Transport,635,12,0.4795045485419504,0.4666483315760125,0.4703950969708067,0.009109451571143736,0.0031659609102307387,0.04244362626379216,0.12181344254725941,0.16378114213386244,0.01285621696593798,0.0017359571450165806,0.0031659609102307387,baseline,0.0029041681870914885,0.015314734955195983
calibration,original_s2,lien_rank:First,2090,84,0.36117438743647723,0.3505520064269816,0.3492560769368836,0.011918310499593658,0.002264296447458033,0.04741366498800527,0.09116919126427736,0.11662936958693387,0.01062238100949559,0.0010107431650444568,0.002264296447458033,baseline,0.007480289462575913,0.016356331536611403
calibration,original_s2,lien_rank:Second,1870,84,0.5070046925870467,0.5009288247916414,0.5056061714055085,0.0013985211815382376,0.0027521485640766125,0.0406238537972778,0.10304367588755978,0.13198976381591207,0.006075867795405395,0.0009570942319774303,0.0027521485640766125,baseline,-0.003995690004051923,0.006792732367128398
calibration,original_s2,lien_rank:Unsecured,2040,84,0.6027997183217283,0.6033334081921833,0.6083059872116442,-0.005506268889915939,0.002021393775457683,0.038437737043864745,0.1799986309993574,0.22418304329301597,-0.000533689870454971,0.0009009513149480503,0.002021393775457683,baseline,-0.009468200689812998,-0.0015443370900188802
calibration,original_s2,reporting_date:2016-01-01,498,7,0.4173534976834031,0.4087576896803857,0.41226944445513125,0.0050840532282718336,0.008325335813080065,0.043806600330838115,0.11702692523782351,0.15049673062694555,0.00859580800301734,0.002060059963135143,0.008325335813080065,baseline,-0.011233604965365095,0.021401711421908762
calibration,original_s2,reporting_date:2016-04-01,493,7,0.4189466054646359,0.4264762611663148,0.4163408857689012,0.0026057196957346707,0.003600248212318995,0.03870380534315264,0.1253957265531684,0.15916475933037755,-0.0075296557016788605,0.0017943497504751811,0.003600248212318995,baseline,-0.00445076680041056,0.0096622061918799
calibration,original_s2,reporting_date:2016-07-01,462,7,0.43439746088054604,0.42066339779090844,0.4281845425825546,0.006212918297991397,0.0044430156128121455,0.042541595412639285,0.13226494669209088,0.1731739459307068,0.013734063089637606,0.002046342827596504,0.0044430156128121455,baseline,-0.002495392303120408,0.014921228899103202
calibration,original_s2,reporting_date:2016-10-01,483,7,0.46142204228346484,0.4506576901118516,0.45218360802449314,0.00923843425897168,0.003745562760456265,0.03957180337203168,0.12130134236297474,0.16103422619832022,0.01076435217161326,0.0018529515547939474,0.003745562760456265,baseline,0.0018971312484774008,0.016579737269465957
calibration,original_s2,reporting_date:2017-01-01,501,7,0.5090665785943431,0.5053705494127904,0.5080859101213637,0.0009806684729794233,0.0078114696808451395,0.044188475166870946,0.12489413864134861,0.16683452243613497,0.0036960291815526657,0.0021272634944848913,0.0078114696808451395,baseline,-0.01432981210147705,0.016291149047435897
calibration,original_s2,reporting_date:2017-04-01,504,7,0.5547466704776549,0.5499103187323946,0.5619785907059139,-0.0072319202282590785,0.010191571026730227,0.043441166244900305,0.1339809877243216,0.17911341669446038,0.0048363517452602615,0.001987251466721022,0.010191571026730227,baseline,-0.027207399440650322,0.012743558984132167
calibration,original_s2,reporting_date:2017-07-01,521,7,0.5501769696347227,0.5541307404584238,0.5562623948119475,-0.0060854251772247915,0.00693878699750931,0.04215667937495565,0.12492170639567707,0.16543194097227618,-0.003953770823701084,0.0019297847173152267,0.00693878699750931,baseline,-0.01968544769234304,0.007514597337893457
calibration,original_s2,reporting_date:2017-10-01,513,7,0.543748216999712,0.5204341182105091,0.5372979331026382,0.00645028389707375,0.0034900142747932078,0.040298322799309935,0.13018831993990373,0.17375038433892967,0.023314098789202785,0.0018307279987860305,0.0034900142747932078,baseline,-0.00039014408152093696,0.013290711875668437
calibration,original_s2,reporting_date:2018-01-01,531,7,0.5238382799356028,0.5064273664615174,0.5170844110413723,0.006753868894230645,0.003805205449109101,0.039801632660006386,0.12357567117843916,0.167894893848211,0.01741091347408556,0.0017762254290135625,0.003805205449109101,baseline,-0.0007043337860231924,0.014212071574484482
calibration,original_s2,reporting_date:2018-04-01,533,7,0.5016701146443198,0.5146060494536195,0.5073951188269812,-0.005725004182661359,0.011000038475936344,0.04874139465976651,0.11997719718587417,0.15631871575753947,-0.012935934809299696,0.0022646746704531547,0.011000038475936344,baseline,-0.027285079595496593,0.01583507123017388
calibration,original_s2,reporting_date:2018-07-01,512,7,0.4856356197388768,0.4832202909056189,0.47915395288135626,0.006481666857520567,0.0044261200104407684,0.039927359731344675,0.11939050491634369,0.16013245252042643,0.002415328833257872,0.0017907487699635911,0.0044261200104407684,baseline,-0.0021935283629433387,0.015156862077984473
calibration,original_s2,reporting_date:2018-10-01,449,7,0.44612478666288474,0.4403685055106432,0.4365383771228992,0.009586409539985503,0.008466465884071314,0.04476625481828834,0.1291188658170879,0.16620768483659384,0.005756281152241543,0.002157192921729451,0.008466465884071314,baseline,-0.007007863592794273,0.026180682672765278
calibration,original_s2,collateral_coverage:0-0.5,2356,84,0.5968505855867666,0.5991224392678618,0.6011431490696045,-0.004292563482837929,0.0018984152082329815,0.038127699268379986,0.17446136814230762,0.21796308925892144,-0.0022718536810951676,0.0008303541166557119,0.0018984152082329815,baseline,-0.008013457290974572,-0.0005716696747012848
calibration,original_s2,collateral_coverage:0.5-1,2162,84,0.4412418096348886,0.43505163941994257,0.43855943421532556,0.002682375419563072,0.0023752761556153986,0.04271907866309116,0.10429508338741493,0.13263304424405972,0.006190170214946124,0.0009572246562901727,0.0023752761556153986,baseline,-0.001973165845443109,0.007337916684569254
calibration,original_s2,collateral_coverage:1-inf,1482,84,0.38631572077145016,0.3698222922832771,0.3724117403890821,0.013903980382368107,0.003062997390285818,0.04809506255949885,0.0768660845235477,0.09569601185113369,0.016493428488173024,0.0012526761099787378,0.003062997390285818,baseline,0.007900505497407905,0.01990745526732831
calibration,original_s2,ead_at_default:0-100000,1254,84,0.49198110379136345,0.4875713115413206,0.4889719059810079,0.003009197810355369,0.0021312050262111506,0.040930603516631546,0.12246462160908454,0.16297428820476278,0.004409792250042762,0.001191625097232903,0.0021312050262111506,baseline,-0.0011679640410184864,0.007186359661729225
calibration,original_s2,ead_at_default:100000-500000,3117,84,0.4890039344906999,0.4817034592074752,0.4866478046811944,0.002356129809505562,0.0021552119798766093,0.04255939557730416,0.1263726556830212,0.16652171754531023,0.007300475283224744,0.0007832971904308892,0.0021552119798766093,baseline,-0.0018680856710525918,0.006580345290063716
calibration,original_s2,ead_at_default:500000-inf,1629,84,0.48587790196099395,0.48330671668649383,0.4827016439206107,0.0031762580403832193,0.0022915015098171933,0.04328327807384118,0.12459072291528331,0.16396230650984575,0.00257118527450005,0.0010997268058319817,0.0022915015098171933,baseline,-0.0013150849188584795,0.007667600999624918
calibration,original_s2,guarantee:zero,4789,84,0.5104623025340881,0.5089105771508325,0.5115759833750809,-0.0011136808409928061,0.0019980435000510046,0.04001533570817125,0.13240604080407858,0.17297648747514519,0.001551725383255576,0.0006085809243661004,0.0019980435000510046,baseline,-0.005029846101092776,0.002802484419107163
calibration,original_s2,guarantee:partial,992,83,0.41917775298898874,0.40146317845999574,0.40604097283131346,0.013136780157675262,0.002765697396180908,0.046204244537184656,0.09953374791529687,0.1343170131333767,0.017714574528992978,0.001436292121066392,0.002765697396180908,baseline,0.007716013261160682,0.01855754705418984
calibration,original_s2,guarantee:full,219,74,0.3298464495685647,0.29573754108293115,0.2906069671516723,0.039239482416892346,0.004305142327772977,0.0679940947817352,0.08037663720574734,0.10348942963164276,0.034108908485633534,0.003760892403883299,0.004305142327772977,baseline,0.03080140345445731,0.04767756137932738
calibration,original_s2,predicted:0.0,346,80,0.139088726564091,0.12521646249528007,0.12319036818833937,0.015898358375751626,0.002674772728348973,0.047805271450130304,0.0625485736321056,0.07641853318711696,0.013872264068810931,0.002463606041268247,0.002674772728348973,baseline,0.010655803828187638,0.021140912923315613
calibration,original_s2,predicted:0.2,1265,84,0.31672134323185475,0.29392657712287346,0.2912691642202952,0.025452179011559536,0.0027568228187827347,0.05283198972467514,0.08110271962558226,0.10020767870032407,0.02279476610898132,0.0013224010359705657,0.0027568228187827347,baseline,0.020048806286745376,0.030855551736373697
calibration,original_s2,predicted:0.4,2870,84,0.5045373043324786,0.5045212485937351,0.5047426770099477,-0.00020537267746905538,0.001917393295164771,0.03923276457757571,0.13477712508861045,0.16881458474631378,1.6055738743374363e-05,0.0007639763495514104,0.001917393295164771,baseline,-0.003963463535992006,0.0035527181810538957
calibration,original_s2,predicted:0.6,1478,77,0.678037324357889,0.6791455288849756,0.6912444821425388,-0.013207157784649756,0.002844435757957379,0.0365925496806501,0.15828480968781475,0.2101029883205406,-0.0011082045270865367,0.000936390874765995,0.002844435757957379,baseline,-0.01878225187024622,-0.007632063699053293
calibration,original_s2,predicted:0.8,41,17,0.8225912888218339,0.8120892015853413,0.8542138410019707,-0.03162255218013692,0.007717491439889423,0.04425345804148826,0.13269381377544553,0.20812999161617854,0.010502087236492366,0.005227283751611407,0.007717491439889423,baseline,-0.04674883540232019,-0.01649626895795365
calibration,original_s2,realized_gt:0.6,2213,84,0.617220808497985,0.7397818947961848,0.6337981977725635,-0.016577389274578455,0.002315760310807575,0.03840215264619582,0.1258437904238788,0.14580213972369316,-0.12256108629819981,0.0007731438998242705,0.002315760310807575,baseline,-0.021116279483761304,-0.012038499065395608
calibration,original_s2,realized_gt:0.75,920,80,0.6768296119861207,0.8338525426071217,0.6963454308237426,-0.019515818837621785,0.0028184590837763697,0.03866235659412619,0.1576067452155166,0.17529086583055487,-0.15702293062100103,0.0011419748624161919,0.0028184590837763697,baseline,-0.02503999864182347,-0.0139916390334201
calibration,original_s2,realized_gt:0.9,162,45,0.7407790937926132,0.9438348877765369,0.772526891365284,-0.031747797572670856,0.004595077441428643,0.04475910684057657,0.2030557939839239,0.2136018100585544,-0.2030557939839239,0.0025837322084612327,0.004595077441428643,baseline,-0.040754149357871,-0.022741445787470716
calibration,corrected,all,6000,84,0.488065228054515,0.4833651247508025,0.486062159206357,0.0020030688481580522,0.0010999011515609148,0.032422815840769864,0.12076169147649282,0.1636918960095117,0.004700103303712553,0.0004311984515345758,0.0010999011515609148,baseline,-0.00015273740890134075,0.004158875105217445
calibration,corrected,regime:0,3421,49,0.4285313298637147,0.42920821369404477,0.4281910331453357,0.0003402967183790689,0.001334806009933903,0.030972755007299672,0.1226753980057244,0.16162748598350937,-0.0006768838303299167,0.0005480495541795587,0.001334806009933903,baseline,-0.002275923061091381,0.0029565164978495187
calibration,corrected,regime:1,2579,35,0.5670359398461892,0.5552033538028258,0.5628272318138613,0.004208708032327848,0.0017981108078868621,0.03425170328766374,0.11822319204396035,0.1663907842014169,0.011832586043363303,0.0006876480744051424,0.0017981108078868621,baseline,0.0006844108488695982,0.0077330052157860985
calibration,corrected,collateral_type:Cash,610,84,0.18153104715175913,0.17969853925993148,0.17803222095190352,0.003498826199855592,0.0025825441376891027,0.045141960541251386,0.07076003051213993,0.08960951938035454,0.001832507891827657,0.0018722540614773448,0.0025825441376891027,baseline,-0.0015629603100150487,0.008560612709726233
calibration,corrected,collateral_type:Mortgage,2178,84,0.44815122291416865,0.43853261748105493,0.4441652610629325,0.003985961851236125,0.0017065100428224412,0.03432349137572045,0.08183021176496341,0.10577877400527771,0.009618605433113736,0.0007486290672823369,0.0017065100428224412,baseline,0.0006412021673041402,0.00733072153516811
calibration,corrected,collateral_type:Other,1172,84,0.5133020690501401,0.5159133498041512,0.5114651433026104,0.0018369257475297168,0.0012950617550892723,0.028753346854364363,0.12372973365853084,0.1580191449052647,-0.0026112807540110473,0.0008610938713048106,0.0012950617550892723,baseline,-0.0007013952924452567,0.00437524678750469
calibration,corrected,collateral_type:Unsecured,2040,84,0.6078402162405361,0.6033334081921833,0.6083059872116442,-0.0004657709711081872,0.0010233575305071808,0.027381786029220492,0.1755730790071878,0.2238665758384339,0.004506808048352782,0.0006371336922315305,0.0010233575305071808,baseline,-0.0024715517309022617,0.0015400097886858872
calibration,corrected,product_type:Financial Guarantee,264,78,0.5165707346043558,0.5092811066605939,0.5132626703893066,0.0033080642150491463,0.0022134185865615684,0.03304211692384977,0.1278685121134154,0.1686361190338448,0.007289627943761792,0.0020272274065868882,0.0022134185865615684,baseline,-0.0010302362146115277,0.00764636464470982
calibration,corrected,product_type:Import LC,532,83,0.5177342737918965,0.5152510851791805,0.5152863914602557,0.002447882331640899,0.0017456567180598756,0.03313865426521544,0.12382094017438429,0.1674850177276543,0.0024831886127161286,0.0014341662791963956,0.0017456567180598756,baseline,-0.000973604835756457,0.0058693694990382544
calibration,corrected,product_type:OVD,2044,84,0.5093938578080758,0.5046841424397008,0.5086061130368429,0.0007877447712328803,0.001202959468632716,0.03120767484942627,0.121469348645789,0.16384787455155034,0.0047097153683750585,0.0006902220473418418,0.001202959468632716,baseline,-0.0015700557872872427,0.0031455453297530036
calibration,corrected,product_type:Performance Guarantee,470,81,0.5010663007402193,0.4914549969581883,0.49881503219076667,0.0022512685494525822,0.0017562468273364337,0.02971834003879018,0.12296577918714507,0.16563543761520466,0.00961130378203098,0.0013683223386897426,0.0017562468273364337,baseline,-0.0011909752321268277,0.005693512331031992
calibration,corrected,product_type:Term Loan,2690,84,0.4609218788203127,0.4569028711204451,0.45825475458049875,0.0026671242398140006,0.0013141964247313858,0.03355731989835619,0.11853637793245056,0.161971266350676,0.004019007699867673,0.0006450832917902714,0.0013141964247313858,baseline,9.129924734048445e-05,0.005242949232287517
calibration,corrected,industry:Construction,713,12,0.48210617585182153,0.47775963074877104,0.4809078122152938,0.001198363636527852,0.0014380999286286343,0.03006110822299087,0.11813681838337749,0.16345020160589838,0.004346545103050627,0.0011661620711634773,0.0014380999286286343,baseline,-0.0016203122235842712,0.004017039496639975
calibration,corrected,industry:Hospitality,490,12,0.49150838738577796,0.47865266179393307,0.4858350227843043,0.00567336460147362,0.002236548860928377,0.031428570126329734,0.12632231017074583,0.17042754278966896,0.012855725591844839,0.001445210731895994,0.002236548860928377,baseline,0.0012897288340540016,0.010057000368893239
calibration,corrected,industry:Manufacturing,1019,12,0.49727486670086296,0.5033836611205021,0.5102535475479432,-0.012978680847080176,0.001363148070908146,0.03482482739367818,0.13194120253275515,0.17481619022264608,-0.006108794419639085,0.0010381105949790017,0.001363148070908146,baseline,-0.015650451066060143,-0.01030691062810021
calibration,corrected,industry:Retail,1188,12,0.4935537912002496,0.4821491086925953,0.48489134801640293,0.008662443183846773,0.0018194920210874055,0.034137566181751906,0.1192579070549583,0.1613599649561968,0.011404682507654341,0.0009824954390663257,0.0018194920210874055,baseline,0.005096238822515459,0.012228647545178089
calibration,corrected,industry:Services,1473,12,0.4839996779692691,0.48640568680285495,0.48315755783376757,0.0008421201355015974,0.0013898185011442198,0.02923194596188966,0.11575343600944553,0.15650634049537665,-0.002406008833585723,0.0007758480099665351,0.0013898185011442198,baseline,-0.0018819241267410735,0.003566164397744268
calibration,corrected,industry:Technology,482,12,0.4827435654830008,0.4698547063940786,0.47517690519478356,0.007566660288217254,0.002306323555132326,0.03298622429961098,0.11710608289060413,0.1602020903516178,0.012888859088922188,0.0014845355207890507,0.002306323555132326,baseline,0.0030462661201578955,0.012087054456276614
calibration,corrected,industry:Transport,635,12,0.480522264252117,0.4666483315760125,0.4703950969708067,0.01012716728131031,0.00204193566835328,0.034950900970601245,0.11868384757573375,0.16345513673637535,0.013873932676104555,0.0013474200001976778,0.00204193566835328,baseline,0.00612497337133788,0.01412936119128274
calibration,corrected,lien_rank:First,2090,84,0.35310428241494596,0.3505520064269816,0.3492560769368836,0.0038482054780624125,0.0017750723944188903,0.037924933504363705,0.08615017807297058,0.11358457742072815,0.002552275987964344,0.0008346516259796824,0.0017750723944188903,baseline,0.0003690635850013878,0.007327347371123437
calibration,corrected,lien_rank:Second,1870,84,0.5082403085289623,0.5009288247916414,0.5056061714055085,0.002634137123453784,0.0013669597291041812,0.030781885835753964,0.09965090669079427,0.12993013361688166,0.007311483737320941,0.0007150994458776364,0.0013669597291041812,baseline,-4.510394559041099e-05,0.005313378192497979
calibration,corrected,lien_rank:Unsecured,2040,84,0.6078402162405361,0.6033334081921833,0.6083059872116442,-0.0004657709711081872,0.0010233575305071808,0.027381786029220492,0.1755730790071878,0.2238665758384339,0.004506808048352782,0.0006371336922315305,0.0010233575305071808,baseline,-0.0024715517309022617,0.0015400097886858872
calibration,corrected,reporting_date:2016-01-01,498,7,0.41191840861422657,0.4087576896803857,0.41226944445513125,-0.0003510358409046724,0.004736315189852678,0.03238350928494917,0.11016978028997053,0.1457603689173898,0.0031607189338408326,0.0015496706857254796,0.004736315189852678,baseline,-0.009634213613015922,0.008932141931206578
calibration,corrected,reporting_date:2016-04-01,493,7,0.4140034895555073,0.4264762611663148,0.4163408857689012,-0.0023373962133939764,0.0034239707966033867,0.030915234411908105,0.12168297567084645,0.15696573148618329,-0.012472771610807506,0.0014199919104409516,0.0034239707966033867,baseline,-0.009048378974736614,0.004373586547948662
calibration,corrected,reporting_date:2016-07-01,462,7,0.429563097003818,0.42066339779090844,0.4281845425825546,0.001378554421263387,0.002955741785903477,0.03144929064247097,0.13119478491778638,0.1743838816985043,0.008899699212909593,0.0015040408681179691,0.002955741785903477,baseline,-0.004414699479107428,0.007171808321634201
calibration,corrected,reporting_date:2016-10-01,483,7,0.4538804411183593,0.4506576901118516,0.45218360802449314,0.0016968330938661484,0.004736296440075869,0.030298248151372612,0.11770366848068636,0.15688940222333062,0.00322275100650773,0.0014266068654128522,0.004736296440075869,baseline,-0.007586307928682554,0.01097997411641485
calibration,corrected,reporting_date:2017-01-01,501,7,0.510782081457555,0.5053705494127904,0.5080859101213637,0.0026961713361913415,0.003972645187768882,0.0321220728806186,0.1190981324128344,0.16426868527171348,0.005411532044764585,0.0014643278214533802,0.003972645187768882,baseline,-0.005090213231835668,0.01048255590421835
calibration,corrected,reporting_date:2017-04-01,504,7,0.565017826698433,0.5499103187323946,0.5619785907059139,0.0030392359925190925,0.00312100682731471,0.031673225040587005,0.13014874635155443,0.18213137733675377,0.01510750796603843,0.0013927943813211235,0.00312100682731471,baseline,-0.0030779373890177392,0.009156409374055924
calibration,corrected,reporting_date:2017-07-01,521,7,0.5603775022230028,0.5541307404584238,0.5562623948119475,0.004115107411055243,0.00482695822142236,0.03536673054791606,0.12083143754377279,0.16676437232231284,0.0062467617645789505,0.0016327100024476535,0.00482695822142236,baseline,-0.005345730702932583,0.013575945525043067
calibration,corrected,reporting_date:2017-10-01,513,7,0.5421116546753809,0.5204341182105091,0.5372979331026382,0.004813721572742748,0.004158191062611867,0.032807879645551395,0.12691671746977254,0.1723784923529237,0.021677536464871784,0.0014864563089495154,0.004158191062611867,baseline,-0.0033363329099765126,0.01296377605546201
calibration,corrected,reporting_date:2018-01-01,531,7,0.5228984816990934,0.5064273664615174,0.5170844110413723,0.005814070657721068,0.00369516377214592,0.0327096257213445,0.12179965754779407,0.16699288350561958,0.016471115237575978,0.001441235328269391,0.00369516377214592,baseline,-0.001428450335684935,0.013056591651127072
calibration,corrected,reporting_date:2018-04-01,533,7,0.5065174729687848,0.5146060494536195,0.5073951188269812,-0.0008776458581962978,0.0046250769723282905,0.03391645602538921,0.1100970882480361,0.15108616987431797,-0.008088576484834633,0.0015085021473327572,0.0046250769723282905,baseline,-0.009942796723959748,0.008187505007567151
calibration,corrected,reporting_date:2018-07-01,512,7,0.4815434119580242,0.4832202909056189,0.47915395288135626,0.002389459076667925,0.0029883153995343436,0.03189253782830228,0.11707976253504696,0.1599456532736621,-0.0016768789475947706,0.0014334507039138072,0.0029883153995343436,baseline,-0.0034676391064193883,0.008246557259755238
calibration,corrected,reporting_date:2018-10-01,449,7,0.43776387046863974,0.4403685055106432,0.4365383771228992,0.0012254933457405458,0.002516105245431083,0.03287451481347088,0.12388916843273319,0.16390129666543735,-0.0026046350420034147,0.0015933385550848513,0.002516105245431083,baseline,-0.003706072935304377,0.0061570596267854685
calibration,corrected,collateral_coverage:0-0.5,2356,84,0.6019980212195568,0.5991224392678618,0.6011431490696045,0.0008548721499521666,0.0009722871552247125,0.027668741024517204,0.16999408273638003,0.2173844831062816,0.0028755819516949285,0.000600136986418981,0.0009722871552247125,baseline,-0.0010508106742882699,0.002760554974192603
calibration,corrected,collateral_coverage:0.5-1,2162,84,0.4410755783847542,0.43505163941994257,0.43855943421532556,0.0025161441694285937,0.0014439911479602497,0.03324147386501249,0.10040797109203087,0.1307443661973696,0.006023938964811646,0.0007261431835901109,0.0014439911479602497,baseline,-0.0003140784805734957,0.005346366819430683
calibration,corrected,collateral_coverage:1-inf,1482,84,0.3754916530809555,0.3698222922832771,0.3724117403890821,0.003079912691873408,0.001909779830186653,0.03777531345578885,0.07218762242312746,0.09175758735939202,0.005669360797678326,0.0010070750004949182,0.001909779830186653,baseline,-0.0006632557752924316,0.006823081159039248
calibration,corrected,ead_at_default:0-100000,1254,84,0.4912507158092695,0.4875713115413206,0.4889719059810079,0.002278809828261449,0.0013791784375486382,0.03251817201716836,0.11930782853238364,0.1621134106278628,0.003679404267948843,0.0009405762455386911,0.0013791784375486382,baseline,-0.00042437990933388153,0.00498199956585678
calibration,corrected,ead_at_default:100000-500000,3117,84,0.48860794538400015,0.4817034592074752,0.4866478046811944,0.001960140702805786,0.0011386437983711244,0.032214404221960875,0.12197549168839543,0.16520437829423543,0.006904486176524967,0.0005892584932993595,0.0011386437983711244,baseline,-0.0002716011420016177,0.00419188254761319
calibration,corrected,ead_at_default:500000-inf,1629,84,0.4845745886681016,0.48330671668649383,0.4827016439206107,0.0018729447474909904,0.001436288194987986,0.032745202430376985,0.11955833289540779,0.16198483006889985,0.0012678719816078218,0.0008146929131205907,0.001436288194987986,baseline,-0.0009421801146854622,0.004688069609667443
calibration,corrected,guarantee:zero,4789,84,0.5130297532129532,0.5089105771508325,0.5115759833750809,0.0014537698378722594,0.001064794812664064,0.029565460478590155,0.12768970571595598,0.17176104731410313,0.004119176062120641,0.00044214917257586346,0.001064794812664064,baseline,-0.000633227994949306,0.0035407676706938245
calibration,corrected,guarantee:partial,992,83,0.4076478882692741,0.40146317845999574,0.40604097283131346,0.0016069154379606382,0.0018941995798879415,0.03895926038790787,0.09797761929119607,0.13301195568160826,0.006184709809278356,0.0012570051668819868,0.0018941995798879415,baseline,-0.002105715738619727,0.005319546614541004
calibration,corrected,guarantee:full,219,74,0.306416324324828,0.29573754108293115,0.2906069671516723,0.015809357173155767,0.003641989984901181,0.05301885807119905,0.07246735090583228,0.09400240542776517,0.01067878324189696,0.0034275352479437695,0.003641989984901181,baseline,0.008671056802749454,0.02294765754356208
calibration,corrected,predicted:0.0,406,79,0.13092578548048803,0.13493427828595417,0.13286834452180338,-0.0019425590413153435,0.0027508403121847456,0.042846239163899846,0.05888970051209134,0.0759925868188781,-0.004008492805466164,0.0021333034706684942,0.0027508403121847456,baseline,-0.007334206053197445,0.003449087970566758
calibration,corrected,predicted:0.2,1352,84,0.3116151319890786,0.3071885412864912,0.30422460086860786,0.007390531120470768,0.001923160570482641,0.04072670174385189,0.07899301830055834,0.09939872891370721,0.004426590702587407,0.001115646391634896,0.001923160570482641,baseline,0.003621136402324791,0.011159925838616743
calibration,corrected,predicted:0.4,2643,84,0.5060899796657137,0.5045454902761992,0.5072780275649048,-0.0011880478991911833,0.0010748955112214673,0.02978746088550959,0.13748183931378335,0.17267253266369872,0.0015444893895145326,0.0005904401643991003,0.0010748955112214673,baseline,-0.0032948431011852594,0.0009187473028028925
calibration,corrected,predicted:0.6,1403,77,0.6777134016055345,0.6707152817140712,0.6767487074860127,0.0009646941195218926,0.0013843254242675795,0.023742264035648386,0.14593986854219093,0.2006996627176121,0.006998119891463246,0.000656374815421307,0.0013843254242675795,baseline,-0.001748583712042563,0.0036779719510863485
calibration,corrected,predicted:0.8,196,30,0.844408787059855,0.7936798604925764,0.8209310384235338,0.023477748636321173,0.00265767834596002,0.030606607312137823,0.13134812672280446,0.2230494936912451,0.05072892656727834,0.001501899269473931,0.00265767834596002,baseline,0.018268699078239532,0.028686798194402813
calibration,corrected,realized_gt:0.6,2213,84,0.6311410018374602,0.7397818947961848,0.6337981977725635,-0.002657195935103192,0.0011268019211614787,0.027020174526308085,0.11639012800145984,0.13963124979127986,-0.10864089295872452,0.0005943159736325656,0.0011268019211614787,baseline,-0.00486572770057969,-0.00044866416962669386
calibration,corrected,realized_gt:0.75,920,80,0.6976778696675922,0.8338525426071217,0.6963454308237426,0.0013324388438496594,0.0013526015927277887,0.024670703507482263,0.13970406709185618,0.16396795880198503,-0.1361746729395296,0.0008384678586279337,0.0013526015927277887,baseline,-0.0013186602778968064,0.003983537965596125
calibration,corrected,realized_gt:0.9,162,45,0.7763454607345861,0.9438348877765369,0.772526891365284,0.003818569369302116,0.0022457163665858056,0.023931270508431118,0.16770863075151268,0.1898286662999392,-0.1674894270419509,0.001898916513934718,0.0022457163665858056,baseline,-0.0005830347092060629,0.008220173447810295
calibration,incumbent,all,6000,84,0.4513753826886588,0.5477550205761856,0.5458585250752015,-0.09448314238654272,0.009447718256119644,0.13443127608610675,0.1713764593471508,0.2065022277593624,-0.09637963788752685,0.0013515286922874895,0.009447718256119644,downside,-0.11300067016853722,-0.07596561460454822
calibration,incumbent,regime:0,3421,49,0.45023834583995614,0.4937096621040343,0.487534672620918,-0.03729632678096181,0.006946082780968988,0.07877326972819854,0.13755317723113292,0.17556994228228331,-0.043471316264078116,0.0012889887761448524,0.006946082780968988,downside,-0.05091064903166102,-0.02368200453026259
calibration,incumbent,regime:1,2579,35,0.4528836428900592,0.6194452770062865,0.6232241316072311,-0.17034048871717175,0.007478404082007911,0.18388184549513423,0.2162424725766572,0.24149540881928747,-0.1665616341162272,0.0014602493992963348,0.007478404082007911,downside,-0.18499816071790726,-0.15568281671643625
calibration,incumbent,collateral_type:Cash,610,84,0.11543226598299888,0.20145758081225432,0.19957412358584697,-0.08414185760284809,0.0041827729449945604,0.10520657393526837,0.10121172576694537,0.13638979685640062,-0.08602531482925542,0.002683265624852468,0.0041827729449945604,downside,-0.09234009257503743,-0.07594362263065875
calibration,incumbent,collateral_type:Mortgage,2178,84,0.3812856769086509,0.5063231491533013,0.5052187238466745,-0.12393304693802368,0.009905965567951265,0.15673345506695743,0.15410918344916563,0.18750404023372413,-0.12503747224465042,0.0022404166604832725,0.009905965567951265,downside,-0.14334873945120816,-0.1045173544248392
calibration,incumbent,collateral_type:Other,1172,84,0.49235906853311684,0.576160519149362,0.5746965894649952,-0.08233752093187835,0.010924517394780774,0.1258923153041917,0.17765615974692775,0.20561447822560577,-0.08380145061624515,0.0030521937488601357,0.010924517394780774,downside,-0.10374957502564866,-0.06092546683810803
calibration,incumbent,collateral_type:Unsecured,2040,84,0.6031145006149359,0.679220123462106,0.6762255645454956,-0.07311106393055983,0.010758543385418508,0.12045786716903066,0.20718469734773823,0.24090217345472495,-0.07610562284717028,0.0023260595355533114,0.010758543385418508,downside,-0.0941978089659801,-0.05202431889513955
calibration,incumbent,product_type:Financial Guarantee,264,78,0.4561285117277012,0.5854154864020663,0.5745303483041838,-0.11840183657648266,0.011333558699766131,0.1516207796810913,0.19235225909631534,0.22234075949716078,-0.12928697467436512,0.005840030316089448,0.011333558699766131,downside,-0.14061561162802427,-0.09618806152494105
calibration,incumbent,product_type:Import LC,532,83,0.46406372294948817,0.5756271871171024,0.5762958552908588,-0.11223213234137065,0.01042465544506618,0.1481262341745729,0.17945427703363845,0.21068297687407042,-0.11156346416761416,0.004195174728150965,0.01042465544506618,downside,-0.13266445701370036,-0.09179980766904094
calibration,incumbent,product_type:OVD,2044,84,0.48457088730189374,0.5673637402665729,0.5678950525673357,-0.08332416526544191,0.009180473794527652,0.1264498058544842,0.16945294511266343,0.20522910896601315,-0.08279285296467918,0.0021043084353112797,0.009180473794527652,downside,-0.1013178939027161,-0.06533043662816772
calibration,incumbent,product_type:Performance Guarantee,470,81,0.4494251572665787,0.5614323152107926,0.5589106740029878,-0.10948551673640909,0.010119386516026292,0.14145175421176814,0.17518412091539964,0.2084324269563544,-0.1120071579442138,0.004135632357818588,0.010119386516026292,downside,-0.12931951430782063,-0.08965151916499756
calibration,incumbent,product_type:Term Loan,2690,84,0.4235166360097951,0.5212572855935771,0.5180000889424272,-0.09448345293263204,0.009741261569941772,0.13441605122362082,0.16851662738255013,0.20467046050477908,-0.0977406495837819,0.0018437023510911885,0.009741261569941772,downside,-0.1135763256097179,-0.07539058025554617
calibration,incumbent,industry:Construction,713,12,0.4438058259774979,0.541592065608421,0.5434482578619145,-0.09964243188441665,0.01775856518652574,0.1283323701458907,0.16628350745674375,0.19927784819153296,-0.0977862396309232,0.0032874433711965988,0.01775856518652574,downside,-0.1344492196500071,-0.0648356441188262
calibration,incumbent,industry:Hospitality,490,12,0.45541366874222344,0.5582171215563871,0.5475756553779595,-0.09216198663573598,0.023519096025051027,0.13106705807473457,0.1733089592753744,0.20515389335571718,-0.10280345281416364,0.004633878889178656,0.023519096025051027,downside,-0.138259414844836,-0.04606455842663597
calibration,incumbent,industry:Manufacturing,1019,12,0.4624775389101006,0.5689851718173575,0.569351113398637,-0.10687357448853627,0.025180756563796935,0.1465402386420825,0.18475047240809944,0.21783049392768705,-0.10650763290725697,0.0034567523836493467,0.025180756563796935,downside,-0.15622785735357825,-0.05751929162349428
calibration,incumbent,industry:Retail,1188,12,0.44542686281967153,0.5367552186123192,0.545077368638761,-0.09965050581908949,0.02522411780053423,0.1405290189627434,0.17369766289119637,0.21113741495147537,-0.09132835579264774,0.00315371099748178,0.02522411780053423,downside,-0.14908977670813658,-0.050211234930042405
calibration,incumbent,industry:Services,1473,12,0.45324577161626733,0.544681333719859,0.5419099730114396,-0.08866420139517235,0.023396527725082692,0.12981361397065286,0.1701079069079589,0.20676322416073517,-0.09143556210359173,0.002692611564079171,0.023396527725082692,downside,-0.13452139573633443,-0.042807007054010277
calibration,incumbent,industry:Technology,482,12,0.45587518256134246,0.5482502186201259,0.5343397035712946,-0.07846452100995213,0.026864128897526346,0.12722112445737643,0.1615138565446837,0.19782818258703036,-0.09237503605878347,0.005056465162887307,0.026864128897526346,downside,-0.13111821364910375,-0.025810828370800495
calibration,incumbent,industry:Transport,635,12,0.44231725946742734,0.5398666005954401,0.5289049536963628,-0.08658769422893549,0.023683904570985903,0.12738294353231422,0.16022841668150753,0.19349285935083502,-0.0975493411280128,0.004031754506981069,0.023683904570985903,downside,-0.13300814718806786,-0.04016724126980312
calibration,incumbent,lien_rank:First,2090,84,0.29988647862665635,0.3999269384361144,0.3997031055661322,-0.09981662693947589,0.008438146707833091,0.1349412287166956,0.14123600753928084,0.17691933840203303,-0.10004045980945804,0.002001852336775973,0.008438146707833091,downside,-0.11635539448682874,-0.08327785939212304
calibration,incumbent,lien_rank:Second,1870,84,0.45515292756565356,0.5695581659160099,0.5669901113075838,-0.1118371837419303,0.009853367632183167,0.1476607542758037,0.16599931429755174,0.19629183565360117,-0.11440523835035642,0.0023085780514892945,0.009853367632183167,downside,-0.13114978430100932,-0.0925245831828513
calibration,incumbent,lien_rank:Unsecured,2040,84,0.6031145006149359,0.679220123462106,0.6762255645454956,-0.07311106393055983,0.010758543385418508,0.12045786716903066,0.20718469734773823,0.24090217345472495,-0.07610562284717028,0.0023260595355533114,0.010758543385418508,downside,-0.0941978089659801,-0.05202431889513955
calibration,incumbent,reporting_date:2016-01-01,498,7,0.4353453841637109,0.4700893746476967,0.4730712847839228,-0.03772590062021193,0.020667803155339986,0.08260800831701638,0.1396065243780305,0.17882998542756268,-0.03474399048398581,0.003611032241018057,0.020667803155339986,downside,-0.07823479480467829,0.0027829935642544393
calibration,incumbent,reporting_date:2016-04-01,493,7,0.4518503602561001,0.48506232561044926,0.47733367794780673,-0.02548331769170665,0.008889438625610783,0.061754169221569635,0.1368625819500328,0.17622921944203299,-0.03321196535434915,0.0027456086809402756,0.008889438625610783,downside,-0.04290661739790379,-0.008060017985509513
calibration,incumbent,reporting_date:2016-07-01,462,7,0.4554974244558336,0.4853684755905961,0.486943624923475,-0.03144620046764136,0.018402656864315668,0.07631613508681001,0.1368478834463159,0.17613577406135258,-0.02987105113476255,0.0035809860171093525,0.018402656864315668,downside,-0.06751540792170006,0.0046230069864173495
calibration,incumbent,reporting_date:2016-10-01,483,7,0.443183624317284,0.5260474820047314,0.5113756214460715,-0.06819199712878755,0.021067630597276104,0.09917823307933399,0.155271918298568,0.18735832051420329,-0.08286385768744747,0.0035326597617961063,0.021067630597276104,downside,-0.10948455309944871,-0.02689944115812639
calibration,incumbent,reporting_date:2017-01-01,501,7,0.4488613242980129,0.5729845593884941,0.5699175429876013,-0.12105621868958844,0.021087557960944442,0.143478642561192,0.18297755106437805,0.21089002642968635,-0.12412323509048127,0.0036723450395218936,0.021087557960944442,downside,-0.16238783229303955,-0.07972460508613732
calibration,incumbent,reporting_date:2017-04-01,504,7,0.4700140424966749,0.6159817922802107,0.6243210906772535,-0.15430704818057864,0.02791669870902356,0.1782756880237085,0.20608234056246238,0.23588911493199008,-0.14596774978353577,0.00429149779133307,0.02791669870902356,downside,-0.2090237776502648,-0.09959031871089247
calibration,incumbent,reporting_date:2017-07-01,521,7,0.45513991336762066,0.6283494309494116,0.6155951343096941,-0.16045522094207362,0.027695483565947678,0.18096364416351465,0.21394636641908749,0.24064637582052073,-0.17320951758179107,0.003954562431376439,0.027695483565947678,downside,-0.21473836873133106,-0.10617207315281618
calibration,incumbent,reporting_date:2017-10-01,513,7,0.4404147041899004,0.5923204654024803,0.5981382866454684,-0.157723582455568,0.01301585204611363,0.17075960038399002,0.19900966996489705,0.22562015793600196,-0.15190576121257995,0.0031917472959326204,0.01301585204611363,downside,-0.18323465246595072,-0.13221251244518528
calibration,incumbent,reporting_date:2018-01-01,531,7,0.4467331633503638,0.5776158314366088,0.5792204577171339,-0.1324872943667702,0.019949332006823806,0.1537467342614052,0.19338114242709345,0.2230465529125805,-0.13088266808624502,0.003668477579819493,0.019949332006823806,downside,-0.17158798510014486,-0.09338660363339554
calibration,incumbent,reporting_date:2018-04-01,533,7,0.4590159567817761,0.5605558041418184,0.5645905561581687,-0.10557459937639259,0.03784061366397493,0.14830095934147283,0.17092615335193453,0.20622619340166698,-0.10153984736004236,0.004908803295642885,0.03784061366397493,downside,-0.17974220215778347,-0.03140699659500172
calibration,incumbent,reporting_date:2018-07-01,512,7,0.46203324312147304,0.5389731458711463,0.5374120258431803,-0.07537878272170725,0.039090193532824245,0.13037550841805245,0.16813095336814632,0.20907523847755996,-0.07693990274967324,0.0051253050109404934,0.039090193532824245,downside,-0.15199556204604275,0.001237996602628258
calibration,incumbent,reporting_date:2018-10-01,449,7,0.44750889171675357,0.5006095282851577,0.49191415602013044,-0.04440526430337682,0.03208598507316209,0.09878315117133148,0.142703898748203,0.1843334094932462,-0.053100636568404115,0.004554826937241334,0.03208598507316209,downside,-0.10729379504677453,0.018483266440020886
calibration,incumbent,collateral_coverage:0-0.5,2356,84,0.596371846253443,0.6715893737988325,0.6685189539506995,-0.07214710769725652,0.010661299282880675,0.11955351282365265,0.2036126272717565,0.23732655148615228,-0.07521752754538948,0.0021474695974723133,0.010661299282880675,downside,-0.09304325429170264,-0.0512509611028104
calibration,incumbent,collateral_coverage:0.5-1,2162,84,0.38963925094819496,0.4947464673682837,0.49291777267327275,-0.10327852172507783,0.009090722048204908,0.13799222749981083,0.15918291006445892,0.1901605552649248,-0.10510721642008869,0.00217376555803263,0.009090722048204908,downside,-0.12109633693955946,-0.0854607065105962
calibration,incumbent,collateral_coverage:1-inf,1482,84,0.3109312859708796,0.4282211176361912,0.4280919503534044,-0.11716066438252477,0.009138608743378102,0.15054491618802746,0.13791764822623895,0.17421458462088127,-0.11728983166531157,0.0026548795129562957,0.009138608743378102,downside,-0.13507233751954584,-0.0992489912455037
calibration,incumbent,ead_at_default:0-100000,1254,84,0.45211279491395295,0.5515608554627304,0.5486179940638577,-0.09650519914990473,0.009299824325989707,0.1347491531209204,0.16943085845260183,0.2029392848892658,-0.09944806054877739,0.0027679646964873677,0.009299824325989707,downside,-0.11473285482884456,-0.0782775434709649
calibration,incumbent,ead_at_default:100000-500000,3117,84,0.4524581577778292,0.5510979071004475,0.546397974834745,-0.09393981705691573,0.00960635643272076,0.1340442264696773,0.17234710642179574,0.20702599159697177,-0.0986397493226183,0.0018185976489969943,0.00960635643272076,downside,-0.11276827566504842,-0.07511135844878304
calibration,incumbent,ead_at_default:500000-inf,1629,84,0.4487358953446054,0.5384288730968418,0.5427020861480857,-0.09396619080348033,0.009926366420181106,0.13492491108337434,0.1710168992428513,0.20821077892865006,-0.08969297775223636,0.0025411050406797305,0.009926366420181106,downside,-0.1134218689870353,-0.07451051261992536
calibration,incumbent,guarantee:zero,4789,84,0.47659079326537857,0.5743104316214886,0.5718765491202308,-0.09528575585485223,0.009501447607848722,0.13433391166716283,0.17805696405940152,0.21263497794491362,-0.09771963835611018,0.00147529404171265,0.009501447607848722,downside,-0.11390859316623572,-0.07666291854346874
calibration,incumbent,guarantee:partial,992,83,0.36340329656874615,0.46320779362402315,0.46472215935605493,-0.10131886278730874,0.00994509862258388,0.14008123302740327,0.15251829768356234,0.18818917097330556,-0.09980449705527696,0.0031407423878424064,0.00994509862258388,downside,-0.12081125608757315,-0.08182646948704433
calibration,incumbent,guarantee:full,219,74,0.29846080816373854,0.35002436140079235,0.3444291079142351,-0.045968299750496516,0.011664349020847346,0.10778933777349396,0.11071143333487224,0.13846986998462837,-0.051563553237053826,0.006603257729394739,0.011664349020847346,downside,-0.06883042383135732,-0.023106175669635718
calibration,incumbent,predicted:0.0,553,84,0.09667161051198712,0.18345254493306376,0.18306786069164496,-0.08639625017965782,0.004230603532669553,0.1073728698800847,0.09761181894390329,0.13383624406669606,-0.08678093442107664,0.00280551339797509,0.004230603532669553,downside,-0.09468823310369015,-0.0781042672556255
calibration,incumbent,predicted:0.2,1696,84,0.31868435942391415,0.4325518591738171,0.4330258338061907,-0.11434147438227657,0.010462898658134821,0.1531045369421782,0.14567815092346853,0.1811250719821107,-0.11386749974990296,0.002598008413087987,0.010462898658134821,downside,-0.13484875575222083,-0.09383419301233233
calibration,incumbent,predicted:0.4,2348,84,0.4994406025865256,0.6045143622964373,0.6016667265040457,-0.10222612391752024,0.010205992496927246,0.14006427935062185,0.1965019287957645,0.22330927686393462,-0.10507375970991178,0.002102438581147634,0.010205992496927246,downside,-0.12222986921149764,-0.08222237862354284
calibration,incumbent,predicted:0.6,1373,84,0.6675625004185164,0.7322129899745475,0.7291626826976634,-0.06160018227914682,0.010580465199618179,0.10813320448300774,0.19152707892942628,0.23032549016347256,-0.06465048955603113,0.0025697560766991005,0.010580465199618179,downside,-0.08233789407039845,-0.040862470487895194
calibration,incumbent,predicted:0.8,30,20,0.8351457996026811,0.8914918347749069,0.8549657392679606,-0.01981993966527939,0.019851220616174375,0.0778680773702941,0.09520226860554454,0.11386012071629034,-0.056346035172225827,0.014999738729739701,0.019851220616174375,downside,-0.058728332072981164,0.019088452742422386
calibration,incumbent,realized_gt:0.6,2859,84,0.5635942394714432,0.7669980806563136,0.6775152463631414,-0.11392100689169826,0.010673506145055394,0.1515806836273674,0.20585747575160113,0.22927903596272167,-0.20340384118487018,0.0019839351118727147,0.010673506145055394,downside,-0.13484107893600683,-0.0930009348473897
calibration,incumbent,realized_gt:0.75,1486,84,0.6126030214815532,0.8490914220187087,0.735088642642424,-0.12248562116087063,0.010700696918934632,0.15334888403140534,0.23686600204243524,0.2547746910160108,-0.23648840053715536,0.0024765546345490532,0.010700696918934632,downside,-0.14345898712198252,-0.10151225519975875
calibration,incumbent,realized_gt:0.9,339,64,0.6654656766369103,0.9548632496749723,0.8077983087309487,-0.14233263209403835,0.010743470454832309,0.16126316596455476,0.2893975730380621,0.29872684764653673,-0.2893975730380621,0.0041764985472577155,0.010743470454832309,downside,-0.16338983418550967,-0.12127543000256702
calibration,original_s2,all,6000,84,0.530302813545063,0.5477550205761856,0.5458585250752015,-0.015555711530138475,0.0035555984266438328,0.05177797081083876,0.12768404191189836,0.16557987803420673,-0.017452207031122612,0.0006784518719541501,0.0035555984266438328,downside,-0.022524684446360386,-0.008586738613916563
calibration,original_s2,regime:0,3421,49,0.4870196097210498,0.4937096621040343,0.487534672620918,-0.0005150628998681823,0.0019395822660030256,0.04016203880145147,0.12284015807479699,0.1610979552019694,-0.006690052382984482,0.0007141323854847289,0.0019395822660030256,downside,-0.004316644141234113,0.003286518341497748
calibration,original_s2,regime:1,2579,35,0.5877172533597003,0.6194452770062865,0.6232241316072311,-0.03550687824753075,0.0060848518565032065,0.06401250654753335,0.1341093721200115,0.17134427169816177,-0.03172802364658619,0.0011215422897075977,0.0060848518565032065,downside,-0.04743318788627704,-0.023580568608784467
calibration,original_s2,collateral_type:Cash,610,84,0.21607392413919616,0.20145758081225432,0.19957412358584697,0.016499800553349177,0.002819981413181159,0.053354402008896844,0.07870588566681469,0.09653694566730014,0.014616343326941846,0.00207689504535748,0.002819981413181159,downside,0.010972636983514106,0.02202696412318425
calibration,original_s2,collateral_type:Mortgage,2178,84,0.4883428664863473,0.5063231491533013,0.5052187238466745,-0.016875857360327255,0.0041019765777628794,0.05386888645907766,0.09481732467371375,0.11800267197859513,-0.017980282666954048,0.0011645262264293687,0.0041019765777628794,downside,-0.0249157314527425,-0.008835983267912012
calibration,original_s2,collateral_type:Other,1172,84,0.5566700247106419,0.576160519149362,0.5746965894649952,-0.0180265647543534,0.004238845964092154,0.05044127796488905,0.13624869573272436,0.16959371992501027,-0.019490494438720193,0.0014597906899536594,0.004238845964092154,downside,-0.026334702843974024,-0.00971842666473278
calibration,original_s2,collateral_type:Unsecured,2040,84,0.6539136055771236,0.679220123462106,0.6762255645454956,-0.022311958968372007,0.0038190012362636304,0.04973989665262063,0.17249904739045674,0.21554582869782263,-0.025306517884982466,0.0010654940153194137,0.0038190012362636304,downside,-0.029797201391448723,-0.014826716545295292
calibration,original_s2,product_type:Financial Guarantee,264,78,0.5590665733546042,0.5854154864020663,0.5745303483041838,-0.01546377494957971,0.004806807065481175,0.04987857288332187,0.13178015383246844,0.16686316718486616,-0.026348913047462136,0.0029240992225065023,0.004806807065481175,downside,-0.02488511679792281,-0.0060424331012366075
calibration,original_s2,product_type:Import LC,532,83,0.5554237557326566,0.5756271871171024,0.5762958552908588,-0.02087209955820227,0.0037668254884291935,0.05112261233418107,0.13049703242492575,0.1668856180157753,-0.020203431384445785,0.0020252069489953024,0.0037668254884291935,downside,-0.02825507751552349,-0.013489121600881051
calibration,original_s2,product_type:OVD,2044,84,0.5506321056001116,0.5673637402665729,0.5678950525673357,-0.017262946967224198,0.0033872891189790015,0.05116241724649702,0.13105374190691713,0.17065442413662682,-0.016731634666461468,0.0010655426347484628,0.0033872891189790015,downside,-0.02390203364042304,-0.010623860294025355
calibration,original_s2,product_type:Performance Guarantee,470,81,0.5437167926876467,0.5614323152107926,0.5589106740029878,-0.015193881315341157,0.0046823843158549545,0.05076189297272271,0.1235893062070358,0.15932065765166797,-0.017715522523145875,0.0022365045396710117,0.0046823843158549545,downside,-0.024371354574416866,-0.006016408056265446
calibration,original_s2,product_type:Term Loan,2690,84,0.5047207997937426,0.5212572855935771,0.5180000889424272,-0.013279289148684608,0.003755405623074024,0.05272188429642034,0.12488068670427976,0.16232006569882632,-0.01653648579983447,0.0009839276572043611,0.003755405623074024,downside,-0.020639884169909695,-0.005918694127459521
calibration,original_s2,industry:Construction,713,12,0.5281088918504399,0.541592065608421,0.5434482578619145,-0.015339366011474603,0.004260520136514432,0.04595541319349853,0.12399788254370193,0.163843786618918,-0.013483173757981151,0.001668534511491051,0.004260520136514432,downside,-0.02368998547904289,-0.006988746543906316
calibration,original_s2,industry:Hospitality,490,12,0.5396871773095051,0.5582171215563871,0.5475756553779595,-0.007888478068454429,0.008434312067140686,0.05052447567406876,0.12762816648229652,0.16658754015396365,-0.01852994424688209,0.002466654733267103,0.008434312067140686,downside,-0.024419729720050173,0.008642773583141318
calibration,original_s2,industry:Manufacturing,1019,12,0.5424388853154815,0.5689851718173575,0.569351113398637,-0.026912228083155458,0.008783148512515552,0.05421506161423551,0.13420134976488304,0.1714758940095498,-0.02654628650187615,0.0015548398166013756,0.008783148512515552,downside,-0.04412719916768594,-0.009697256998624976
calibration,original_s2,industry:Retail,1188,12,0.5291256443109831,0.5367552186123192,0.545077368638761,-0.015951724327777923,0.010721114551022037,0.056173032164894304,0.13003121151268932,0.16969135791966944,-0.0076295743013361636,0.0016905348606394367,0.010721114551022037,downside,-0.03696510884778112,0.0050616601922252695
calibration,original_s2,industry:Services,1473,12,0.5285690004811183,0.544681333719859,0.5419099730114396,-0.013340972530321302,0.008717159726102075,0.05167313379218352,0.13034581399106607,0.16727297641209316,-0.016112333238740673,0.0013727969954428767,0.008717159726102075,downside,-0.03042660559348137,0.0037446605328387648
calibration,original_s2,industry:Technology,482,12,0.5239750411462453,0.5482502186201259,0.5343397035712946,-0.010364662425049222,0.009671545254515686,0.04906157680572015,0.11936066552905265,0.15421408252365948,-0.024275177473880562,0.0023150679455769896,0.009671545254515686,downside,-0.02932089112389997,0.008591566273801525
calibration,original_s2,industry:Transport,635,12,0.5170770509925294,0.5398666005954401,0.5289049536963628,-0.01182790270383338,0.00671529251505702,0.048474631487117066,0.11715981127570238,0.1532458610580302,-0.022789549602910707,0.0019834352956141447,0.00671529251505702,downside,-0.02498987603334514,0.0013340706256783786
calibration,original_s2,lien_rank:First,2090,84,0.39515847040642177,0.3999269384361144,0.3997031055661322,-0.004544635159710467,0.003533797452146493,0.054328411783184184,0.09850919170086922,0.12561119038576976,-0.004768468029692614,0.0011933441846727782,0.003533797452146493,downside,-0.011470878165917592,0.0023816078464966592
calibration,original_s2,lien_rank:Second,1870,84,0.5464983544083556,0.5695581659160099,0.5669901113075838,-0.02049175689922838,0.0038757234502481246,0.05103148924983717,0.1114021305561721,0.14017824719744615,-0.023059811507654487,0.0011100833081670192,0.0038757234502481246,downside,-0.028088174861714704,-0.012895338936742055
calibration,original_s2,lien_rank:Unsecured,2040,84,0.6539136055771236,0.679220123462106,0.6762255645454956,-0.022311958968372007,0.0038190012362636304,0.04973989665262063,0.17249904739045674,0.21554582869782263,-0.025306517884982466,0.0010654940153194137,0.0038190012362636304,downside,-0.029797201391448723,-0.014826716545295292
calibration,original_s2,reporting_date:2016-01-01,498,7,0.4702048610305747,0.4700893746476967,0.4730712847839228,-0.002866423753348077,0.004692586140401406,0.03947555989720593,0.1252725045918574,0.16337296836420293,0.00011548638287803693,0.0018574787110348227,0.004692586140401406,downside,-0.012063892588534832,0.006331045081838679
calibration,original_s2,reporting_date:2016-04-01,493,7,0.4809754039595828,0.48506232561044926,0.47733367794780673,0.0036417260117759987,0.006867806550399842,0.04219127297965317,0.12319651543326102,0.1654270944045478,-0.004086921650866496,0.0019751618542771673,0.006867806550399842,downside,-0.009819174827007691,0.017102626850559688
calibration,original_s2,reporting_date:2016-07-01,462,7,0.48270562116019894,0.4853684755905961,0.486943624923475,-0.0042380037632760185,0.004724368217977559,0.04192518568740292,0.12994891937902522,0.16944049008286252,-0.002662854430397209,0.001999168250665466,0.004724368217977559,downside,-0.013497765470512034,0.005021757943959998
calibration,original_s2,reporting_date:2016-10-01,483,7,0.5104747629249808,0.5260474820047314,0.5113756214460715,-0.0009008585210907141,0.003979218583283124,0.03771157317591445,0.11947207880387589,0.15696843953207545,-0.015572719079750632,0.0018296781335635076,0.003979218583283124,downside,-0.008700126944325638,0.006898409902144209
calibration,original_s2,reporting_date:2017-01-01,501,7,0.546884392895629,0.5729845593884941,0.5699175429876013,-0.023033150091972345,0.0055258639735883824,0.05138786295714,0.12736126718127638,0.163969430077009,-0.026100166492865173,0.0021443987785402974,0.0055258639735883824,downside,-0.033863843480205574,-0.012202456703739116
calibration,original_s2,reporting_date:2017-04-01,504,7,0.5855655826747909,0.6159817922802107,0.6243210906772535,-0.03875550800246262,0.017162200872187623,0.06753310587761345,0.13991578995808146,0.17832921483276656,-0.03041620960541978,0.0026404236384653585,0.017162200872187623,downside,-0.07239342171195036,-0.0051175942929748836
calibration,original_s2,reporting_date:2017-07-01,521,7,0.5780785947387252,0.6283494309494116,0.6155951343096941,-0.03751653957096907,0.015632842035976004,0.06667975671520285,0.13108951035356053,0.16272231102532592,-0.050270836210686565,0.002605419709522885,0.015632842035976004,downside,-0.06815690996148205,-0.006876169180456103
calibration,original_s2,reporting_date:2017-10-01,513,7,0.5778608889188334,0.5923204654024803,0.5981382866454684,-0.020277397726635008,0.009450563506964932,0.053673991994127715,0.12637538846618263,0.16418870734993948,-0.01445957648364695,0.0023322633969461515,0.009450563506964932,downside,-0.038800502200286274,-0.0017542932529837421
calibration,original_s2,reporting_date:2018-01-01,531,7,0.5659244377211791,0.5776158314366088,0.5792204577171339,-0.013296019995954951,0.010939031344266117,0.04962037301023902,0.1290229715883043,0.1707667320300248,-0.011691393715429764,0.002219422939842333,0.010939031344266117,downside,-0.03473652143071654,0.008144481438806637
calibration,original_s2,reporting_date:2018-04-01,533,7,0.5452115605274394,0.5605558041418184,0.5645905561581687,-0.01937899563072936,0.01819025411844722,0.059517768359047735,0.12357676250681264,0.16183079248113585,-0.015344243614379145,0.002616850033290131,0.01819025411844722,downside,-0.055031893702885915,0.016273902441427193
calibration,original_s2,reporting_date:2018-07-01,512,7,0.5122473317467409,0.5389731458711463,0.5374120258431803,-0.02516469409643944,0.011780477876070826,0.05328495989326191,0.13232737003625394,0.1697246151633494,-0.026725814124405427,0.002189355722032832,0.011780477876070826,downside,-0.04825443073353826,-0.0020749574593406234
calibration,original_s2,reporting_date:2018-10-01,449,7,0.4918812659863154,0.5006095282851577,0.49191415602013044,-3.289003381507086e-05,0.009297263349526503,0.04396709731059646,0.12396048841544285,0.15819905689215852,-0.008728262298842372,0.0021542924433367236,0.009297263349526503,downside,-0.018255526198887016,0.018189746131256877
calibration,original_s2,collateral_coverage:0-0.5,2356,84,0.6476153949841132,0.6715893737988325,0.6685189539506995,-0.020903558966586414,0.0037755725587446877,0.04902438494400999,0.1687938376765491,0.21133290485944595,-0.023973978814719386,0.0009851007230627002,0.0037755725587446877,downside,-0.028303681181726003,-0.013503436751446826
calibration,original_s2,collateral_coverage:0.5-1,2162,84,0.47760174198115546,0.4947464673682837,0.49291777267327275,-0.0153160306921174,0.003667134622755549,0.05315822790876818,0.11266560306480788,0.14104645599886934,-0.017144725387128266,0.0011618341809378997,0.003667134622755549,downside,-0.022503614552718276,-0.008128446831516523
calibration,original_s2,collateral_coverage:1-inf,1482,84,0.4206882891528676,0.4282211176361912,0.4280919503534044,-0.007403661200536738,0.003812839951219486,0.053952973735106935,0.08423949802923479,0.104766317125354,-0.007532828483323547,0.0014568777002191195,0.003812839951219486,downside,-0.01487682750492693,6.950510385345457e-05
calibration,original_s2,ead_at_default:0-100000,1254,84,0.5337397922423008,0.5515608554627304,0.5486179940638577,-0.014878201821557,0.003627850857321937,0.049891907958735465,0.125802096632542,0.16246641727295508,-0.01782106322042967,0.0013843847982588494,0.003627850857321937,downside,-0.021988789501907996,-0.007767614141206003
calibration,original_s2,ead_at_default:100000-500000,3117,84,0.5308527969374156,0.5510979071004475,0.546397974834745,-0.015545177897329317,0.003686305203642621,0.05212787914317097,0.12816099417791407,0.16607243264649868,-0.02024511016303189,0.0009265463975505418,0.003686305203642621,downside,-0.022770336096468856,-0.00832001969818978
calibration,original_s2,ead_at_default:500000-inf,1629,84,0.5266046738763712,0.5384288730968418,0.5427020861480857,-0.01609741227171448,0.003696370680158318,0.052526215264828195,0.12822013716490135,0.16700407640534168,-0.011824199220470524,0.0012749850277253144,0.003696370680158318,downside,-0.02334229880482478,-0.008852525738604176
calibration,original_s2,guarantee:zero,4789,84,0.5529600722868672,0.5743104316214886,0.5718765491202308,-0.018916476833363647,0.0035154561404545613,0.05090220748862706,0.13523020486629234,0.17343720780541677,-0.021350359334621594,0.000719913958170414,0.0035154561404545613,downside,-0.025806770868654585,-0.012026182798072707
calibration,original_s2,guarantee:partial,992,83,0.45792211661565174,0.46320779362402315,0.46472215935605493,-0.006800042740403144,0.0040478297500505835,0.05292205469848215,0.10221523923639005,0.13519272714525696,-0.005285677008371366,0.0017027540448715896,0.0040478297500505835,downside,-0.014733789050502287,0.0011337035696959985
calibration,original_s2,guarantee:full,219,74,0.36270481920477204,0.35002436140079235,0.3444291079142351,0.018275711290536855,0.00613759527430824,0.06406853980366155,0.07803325590966832,0.10279145094608197,0.012680457803979544,0.004158982855426956,0.00613759527430824,downside,0.006246024552892705,0.030305398028181003
calibration,original_s2,predicted:0.0,278,75,0.143939960796453,0.12172190001872799,0.12616335338603657,0.017776607410416423,0.0031561394323836546,0.049294382803651074,0.0638366257764164,0.07809259569124243,0.022218060777725028,0.002811096380339887,0.0031561394323836546,downside,0.01159057412294446,0.023962640697888386
calibration,original_s2,predicted:0.2,951,84,0.3167496749369088,0.3011493838907928,0.29933233029086986,0.01741734464603888,0.0025986472636042764,0.052413872453990554,0.08114310020921141,0.10024157315263021,0.015600291046115974,0.0016089601330050338,0.0025986472636042764,downside,0.012323996009374498,0.022510693282703262
calibration,original_s2,predicted:0.4,2502,84,0.510706946075444,0.5276339975554091,0.525959587925607,-0.015252641850163035,0.003508324440559781,0.04977919095184095,0.12254358689529049,0.15324253723410283,-0.01692705147996503,0.000984353882550252,0.003508324440559781,downside,-0.022128957753660205,-0.008376325946665864
calibration,original_s2,predicted:0.6,2185,84,0.6836741115255212,0.7191703063541978,0.7166195490632071,-0.03294543753768595,0.004462575182685826,0.05348979543784343,0.16167370771551198,0.20508689727301269,-0.035496194828676615,0.0009539719948882025,0.004462575182685826,downside,-0.04169208489575017,-0.024198790179621732
calibration,original_s2,predicted:0.8,84,33,0.8209037921421369,0.8901308321929539,0.8767629572654452,-0.055859165123308165,0.00533597740329674,0.06419098227537326,0.13487470757352257,0.17563355578823658,-0.06922704005081706,0.004045777028315055,0.00533597740329674,downside,-0.06631768083376978,-0.04540064941284655
calibration,original_s2,realized_gt:0.6,2859,84,0.6419131837311285,0.7669980806563136,0.6775152463631414,-0.03560206263201293,0.00434322920787949,0.056201305986502456,0.12796774938101788,0.14623645573813202,-0.12508489692518485,0.0008611456072353284,0.00434322920787949,downside,-0.04411479187945673,-0.027089333384569134
calibration,original_s2,realized_gt:0.75,1486,84,0.692187250028132,0.8490914220187087,0.735088642642424,-0.04290139261429192,0.005068871540859649,0.06105861370081235,0.15725590981699414,0.17189167778110487,-0.15690417199057663,0.0011795374993305784,0.005068871540859649,downside,-0.052836380834376834,-0.032966404394207005
calibration,original_s2,realized_gt:0.9,339,64,0.7506716401915663,0.9548632496749723,0.8077983087309487,-0.057126668539382454,0.006207809247113447,0.06971539214460737,0.20419160948340614,0.21192318328679627,-0.20419160948340614,0.002207906858768752,0.006207809247113447,downside,-0.0692939746637248,-0.0449593624150401
calibration,corrected,all,6000,84,0.5475054545151823,0.5477550205761856,0.5458585250752015,0.0016469294399807245,0.0013813396769689985,0.035470650530776665,0.11760396286896856,0.16136990300502332,-0.0002495660610034157,0.000474294510366305,0.0013813396769689985,downside,-0.0010604963268785125,0.004354355206839962
calibration,corrected,regime:0,3421,49,0.491740790628349,0.4937096621040343,0.487534672620918,0.004206118007430968,0.001620313389475824,0.03275525423058993,0.11786865478690685,0.15862031417932174,-0.0019688714756853328,0.0005756612189102458,0.001620313389475824,downside,0.0010303037640583533,0.0073819322508035835
calibration,corrected,regime:1,2579,35,0.6214763405783295,0.6194452770062865,0.6232241316072311,-0.0017477910289015112,0.002269964718324155,0.03878030175557186,0.11725285350438268,0.16494647780156496,0.0020310635720430514,0.0007907299527641574,0.002269964718324155,downside,-0.0061969218768168546,0.0027013398190138325
calibration,corrected,collateral_type:Cash,610,84,0.20614829308934637,0.20145758081225432,0.19957412358584697,0.006574169503499394,0.0029803611055855468,0.04967570066722556,0.07510015136781258,0.09360525512818439,0.004690712277092062,0.0020433522126717457,0.0029803611055855468,downside,0.0007326617365517223,0.012415677270447064
calibration,corrected,collateral_type:Mortgage,2178,84,0.5090441458437974,0.5063231491533013,0.5052187238466745,0.0038254219971228754,0.002037899884466237,0.03712880737286394,0.08693412590144066,0.11332708100384178,0.002720996690496083,0.0008216898772997647,0.002037899884466237,downside,-0.00016886177643094923,0.0078197057706767
calibration,corrected,collateral_type:Other,1172,84,0.5749086149149955,0.576160519149362,0.5746965894649952,0.0002120254500002686,0.0016393930286227637,0.03157170427873335,0.12439946757433734,0.16379533616929226,-0.0012519042343665213,0.0009577477562371708,0.0016393930286227637,downside,-0.003001184886100348,0.0034252357861008853
calibration,corrected,collateral_type:Unsecured,2040,84,0.6748976578325621,0.679220123462106,0.6762255645454956,-0.0013279067129334417,0.0012766920239910074,0.03030097988466235,0.15915391307303164,0.21176324343241254,-0.0043224656295439015,0.0006975507597010293,0.0012766920239910074,downside,-0.003830223079955816,0.0011744096540889327
calibration,corrected,product_type:Financial Guarantee,264,78,0.577738085110773,0.5854154864020663,0.5745303483041838,0.003207736806589026,0.0025025543732325696,0.03401873910954192,0.1191837546741036,0.16064304307967714,-0.007677401291293405,0.002088339012131922,0.0025025543732325696,downside,-0.0016972697649468098,0.008112743378124862
calibration,corrected,product_type:Import LC,532,83,0.5806037561878944,0.5756271871171024,0.5762958552908588,0.004307900897035592,0.001776131835390177,0.0357466633548654,0.11834658682328597,0.1625519520633016,0.004976569070792078,0.001539967184126723,0.001776131835390177,downside,0.0008266824996708455,0.00778911929440034
calibration,corrected,product_type:OVD,2044,84,0.5700529440192025,0.5673637402665729,0.5678950525673357,0.0021578914518667006,0.001367685738722959,0.03404229496629535,0.1202183401736585,0.16682796639328062,0.0026892037526294304,0.0007516408388249247,0.001367685738722959,downside,-0.0005227725960302992,0.0048385554997637005
calibration,corrected,product_type:Performance Guarantee,470,81,0.5609040965714285,0.5614323152107926,0.5589106740029878,0.0019934225684406625,0.0020654619760269383,0.03273620639403312,0.11502741798533132,0.15601957716626766,-0.0005282186393640564,0.0015088124049105207,0.0020654619760269383,downside,-0.002054882904572137,0.006041728041453462
calibration,corrected,product_type:Term Loan,2690,84,0.5185187848944492,0.5212572855935771,0.5180000889424272,0.00051869595202203,0.001778399062946542,0.03704339519909126,0.11576569071442235,0.15787036511575958,-0.002738500699127833,0.0007142870957691855,0.001778399062946542,downside,-0.0029669662113531925,0.004004358115397252
calibration,corrected,industry:Construction,713,12,0.543796865664035,0.541592065608421,0.5434482578619145,0.00034860780212048404,0.0018280133975939804,0.034177098190886844,0.11514195741048945,0.15936945284591028,0.0022048000556139373,0.0012917146683365454,0.0018280133975939804,downside,-0.0032342984571637175,0.003931514061404686
calibration,corrected,industry:Hospitality,490,12,0.5492862316308555,0.5582171215563871,0.5475756553779595,0.0017105762528960918,0.0026504923621510756,0.033531550446502606,0.11890617307557666,0.16299504908778853,-0.008930889925531574,0.0015957574960164672,0.0026504923621510756,downside,-0.0034843887769200163,0.0069055412827122
calibration,corrected,industry:Manufacturing,1019,12,0.5558677620874741,0.5689851718173575,0.569351113398637,-0.01348335131116281,0.0016900663719341198,0.03789863958027963,0.12460014434078708,0.16818066931409717,-0.013117409729883506,0.001152171955375704,0.0016900663719341198,downside,-0.016795881400153687,-0.010170821222171935
calibration,corrected,industry:Retail,1188,12,0.5507576783195773,0.5367552186123192,0.545077368638761,0.00568030968081631,0.003776373920070188,0.03712288672792439,0.11914179715585561,0.16455681886096746,0.014002459707258073,0.0011022635955191477,0.003776373920070188,downside,-0.0017213832025212584,0.013082002564153879
calibration,corrected,industry:Services,1473,12,0.5433947513369556,0.544681333719859,0.5419099730114396,0.0014847783255159427,0.002285489302828172,0.03229555345580399,0.11909025761282327,0.1627930611023758,-0.001286582382903429,0.0008623367042475189,0.002285489302828172,downside,-0.002994780708027275,0.005964337359059161
calibration,corrected,industry:Technology,482,12,0.5472483410706811,0.5482502186201259,0.5343397035712946,0.012908637499386606,0.0035546971453902128,0.03712175799205026,0.11017190631619236,0.15106093363427428,-0.001001877549444736,0.0016082381671150918,0.0035546971453902128,downside,0.005941431094421789,0.019875843904351424
calibration,corrected,industry:Transport,635,12,0.5405224690508968,0.5398666005954401,0.5289049536963628,0.011617515354534105,0.0022434813246076444,0.036884278475180055,0.10745311237887843,0.14894124226702973,0.0006558684554567795,0.0014136390058017275,0.0022434813246076444,downside,0.007220291958303122,0.01601473875076509
calibration,corrected,lien_rank:First,2090,84,0.4016516053931779,0.3999269384361144,0.3997031055661322,0.0019484998270456815,0.0021875434660710894,0.04151212073780668,0.09191295230890137,0.1211417406616779,0.0017246669570635353,0.0009168110835442952,0.0021875434660710894,downside,-0.002339085366453654,0.006236085020545017
calibration,corrected,lien_rank:Second,1870,84,0.5715452672946123,0.5695581659160099,0.5669901113075838,0.004555155987028391,0.0016142198191485368,0.03330600437110808,0.1009902268551994,0.13501626482626916,0.001987101378602285,0.0007687885298718055,0.0016142198191485368,downside,0.0013912851414972591,0.007719026832559523
calibration,corrected,lien_rank:Unsecured,2040,84,0.6748976578325621,0.679220123462106,0.6762255645454956,-0.0013279067129334417,0.0012766920239910074,0.03030097988466235,0.15915391307303164,0.21176324343241254,-0.0043224656295439015,0.0006975507597010293,0.0012766920239910074,downside,-0.003830223079955816,0.0011744096540889327
calibration,corrected,reporting_date:2016-01-01,498,7,0.4768133449223519,0.4700893746476967,0.4730712847839228,0.0037420601384290696,0.0040709957890924,0.0330324610127001,0.12041210276571808,0.16272551090414927,0.006723970274655183,0.001575599681180233,0.0040709957890924,downside,-0.004237091608192034,0.011721211885050174
calibration,corrected,reporting_date:2016-04-01,493,7,0.4778526397654481,0.48506232561044926,0.47733367794780673,0.0005189618176414214,0.006480414596917889,0.03401836513413345,0.12067183696861006,0.16316584443960502,-0.007209685845001074,0.001565626974349452,0.006480414596917889,downside,-0.01218265079231764,0.013220574427600483
calibration,corrected,reporting_date:2016-07-01,462,7,0.49152776836530376,0.4853684755905961,0.486943624923475,0.004584143441828804,0.003502642367441977,0.033133791406336266,0.12408243748457008,0.16526130373653655,0.006159292774707613,0.0015669436637991477,0.003502642367441977,downside,-0.00228103559835747,0.011449322482015079
calibration,corrected,reporting_date:2016-10-01,483,7,0.5152022110189255,0.5260474820047314,0.5113756214460715,0.0038265895728539427,0.005282573810418369,0.03147261887433255,0.11535823433503196,0.15634944483270125,-0.01084527098580597,0.001484464184075119,0.005282573810418369,downside,-0.0065272550955660594,0.014180434241273946
calibration,corrected,reporting_date:2017-01-01,501,7,0.5754945236710913,0.5729845593884941,0.5699175429876013,0.005576980683489975,0.0041217877792120335,0.03615827068375978,0.11386596724669663,0.15925403218051243,0.0025099642825971405,0.0016388507137085424,0.0041217877792120335,downside,-0.0025017233637656105,0.01365568473074556
calibration,corrected,reporting_date:2017-04-01,504,7,0.6228796264206129,0.6159817922802107,0.6243210906772535,-0.0014414642566405477,0.006284431293768458,0.03749664163201936,0.12169081176620603,0.1720720696189829,0.00689783414040229,0.0017119192327865354,0.006284431293768458,downside,-0.013758949592426725,0.01087602107914563
calibration,corrected,reporting_date:2017-07-01,521,7,0.6124619741916857,0.6283494309494116,0.6155951343096941,-0.003133160118008495,0.0034760525062154865,0.037308443848467744,0.11188798535851764,0.15125955986404377,-0.015887456757725987,0.0017179531090196155,0.0034760525062154865,downside,-0.009946223030190849,0.003679902794173858
calibration,corrected,reporting_date:2017-10-01,513,7,0.5981632440550531,0.5923204654024803,0.5981382866454684,2.495740958468339e-05,0.004589675373741896,0.037076800626316284,0.11540931409689645,0.16018014112061446,0.00584277865257274,0.0017153508797886233,0.004589675373741896,downside,-0.008970806322949432,0.009020721142118798
calibration,corrected,reporting_date:2018-01-01,531,7,0.5795343288926459,0.5776158314366088,0.5792204577171339,0.00031387117551189735,0.006499602801482541,0.03791164046290448,0.12243424986291748,0.16984901850352283,0.0019184974560370854,0.0017340029742581782,0.006499602801482541,downside,-0.012425350315393883,0.013053092666417677
calibration,corrected,reporting_date:2018-04-01,533,7,0.566789392663808,0.5605558041418184,0.5645905561581687,0.002198836505639406,0.005573477760505043,0.03718908673242887,0.1113414324503862,0.15633991179047826,0.0062335885219896225,0.001660080007402797,0.005573477760505043,downside,-0.008725179904950477,0.01312285291622929
calibration,corrected,reporting_date:2018-07-01,512,7,0.5372950609291431,0.5389731458711463,0.5374120258431803,-0.00011696491403723295,0.0037067445957523768,0.03489988340690926,0.11978175973182499,0.16487810152032004,-0.0016780849420032179,0.0015640116675844672,0.0037067445957523768,downside,-0.0073821843217118915,0.007148254493637426
calibration,corrected,reporting_date:2018-10-01,449,7,0.4965228642575566,0.5006095282851577,0.49191415602013044,0.004608708237426218,0.00345554858640277,0.034403584143968595,0.11483241142327226,0.15312615263048932,-0.004086664027601083,0.0016649561869536307,0.00345554858640277,downside,-0.0021641669919232106,0.011381583466775647
calibration,corrected,collateral_coverage:0-0.5,2356,84,0.6686880302851909,0.6715893737988325,0.6685189539506995,0.00016907633449130663,0.00123694164014783,0.03045947547123277,0.15602229481525573,0.2079311420217508,-0.002901343513641665,0.0006576671094393328,0.00123694164014783,downside,-0.00225532928019844,0.0025934819491810535
calibration,corrected,collateral_coverage:0.5-1,2162,84,0.49604548023666706,0.4947464673682837,0.49291777267327275,0.0031277075633942574,0.001759669245284042,0.03640061628079965,0.10274832612043576,0.136008159524727,0.0012990128683833871,0.0008005904274379203,0.001759669245284042,downside,-0.0003212441573624647,0.006576659284150979
calibration,corrected,collateral_coverage:1-inf,1482,84,0.42992806981613346,0.4282211176361912,0.4280919503534044,0.0018361194627290439,0.0022733195792592046,0.04105962328949776,0.07820065422178585,0.09852425037896197,0.0017069521799422342,0.0011071932698316508,0.0022733195792592046,downside,-0.002619586912618997,0.006291825838077085
calibration,corrected,ead_at_default:0-100000,1254,84,0.5522164427500922,0.5515608554627304,0.5486179940638577,0.003598448686234443,0.0016581672122453588,0.03486887015391116,0.11519078905272448,0.15806880628637537,0.0006555872873617727,0.0010025599445569397,0.0016581672122453588,downside,0.00034844095023354007,0.006848456422235347
calibration,corrected,ead_at_default:100000-500000,3117,84,0.5474522654450424,0.5510979071004475,0.546397974834745,0.001054290610297515,0.0014760847043072407,0.03570181001431754,0.11788187857676169,0.16138562335953432,-0.0036456416554050564,0.0006579669148800696,0.0014760847043072407,downside,-0.0018388354101446765,0.003947416630739707
calibration,corrected,ead_at_default:500000-inf,1629,84,0.5439807222162558,0.5384288730968418,0.5427020861480857,0.0012786360681700437,0.001607908529949076,0.03548621451354436,0.11892984175440674,0.1638361590249749,0.005551849119413998,0.0008840906228013239,0.001607908529949076,downside,-0.0018728646505301453,0.0044301367868702325
calibration,corrected,guarantee:zero,4789,84,0.5736241797107964,0.5743104316214886,0.5718765491202308,0.001747630590565541,0.00133266075288902,0.032071272078938055,0.12358678762619411,0.169019298561053,-0.0006862519106924074,0.0004809999635752522,0.00133266075288902,downside,-0.0008643844850969385,0.00435964566622802
calibration,corrected,guarantee:partial,992,83,0.46218765944456136,0.46320779362402315,0.46472215935605493,-0.0025344999114935104,0.0025312835187051626,0.04469254513659786,0.09797503260572082,0.13187169923298392,-0.0010201341794617304,0.001445383583719508,0.0025312835187051626,downside,-0.0074958156081556294,0.0024268157851686082
calibration,corrected,guarantee:full,219,74,0.3628144853291554,0.35002436140079235,0.3444291079142351,0.018385377414920245,0.003749155962429338,0.054132981808443593,0.07568684441594822,0.099784714836538,0.012790123928362929,0.0034484124899502775,0.003749155962429338,downside,0.011037031728558744,0.025733723101281747
calibration,corrected,predicted:0.0,321,76,0.13850001442968665,0.12737888123108934,0.13260091585171188,0.0058990985779747655,0.003650700649043773,0.04558290821112801,0.05699919656942065,0.07181449116242195,0.011121133198597307,0.002546924908791524,0.003650700649043773,downside,-0.0012562746941510291,0.013054471850100561
calibration,corrected,predicted:0.2,933,84,0.315345188433228,0.3101820944802733,0.3061290811028452,0.009216107330382783,0.002462245479882367,0.046901528777897064,0.08162706395770954,0.10159581939670098,0.005163093952954748,0.0015268852433786193,0.002462245479882367,downside,0.004390106189813344,0.014042108470952223
calibration,corrected,predicted:0.4,2205,84,0.5113483732552535,0.5154975341045311,0.5134035296751945,-0.0020551564199410453,0.0016912177392867677,0.035724502544679015,0.12121159467413498,0.15406584166059786,-0.004149160849277508,0.0007689215439658156,0.0016912177392867677,downside,-0.00536994318894311,0.0012596303490610195
calibration,corrected,predicted:0.6,2080,83,0.6847591321341623,0.6885755621165771,0.6865789186477378,-0.0018197865135755858,0.001601060998763382,0.02797918262282728,0.13913504172800656,0.19050307532867516,-0.003816429982414719,0.0006358537480059702,0.001601060998763382,downside,-0.0049578660711518145,0.0013182930440006427
calibration,corrected,predicted:0.8,461,50,0.8558243032192425,0.8402003829259616,0.8391082214159571,0.016716081803285324,0.0024789343733305548,0.02898322531443086,0.11821373403853123,0.19277151544674634,0.015623920293280942,0.0011808186064188847,0.0024789343733305548,downside,0.011857370431557438,0.02157479317501321
calibration,corrected,realized_gt:0.6,2859,84,0.674133239117304,0.7669980806563136,0.6775152463631414,-0.003382007245837488,0.0014195629309432078,0.03132333323011013,0.102930376959813,0.12408673083039141,-0.09286484153900941,0.0006031460855821945,0.0014195629309432078,downside,-0.0061643505904861754,-0.000599663901188801
calibration,corrected,realized_gt:0.75,1486,84,0.7351541792944395,0.8490914220187087,0.735088642642424,6.553665201553574e-05,0.0016210070693382938,0.029776856189314298,0.12038740327182162,0.14182114578442237,-0.11393724272426921,0.0007941668433517111,0.0016210070693382938,downside,-0.00311163720388752,0.003242710507918592
calibration,corrected,realized_gt:0.9,339,64,0.8134375148327084,0.9548632496749723,0.8077983087309487,0.005639206101759793,0.002646804582244311,0.028811835318753618,0.14219477761210286,0.1624267474215353,-0.14142573484226392,0.0015547682369189569,0.002646804582244311,downside,0.0004514691205609435,0.010826943082958642
