cohort,model,group,n,macro_clusters,mean_prediction,mean_realized,mean_conditional,conditional_bias,conditional_bias_se,conditional_rmse,mae,rmse,bias,borrower_bias_se,equivalence_se,scenario,ci95_low,ci95_high
current,incumbent,all,8695,7,0.45610619419535775,0.49187858760207,0.4933319454091733,-0.03722575121381554,0.021157029806429972,0.08590733809486865,0.14716463231257895,0.1853170604241654,-0.03577239340671214,0.001109527068069724,0.021157029806429972,upside,-0.07869352963441828,0.004242027206787201
current,incumbent,regime:0,2305,2,0.4538456877345361,0.40475478930300873,0.4119807497603356,0.04186493797420058,0.0158248059567126,0.07822971872442536,0.131350923210444,0.18591769073508443,0.04909089843152743,0.0018149801825400572,0.0158248059567126,upside,0.010848318299043886,0.07288155764935728
current,incumbent,regime:1,6390,5,0.4569216038028998,0.5233058732169895,0.5226769385188089,-0.06575533471590898,0.006632122716100831,0.08851352086867952,0.15286895148009397,0.18509992281585902,-0.06638426941408965,0.0009434508531163302,0.006632122716100831,upside,-0.07875429523946662,-0.05275637419235135
current,incumbent,collateral_type:Cash,842,7,0.11270817758534458,0.18696953456259247,0.18654122739412313,-0.07383304980877857,0.009819671283612724,0.09244917277040567,0.09313599017011767,0.12230475838814041,-0.07426135697724785,0.0021996101041590246,0.009819671283612724,upside,-0.0930796055246595,-0.05458649409289763
current,incumbent,collateral_type:Mortgage,3049,7,0.37939916150210906,0.45498460624193615,0.45358104548353656,-0.0741818839814275,0.022179539198773735,0.1017392956016419,0.1212493701919825,0.14550709509668383,-0.07558544473982709,0.0016749503121380677,0.022179539198773735,upside,-0.11765378081102401,-0.03070998715183098
current,incumbent,collateral_type:Other,1674,7,0.494333274855503,0.5155098085443158,0.5193967183983131,-0.025063443542810218,0.020985860882843495,0.07627442322121601,0.1514782519783408,0.18272662094902714,-0.021176533688812862,0.0022894240685084844,0.020985860882843495,upside,-0.06619573087318346,0.016068843787563028
current,incumbent,collateral_type:Unsecured,3130,7,0.6027607436018317,0.597202711553817,0.6006437180794988,0.00211702552233294,0.02385211900383643,0.07076588118231143,0.18463643792573095,0.22999142788207413,0.005558032048014751,0.001671478599815472,0.02385211900383643,upside,-0.04463312772518646,0.048867178769852346
current,incumbent,product_type:Financial Guarantee,367,7,0.4488606997297487,0.5280408198407585,0.51602467763039,-0.0671639779006412,0.019433866878406283,0.09981560913825259,0.15231678184542774,0.18105290337986563,-0.0791801201110098,0.0038596114856583245,0.019433866878406283,upside,-0.10525435698231751,-0.029073598818964888
current,incumbent,product_type:Import LC,831,7,0.46218573435317506,0.5234099491957376,0.5161154579581162,-0.05392972360494112,0.020371591864773105,0.09432378482873952,0.14617588264556425,0.17820348948511475,-0.0612242148425625,0.0026861001641680046,0.020371591864773105,upside,-0.0938580436598964,-0.01400140354998583
current,incumbent,product_type:OVD,2848,7,0.49333262503504527,0.514416365858695,0.5164305304016849,-0.023097905366639464,0.021380707225311595,0.08232612028807103,0.14857104955252307,0.18861875963537109,-0.021083740823649673,0.001480949966314046,0.021380707225311595,upside,-0.06500409152825018,0.01880828079497126
current,incumbent,product_type:Performance Guarantee,658,7,0.46631894726927764,0.5094181520782674,0.5150287084684867,-0.048709761199209015,0.022912333612574054,0.09156361213171692,0.15558003570654058,0.1903091954094955,-0.04309920480898972,0.0030248222787708453,0.022912333612574054,upside,-0.09361793507985416,-0.003801587318563872
current,incumbent,product_type:Term Loan,3991,7,0.4272578183606454,0.4630129582820643,0.46644079737483135,-0.03918297901418593,0.021056084013746323,0.08420880313798329,0.14450564969221968,0.18394106423462897,-0.03575513992141882,0.0011800149399574052,0.021056084013746323,upside,-0.08045290368112873,0.0020869456527568622
current,incumbent,industry:Construction,1077,1,0.45433614820959006,0.503616627355226,0.5046086145011272,-0.05027246629153716,,0.08197275706093,0.1527559758116843,0.1884608036785412,-0.04928047914563603,0.002579319853317122,0.002579319853317122,upside,-0.05532793320403871,-0.0452169993790356
current,incumbent,industry:Hospitality,668,1,0.4591608153042455,0.4896684735949216,0.4921538307856273,-0.032993015481381734,,0.06686280935752785,0.14233682187566413,0.18312676575638046,-0.030507658290675983,0.0028056759181791587,0.0028056759181791587,upside,-0.03849214028101289,-0.027493890681750583
current,incumbent,industry:Manufacturing,1661,1,0.4584866314742897,0.42127831791582826,0.4276018794513902,0.03088475202289939,,0.07006031506686157,0.13179708075623564,0.18577898837894669,0.03720831355846139,0.00202271138348031,0.00202271138348031,upside,0.02692023771127798,0.0348492663345208
current,incumbent,industry:Retail,1629,1,0.4563234345541554,0.5405398714251171,0.5329459706586501,-0.0766225361044947,,0.09434985098236234,0.1555816106075288,0.1842593115053921,-0.08421643687096167,0.001705380390672192,0.001705380390672192,upside,-0.07996508167021218,-0.0732799905387772
current,incumbent,industry:Services,2128,1,0.45636580686596173,0.531007470816136,0.5310762958022792,-0.07471048893631756,,0.09499873088464238,0.15479096791478728,0.1840180316785312,-0.07464166395017426,0.0016148351033171274,0.0016148351033171274,upside,-0.07787556573881912,-0.07154541213381599
current,incumbent,industry:Technology,644,1,0.441875800231849,0.3621374274615597,0.3716908484919477,0.0701849517399013,,0.09614795297901012,0.13020019699373603,0.1862749541112738,0.07973837277028938,0.0033781041423032116,0.0033781041423032116,upside,0.06356386762098701,0.0768060358588156
current,incumbent,industry:Transport,888,1,0.46080211729288273,0.5224183934519412,0.5285856494172119,-0.06778353212432921,,0.08311351904465065,0.1513466144069158,0.18658081877050833,-0.06161627615905843,0.0019633050250526187,0.0019633050250526187,upside,-0.07163160997343233,-0.06393545427522608
current,incumbent,lien_rank:First,3026,7,0.2997269645513315,0.36188500176739663,0.36125674448147477,-0.06152977993014333,0.0178576977529508,0.09157812055908723,0.11568766899456251,0.14435575889443894,-0.06215803721606514,0.0012747250103381763,0.0178576977529508,upside,-0.0965308675259269,-0.02652869233435976
current,incumbent,lien_rank:Second,2539,7,0.46168902572767767,0.5169656623428155,0.5184495939121655,-0.05676056818448782,0.021864811015263472,0.09542005784770928,0.13848504957573454,0.16602417451482926,-0.05527663661513792,0.0017700769789586075,0.021864811015263472,upside,-0.09961559777440422,-0.013905538594571415
current,incumbent,lien_rank:Unsecured,3130,7,0.6027607436018317,0.597202711553817,0.6006437180794988,0.00211702552233294,0.02385211900383643,0.07076588118231143,0.18463643792573095,0.22999142788207413,0.005558032048014751,0.001671478599815472,0.02385211900383643,upside,-0.04463312772518646,0.048867178769852346
current,incumbent,reporting_date:2026-01-01,8695,7,0.45610619419535775,0.49187858760207,0.4933319454091733,-0.03722575121381554,0.021157029806429972,0.08590733809486865,0.14716463231257895,0.1853170604241654,-0.03577239340671214,0.001109527068069724,0.021157029806429972,upside,-0.07869352963441828,0.004242027206787201
current,incumbent,collateral_coverage:0-0.5,3620,7,0.5979151935332097,0.5909280118635445,0.5951457941488851,0.0027693993843245363,0.02387491891334149,0.07140134441747605,0.18104300123407807,0.226439688087311,0.006987181669665089,0.0015672665666273484,0.02387491891334149,upside,-0.044025441685824784,0.04956424045447386
current,incumbent,collateral_coverage:0.5-1,3044,7,0.38584397663488995,0.4435288461440215,0.4437551140823823,-0.057911137447492295,0.018467453109475857,0.08827588896390794,0.13162104048127965,0.15663534141856844,-0.05768486950913149,0.001547285157477526,0.018467453109475857,upside,-0.09410734554206497,-0.021714929352919618
current,incumbent,collateral_coverage:1-inf,2031,7,0.30865647122688916,0.38780064430899325,0.3861658903234989,-0.07750941909660977,0.020609438823408308,0.10406232115852969,0.11007698979098772,0.13733879710603067,-0.0791441730821041,0.0020196754851852282,0.020609438823408308,upside,-0.11790391919049006,-0.037114919002729486
current,incumbent,ead_at_default:0-100000,1892,7,0.46471019458934254,0.5049728602999015,0.5044685110348007,-0.03975831644545821,0.021754540463322255,0.08816145203854497,0.14648554206682338,0.1831793082404113,-0.04026266571055886,0.00212303146439541,0.021754540463322255,upside,-0.08239721575356983,0.0028805828626534136
current,incumbent,ead_at_default:100000-500000,4580,7,0.45675811073839745,0.49096523412737403,0.492931555193291,-0.03617344445489358,0.020987403679551923,0.08537341893697029,0.14765542436349596,0.18616388949184526,-0.03420712338897656,0.0013824402060265565,0.020987403679551923,upside,-0.07730875566681535,0.0049618667570281855
current,incumbent,ead_at_default:500000-inf,2223,7,0.4474401813692037,0.48261578731858384,0.48467850637411,-0.03723832500490627,0.021254365831556776,0.08505607393045453,0.1467314389485527,0.18537731141128225,-0.035175605949380157,0.0018900396125386826,0.021254365831556776,upside,-0.07889688203475756,0.0044202320249450075
current,incumbent,guarantee:zero,6915,7,0.4819053515931326,0.5152268248953674,0.5171353743462538,-0.03523002275312111,0.021039721848585567,0.08508003770822396,0.1536087323719265,0.19307373221861354,-0.03332147330223481,0.0012279804912276628,0.021039721848585567,upside,-0.07646787757634882,0.006007832070106606
current,incumbent,guarantee:partial,1451,7,0.3676041254436873,0.4205875895409951,0.41913210748033736,-0.05152798203665007,0.021875102741590404,0.09081887615109127,0.12830072892836625,0.15755875045530612,-0.0529834640973079,0.0020774984343942416,0.021875102741590404,upside,-0.09440318341016726,-0.00865278066313288
current,incumbent,guarantee:full,329,7,0.30417710104356804,0.3155569380685363,0.32027192636610446,-0.016094825322536404,0.020909106990692466,0.08077813799244696,0.09491713048918814,0.12094958129468153,-0.01137983702496826,0.004384916574651098,0.020909106990692466,upside,-0.05707667502429363,0.024887024379220826
current,incumbent,predicted:0.0,771,7,0.09527404854564399,0.17309636419316388,0.17270002009044505,-0.07742597154480105,0.010306957282346403,0.09610321547244283,0.09058521781337947,0.12080460572701537,-0.0778223156475199,0.0023085591959985077,0.010306957282346403,upside,-0.0976276078182,-0.057224335271402096
current,incumbent,predicted:0.2,2436,7,0.31827040152980907,0.3906365969727085,0.38829193015365004,-0.07002152862384095,0.02150798668561662,0.10122834534918577,0.11564637426630384,0.14157054880709566,-0.07236619544289939,0.0017442254771544588,0.02150798668561662,upside,-0.11217718252764952,-0.02786587472003238
current,incumbent,predicted:0.4,3306,7,0.49918295296964127,0.5332471107903023,0.5354596708087968,-0.036276717839155544,0.023188864319706272,0.08309421440327959,0.1675514720359215,0.1943421090202707,-0.03406415782066098,0.0015890762913237906,0.023188864319706272,upside,-0.08172689190577984,0.009173456227468749
current,incumbent,predicted:0.6,2123,7,0.6679642435671441,0.6503518916849343,0.656635487717592,0.011328755849552164,0.022748785667385873,0.06497909246225762,0.17275310468875804,0.22924638652300316,0.017612351882209918,0.001793102178806639,0.022748785667385873,upside,-0.03325886405852414,0.05591637575762848
current,incumbent,predicted:0.8,59,7,0.8253124976720068,0.8173603027406127,0.7834507774645322,0.0418617202074745,0.02025284052310763,0.07084152831216002,0.12475761874665224,0.18852102340513008,0.007952194931394011,0.009308694770177537,0.02025284052310763,upside,0.0021661527821835447,0.08155728763276546
current,incumbent,realized_gt:0.6,3327,7,0.5892595417312758,0.7330663882424685,0.620420397975117,-0.031160856243841396,0.019093521692380575,0.07925370125980488,0.1490193780439992,0.17115891372150577,-0.1438068465111927,0.001507537874457658,0.019093521692380575,upside,-0.06858415876090732,0.006262446273224528
current,incumbent,realized_gt:0.75,1305,7,0.6494794608185303,0.8239522191408761,0.6702705891680523,-0.020791128349522004,0.014117859353062513,0.06152692960405876,0.1751968662016381,0.19247906917650145,-0.174472758322346,0.00178501304387863,0.014117859353062513,upside,-0.04846213268152453,0.006879875982480521
current,incumbent,realized_gt:0.9,148,7,0.6990791130077948,0.9390870179157589,0.713006320926065,-0.013927207918270065,0.007860302492474925,0.049562200759729266,0.24000790490796392,0.2521985854777361,-0.24000790490796392,0.0039557381737617015,0.007860302492474925,upside,-0.02933340080352092,0.001478984966980788
current,original_s2,all,8695,7,0.49650283946005147,0.49187858760207,0.4933319454091733,0.0031708940508781815,0.003262140769798701,0.03780177507999752,0.12648202670870828,0.16640525259763986,0.004624251857981586,0.00047792675093163533,0.003262140769798701,upside,-0.003222901857927273,0.009564689959683636
current,original_s2,regime:0,2305,2,0.40836245368417606,0.40475478930300873,0.4119807497603356,-0.0036182960761595067,0.008143815058389396,0.037119349225699726,0.13250153151468214,0.16814104115734343,0.0036076643811673503,0.0009245631340175015,0.008143815058389396,upside,-0.019580173590602722,0.01234358143828371
current,original_s2,regime:1,6390,5,0.5282968283823353,0.5233058732169895,0.5226769385188089,0.005619889863526361,0.0026359460305638905,0.03804493560846001,0.12431067168871303,0.1657746587178863,0.00499095516534572,0.0005513045790044994,0.0026359460305638905,upside,0.00045343564362113585,0.010786344083431586
current,original_s2,collateral_type:Cash,842,7,0.18585096828351166,0.18696953456259247,0.18654122739412313,-0.0006902591106114841,0.0036397520555493906,0.04657286719774311,0.07182395515895817,0.09123259175531571,-0.001118566279080784,0.0016615807724069149,0.0036397520555493906,upside,-0.00782417313948829,0.0064436549182653215
current,original_s2,collateral_type:Mortgage,3049,7,0.45440349661228024,0.45498460624193615,0.45358104548353656,0.0008224511287436829,0.00481339118143607,0.0392334309685592,0.08873421979811612,0.10978167184946477,-0.0005811096296559215,0.000820332647173492,0.00481339118143607,upside,-0.008611795586871016,0.01025669784435838
current,original_s2,collateral_type:Other,1674,7,0.5254722175081307,0.5155098085443158,0.5193967183983131,0.006075499109817565,0.003762164968756488,0.0367612371850787,0.13156017858818309,0.16551871910698307,0.00996240896381492,0.0010805430181688568,0.003762164968756488,upside,-0.0012983442289451518,0.01344934244858028
current,original_s2,collateral_type:Unsecured,3130,7,0.6055875145466383,0.597202711553817,0.6006437180794988,0.004943796467139478,0.0036429969244480475,0.034116747240324125,0.1752405996381154,0.21975456074210062,0.008384802992821287,0.0007595823483292764,0.0036429969244480475,upside,-0.002196477504778695,0.01208407043905765
current,original_s2,product_type:Financial Guarantee,367,7,0.5150250850400488,0.5280408198407585,0.51602467763039,-0.000999592590341016,0.003849417579027908,0.03580563695135325,0.11681635624088951,0.1542250904760991,-0.013015734800709626,0.001870861153038705,0.003849417579027908,upside,-0.008544451045235716,0.006545265864553684
current,original_s2,product_type:Import LC,831,7,0.5177993362053767,0.5234099491957376,0.5161154579581162,0.0016838782472604545,0.0035367071607682148,0.03724116466248617,0.12194214661291508,0.15784587907276387,-0.00561061299036093,0.0012913376362996122,0.0035367071607682148,upside,-0.005248067787845246,0.008615824282366156
current,original_s2,product_type:OVD,2848,7,0.5175621184333105,0.514416365858695,0.5164305304016849,0.0011315880316256498,0.002825643656312059,0.03708694652689594,0.12942909199229802,0.1690289677214343,0.003145752574615441,0.0006947444616210451,0.002825643656312059,upside,-0.004406673534745985,0.006669849597997286
current,original_s2,product_type:Performance Guarantee,658,7,0.5165339934719378,0.5094181520782674,0.5150287084684867,0.0015052850034511756,0.0036307950262856117,0.0354629176782725,0.128811307662857,0.17190262667649892,0.007115841393670475,0.0013822932478331248,0.0036307950262856117,upside,-0.005611073248068623,0.008621643254970975
current,original_s2,product_type:Term Loan,3991,7,0.4720346914322673,0.4630129582820643,0.46644079737483135,0.005593894057435926,0.0036000231967422813,0.03895764283192562,0.12582906570289526,0.16641230816865013,0.009021733150203031,0.0006103547356512003,0.0036000231967422813,upside,-0.0014621514081789447,0.012649939523050796
current,original_s2,industry:Construction,1077,1,0.5054007674100703,0.503616627355226,0.5046086145011272,0.0007921529089430792,,0.034828446143216105,0.1303574279256806,0.169517509320522,0.0017841400548441989,0.001240524417195121,0.001240524417195121,upside,-0.0016392749487593576,0.003223580766645516
current,original_s2,industry:Hospitality,668,1,0.49788287995889086,0.4896684735949216,0.4921538307856273,0.005729049173263551,,0.03487248990164669,0.1300397350732003,0.17183070447544793,0.008214406363969301,0.0015197071965153141,0.0015197071965153141,upside,0.0027504230680935353,0.008707675278433566
current,original_s2,industry:Manufacturing,1661,1,0.418332923017137,0.42127831791582826,0.4276018794513902,-0.009268956434253293,,0.03654811551878553,0.13554325144452573,0.17138767730092544,-0.002945394898691294,0.001036581337133691,0.001036581337133691,upside,-0.011300655855035327,-0.007237257013471259
current,original_s2,industry:Retail,1629,1,0.5374906188649539,0.5405398714251171,0.5329459706586501,0.0045446482063037025,,0.03716529941064323,0.11982876915469569,0.1603834467583129,-0.0030492525601632614,0.0010636765200166584,0.0010636765200166584,upside,0.0024598422270710523,0.006629454185536353
current,original_s2,industry:Services,2128,1,0.5339391320135065,0.531007470816136,0.5310762958022792,0.002862836211227194,,0.038379691688933855,0.1233525554155542,0.16238624562391135,0.0029316611973705144,0.0009724448388535729,0.0009724448388535729,upside,0.000956844327074191,0.004768828095380197
current,original_s2,industry:Technology,644,1,0.3826466934946606,0.3621374274615597,0.3716908484919477,0.010955845002712822,,0.03855362450857449,0.12465635014283404,0.15946252907495712,0.0205092660331009,0.0017110298733906892,0.0017110298733906892,upside,0.007602226450867071,0.014309463554558572
current,original_s2,industry:Transport,888,1,0.548558166660119,0.5224183934519412,0.5285856494172119,0.019972517242907096,,0.04433703884069243,0.12318513097829023,0.17410203700339794,0.026139773208177872,0.0015380816022710613,0.0015380816022710613,upside,0.016957877302455817,0.022987157183358375
current,original_s2,lien_rank:First,3026,7,0.3660357057007736,0.36188500176739663,0.36125674448147477,0.004778961219298838,0.003691941935011105,0.04221096563828258,0.09245813379833023,0.11846184266437805,0.004150703933377026,0.0007732987062140965,0.003691941935011105,upside,-0.0024572449733229274,0.012015167411920602
current,original_s2,lien_rank:Second,2539,7,0.5175184021755137,0.5169656623428155,0.5184495939121655,-0.0009311917366518547,0.004026064353291945,0.03654073326560803,0.10692391984685705,0.1362758614477499,0.00055273983269806,0.0008071326560146606,0.004026064353291945,upside,-0.008822277869104068,0.006959894395800358
current,original_s2,lien_rank:Unsecured,3130,7,0.6055875145466383,0.597202711553817,0.6006437180794988,0.004943796467139478,0.0036429969244480475,0.034116747240324125,0.1752405996381154,0.21975456074210062,0.008384802992821287,0.0007595823483292764,0.0036429969244480475,upside,-0.002196477504778695,0.01208407043905765
current,original_s2,reporting_date:2026-01-01,8695,7,0.49650283946005147,0.49187858760207,0.4933319454091733,0.0031708940508781815,0.003262140769798701,0.03780177507999752,0.12648202670870828,0.16640525259763986,0.004624251857981586,0.00047792675093163533,0.003262140769798701,upside,-0.003222901857927273,0.009564689959683636
current,original_s2,collateral_coverage:0-0.5,3620,7,0.6003955134862924,0.5909280118635445,0.5951457941488851,0.005249719337407208,0.003648064485494081,0.03420186191984863,0.1713138094188307,0.2151177597457668,0.00946750162274776,0.0007036403780364456,0.003648064485494081,upside,-0.0019004870541611905,0.012399925728975606
current,original_s2,collateral_coverage:0.5-1,3044,7,0.4425821513793968,0.4435288461440215,0.4437551140823823,-0.0011729627029854277,0.0037552435603144516,0.038864462388967666,0.10512282248017632,0.1329893485676137,-0.0009466947646246241,0.0008134525233845486,0.0037552435603144516,upside,-0.008533240081201753,0.0061873146752308966
current,original_s2,collateral_coverage:1-inf,2031,7,0.39214198005213474,0.38780064430899325,0.3861658903234989,0.0059760897286358135,0.0045369408092422936,0.042057929790108195,0.07858757287365566,0.09777474892649644,0.004341335743141482,0.0010427307696157624,0.0045369408092422936,upside,-0.002916314257479081,0.014868493714750708
current,original_s2,ead_at_default:0-100000,1892,7,0.5078764417188496,0.5049728602999015,0.5044685110348007,0.0034079306840488276,0.003281823728799569,0.03698777399466574,0.1242899046458432,0.16417756628606944,0.002903581418948179,0.000948772624131095,0.003281823728799569,upside,-0.0030244438243983277,0.009840305192495983
current,original_s2,ead_at_default:100000-500000,4580,7,0.4953451868328239,0.49096523412737403,0.492931555193291,0.0024136316395329933,0.003193025408215509,0.037774668544635875,0.1278696104695855,0.16778612791464068,0.004379952705450016,0.0006157946973845422,0.003193025408215509,upside,-0.0038446981605694043,0.008671961439635391
current,original_s2,ead_at_default:500000-inf,2223,7,0.4892078298150026,0.48261578731858384,0.48467850637411,0.00452932344089262,0.0036299101135499182,0.038535814146632666,0.12548893688330257,0.16542889337461336,0.006592042496418737,0.0008863692884949114,0.0036299101135499182,upside,-0.00258530038166522,0.011643947263450461
current,original_s2,guarantee:zero,6915,7,0.5176963245480338,0.5152268248953674,0.5171353743462538,0.0005609502017801517,0.0032510936733361013,0.035476880595754524,0.13436100481378793,0.17479535255775352,0.0024694996526664417,0.0005118468605473193,0.0032510936733361013,upside,-0.005811193397958607,0.006933093801518911
current,original_s2,guarantee:partial,1451,7,0.4305327323905969,0.4205875895409951,0.41913210748033736,0.011400624910259491,0.0037899426550217145,0.04248697991912547,0.09893594419788619,0.13306885528586126,0.009945142849601657,0.0011016365159969936,0.0037899426550217145,upside,0.00397233730641693,0.018828912514102052
current,original_s2,guarantee:full,329,7,0.3420033743365893,0.3155569380685363,0.32027192636610446,0.021731447970484853,0.0032778799108964776,0.05788537751324331,0.08236723074085767,0.10747896592214341,0.026446436268053,0.002957931829778336,0.0032778799108964776,upside,0.015306803345127757,0.02815609259584195
current,original_s2,predicted:0.0,531,7,0.14047803389939414,0.13654729272221844,0.13651973006317678,0.003958303836217378,0.0037463664244752224,0.04522655119086294,0.05976565246521316,0.07675615373608811,0.003930741177175723,0.0021138068205631697,0.0037463664244752224,upside,-0.0033845743557540577,0.011301182028188814
current,original_s2,predicted:0.2,1540,7,0.32117051127285656,0.3126899398879891,0.311711992828386,0.009458518444470546,0.005414685478500997,0.04561501357896089,0.08550601433366038,0.10500850396222366,0.008480571384867441,0.0011859545413268533,0.005414685478500997,upside,-0.001154265093391409,0.0200713019823325
current,original_s2,predicted:0.4,4189,7,0.5045193704462646,0.4974663703861693,0.5034621442692171,0.001057226177047578,0.004354471377283407,0.03797404443814452,0.13377878177973573,0.1675409208206922,0.0070530000600953525,0.0006929483365017028,0.004354471377283407,upside,-0.0074775377224279,0.009591990076523055
current,original_s2,predicted:0.6,2417,6,0.6702049243262941,0.6714023172642738,0.667320532352646,0.002884391973648146,0.002327798961157437,0.029263698970601434,0.15482332239242075,0.20629247762439623,-0.001197392937979761,0.0007525604839973332,0.002327798961157437,upside,-0.0016780939902204298,0.0074468779375167216
current,original_s2,predicted:0.8,18,3,0.80993449157307,0.8982873867546607,0.8375650374114118,-0.027630545838341805,0.004818330809595646,0.03650774025323631,0.096617311197742,0.10973049469406682,-0.08835289518159067,0.009376694276215196,0.009376694276215196,upside,-0.04600886661972359,-0.00925222505696002
current,original_s2,realized_gt:0.6,3327,7,0.616466114358766,0.7330663882424685,0.620420397975117,-0.003954283616351184,0.0027277689793280074,0.03235199424005709,0.12070012499881774,0.14051380976700076,-0.11660027388370249,0.0006600410456448257,0.0027277689793280074,upside,-0.009300710815834078,0.0013921435831317107
current,original_s2,realized_gt:0.75,1305,7,0.6679734980838116,0.8239522191408761,0.6702705891680523,-0.0022970910842407366,0.002185668574556302,0.029319516967355932,0.15628115933439285,0.1724184801166555,-0.15597872105706467,0.0009428693829014429,0.002185668574556302,upside,-0.006581001490371089,0.001986819321889615
current,original_s2,realized_gt:0.9,148,7,0.703979736245845,0.9390870179157589,0.713006320926065,-0.009026584680219883,0.0023571488758571996,0.030816614341593027,0.23510728166991374,0.2433610052871633,-0.23510728166991374,0.002460766713709802,0.002460766713709802,upside,-0.013849687439091094,-0.004203481921348671
current,corrected,all,8695,7,0.48971492553083473,0.49187858760207,0.4933319454091733,-0.0036170198783386223,0.004102091077590852,0.033720150379709296,0.12536740157714985,0.16586155854745055,-0.002163662071235218,0.00040996982935930805,0.004102091077590852,upside,-0.011657118390416693,0.004423078633739448
current,corrected,regime:0,2305,2,0.40216116670444435,0.40475478930300873,0.4119807497603356,-0.00981958305589118,0.005488674821412686,0.03246432086225371,0.1301503910899061,0.16713621821775218,-0.002593622598564325,0.0007283322578091864,0.005488674821412686,upside,-0.020577385705860044,0.0009382195940776834
current,corrected,regime:1,6390,5,0.5212973064533433,0.5233058732169895,0.5226769385188089,-0.001379632065465595,0.004833461059382706,0.034161824944977444,0.12364208219891773,0.16539935267552958,-0.002008566763646236,0.00048463458743904403,0.004833461059382706,upside,-0.0108532157418557,0.00809395161092451
current,corrected,collateral_type:Cash,842,7,0.17679266046308828,0.18696953456259247,0.18654122739412313,-0.009748566931034883,0.005967160212772209,0.04717992267080347,0.07064264921593878,0.09105242266581723,-0.010176874099504182,0.0016493511246278832,0.005967160212772209,upside,-0.021444200948068412,0.001947067085998646
current,corrected,collateral_type:Mortgage,3049,7,0.44571247235305744,0.45498460624193615,0.45358104548353656,-0.007868573130479159,0.006728147715080155,0.0367111524296318,0.08667921318421692,0.10922043147454676,-0.009272133888878764,0.0007511171116425339,0.006728147715080155,upside,-0.02105574265203626,0.005318596391077944
current,corrected,collateral_type:Other,1674,7,0.5163136844254896,0.5155098085443158,0.5193967183983131,-0.003083033972823554,0.004467007636442847,0.03133477383245012,0.13152109024265732,0.16465814143527766,0.000803875881173803,0.0008884423241318327,0.004467007636442847,upside,-0.011838368940251535,0.005672300994604426
current,corrected,collateral_type:Unsecured,3130,7,0.6025320835296951,0.597202711553817,0.6006437180794988,0.0018883654501963682,0.002818100473522568,0.02686839485610927,0.1744847348270325,0.21925044710912578,0.005329371975878178,0.0005473712024965915,0.002818100473522568,upside,-0.003635111477907865,0.007411842378300602
current,corrected,product_type:Financial Guarantee,367,7,0.5144940827792954,0.5280408198407585,0.51602467763039,-0.001530594851094412,0.005138860073664823,0.03420674940843575,0.11505788694821882,0.1532813936165437,-0.01354673706146302,0.0017862245990601987,0.005138860073664823,upside,-0.011602760595477464,0.008541570893288641
current,corrected,product_type:Import LC,831,7,0.5130920818733213,0.5234099491957376,0.5161154579581162,-0.003023376084794928,0.005060458546905584,0.03491850636317392,0.12075762587274809,0.1572907148670373,-0.01031786732241631,0.0012074873262249443,0.005060458546905584,upside,-0.012941874836729872,0.006895122667140017
current,corrected,product_type:OVD,2848,7,0.5114947571121501,0.514416365858695,0.5164305304016849,-0.004935773289534748,0.0041023782416800755,0.03326951835619435,0.12884325160675633,0.16871085444179287,-0.0029216087465449565,0.0006166234220079814,0.0041023782416800755,upside,-0.012976434643227695,0.0031048880641581997
current,corrected,product_type:Performance Guarantee,658,7,0.513278994844244,0.5094181520782674,0.5150287084684867,-0.0017497136242426577,0.003949254834861606,0.03112593967122477,0.12700480986034243,0.17053122457105968,0.0038608427659766425,0.0012124183806575437,0.003949254834861606,upside,-0.009490253100571406,0.005990825852086091
current,corrected,product_type:Term Loan,3991,7,0.46314151395914827,0.4630129582820643,0.46644079737483135,-0.0032992834156831516,0.004082139468848275,0.03414908187310818,0.12452492599321488,0.1658815493904943,0.00012855567708395472,0.0005380915225558075,0.004082139468848275,upside,-0.01130027677462577,0.004701709943259467
current,corrected,industry:Construction,1077,1,0.4877519321747305,0.503616627355226,0.5046086145011272,-0.01685668232639681,,0.03632602566509583,0.13279963363966132,0.17171888520651743,-0.01586469518049569,0.001102565289547682,0.001102565289547682,upside,-0.019017710293910268,-0.014695654358883353
current,corrected,industry:Hospitality,668,1,0.4812001846230431,0.4896684735949216,0.4921538307856273,-0.010953646162584284,,0.03374592744859728,0.13220549123066158,0.1736074836666287,-0.008468288971878537,0.001308086017726257,0.001308086017726257,upside,-0.013517494757327747,-0.00838979756784082
current,corrected,industry:Manufacturing,1661,1,0.413973929308396,0.42127831791582826,0.4276018794513902,-0.013627950142994203,,0.033794539914564416,0.13396344099442178,0.17114729390126518,-0.007304388607432203,0.0008623107968943881,0.0008623107968943881,upside,-0.015318079304907204,-0.011937820981081202
current,corrected,industry:Retail,1629,1,0.5371940046668915,0.5405398714251171,0.5329459706586501,0.004248034008241351,,0.03173640742895836,0.11800375647806229,0.15846349388152509,-0.003345866758225613,0.0008336308279281153,0.0008336308279281153,upside,0.0026141175855022448,0.0058819504309804566
current,corrected,industry:Services,2128,1,0.527564955574895,0.531007470816136,0.5310762958022792,-0.0035113402273843322,,0.033085414843194945,0.12185031314382662,0.16122133976226663,-0.003442515241241012,0.0007915681262221039,0.0007915681262221039,upside,-0.005062813754779656,-0.001959866699989009
current,corrected,industry:Technology,644,1,0.3716937774417679,0.3621374274615597,0.3716908484919477,2.928949820184673e-06,,0.028750742523075957,0.12031580119642697,0.1563165335867974,0.00955634998020826,0.0011834405621218389,0.0011834405621218389,upside,-0.002316614551938619,0.002322472451578989
current,corrected,industry:Transport,888,1,0.547963935687774,0.5224183934519412,0.5285856494172119,0.01937828627056217,,0.038339604229017735,0.12073068243948272,0.17340911991863164,0.02554554223583295,0.001221716993369482,0.001221716993369482,upside,0.016983720963557988,0.021772851577566355
current,corrected,lien_rank:First,3026,7,0.35410318504353716,0.36188500176739663,0.36125674448147477,-0.007153559437937617,0.005604206601400669,0.03949975974695042,0.09098106203045565,0.11794770231947146,-0.0077818167238594286,0.0007168263491959267,0.005604206601400669,upside,-0.01813780437668293,0.0038306855008076943
current,corrected,lien_rank:Second,2539,7,0.5122605821586919,0.5169656623428155,0.5184495939121655,-0.006189011753473701,0.006224609380847134,0.033829948516623944,0.1057989929108103,0.13553648636239263,-0.004705080184123789,0.0007244409108096162,0.006224609380847134,upside,-0.018389246139934083,0.0060112226329866805
current,corrected,lien_rank:Unsecured,3130,7,0.6025320835296951,0.597202711553817,0.6006437180794988,0.0018883654501963682,0.002818100473522568,0.02686839485610927,0.1744847348270325,0.21925044710912578,0.005329371975878178,0.0005473712024965915,0.002818100473522568,upside,-0.003635111477907865,0.007411842378300602
current,corrected,reporting_date:2026-01-01,8695,7,0.48971492553083473,0.49187858760207,0.4933319454091733,-0.0036170198783386223,0.004102091077590852,0.033720150379709296,0.12536740157714985,0.16586155854745055,-0.002163662071235218,0.00040996982935930805,0.004102091077590852,upside,-0.011657118390416693,0.004423078633739448
current,corrected,collateral_coverage:0-0.5,3620,7,0.597627549600261,0.5909280118635445,0.5951457941488851,0.0024817554513758807,0.0027289598283471504,0.02716458203027832,0.17053539606612156,0.2146018212426006,0.006699537736716435,0.0005125437695628378,0.0027289598283471504,upside,-0.0028670058121845338,0.007830516714936295
current,corrected,collateral_coverage:0.5-1,3044,7,0.4365818256591577,0.4435288461440215,0.4437551140823823,-0.007173288423224554,0.005410682961393013,0.03658782249696204,0.10441938069889962,0.13254642510213427,-0.006947020484863751,0.0007251667855138272,0.005410682961393013,upside,-0.017778227027554862,0.0034316501811057516
current,corrected,collateral_coverage:1-inf,2031,7,0.37700860198482855,0.38780064430899325,0.3861658903234989,-0.009157288338670345,0.006482459431787755,0.039322667698771685,0.07625742398153981,0.0967364875924631,-0.010792042324164678,0.0009711938281875798,0.006482459431787755,upside,-0.021862908824974346,0.003548332147633655
current,corrected,ead_at_default:0-100000,1892,7,0.5013995900125228,0.5049728602999015,0.5044685110348007,-0.0030689210222780167,0.004961432621881049,0.03471991767870172,0.12370351070170332,0.16414138374514747,-0.003573270287378664,0.0008739649249307367,0.004961432621881049,upside,-0.012793328961164873,0.0066554869166088396
current,corrected,ead_at_default:100000-500000,4580,7,0.48898865156643684,0.49096523412737403,0.492931555193291,-0.0039429036268541695,0.003878509425547136,0.0335978018073816,0.1265350935184989,0.16686127886598429,-0.0019765825609371454,0.0005357771015398307,0.003878509425547136,upside,-0.011544782100926555,0.003658974847218217
current,corrected,ead_at_default:500000-inf,2223,7,0.4812664098122511,0.48261578731858384,0.48467850637411,-0.00341209656185885,0.003954764077251605,0.033102591935312745,0.12437777154789485,0.16525097714388157,-0.0013493775063327324,0.0007462171610513611,0.003954764077251605,upside,-0.011163434153271996,0.004339241029554295
current,corrected,guarantee:zero,6915,7,0.514713371880495,0.5152268248953674,0.5171353743462538,-0.002422002465758719,0.003920426097818459,0.030593692816547193,0.13263710843497525,0.17421976579232598,-0.0005134530148724287,0.0004217013183523478,0.003920426097818459,upside,-0.0101060376174829,0.005262032685965461
current,corrected,guarantee:partial,1451,7,0.41025650823933335,0.4205875895409951,0.41913210748033736,-0.00887559924100403,0.004856449485032423,0.040717849261746646,0.10101379894422076,0.1331777575950347,-0.010331081301661866,0.0010760272240978466,0.004856449485032423,upside,-0.01839424023166758,0.0006430417496595172
current,corrected,guarantee:full,329,7,0.3147298403699466,0.3155569380685363,0.32027192636610446,-0.005542085996157845,0.006574458716751155,0.055371114023476296,0.07997850947537882,0.10426798186555314,-0.0008270976985897001,0.003042698489566969,0.006574458716751155,upside,-0.018428025080990108,0.0073438530886744185
current,corrected,predicted:0.0,599,7,0.13381023542412207,0.14457869381134542,0.14480071850882212,-0.010990483084700074,0.004848989274124343,0.045489878316449746,0.058629508749740086,0.07667892574857456,-0.01076845838722338,0.0018808027978592132,0.004848989274124343,upside,-0.020494502061983784,-0.001486464107416362
current,corrected,predicted:0.2,1759,7,0.3189180607320157,0.3278409661066622,0.3288150639813185,-0.009897003249302799,0.0061014603596294325,0.04329788000277979,0.08575015735888267,0.10767468383400047,-0.008922905374646494,0.0010455841769926606,0.0061014603596294325,upside,-0.021855865554176485,0.002061859055570889
current,corrected,predicted:0.4,3994,7,0.5052233606674684,0.5085358107946368,0.511441526884886,-0.006218166217417585,0.0035947407764863886,0.03192405519615377,0.1397267171622698,0.17235204477013885,-0.003312450127168473,0.0005466053521233176,0.0035947407764863886,upside,-0.013263858139330906,0.0008275257044957369
current,corrected,predicted:0.6,2232,7,0.6752114872940709,0.6686770973430635,0.6689484289430656,0.0062630583510053205,0.002669691729784508,0.022547302170867797,0.1499629709876808,0.20443909087403594,0.006534389951007385,0.0005403583908933273,0.002669691729784508,upside,0.0010304625606276851,0.011495654141382955
current,corrected,predicted:0.8,111,4,0.828900319799174,0.8110820958728485,0.7982845551683037,0.03061576463087031,0.003412167395066371,0.03605901668507447,0.10207292421026841,0.17384330607455714,0.01781822392632574,0.0023316159548135438,0.003412167395066371,upside,0.023927916536540222,0.0373036127252004
current,corrected,realized_gt:0.6,3327,7,0.6193091918892312,0.7330663882424685,0.620420397975117,-0.0011112060858860483,0.0029737811592237206,0.027381313757673827,0.12049282784360767,0.1423434750960063,-0.11375719635323736,0.000525484503477168,0.0029737811592237206,upside,-0.006939817157964541,0.004717404986192444
current,corrected,realized_gt:0.75,1305,7,0.6766632826432984,0.8239522191408761,0.6702705891680523,0.0063926934752461815,0.0023890185333476,0.02392742497444234,0.14938279027446202,0.1702556332628451,-0.1472889364975778,0.0007046713247859379,0.0023890185333476,upside,0.0017102171498848849,0.011075169800607479
current,corrected,realized_gt:0.9,148,7,0.7257756649210453,0.9390870179157589,0.713006320926065,0.012769343994980453,0.004343782485948457,0.024638376807685783,0.21331135299471338,0.22904906670371789,-0.21331135299471338,0.0017804655015037636,0.004343782485948457,upside,0.004255530322521477,0.021283157667439427
current,incumbent,all,8695,7,0.45610619419535775,0.5190055152353896,0.5195674083099386,-0.06346121411458079,0.021562447529187987,0.10017899547331462,0.15859740442134493,0.1931911587846497,-0.06289932104003187,0.0011074206511389008,0.021562447529187987,baseline,-0.10572361127178925,-0.021198816957372336
current,incumbent,regime:0,2305,2,0.4538456877345361,0.4335729283325506,0.43595616414887267,0.017889523585663484,0.02018370802133118,0.06737309575218761,0.13302457672008514,0.18273635803995833,0.02027275940198559,0.00177335852312942,0.02018370802133118,baseline,-0.021670544136145633,0.0574495913074726
current,incumbent,regime:1,6390,5,0.4569216038028998,0.5498227472871962,0.5497276458359569,-0.09280604203305702,0.006543646851816394,0.10962937117764217,0.16782203162813739,0.19682617239680014,-0.09290114348429639,0.0009198498919812063,0.006543646851816394,baseline,-0.10563158986261716,-0.07998049420349689
current,incumbent,collateral_type:Cash,842,7,0.11270817758534458,0.19429376153908123,0.19607961057368364,-0.08337143298833903,0.010405252673894359,0.10162049715488113,0.09701646511640563,0.12849130233967,-0.08158558395373665,0.00228834336786036,0.010405252673894359,baseline,-0.10376572822917197,-0.06297713774750609
current,incumbent,collateral_type:Mortgage,3049,7,0.37939916150210906,0.4801564200654693,0.47992106246673094,-0.1005219009646219,0.02271118013999047,0.12338755439488656,0.1397595020244682,0.16540334438721255,-0.10075725856336025,0.0017152454849440407,0.02271118013999047,baseline,-0.14503581403900323,-0.05600798789024057
current,incumbent,collateral_type:Other,1674,7,0.494333274855503,0.5485284480620242,0.5468828772696263,-0.05254960241412325,0.021509984838476208,0.09016160773840659,0.1604570621250039,0.18691111747839467,-0.05419517320652118,0.0023344519302826512,0.021509984838476208,baseline,-0.09470917269753662,-0.01039003213070988
current,incumbent,collateral_type:Unsecured,3130,7,0.6027607436018317,0.6284102431055472,0.6306001045180375,-0.027839360916205765,0.024108048342165095,0.07696072573266019,0.1925190811967158,0.23217453410429875,-0.02564949950371535,0.0017015311782854646,0.024108048342165095,baseline,-0.07509113566684936,0.01941241383443782
current,incumbent,product_type:Financial Guarantee,367,7,0.4488606997297487,0.5455469072638512,0.5409615718815655,-0.09210087215181668,0.01972884016764977,0.1179767260094019,0.1762890881638345,0.20765303357660453,-0.09668620753410252,0.0038538665662301514,0.01972884016764977,baseline,-0.13076939888041023,-0.053432345423223136
current,incumbent,product_type:Import LC,831,7,0.46218573435317506,0.5430109018255675,0.5423165214960688,-0.08013078714289379,0.020741085375974605,0.11105891449799794,0.16594739097583874,0.19633169043018786,-0.08082516747239242,0.002669131766539306,0.020741085375974605,baseline,-0.120783314479804,-0.039478259805983566
current,incumbent,product_type:OVD,2848,7,0.49333262503504527,0.5380948317641977,0.5427379658097599,-0.04940534077471452,0.021618633011610017,0.09280156265981537,0.15899881295609655,0.1951687518550251,-0.04476220672915232,0.0014722873032871108,0.021618633011610017,baseline,-0.09177786147747016,-0.007032820071958885
current,incumbent,product_type:Performance Guarantee,658,7,0.46631894726927764,0.5420545279033333,0.5400978081978606,-0.073778860928583,0.0229714470111099,0.10659470010059165,0.1608656937007515,0.19396472059434247,-0.07573558063405564,0.0030015495160220563,0.0229714470111099,baseline,-0.1188028970703584,-0.028754824786807603
current,incumbent,product_type:Term Loan,3991,7,0.4272578183606454,0.494144129382111,0.49294377464063144,-0.06568595627998595,0.021645146748194732,0.09998748536008903,0.154779706447629,0.18957214737164532,-0.06688631102146554,0.0011934294191533487,0.021645146748194732,baseline,-0.10811044390644764,-0.023261468653524277
current,incumbent,industry:Construction,1077,1,0.45433614820959006,0.5320008312690064,0.5320439009141121,-0.07770775270452208,,0.09996409756140374,0.15960358088916898,0.1904689196820058,-0.07766468305941644,0.0024749876464498694,0.0024749876464498694,baseline,-0.08255872849156383,-0.07285677691748034
current,incumbent,industry:Hospitality,668,1,0.4591608153042455,0.5247971330939042,0.5197120236289038,-0.06055120832465822,,0.082889463373238,0.15486738544944118,0.18892100087984928,-0.0656363177896586,0.0026930652500504883,0.0026930652500504883,baseline,-0.06582961621475718,-0.05527280043455926
current,incumbent,industry:Manufacturing,1661,1,0.4584866314742897,0.4517467992349149,0.4546017577950585,0.0038848736792311015,,0.06022038543578154,0.1366188325108508,0.18369530792253724,0.006739832239374708,0.001913969256868744,0.001913969256868744,baseline,0.00013349393576836356,0.007636253422693839
current,incumbent,industry:Retail,1629,1,0.4563234345541554,0.5578271325429582,0.559770371410642,-0.10344693685648662,,0.11698603226929565,0.17237835434644017,0.20015879546191706,-0.10150369798880281,0.0016755097390323513,0.0016755097390323513,baseline,-0.10673093594499003,-0.10016293776798321
current,incumbent,industry:Services,2128,1,0.45636580686596173,0.5598711274733427,0.5581857153766705,-0.10181990851070873,,0.1171875400633876,0.172794564559531,0.20028089046208908,-0.10350532060738098,0.0015807931809927304,0.0015807931809927304,baseline,-0.10491826314545448,-0.09872155387596297
current,incumbent,industry:Technology,644,1,0.441875800231849,0.3866990159585953,0.38786558798999893,0.05401021224185011,,0.08302413069295327,0.12375429897402651,0.18023949374257453,0.05517678427325371,0.0031864156217475898,0.0031864156217475898,baseline,0.04776483762322484,0.060255586860475385
current,incumbent,industry:Transport,888,1,0.46080211729288273,0.5514997937004322,0.5550626199027785,-0.09426050260989578,,0.1057431177909827,0.16726029210912516,0.19571927507539577,-0.09069767640754951,0.001940784132701321,0.001940784132701321,baseline,-0.09806443950999037,-0.09045656570980119
current,incumbent,lien_rank:First,3026,7,0.2997269645513315,0.38416724093642063,0.38349761609547534,-0.08377065154414386,0.01863264554965589,0.10896138745264629,0.12943350811863638,0.1590438130387251,-0.08444027638508914,0.0013035621390876076,0.01863264554965589,baseline,-0.1202906368214694,-0.047250666266818314
current,incumbent,lien_rank:Second,2539,7,0.46168902572767767,0.5448360862456644,0.5448588033905278,-0.0831697776628502,0.022113020396053902,0.11365299067939968,0.15153757846824734,0.17667979239381015,-0.08314706051798673,0.001785872339283555,0.022113020396053902,baseline,-0.12651129763911584,-0.03982825768658456
current,incumbent,lien_rank:Unsecured,3130,7,0.6027607436018317,0.6284102431055472,0.6306001045180375,-0.027839360916205765,0.024108048342165095,0.07696072573266019,0.1925190811967158,0.23217453410429875,-0.02564949950371535,0.0017015311782854646,0.024108048342165095,baseline,-0.07509113566684936,0.01941241383443782
current,incumbent,reporting_date:2026-01-01,8695,7,0.45610619419535775,0.5190055152353896,0.5195674083099386,-0.06346121411458079,0.021562447529187987,0.10017899547331462,0.15859740442134493,0.1931911587846497,-0.06289932104003187,0.0011074206511389008,0.021562447529187987,baseline,-0.10572361127178925,-0.021198816957372336
current,incumbent,collateral_coverage:0-0.5,3620,7,0.5979151935332097,0.6243484258973632,0.6248181121417311,-0.026902918608521405,0.024108913860292836,0.07719630590185597,0.18764901901908473,0.22703162279417644,-0.026433232364153368,0.0015958446260095046,0.024108913860292836,baseline,-0.07415638977469535,0.02035055255765255
current,incumbent,collateral_coverage:0.5-1,3044,7,0.38584397663488995,0.46293140512517,0.46752227858299655,-0.08167830194810657,0.018969086594874868,0.1059726037002351,0.14347517986943456,0.16866867525777188,-0.07708742849028001,0.0015590885128618107,0.018969086594874868,baseline,-0.11885771167406131,-0.04449889222215184
current,incumbent,collateral_coverage:1-inf,2031,7,0.30865647122688916,0.4152872752448259,0.4099750040842974,-0.10131853285740823,0.021227399017210723,0.12454602725611309,0.12948130727323912,0.15898476336063258,-0.10663080401793677,0.0021069960396733283,0.021227399017210723,baseline,-0.14292423493114126,-0.059712830783675216
current,incumbent,ead_at_default:0-100000,1892,7,0.46471019458934254,0.5277927298181693,0.5305460387674211,-0.06583584417807863,0.022267910301625306,0.1029212272413456,0.16159087181369627,0.19481071703459876,-0.06308253522882674,0.002140429881903404,0.022267910301625306,baseline,-0.10948094836926422,-0.022190739986893027
current,incumbent,ead_at_default:100000-500000,4580,7,0.45675811073839745,0.5174931302077619,0.5189545305106595,-0.062196419772262056,0.021397643490636487,0.09924605541776631,0.15917717869974535,0.19464909288196655,-0.060735019469364514,0.0013782849429023838,0.021397643490636487,baseline,-0.10413580101390957,-0.020257038530614543
current,incumbent,ead_at_default:500000-inf,2223,7,0.4474401813692037,0.5146426332902326,0.5114861719154903,-0.06404599054628655,0.021555495706858607,0.09972527180647338,0.15485516128081284,0.18874062331640615,-0.06720245192102897,0.0018824446947688792,0.021555495706858607,baseline,-0.10629476213172942,-0.021797218960843683
current,incumbent,guarantee:zero,6915,7,0.4819053515931326,0.5436218918014961,0.5436025367668914,-0.06169718517375874,0.02128742356537892,0.0987196212646948,0.16469081949306094,0.19977789928942652,-0.061716540208363466,0.0012183739045192664,0.02128742356537892,baseline,-0.10342053536190142,-0.019973834985616057
current,incumbent,guarantee:partial,1451,7,0.3676041254436873,0.44040760626095365,0.44478600414798436,-0.07718187870429703,0.022820696231751206,0.1088139717778741,0.1431056640948233,0.17357997641806905,-0.07280348081726637,0.002130469405799027,0.022820696231751206,baseline,-0.1219104433185294,-0.03245331409006467
current,incumbent,guarantee:full,329,7,0.30417710104356804,0.34825573398092435,0.34420237535907955,-0.04002527431551154,0.022219826296019325,0.0904302804721883,0.0988483162537665,0.1210051716331317,-0.044078632937356275,0.004494930738989672,0.022219826296019325,baseline,-0.08357613385570942,0.0035255852246863367
current,incumbent,predicted:0.0,771,7,0.09527404854564399,0.17899272141015304,0.1820525708630439,-0.0867785223173999,0.01089102924604987,0.10554404025746525,0.09649164430984546,0.12873814887614693,-0.08371867286450906,0.0024358877543758438,0.01089102924604987,baseline,-0.10812493963965764,-0.06543210499514215
current,incumbent,predicted:0.2,2436,7,0.31827040152980907,0.42023299093153926,0.4141197319966705,-0.09584933046686141,0.02239751526214118,0.1221300581329824,0.1329249363233032,0.16175343076971135,-0.10196258940173024,0.0018064440216261017,0.02239751526214118,baseline,-0.13974846038065813,-0.05195020055306469
current,incumbent,predicted:0.4,3306,7,0.49918295296964127,0.5621575778279979,0.5639801920370774,-0.06479723906743612,0.023509843632545897,0.09927563449536514,0.17800514786059526,0.20205459984426002,-0.0629746248583566,0.001595336637074578,0.023509843632545897,baseline,-0.11087653258722607,-0.018717945547646164
current,incumbent,predicted:0.6,2123,7,0.6679642435671441,0.6800390404201584,0.6859395060398527,-0.017975262472708455,0.0227401384271288,0.0670105726824542,0.18184363585215296,0.2292343701692797,-0.012074796853014234,0.001812743728349347,0.0227401384271288,baseline,-0.06254593378988091,0.026595408844463993
current,incumbent,predicted:0.8,59,7,0.8253124976720068,0.8279011143033559,0.8086835555666924,0.016628942105314293,0.020867914829272468,0.061376042080288636,0.10618933993030295,0.15820218565532596,-0.002588616631349201,0.009467613579926464,0.020867914829272468,baseline,-0.024272170960059743,0.05753005517068833
current,incumbent,realized_gt:0.6,3736,7,0.5779266923262518,0.7446304594676718,0.6393419744237601,-0.06141528209750823,0.020249711176637097,0.09751401007610404,0.170322749208,0.19189127052314728,-0.16670376714142,0.0014634602655519613,0.020249711176637097,baseline,-0.10110471600371694,-0.021725848191299524
current,incumbent,realized_gt:0.75,1657,7,0.6398075070184908,0.83068223366386,0.69220081173355,-0.05239330471505917,0.015229984627622262,0.08025588170545232,0.1916850356122108,0.20853247588363735,-0.19087472664536925,0.0016860023611366818,0.015229984627622262,baseline,-0.0822440745851988,-0.02254253484491954
current,incumbent,realized_gt:0.9,225,7,0.6960653765855771,0.94547610185048,0.7433093967139007,-0.047244020128323475,0.011397401432590187,0.06939397912918419,0.2494107252649029,0.25962203739892875,-0.2494107252649029,0.0034567380765955467,0.011397401432590187,baseline,-0.06958292693620025,-0.024905113320446707
current,original_s2,all,8695,7,0.5168316867818562,0.5190055152353896,0.5195674083099386,-0.00273572152808246,0.0023092805823941467,0.03755782011510061,0.1273599519885312,0.16857717292649385,-0.0021738284535335354,0.0004711018741033067,0.0023092805823941467,baseline,-0.007261911469574988,0.001790468413410067
current,original_s2,regime:0,2305,2,0.4315276248820328,0.4335729283325506,0.43595616414887267,-0.004428539266839931,0.009175862034310856,0.03674792605155299,0.13465767523320926,0.1716434200815614,-0.0020453034505178262,0.0009026227123640248,0.009175862034310856,baseline,-0.02241322885408921,0.013556150320409348
current,original_s2,regime:1,6390,5,0.5476025573106658,0.5498227472871962,0.5497276458359569,-0.002125088525291229,0.001614973691179887,0.037845711718534056,0.12472751817335388,0.16745733816420397,-0.0022201899765305956,0.000551678377066715,0.001614973691179887,baseline,-0.005290436960003808,0.0010402599094213494
current,original_s2,collateral_type:Cash,842,7,0.19581259929025374,0.19429376153908123,0.19607961057368364,-0.0002670112834298802,0.004080635566048968,0.04867727677153692,0.07408044621089489,0.09521831276714435,0.0015188377511725028,0.001738106668201681,0.004080635566048968,baseline,-0.008265056992885857,0.007731034426026097
current,original_s2,collateral_type:Mortgage,3049,7,0.47214362820991385,0.4801564200654693,0.47992106246673094,-0.007777434256817104,0.003897203578861456,0.03963151074740456,0.09259537478690519,0.11462889906413644,-0.008012791855555446,0.0008019294512959012,0.003897203578861456,baseline,-0.015415953271385556,-0.0001389152422486507
current,original_s2,collateral_type:Other,1674,7,0.5456961468287136,0.5485284480620242,0.5468828772696263,-0.001186730440912555,0.002894104476242176,0.036008165880354465,0.13190955733678342,0.167428436036003,-0.0028323012333104735,0.0010532933836995702,0.002894104476242176,baseline,-0.00685917521434722,0.00448571433252211
current,original_s2,collateral_type:Unsecured,3130,7,0.6312830785183869,0.6284102431055472,0.6306001045180375,0.0006829740003495001,0.003125352018172299,0.03252209109116632,0.1731243291129891,0.22071155719765495,0.002872835412839919,0.0007322492929116065,0.003125352018172299,baseline,-0.0054427159552682056,0.006808663955967206
current,original_s2,product_type:Financial Guarantee,367,7,0.5359189104261323,0.5455469072638512,0.5409615718815655,-0.005042661455433109,0.0028768232228261934,0.03700102651266595,0.13098828221106923,0.17003306380604924,-0.00962799683771896,0.0019160292561658152,0.0028768232228261934,baseline,-0.010681234972172448,0.0005959120613062297
current,original_s2,product_type:Import LC,831,7,0.5381270221511261,0.5430109018255675,0.5423165214960688,-0.0041894993449428115,0.0025131574208236227,0.036901381550159,0.12542630649910289,0.16621314043080512,-0.0048838796744414496,0.0012725839643987129,0.0025131574208236227,baseline,-0.009115287889757111,0.0007362891998714894
current,original_s2,product_type:OVD,2848,7,0.5384728256619716,0.5380948317641977,0.5427379658097599,-0.004265140147788136,0.0019619453058971324,0.03733256881103219,0.1320816207704777,0.17475388490493535,0.0003779938977740635,0.0006950902313859979,0.0019619453058971324,baseline,-0.008110552947346516,-0.0004197273482297562
current,original_s2,product_type:Performance Guarantee,658,7,0.5367875086322561,0.5420545279033333,0.5400978081978606,-0.0033102995656044847,0.002867285359893975,0.03647263048568473,0.1271152668494469,0.16848124699641145,-0.005267019271077141,0.0014170599461261887,0.002867285359893975,baseline,-0.008930178870996676,0.0023095797397877063
current,original_s2,product_type:Term Loan,3991,7,0.49190902853143137,0.494144129382111,0.49294377464063144,-0.0010347461092000017,0.0025499260042001347,0.038077129592060825,0.12409985485512533,0.16440725013691848,-0.002235100850679571,0.0006025836391909207,0.0025499260042001347,baseline,-0.006032601077432266,0.003963108859032262
current,original_s2,industry:Construction,1077,1,0.5295014722827001,0.5320008312690064,0.5320439009141121,-0.002542428631412073,,0.03709275593023926,0.1240771581182308,0.16603437982523847,-0.0024993589863064277,0.0013463363527559111,0.0013463363527559111,baseline,-0.005181247882813659,9.639061998951287e-05
current,original_s2,industry:Hospitality,668,1,0.5237753682027639,0.5247971330939042,0.5197120236289038,0.004063344573860081,,0.03593288470331081,0.12633306315850604,0.17115241672927228,-0.0010217648911402968,0.0015684186861231243,0.0015684186861231243,baseline,0.0009892439490587573,0.007137445198661404
current,original_s2,industry:Manufacturing,1661,1,0.4438064629625694,0.4517467992349149,0.4546017577950585,-0.010795294832489094,,0.03702721246145055,0.13928796433196683,0.1756304933776701,-0.007940336272345487,0.0010309185681174782,0.0010309185681174782,baseline,-0.012815895225999352,-0.008774694438978835
current,original_s2,industry:Retail,1629,1,0.5552700645103898,0.5578271325429582,0.559770371410642,-0.004500306900252286,,0.037010449895877304,0.12619032907719122,0.16715059590584316,-0.0025570680325684605,0.0010501130860832905,0.0010501130860832905,baseline,-0.006558528548975535,-0.0024420852515290364
current,original_s2,industry:Services,2128,1,0.553686848443052,0.5598711274733427,0.5581857153766705,-0.004498866933618342,,0.03832750944831581,0.12332518156671472,0.1654075003335905,-0.006184279030290582,0.0009649320918503986,0.0009649320918503986,baseline,-0.0063901338336451235,-0.002607600033591561
current,original_s2,industry:Technology,644,1,0.3998581372240026,0.3866990159585953,0.38786558798999893,0.011992549234003643,,0.036017598070317076,0.12271526810116526,0.16090462010727755,0.013159121265407242,0.0015050067387457743,0.0015050067387457743,baseline,0.009042736026061926,0.01494236244194536
current,original_s2,industry:Transport,888,1,0.5588341903524768,0.5514997937004322,0.5550626199027785,0.003771570449698337,,0.040418380923410255,0.12498561171599254,0.17175473328716892,0.007334396652044613,0.0015689918095728624,0.0015689918095728624,baseline,0.0006963465029355266,0.006846794396461147
current,original_s2,lien_rank:First,3026,7,0.3816522875364192,0.38416724093642063,0.38349761609547534,-0.0018453285590561612,0.0034993642592616924,0.042418562862699086,0.09552528362810958,0.12272007463413084,-0.0025149534000014394,0.0007807243553649236,0.0034993642592616924,baseline,-0.008704082507209079,0.005013425389096756
current,original_s2,lien_rank:Second,2539,7,0.5368474433715964,0.5448360862456644,0.5448588033905278,-0.008011360018931464,0.0031301186442647256,0.03717968980506402,0.10888386142495596,0.13899294821135905,-0.007988642874068013,0.0007994266237201499,0.0031301186442647256,baseline,-0.014146392561690327,-0.001876327476172602
current,original_s2,lien_rank:Unsecured,3130,7,0.6312830785183869,0.6284102431055472,0.6306001045180375,0.0006829740003495001,0.003125352018172299,0.03252209109116632,0.1731243291129891,0.22071155719765495,0.002872835412839919,0.0007322492929116065,0.003125352018172299,baseline,-0.0054427159552682056,0.006808663955967206
current,original_s2,reporting_date:2026-01-01,8695,7,0.5168316867818562,0.5190055152353896,0.5195674083099386,-0.00273572152808246,0.0023092805823941467,0.03755782011510061,0.1273599519885312,0.16857717292649385,-0.0021738284535335354,0.0004711018741033067,0.0023092805823941467,baseline,-0.007261911469574988,0.001790468413410067
current,original_s2,collateral_coverage:0-0.5,3620,7,0.6257507411446053,0.6243484258973632,0.6248181121417311,0.0009326290028740838,0.002943879452634484,0.03262743344966542,0.16803912360977402,0.21495895727431372,0.0014023152472421238,0.000675468410964406,0.002943879452634484,baseline,-0.004837374724289505,0.006702632730037673
current,original_s2,collateral_coverage:0.5-1,3044,7,0.45979653905028145,0.46293140512517,0.46752227858299655,-0.007725739532715106,0.0030995474014662867,0.039721562983197914,0.10929228517295478,0.13888540082582473,-0.0031348660748885394,0.0008060269928975151,0.0030995474014662867,baseline,-0.013800852439589027,-0.001650626625841184
current,original_s2,collateral_coverage:1-inf,2031,7,0.40817979751635236,0.4152872752448259,0.4099750040842974,-0.0017952065679450499,0.003930312308302546,0.04215151023289613,0.08193374643349208,0.10195043572754044,-0.007107477728473592,0.0010475873712249971,0.003930312308302546,baseline,-0.00949861869221804,0.00590820555632794
current,original_s2,ead_at_default:0-100000,1892,7,0.5278581967139514,0.5277927298181693,0.5305460387674211,-0.00268784205346972,0.0023373637325701997,0.037248636477593924,0.12925475831239147,0.1705150876433534,6.546689578216414e-05,0.000957645962528185,0.0023373637325701997,baseline,-0.007269074969307311,0.0018933908623678707
current,original_s2,ead_at_default:100000-500000,4580,7,0.5156153149359556,0.5174931302077619,0.5189545305106595,-0.0033392155747038587,0.002312188496537413,0.03767518261786629,0.1280918189060538,0.16989670631298953,-0.0018778152718063104,0.000608159631048542,0.002312188496537413,baseline,-0.00787110502791719,0.001192673878509471
current,original_s2,ead_at_default:500000-inf,2223,7,0.5099530661173037,0.5146426332902326,0.5114861719154903,-0.0015331057981865092,0.0026284640228666097,0.03757770127960115,0.12423942835065567,0.16413043443824796,-0.004689567172928948,0.0008589633475993593,0.0026284640228666097,baseline,-0.0066848952830050636,0.0036186836866320456
current,original_s2,guarantee:zero,6915,7,0.5387405536650084,0.5436218918014961,0.5436025367668914,-0.004861983101882877,0.0022841256126757067,0.03575039855301186,0.13471281484111702,0.17632187309550673,-0.004881338136487601,0.0005070164810966249,0.0022841256126757067,baseline,-0.009338869302727263,-0.00038509690103849265
current,original_s2,guarantee:partial,1451,7,0.448418177667994,0.44040760626095365,0.44478600414798436,0.0036321735200096623,0.002970300898291028,0.04079333754656532,0.10459554731839177,0.14172419291928645,0.008010571407040317,0.001091410465234738,0.002970300898291028,baseline,-0.002189616240640752,0.009453963280660076
current,original_s2,guarantee:full,329,7,0.3580723774420859,0.34825573398092435,0.34420237535907955,0.013870002083006351,0.002599288242071909,0.05547462137653235,0.07321437311540431,0.09499894152776457,0.009816643461161614,0.002960585915530562,0.002960585915530562,baseline,0.00806725368856645,0.019672750477446252
current,original_s2,predicted:0.0,468,7,0.14146677978871297,0.13659457385920684,0.13683467847316816,0.004632101315544839,0.004031531212001567,0.04733478589525119,0.06281873283932202,0.08079467349423301,0.0048722059295061475,0.0023571244366426365,0.004031531212001567,baseline,-0.0032696998599782328,0.012533902491067912
current,original_s2,predicted:0.2,1346,7,0.3171820786122226,0.31451854190311146,0.3125333353460617,0.00464874326616085,0.0051947517292970655,0.04556472359197467,0.0820430255541771,0.10222832364646804,0.0026635367091111376,0.0012692531715066777,0.0051947517292970655,baseline,-0.005532970123261398,0.014830456655583097
current,original_s2,predicted:0.4,3946,7,0.5076210801909885,0.5109775633585096,0.5127698467237248,-0.005148766532736298,0.0031794608963400276,0.03838041388163384,0.12894331675111165,0.1614234134394069,-0.0033564831675211865,0.0007014184053315042,0.0031794608963400276,baseline,-0.011380509889562752,0.0010829768240901566
current,original_s2,predicted:0.6,2889,7,0.6785259327482284,0.6821205980173739,0.6821664796291017,-0.0036405468808732733,0.002456012608585179,0.029699550490555098,0.15673721062589469,0.20844687396264752,-0.0035946652691454892,0.0006816888200597773,0.002456012608585179,baseline,-0.008454331593700223,0.0011732378319536767
current,original_s2,predicted:0.8,46,4,0.8126909493868991,0.8374100938944349,0.8426378594213374,-0.029946910034438414,0.004811262411211466,0.03642622564811451,0.1291646473360274,0.18794920151263236,-0.024719144507535696,0.004601260975618412,0.004811262411211466,baseline,-0.039376984360412884,-0.02051683570846394
current,original_s2,realized_gt:0.6,3736,7,0.6299904579350813,0.7446304594676718,0.6393419744237601,-0.009351516488678773,0.0016733138649912909,0.03387457055807079,0.11817292843893881,0.1377913389929409,-0.11464000153259052,0.0006230774339901313,0.0016733138649912909,baseline,-0.012631211664061703,-0.006071821313295844
current,original_s2,realized_gt:0.75,1657,7,0.6826914204156296,0.83068223366386,0.69220081173355,-0.009509391317920324,0.00242883069189476,0.031060363661877338,0.14854591806451886,0.1643378802143397,-0.1479908132482304,0.000836187897806571,0.00242883069189476,baseline,-0.014269899474034054,-0.004748883161806595
current,original_s2,realized_gt:0.9,225,7,0.7285981048473462,0.94547610185048,0.7433093967139007,-0.014711291866554344,0.0020732432984706937,0.02890610153221067,0.21687799700313373,0.22447935823236614,-0.21687799700313373,0.0017877298559139125,0.0020732432984706937,baseline,-0.018774848731556902,-0.010647735001551785
current,corrected,all,8695,7,0.5205818922154768,0.5190055152353896,0.5195674083099386,0.0010144839055381645,0.003387043358198439,0.03373909230083274,0.12465965733977762,0.16849903633399269,0.001576376980087089,0.00040301872122167515,0.003387043358198439,baseline,-0.005624121076530776,0.007653088887607105
current,corrected,regime:0,2305,2,0.4316856903846043,0.4335729283325506,0.43595616414887267,-0.0042704737642683625,0.00467862615828383,0.03278117873901794,0.1320390803133653,0.1722064262868351,-0.001887237947946259,0.0007626640352565029,0.00467862615828383,baseline,-0.013440581034504668,0.004899633505967943
current,corrected,regime:1,6390,5,0.5526485190104942,0.5498227472871962,0.5497276458359569,0.002920873174537233,0.0040380181044996025,0.034078023142548534,0.12199775280861647,0.16714152646250474,0.002825771723297865,0.000468811915407258,0.0040380181044996025,baseline,-0.004993642310281989,0.010835388659356454
current,corrected,collateral_type:Cash,842,7,0.18960975769307598,0.19429376153908123,0.19607961057368364,-0.006469852880607641,0.005863014356583763,0.04873908993851742,0.07310982796821346,0.09542216950334022,-0.004684003846005258,0.0017080484892221038,0.005863014356583763,baseline,-0.017961361019511818,0.005021655258296534
current,corrected,collateral_type:Mortgage,3049,7,0.476875280861423,0.4801564200654693,0.47992106246673094,-0.0030457816053080233,0.005707217848750485,0.035034741540338775,0.08935333497960238,0.1135453816477289,-0.0032811392040463638,0.0007096353920324017,0.005707217848750485,baseline,-0.014231928588858975,0.008140365378242928
current,corrected,collateral_type:Other,1674,7,0.5477648766705268,0.5485284480620242,0.5468828772696263,0.0008819994009005071,0.0038129074579992283,0.030613036460854552,0.12922361021218814,0.16675262299064209,-0.0007635713914974119,0.0008460195944787874,0.0038129074579992283,baseline,-0.00659129921677798,0.008355298018578995
current,corrected,collateral_type:Unsecured,3130,7,0.6376539942310097,0.6284102431055472,0.6306001045180375,0.007053889712972104,0.002120137797332374,0.02874550378518111,0.17047878708374437,0.22134044084364804,0.009243751125462522,0.0005611925800749665,0.002120137797332374,baseline,0.0028984196302006514,0.011209359795743556
current,corrected,product_type:Financial Guarantee,367,7,0.5454284337912206,0.5455469072638512,0.5409615718815655,0.004466861909655249,0.004106841635744107,0.03454270519505194,0.1267734646372004,0.16847699868006713,-0.00011847347263060097,0.0017904159138200106,0.004106841635744107,baseline,-0.0035825476964032,0.012516271515713696
current,corrected,product_type:Import LC,831,7,0.544775064024582,0.5430109018255675,0.5423165214960688,0.0024585425285131527,0.003919701593490051,0.035285957687776294,0.12313718145505989,0.16729443377021355,0.001764162199014514,0.0012218169260153615,0.003919701593490051,baseline,-0.005224072594727347,0.010141157651753652
current,corrected,product_type:OVD,2848,7,0.5426994192970427,0.5380948317641977,0.5427379658097599,-3.854651271725819e-05,0.003000725392466538,0.0329406062476564,0.12977236359627786,0.17495349702195032,0.004604587532844941,0.0006173586774398578,0.003000725392466538,baseline,-0.005919968281951672,0.0058428752565171565
current,corrected,product_type:Performance Guarantee,658,7,0.5452132098054759,0.5420545279033333,0.5400978081978606,0.005115401607615324,0.0031284764588767762,0.032159443734657685,0.12348869611130446,0.1690063650374345,0.0031586819021426696,0.0012386854669448684,0.0031284764588767762,baseline,-0.0010164122517831572,0.011247215467013804
current,corrected,product_type:Term Loan,3991,7,0.49341543502825974,0.494144129382111,0.49294377464063144,0.00047166038762823853,0.0035943942467683587,0.034149748742872216,0.12132688742042627,0.16391058616666762,-0.0007286943538513317,0.0005405795821445628,0.0035943942467683587,baseline,-0.006573352336037745,0.007516673111294221
current,corrected,industry:Construction,1077,1,0.5320885115120471,0.5320008312690064,0.5320439009141121,4.4610597934858095e-05,,0.03226569376772328,0.12175344558038632,0.16558960344441118,8.76802430405034e-05,0.0011016313586469126,0.0011016313586469126,baseline,-0.0021145868650130906,0.0022038080608828064
current,corrected,industry:Hospitality,668,1,0.513013445127839,0.5247971330939042,0.5197120236289038,-0.006698578501064793,,0.03232275659717485,0.12770045303196648,0.17025493414705822,-0.011783687966065172,0.001248241098269685,0.001248241098269685,baseline,-0.009145131053673376,-0.004252025948456211
current,corrected,industry:Manufacturing,1661,1,0.44708497659706226,0.4517467992349149,0.4546017577950585,-0.007516781197996306,,0.03407569637046565,0.13574598006027838,0.17614089225189558,-0.0046618226378527,0.0009335808451640435,0.0009335808451640435,baseline,-0.009346599654517831,-0.005686962741474781
current,corrected,industry:Retail,1629,1,0.570302466584562,0.5578271325429582,0.559770371410642,0.010532095173919797,,0.035247502212144545,0.12117349741286401,0.16743804791168507,0.012475334041603623,0.0008865654246303536,0.0008865654246303536,baseline,0.008794426941644303,0.01226976340619529
current,corrected,industry:Services,2128,1,0.5544509229982989,0.5598711274733427,0.5581857153766705,-0.0037347923783715054,,0.03322700349549238,0.1220109417068631,0.16533683807397623,-0.0054202044750437444,0.0007766434250807363,0.0007766434250807363,baseline,-0.005257013491529749,-0.0022125712652132624
current,corrected,industry:Technology,644,1,0.39196796616272145,0.3866990159585953,0.38786558798999893,0.004102378172722496,,0.029178472564466422,0.12247827211519355,0.16161718161397817,0.005268950204126099,0.0011624878992462174,0.0011624878992462174,baseline,0.00182390189019991,0.006380854455245083
current,corrected,industry:Transport,888,1,0.5706953221019762,0.5514997937004322,0.5550626199027785,0.015632702199197712,,0.0371933764650556,0.11948464605165472,0.17037678802785183,0.01919552840154399,0.0012436795092212864,0.0012436795092212864,baseline,0.013195090361123991,0.018070314037271433
current,corrected,lien_rank:First,3026,7,0.37945541148937423,0.38416724093642063,0.38349761609547534,-0.0040422046061011335,0.005037214981468741,0.039199823918710394,0.09312831599686235,0.12219966502946533,-0.004711829447046412,0.0007169765342365981,0.005037214981468741,baseline,-0.013915145969779866,0.005830736757577599
current,corrected,lien_rank:Second,2539,7,0.5444546970081386,0.5448360862456644,0.5448588033905278,-0.00040410638238925437,0.004781969473496821,0.03237716665952113,0.10575456194987826,0.13797840593649258,-0.0003813892375258031,0.0006961521521274633,0.004781969473496821,baseline,-0.009776766550443024,0.008968553785664517
current,corrected,lien_rank:Unsecured,3130,7,0.6376539942310097,0.6284102431055472,0.6306001045180375,0.007053889712972104,0.002120137797332374,0.02874550378518111,0.17047878708374437,0.22134044084364804,0.009243751125462522,0.0005611925800749665,0.002120137797332374,baseline,0.0028984196302006514,0.011209359795743556
current,corrected,reporting_date:2026-01-01,8695,7,0.5205818922154768,0.5190055152353896,0.5195674083099386,0.0010144839055381645,0.003387043358198439,0.03373909230083274,0.12465965733977762,0.16849903633399269,0.001576376980087089,0.00040301872122167515,0.003387043358198439,baseline,-0.005624121076530776,0.007653088887607105
current,corrected,collateral_coverage:0-0.5,3620,7,0.6321951325532054,0.6243484258973632,0.6248181121417311,0.0073770204114743014,0.0020068774778737963,0.029042026849595403,0.1653250309903655,0.21554080666164005,0.007846706655842339,0.000522440258930808,0.0020068774778737963,baseline,0.0034435405548416606,0.011310500268106942
current,corrected,collateral_coverage:0.5-1,3044,7,0.46431227327714053,0.46293140512517,0.46752227858299655,-0.0032100053058559687,0.004700908572087807,0.035753752050135,0.10656439343353225,0.1382690694786803,0.0013808681519705962,0.000701208594598404,0.004700908572087807,baseline,-0.01242378610714807,0.0060037754954361325
current,corrected,collateral_coverage:1-inf,2031,7,0.4059806071468985,0.4152872752448259,0.4099750040842974,-0.00399439693739885,0.005548381069446064,0.038132542077318136,0.07929940658422986,0.10045244305229095,-0.009306668097927392,0.0009360561690730756,0.005548381069446064,baseline,-0.014869223833513136,0.006880429958715436
current,corrected,ead_at_default:0-100000,1892,7,0.5327165921664531,0.5277927298181693,0.5305460387674211,0.0021705533990319078,0.003844071655495114,0.03440547590965472,0.1269178952371045,0.17085810441337432,0.0049238623482837935,0.0008488614928466159,0.003844071655495114,baseline,-0.005363827045738515,0.00970493384380233
current,corrected,ead_at_default:100000-500000,4580,7,0.5195433360939586,0.5174931302077619,0.5189545305106595,0.0005888055832992226,0.0032860793403854676,0.033733421133202664,0.1251973604907102,0.16982875573575915,0.002050205886196771,0.0005341983730188451,0.0032860793403854676,baseline,-0.005851909923856293,0.007029521090454739
current,corrected,ead_at_default:500000-inf,2223,7,0.5123937386973956,0.5146426332902326,0.5114861719154903,0.0009075667819053217,0.003362098762440212,0.03317326941201114,0.12162984783324861,0.1636572055484208,-0.002248894592837116,0.0007369694016188794,0.003362098762440212,baseline,-0.005682146792477493,0.007497280356288137
current,corrected,guarantee:zero,6915,7,0.5457206457175904,0.5436218918014961,0.5436025367668914,0.002118108950699073,0.00326962393485056,0.030651383011719904,0.13101550187082112,0.17616778642815484,0.002098753916094349,0.00041752588387494635,0.00326962393485056,baseline,-0.004290353961608024,0.00852657186300617
current,corrected,guarantee:partial,1451,7,0.4400792907527222,0.44040760626095365,0.44478600414798436,-0.004706713395262157,0.003992351022092315,0.04026336342678576,0.10548912649582078,0.1418162758044182,-0.000328315508231502,0.0010809771425007407,0.003992351022092315,baseline,-0.012531721398563095,0.0031182946080387805
current,corrected,guarantee:full,329,7,0.3472529993745679,0.34825573398092435,0.34420237535907955,0.003050624015488264,0.006764409553651082,0.05646051674143977,0.07561946075137477,0.09672205927537571,-0.001002734606356472,0.003108187037849951,0.006764409553651082,baseline,-0.010207618709667857,0.016308866740644384
current,corrected,predicted:0.0,509,7,0.134941526441955,0.13946785468124853,0.1419176912529149,-0.006976164810959856,0.005331576118287323,0.046135845890685194,0.061148529066384585,0.08227406107428917,-0.004526328239293512,0.002132257229587945,0.005331576118287323,baseline,-0.017426054002803008,0.003473724380883297
current,corrected,predicted:0.2,1404,7,0.31551948537597924,0.3242862143357602,0.3213647409263716,-0.005845255550392429,0.007110099659925303,0.04514961017463912,0.08309093406553397,0.10363372967259211,-0.008766728959780996,0.001221155543142054,0.007110099659925303,baseline,-0.019781050883846022,0.008090539783061165
current,corrected,predicted:0.4,3747,7,0.5092575852127731,0.5109984429241482,0.5116790418809428,-0.002421456668169755,0.0031039934133756755,0.03287141628256035,0.12948573534475435,0.162917051824019,-0.0017408577113750894,0.0005822738847588648,0.0031039934133756755,baseline,-0.008505283758386079,0.003662370422046569
current,corrected,predicted:0.6,2738,7,0.6788867196832014,0.6708701185119096,0.6719861281094575,0.0069005915737438885,0.0021085840814864245,0.022734858123448914,0.15129222562008204,0.2061156031833973,0.008016601171291849,0.0004762681011454768,0.0021085840814864245,baseline,0.0027677667740304964,0.01103341637345728
current,corrected,predicted:0.8,297,5,0.8343600946191062,0.7909509154517139,0.7981381328450147,0.03622196177409151,0.0034876833046008178,0.040549687704260526,0.12360364903026076,0.20573029438343438,0.04340917916739237,0.0012570854259682,0.0034876833046008178,baseline,0.029386102497073907,0.04305782105110911
current,corrected,realized_gt:0.6,3736,7,0.642316896544974,0.7446304594676718,0.6393419744237601,0.0029749221212140996,0.0026522124901247933,0.028557464211917245,0.11068432000988024,0.13223233317199243,-0.10231356292269767,0.0005064208553419863,0.0026522124901247933,baseline,-0.0022234143594304953,0.008173258601858694
current,corrected,realized_gt:0.75,1657,7,0.7018523221428665,0.83068223366386,0.69220081173355,0.009651510409316461,0.0023556011667201803,0.026886413805866288,0.13318423983707642,0.15436660171876204,-0.12882991152099363,0.0006878403611479295,0.0023556011667201803,baseline,0.005034532122544908,0.014268488696088015
current,corrected,realized_gt:0.9,225,7,0.7617811315407881,0.94547610185048,0.7433093967139007,0.018471734826887527,0.0034603384785545613,0.029066202027546683,0.18369497030969187,0.20007746906405746,-0.18369497030969187,0.0015901216752687792,0.0034603384785545613,baseline,0.011689471408920588,0.025253998244854466
current,incumbent,all,8695,7,0.45610619419535775,0.5824416088476793,0.5828622856459259,-0.12675609145056807,0.021415329372305454,0.14852287429943847,0.1912207574980069,0.21949931612651444,-0.12633541465232143,0.001096351049265058,0.021415329372305454,downside,-0.16873013702028677,-0.08478204588084938
current,incumbent,regime:0,2305,2,0.4538456877345361,0.4978703402035117,0.49910970647720765,-0.04526401874267146,0.02361116507256528,0.07709070734415828,0.14504856130373145,0.18293846420865462,-0.04402465246897554,0.0016716696005030106,0.02361116507256528,downside,-0.09154190228489942,0.0010138647995564867
current,incumbent,regime:1,6390,5,0.4569216038028998,0.6129481462850511,0.6130735055182099,-0.15615190171531013,0.006150518500974249,0.16695038146722602,0.2078759863286493,0.2312734099468588,-0.15602654248215123,0.0009213984208577013,0.006150518500974249,downside,-0.16820691797721965,-0.1440968854534006
current,incumbent,collateral_type:Cash,842,7,0.11270817758534458,0.2181558773044773,0.22065731400665917,-0.10794913642131458,0.01112180460138881,0.1251956396016776,0.11761930244458765,0.15037699293268156,-0.10544769971913272,0.0024785120076967655,0.01112180460138881,downside,-0.12974787344003663,-0.08615039940259252
current,incumbent,collateral_type:Mortgage,3049,7,0.37939916150210906,0.5427167618357165,0.5445675781089259,-0.16516841660681678,0.022897154376753034,0.18084591146340692,0.1848315728201563,0.2118114425157359,-0.16331760033360737,0.0017477595182097798,0.022897154376753034,downside,-0.21004683918525272,-0.12028999402838084
current,incumbent,collateral_type:Other,1674,7,0.494333274855503,0.6111653983894649,0.6132319243614366,-0.11889864950593358,0.02169201552757185,0.13972821978278743,0.1921560043775226,0.21406478773344703,-0.11683212353396191,0.0023407738595123463,0.02169201552757185,downside,-0.1614149999399744,-0.07638229907189276
current,incumbent,collateral_type:Unsecured,3130,7,0.6027607436018317,0.7037726059102675,0.7013601687739803,-0.0985994251721487,0.023349821523244663,0.12149823757137206,0.21674390317258718,0.2440242902964115,-0.1010118623084358,0.001672222110288905,0.023349821523244663,downside,-0.14436507535770823,-0.052833774986589165
current,incumbent,product_type:Financial Guarantee,367,7,0.4488606997297487,0.6062500081336948,0.6024670469470602,-0.15360634721731142,0.01905921755829573,0.17055319982548237,0.2181658142371401,0.24197001500433518,-0.15738930840394602,0.003874212088154778,0.01905921755829573,downside,-0.19096241363157104,-0.1162502808030518
current,incumbent,product_type:Import LC,831,7,0.46218573435317506,0.6110521539045587,0.6047069420928319,-0.1425212077396568,0.02021044609256691,0.16116220342832108,0.20832353108048784,0.23306427354164666,-0.14886641955138366,0.00261159628014808,0.02021044609256691,downside,-0.18213368208108793,-0.10290873339822565
current,incumbent,product_type:OVD,2848,7,0.49333262503504527,0.6022635863369169,0.6056173863885617,-0.11228476135351628,0.02111222231255911,0.13597048092512065,0.18349845501823817,0.21297187338225546,-0.10893096130187156,0.0014371389897524527,0.02111222231255911,downside,-0.15366471708613214,-0.07090480562090043
current,incumbent,product_type:Performance Guarantee,658,7,0.46631894726927764,0.6028870082166986,0.6027299704436362,-0.1364110231743586,0.022222984351564237,0.1554316860015345,0.1983167185779839,0.22459450451978527,-0.136568060947421,0.0029067291292889062,0.022222984351564237,downside,-0.1799680725034245,-0.0928539738452927
current,incumbent,product_type:Term Loan,3991,7,0.4272578183606454,0.5567790906431196,0.5569972592322914,-0.12973944087164593,0.021983440076947202,0.15099586048127114,0.18952262028965133,0.2181502775026805,-0.12952127228247395,0.0012229455551147745,0.021983440076947202,downside,-0.17282698342246244,-0.08665189832082942
current,incumbent,industry:Construction,1077,1,0.45433614820959006,0.6114133878742984,0.5972005457876903,-0.14286439757810027,,0.1558824196397152,0.20360037178741852,0.2276848359742636,-0.15707723966470827,0.0024278799366784162,0.0024278799366784162,downside,-0.14762304225398995,-0.13810575290221058
current,incumbent,industry:Hospitality,668,1,0.4591608153042455,0.5803999283888146,0.5844459864292673,-0.12528517112502163,,0.1371302103390092,0.19067566385600604,0.2150022384846938,-0.12123911308456901,0.0026209791493905527,0.0026209791493905527,downside,-0.13042229025782712,-0.12014805199221615
current,incumbent,industry:Manufacturing,1661,1,0.4584866314742897,0.5178240816747718,0.5201334724602672,-0.06164684098597759,,0.08383217755137855,0.15306140410038263,0.18805155571655252,-0.0593374502004821,0.0017576498259952687,0.0017576498259952687,downside,-0.06509183464492832,-0.058201847327026865
current,incumbent,industry:Retail,1629,1,0.4563234345541554,0.6196388402635385,0.6224889011062601,-0.16616546655210468,,0.17559648161537905,0.21638062891820709,0.23905119109822834,-0.1633154057093831,0.0017319849959744388,0.0017319849959744388,downside,-0.16956015714421457,-0.16277077595999478
current,incumbent,industry:Services,2128,1,0.45636580686596173,0.6177469694059428,0.6211782270303118,-0.1648124201643501,,0.17501793138264216,0.2113687175307998,0.2340864873385482,-0.16138116253998094,0.0015843386637263393,0.0015843386637263393,downside,-0.16791772394525373,-0.16170711638344648
current,incumbent,industry:Technology,644,1,0.441875800231849,0.4464057989243767,0.44488536595257727,-0.003009565720728161,,0.056079608575549104,0.12438189688566069,0.1690384455547586,-0.0045299986925277,0.002688518223038179,0.002688518223038179,downside,-0.008279061437882991,0.0022599299964266703
current,incumbent,industry:Transport,888,1,0.46080211729288273,0.6155203402837598,0.6171656604624635,-0.15636354316958082,,0.1642645679559073,0.2020292042296238,0.22605233161332547,-0.15471822299087712,0.0020443682744868074,0.0020443682744868074,downside,-0.16037050498757496,-0.15235658135158667
current,incumbent,lien_rank:First,3026,7,0.2997269645513315,0.4358889897852618,0.4384930670408632,-0.13876610248953175,0.019634759914170578,0.1582407476575742,0.165461600084038,0.19585603650684547,-0.1361620252339303,0.0014519544843267708,0.019634759914170578,downside,-0.17725023192130607,-0.10028197305775742
current,incumbent,lien_rank:Second,2539,7,0.46168902572767767,0.6075310946597997,0.6088421522501436,-0.14715312652246587,0.021529977749226787,0.1658371070242167,0.1904565843484337,0.21417267950823438,-0.145842068932122,0.0017600155903153864,0.021529977749226787,downside,-0.18935188291095037,-0.10495437013398137
current,incumbent,lien_rank:Unsecured,3130,7,0.6027607436018317,0.7037726059102675,0.7013601687739803,-0.0985994251721487,0.023349821523244663,0.12149823757137206,0.21674390317258718,0.2440242902964115,-0.1010118623084358,0.001672222110288905,0.023349821523244663,downside,-0.14436507535770823,-0.052833774986589165
current,incumbent,reporting_date:2026-01-01,8695,7,0.45610619419535775,0.5824416088476793,0.5828622856459259,-0.12675609145056807,0.021415329372305454,0.14852287429943847,0.1912207574980069,0.21949931612651444,-0.12633541465232143,0.001096351049265058,0.021415329372305454,downside,-0.16873013702028677,-0.08478204588084938
current,incumbent,collateral_coverage:0-0.5,3620,7,0.5979151935332097,0.6975138538916972,0.6950881536472975,-0.09717296011408784,0.023480213526546077,0.12083910042392838,0.2129990739409259,0.2402520716780222,-0.09959866035848744,0.0015770595018381203,0.023480213526546077,downside,-0.14319417862611816,-0.05115174160205753
current,incumbent,collateral_coverage:0.5-1,3044,7,0.38584397663488995,0.5220687965488929,0.5247821178842785,-0.1389381412493885,0.01910758468922313,0.15550025371930656,0.1778620769185791,0.203530895448835,-0.13622481991400295,0.0016061884935682819,0.01910758468922313,downside,-0.17638900724026582,-0.10148727525851117
current,incumbent,collateral_coverage:1-inf,2031,7,0.30865647122688916,0.4678248257743955,0.46988266403169116,-0.161226192804802,0.021735593265656106,0.17936222257683065,0.17242524699107017,0.20322033777843118,-0.15916835454750636,0.002284477630865711,0.021735593265656106,downside,-0.20382795560548794,-0.11862443000411603
current,incumbent,ead_at_default:0-100000,1892,7,0.46471019458934254,0.5939789378670638,0.5935720486547951,-0.1288618540654525,0.021971366283627558,0.15100490168178735,0.1930572163323985,0.22154275922717748,-0.1292687432777212,0.002128122835192747,0.021971366283627558,downside,-0.17192573198136252,-0.08579797614954249
current,incumbent,ead_at_default:100000-500000,4580,7,0.45675811073839745,0.5843841798987127,0.5822359136058816,-0.12547780286748408,0.02113453992320752,0.1471429788054228,0.19081286735119113,0.2191389120138479,-0.12762606916031533,0.0013609739483151338,0.02113453992320752,downside,-0.16690150111697083,-0.08405410461799734
current,incumbent,ead_at_default:500000-inf,2223,7,0.4474401813692037,0.5686199255735411,0.5750376848050005,-0.12759750343579676,0.02176424217209749,0.14922088708519107,0.1904981109652797,0.21849165231777587,-0.12117974420433744,0.001894248422347672,0.02176424217209749,downside,-0.17025541809310785,-0.08493958877848568
current,incumbent,guarantee:zero,6915,7,0.4819053515931326,0.606050525417598,0.6071861248845448,-0.12528077329141227,0.02090111961552892,0.1465516248876898,0.19672956501141906,0.22463826576699192,-0.1241451738244653,0.0011949842047783077,0.02090111961552892,downside,-0.16624696773784894,-0.08431457884497559
current,incumbent,guarantee:partial,1451,7,0.3676041254436873,0.5117678094689028,0.5076406826588847,-0.1400365572151974,0.02329469470004298,0.16113550010945765,0.17999552463290228,0.20716859875147464,-0.14416368402521548,0.002216046449801442,0.02329469470004298,downside,-0.18569415882728163,-0.09437895560311316
current,incumbent,guarantee:full,329,7,0.30417710104356804,0.39791888792858277,0.40337048503542844,-0.0991933839918604,0.02430722787583942,0.13061240898613902,0.12494236519412139,0.15300724223161094,-0.09374178688501467,0.0047154124024900886,0.02430722787583942,downside,-0.14683555062850565,-0.05155121735521514
current,incumbent,predicted:0.0,771,7,0.09527404854564399,0.20258346212469627,0.20674113766270613,-0.11146708911706218,0.01183574317343771,0.13027202331008383,0.11533800169161633,0.14897568983813403,-0.10730941357905226,0.0027219617606786504,0.01183574317343771,downside,-0.13466514573700009,-0.08826903249712427
current,incumbent,predicted:0.2,2436,7,0.31827040152980907,0.4764799072796985,0.47820859898614765,-0.15993819745633855,0.023320266085256672,0.17866994069845685,0.1768004465508946,0.20748085386366524,-0.15820950574988937,0.0018939497936328413,0.023320266085256672,downside,-0.20564591898344164,-0.11423047592923548
current,incumbent,predicted:0.4,3306,7,0.49918295296964127,0.6340770659751078,0.6325411072708702,-0.133358154301229,0.023116232262908275,0.15230842341612913,0.2145878182941197,0.23393534357537057,-0.13489411300546658,0.0015556801920572332,0.023116232262908275,downside,-0.17866596953652922,-0.08805033906592877
current,incumbent,predicted:0.6,2123,7,0.6679642435671441,0.7526778620426576,0.7543028778110968,-0.08633863424395273,0.0216587631071976,0.1063067242270126,0.20125206046777888,0.23278322870672544,-0.0847136184755135,0.0017371462095726927,0.0216587631071976,downside,-0.12878980993406003,-0.04388745855384544
current,incumbent,predicted:0.8,59,7,0.8253124976720068,0.9023560045562011,0.8662389693672452,-0.04092647169523849,0.01851151204895806,0.06767487160891801,0.10792453711017529,0.12908433307141712,-0.07704350688419428,0.008321536795246534,0.01851151204895806,downside,-0.07720903531119629,-0.004643908079280695
current,incumbent,realized_gt:0.6,4726,7,0.5538284960028619,0.7715248345262082,0.6865454951759513,-0.1327169991730895,0.020262815447694444,0.15307859520451422,0.21858783134810897,0.23726299758382177,-0.21769633852334636,0.001385246988984138,0.020262815447694444,downside,-0.1724321174505706,-0.09300188089560837
current,incumbent,realized_gt:0.75,2564,7,0.6171006221253035,0.8490083638194136,0.7378906200152485,-0.12078999788994511,0.01716157596751922,0.13761748355265863,0.2320994249326268,0.24854140039569111,-0.2319077416941103,0.001500446391714187,0.01716157596751922,downside,-0.1544266867862828,-0.08715330899360745
current,incumbent,realized_gt:0.9,611,7,0.6717867251178006,0.9485716919473537,0.7904034332548877,-0.11861670813708729,0.009506716864581112,0.12753474004632862,0.2767849668295531,0.2868613950778485,-0.2767849668295531,0.0020448246703068614,0.009506716864581112,downside,-0.13724987319166626,-0.09998354308250831
current,original_s2,all,8695,7,0.5597027946684562,0.5824416088476793,0.5828622856459259,-0.023159490977469846,0.0023717973979500867,0.04745866850970114,0.13020966721217328,0.1689993653609904,-0.02273881417922321,0.0005408433520142546,0.0023717973979500867,downside,-0.027808213877452016,-0.018510768077487676
current,original_s2,regime:0,2305,2,0.47202060993807154,0.4978703402035117,0.49910970647720765,-0.02708909653913614,0.007024530341889307,0.0485448830138041,0.13812782972345275,0.1733041536595399,-0.025849730265440213,0.0010256101471583727,0.007024530341889307,downside,-0.04085717600923918,-0.013321017069033098
current,original_s2,regime:1,6390,5,0.591331501366975,0.6129481462850511,0.6130735055182099,-0.02174200415123498,0.0018257000496081218,0.04706069682660248,0.1273534286224238,0.16741938005835338,-0.021616644918076078,0.000633974292302759,0.0018257000496081218,downside,-0.025320376248466902,-0.01816363205400306
current,original_s2,collateral_type:Cash,842,7,0.22886868264590457,0.2181558773044773,0.22065731400665917,0.008211368639245398,0.004608625616021992,0.05415182278514837,0.08224542851625365,0.10102943445799294,0.010712805341427246,0.0019035646525160607,0.004608625616021992,downside,-0.0008215375681577056,0.0172442748466485
current,original_s2,collateral_type:Mortgage,3049,7,0.5095749791973713,0.5427167618357165,0.5445675781089259,-0.03499259891155458,0.0039058401256893403,0.05376950125091554,0.10254504320740392,0.12476089126537777,-0.03314178263834518,0.0008674823957870027,0.0039058401256893403,downside,-0.04264804555790569,-0.027337152265203474
current,original_s2,collateral_type:Other,1674,7,0.5884355718481434,0.6111653983894649,0.6132319243614366,-0.024796352513293204,0.0026678849487562326,0.04595476379696215,0.1353766335199778,0.17081440891447922,-0.022729826541321545,0.0011810288309168002,0.0026678849487562326,downside,-0.03002540701285542,-0.01956729801373099
current,original_s2,collateral_type:Unsecured,3130,7,0.6821639329098392,0.7037726059102675,0.7013601687739803,-0.019196235864141275,0.0022730414315799527,0.039015458997420364,0.16729779052630786,0.21407353162603257,-0.02160867300042838,0.0007761628082287017,0.0022730414315799527,downside,-0.02365139707003798,-0.014741074658244568
current,original_s2,product_type:Financial Guarantee,367,7,0.5771234104754249,0.6062500081336948,0.6024670469470602,-0.025343636471635258,0.0032651916824933424,0.05068370949793984,0.13356562312524375,0.17209672275494745,-0.02912659765826986,0.0022942899534152085,0.0032651916824933424,downside,-0.03174341216932221,-0.018943860773948308
current,original_s2,product_type:Import LC,831,7,0.5800354303494601,0.6110521539045587,0.6047069420928319,-0.024671511743371764,0.0027330769329376487,0.0471230717130849,0.1310397909753949,0.16983543502535525,-0.031016723555098612,0.0013935740632801841,0.0027330769329376487,downside,-0.030028342531929555,-0.01931468095481397
current,original_s2,product_type:OVD,2848,7,0.5811800325135935,0.6022635863369169,0.6056173863885617,-0.024437353874968138,0.0021757700522664243,0.04730703202512862,0.1333455937419156,0.17211471565799713,-0.021083553823323435,0.0007591546457217216,0.0021757700522664243,downside,-0.02870186317741033,-0.020172844572525946
current,original_s2,product_type:Performance Guarantee,658,7,0.5793438607986136,0.6028870082166986,0.6027299704436362,-0.023386109645022746,0.002507241786922956,0.045977330455337306,0.12873169384739208,0.1679106561006317,-0.023543147418085133,0.0015443739854076966,0.002507241786922956,downside,-0.02830030354739174,-0.018471915742653753
current,original_s2,product_type:Term Loan,3991,7,0.5353026991664097,0.5567790906431196,0.5569972592322914,-0.021694560065881736,0.00258217267882104,0.04756998089982563,0.12773407689645938,0.16645353698392013,-0.021476391476709763,0.0006702128391143295,0.00258217267882104,downside,-0.026755618516370976,-0.016633501615392496
current,original_s2,industry:Construction,1077,1,0.5693900145669349,0.6114133878742984,0.5972005457876903,-0.027810531220755347,,0.04743253742079481,0.1285810784970306,0.16351987853284064,-0.04202337330736334,0.0014019386554175017,0.0014019386554175017,downside,-0.030558330985373652,-0.025062731456137043
current,original_s2,industry:Hospitality,668,1,0.5678836111288902,0.5803999283888146,0.5844459864292673,-0.016562375300377,,0.04122988857512377,0.13133449951924708,0.17352403130058253,-0.012516317259924392,0.0017363252327039457,0.0017363252327039457,downside,-0.019965572756476733,-0.013159177844277264
current,original_s2,industry:Manufacturing,1661,1,0.48817034147258964,0.5178240816747718,0.5201334724602672,-0.03196313098767763,,0.05163340699863918,0.1403862730921919,0.17587977776780578,-0.02965374020218214,0.001228693051574099,0.001228693051574099,downside,-0.034371369368762866,-0.0295548926065924
current,original_s2,industry:Retail,1629,1,0.5980535783609908,0.6196388402635385,0.6224889011062601,-0.024435322745269328,,0.048499594914091546,0.12987403303753525,0.1703564532430019,-0.02158526190254779,0.0012627273350194889,0.0012627273350194889,downside,-0.026910268321907526,-0.02196037716863113
current,original_s2,industry:Services,2128,1,0.6003048288846469,0.6177469694059428,0.6211782270303118,-0.020873398145664936,,0.04768396132432522,0.12587274178942198,0.16705763340291238,-0.017442140521295776,0.0011330586829257068,0.0011330586829257068,downside,-0.02309419316419932,-0.018652603127130553
current,original_s2,industry:Technology,644,1,0.4303673427349123,0.4464057989243767,0.44488536595257727,-0.014518023217664976,,0.03947905295976275,0.13230286941991895,0.16647729625410074,-0.01603845618946452,0.0016570233338759808,0.0016570233338759808,downside,-0.0177657889520619,-0.011270257483268053
current,original_s2,industry:Transport,888,1,0.6017466675627254,0.6155203402837598,0.6171656604624635,-0.015418992899738112,,0.04653608768510638,0.12179408483231326,0.1627843922877197,-0.013773672721034406,0.0017999114893304607,0.0017999114893304607,downside,-0.018946819418825814,-0.011891166380650409
current,original_s2,lien_rank:First,3026,7,0.41978908293767464,0.4358889897852618,0.4384930670408632,-0.018703984103188652,0.003956634704798855,0.052090382784954176,0.10273766592233678,0.12976154021760813,-0.016099906847587185,0.0009298073716212663,0.003956634704798855,downside,-0.026458988124594407,-0.010948980081782897
current,original_s2,lien_rank:Second,2539,7,0.5754867761579462,0.6075310946597997,0.6088421522501436,-0.033355376092197415,0.0034354719803450623,0.051018343078939425,0.11722993106794483,0.14576071395631574,-0.03204431850185355,0.0008608323472003085,0.0034354719803450623,downside,-0.04008890117367374,-0.026621851010721093
current,original_s2,lien_rank:Unsecured,3130,7,0.6821639329098392,0.7037726059102675,0.7013601687739803,-0.019196235864141275,0.0022730414315799527,0.039015458997420364,0.16729779052630786,0.21407353162603257,-0.02160867300042838,0.0007761628082287017,0.0022730414315799527,downside,-0.02365139707003798,-0.014741074658244568
current,original_s2,reporting_date:2026-01-01,8695,7,0.5597027946684562,0.5824416088476793,0.5828622856459259,-0.023159490977469846,0.0023717973979500867,0.04745866850970114,0.13020966721217328,0.1689993653609904,-0.02273881417922321,0.0005408433520142546,0.0023717973979500867,downside,-0.027808213877452016,-0.018510768077487676
current,original_s2,collateral_coverage:0-0.5,3620,7,0.676771327105157,0.6975138538916972,0.6950881536472975,-0.018316826542140494,0.0020857987659957692,0.03861411313571935,0.1640327372363959,0.2103255709178906,-0.020742526786540105,0.0007164681076511257,0.0020857987659957692,downside,-0.0224049921234922,-0.014228660960788786
current,original_s2,collateral_coverage:0.5-1,3044,7,0.4986059857389249,0.5220687965488929,0.5247821178842785,-0.026176132145353564,0.0038443255513238832,0.05170393735923601,0.11561785708861541,0.1432970748056267,-0.023462810809968006,0.0009675407046501976,0.0038443255513238832,downside,-0.03371101022594838,-0.018641254064758753
current,original_s2,collateral_coverage:1-inf,2031,7,0.44261298618033934,0.4678248257743955,0.46988266403169116,-0.027269677851351783,0.004204280447579416,0.05457346010883086,0.09179408697013694,0.11247406815282797,-0.02521183959405614,0.0012455848454430698,0.004204280447579416,downside,-0.03551006752860744,-0.019029288174096128
current,original_s2,ead_at_default:0-100000,1892,7,0.5702292522940307,0.5939789378670638,0.5935720486547951,-0.023342796360764348,0.0023153111478184953,0.04745369657167731,0.13268042776228728,0.169888427486833,-0.02374968557303308,0.00108613764415366,0.0023153111478184953,downside,-0.0278808062104886,-0.018804786511040096
current,original_s2,ead_at_default:100000-500000,4580,7,0.5584718846156089,0.5843841798987127,0.5822359136058816,-0.023764028990272544,0.0023853045853011283,0.0478233761094817,0.1294664524854836,0.16774447306966425,-0.025912295283103792,0.0006887723408195994,0.0023853045853011283,downside,-0.028439225977462755,-0.019088832003082333
current,original_s2,ead_at_default:500000-inf,2223,7,0.5532797223402744,0.5686199255735411,0.5750376848050005,-0.02175796246472601,0.0026028281976093436,0.04670259073988306,0.12963802730548094,0.17080685572948137,-0.015340203233266693,0.0009640195160492362,0.0026028281976093436,downside,-0.026859505732040323,-0.016656419197411697
current,original_s2,guarantee:zero,6915,7,0.5836771464983214,0.606050525417598,0.6071861248845448,-0.023508978386223556,0.0026645993133452895,0.04625464672498449,0.13689590047542835,0.17677971271773127,-0.022373378919276564,0.0005861827107519461,0.0026645993133452895,downside,-0.028731593040380324,-0.01828636373206679
current,original_s2,guarantee:partial,1451,7,0.48401015799392144,0.5117678094689028,0.5076406826588847,-0.023630524664963248,0.0026441606266872416,0.05085573447826684,0.10994211068678435,0.14023768627481592,-0.0277576514749813,0.0012118638378909533,0.0026441606266872416,downside,-0.028813079493270242,-0.018447969836656253
current,original_s2,guarantee:full,329,7,0.3896340193226541,0.39791888792858277,0.40337048503542844,-0.013736465712774367,0.003631588033183563,0.056132945473433137,0.07906353196272198,0.10602880814326422,-0.008284868605928628,0.003004445671612491,0.003631588033183563,downside,-0.020854378257814152,-0.006618553167734584
current,original_s2,predicted:0.0,328,7,0.14771872514358536,0.13157830813788823,0.13533811932037038,0.012380605823214971,0.005491763234257539,0.052133250592195805,0.06979352930607809,0.08475922975098182,0.01614041700569712,0.003048958584811173,0.005491763234257539,downside,0.0016167498840701944,0.02314446176235975
current,original_s2,predicted:0.2,1079,7,0.31057711389390497,0.3183193722584223,0.3175112635139739,-0.006934149620068958,0.009001972214581936,0.05267989612504086,0.08508216811497891,0.10548609961810809,-0.007742258364517329,0.001628592316537326,0.009001972214581936,downside,-0.024578015160649554,0.010709715920511637
current,original_s2,predicted:0.4,3366,7,0.5125637883692232,0.541123489694585,0.5438444521453373,-0.03128066377611404,0.0031168846144416927,0.052585515632601734,0.12394730074724991,0.15197346036741477,-0.028559701325361814,0.0008341339955991135,0.0031168846144416927,downside,-0.03738975762041976,-0.025171569931808323
current,original_s2,predicted:0.6,3661,7,0.694739953650943,0.7196315946715703,0.7175485570675186,-0.022808603416575677,0.002078584667571308,0.040244590282323404,0.1541041625873403,0.19994000935524942,-0.024891641020627405,0.0006941485292246102,0.002078584667571308,downside,-0.02688262936501544,-0.018734577468135914
current,original_s2,predicted:0.8,261,5,0.8211443292593799,0.8494734359766806,0.8562311259665715,-0.035086796707191524,0.0023798982060959937,0.04202051889450859,0.1382956546126233,0.1945639463219404,-0.028329106717300642,0.0019572924628438854,0.0023798982060959937,downside,-0.039751397191139674,-0.030422196223243377
current,original_s2,realized_gt:0.6,4726,7,0.655420676610464,0.7715248345262082,0.6865454951759513,-0.03112481856548738,0.0013358743900833685,0.04768031344599052,0.12001518765158957,0.1384289728271169,-0.11610415791574427,0.0006345510725067594,0.0013358743900833685,downside,-0.033743132370050784,-0.02850650476092398
current,original_s2,realized_gt:0.75,2564,7,0.70994604714512,0.8490083638194136,0.7378906200152485,-0.02794457287012856,0.001484963865624792,0.04386792481670734,0.1399202883340779,0.15613975449065834,-0.13906231667429378,0.0007765801047814623,0.001484963865624792,downside,-0.030855102046753152,-0.02503404369350397
current,original_s2,realized_gt:0.9,611,7,0.7593431342283137,0.9485716919473537,0.7904034332548877,-0.03106029902657423,0.0018525028499609482,0.042866880385304944,0.18922855771904007,0.19732927715561097,-0.18922855771904007,0.001345673947905617,0.0018525028499609482,downside,-0.03469120461249769,-0.02742939344065077
current,corrected,all,8695,7,0.5781620767918717,0.5824416088476793,0.5828622856459259,-0.004700208854054096,0.0034671302519682996,0.03718967962610397,0.12134720965849194,0.16660396070108144,-0.004279532055807459,0.00043783223231355276,0.0034671302519682996,downside,-0.011495784147911962,0.002095366439803772
current,corrected,regime:0,2305,2,0.49669075454303446,0.4978703402035117,0.49910970647720765,-0.0024189519341731016,0.00359534486433218,0.03294548230814684,0.12727675638310412,0.16973102813472668,-0.001179585660477177,0.0007561320921890602,0.00359534486433218,downside,-0.009465827868264175,0.004627923999917971
current,corrected,regime:1,6390,5,0.6075504019536199,0.6129481462850511,0.6130735055182099,-0.005523103564590198,0.004685741035205887,0.03860630572619631,0.11920830430634309,0.16546146200866751,-0.005397744331431295,0.0005294452350113058,0.004685741035205887,downside,-0.014707155993593738,0.003660948864413341
current,corrected,collateral_type:Cash,842,7,0.21427417820391367,0.2181558773044773,0.22065731400665917,-0.006383135802745485,0.006441455493688003,0.05439079311909213,0.08219760273183845,0.10171658179356745,-0.0038816991005636366,0.001938851213625538,0.006441455493688003,downside,-0.01900838857037397,0.006242116964883001
current,corrected,collateral_type:Mortgage,3049,7,0.5333252152258006,0.5427167618357165,0.5445675781089259,-0.011242362883125285,0.0050925395166811615,0.03812403645228457,0.09297886828858652,0.11930131898986568,-0.009391546609915884,0.0007329538294537395,0.0050925395166811615,downside,-0.021223740335820362,-0.0012609854304302098
current,corrected,collateral_type:Other,1674,7,0.6073436390478439,0.6111653983894649,0.6132319243614366,-0.005888285313592621,0.0034156434986005783,0.03440899570221318,0.12596458882965286,0.1677570267335413,-0.0038217593416209642,0.0009417763206563706,0.0034156434986005783,downside,-0.012582946570849754,0.0008063759436645127
current,corrected,collateral_type:Unsecured,3130,7,0.7041209478172756,0.7037726059102675,0.7013601687739803,0.0027607790432953292,0.002219250140819858,0.031579048782223486,0.15704355123566777,0.2130924614752781,0.0003483419070082234,0.0006158179957549071,0.002219250140819858,downside,-0.0015889512327115917,0.0071105093193022505
current,corrected,product_type:Financial Guarantee,367,7,0.6016671393469739,0.6062500081336948,0.6024670469470602,-0.0007999076000862362,0.004295614441490845,0.037902927549246686,0.1202863415168597,0.16854871672279143,-0.004582868786720832,0.0019807765109758823,0.004295614441490845,downside,-0.009219311905408293,0.007619496705235819
current,corrected,product_type:Import LC,831,7,0.6040331116327344,0.6110521539045587,0.6047069420928319,-0.000673830460097361,0.0033300802815953994,0.03780486293411662,0.11915378088577665,0.16575634722816496,-0.007019042271824205,0.0013120174908740757,0.0033300802815953994,downside,-0.007200787812024343,0.005853126891829622
current,corrected,product_type:OVD,2848,7,0.6002427100169649,0.6022635863369169,0.6056173863885617,-0.005374676371596707,0.0031776409373252177,0.036677002013916264,0.12611942383208052,0.17121775256214272,-0.002020876319952003,0.0006799644948863747,0.0031776409373252177,downside,-0.011602852608754134,0.0008534998655607201
current,corrected,product_type:Performance Guarantee,658,7,0.6020405881473363,0.6028870082166986,0.6027299704436362,-0.0006893822962999914,0.0038589391988287226,0.03495443556423493,0.11669753104860615,0.1640265565309437,-0.0008464200693623787,0.0013634371674874312,0.0038589391988287226,downside,-0.008252903126004288,0.006874138533404305
current,corrected,product_type:Term Loan,3991,7,0.5509200593006565,0.5567790906431196,0.5569972592322914,-0.0060771999316349265,0.003621004867520044,0.037711430493730984,0.11926259439340296,0.16365770751960704,-0.0058590313424629545,0.000589213747139487,0.003621004867520044,downside,-0.013174369471974211,0.0010199696087043594
current,corrected,industry:Construction,1077,1,0.5822735900833158,0.6114133878742984,0.5972005457876903,-0.014926955704374523,,0.03935293225415473,0.12097448413983357,0.16028478179954395,-0.029139797790982514,0.0012468800840931113,0.0012468800840931113,downside,-0.017370840669197023,-0.012483070739552024
current,corrected,industry:Hospitality,668,1,0.5771141868026612,0.5803999283888146,0.5844459864292673,-0.007331799626605925,,0.036407820786977206,0.12592097729233054,0.1714308583818007,-0.003285741586153318,0.0014429924221638264,0.0014429924221638264,downside,-0.010160064774047024,-0.004503534479164826
current,corrected,industry:Manufacturing,1661,1,0.5152198576987956,0.5178240816747718,0.5201334724602672,-0.004913614761471619,,0.03424759512798707,0.12797818948250503,0.171652394173507,-0.0026042239759761277,0.0009287484206179482,0.0009287484206179482,downside,-0.006733961665882797,-0.0030932678570604402
current,corrected,industry:Retail,1629,1,0.6213559962255059,0.6196388402635385,0.6224889011062601,-0.0011329048807541852,,0.03666503541105794,0.11932030728783191,0.16974869582272387,0.001717155961967354,0.0009610226186147595,0.0009610226186147595,downside,-0.0030165092132391136,0.0007506994517307434
current,corrected,industry:Services,2128,1,0.6088223262039923,0.6177469694059428,0.6211782270303118,-0.012355900826319528,,0.04033670076764477,0.11960944154640779,0.1643049038816878,-0.008924643201950366,0.0009155172742056832,0.0009155172742056832,downside,-0.014150314683762667,-0.010561486968876389
current,corrected,industry:Technology,644,1,0.4489006297888123,0.4464057989243767,0.44488536595257727,0.004015263836235032,,0.029321384598513495,0.12546762536120207,0.1646720117472175,0.002494830864435492,0.001185812550622759,0.001185812550622759,downside,0.0016910712370144247,0.0063394564354556406
current,corrected,industry:Transport,888,1,0.632728949511573,0.6155203402837598,0.6171656604624635,0.015563289049109547,,0.038530667731871346,0.11084984243808654,0.16182551472139114,0.017208609227813254,0.0012411413215030428,0.0012411413215030428,downside,0.013130652058963584,0.01799592603925551
current,corrected,lien_rank:First,3026,7,0.42796222499452774,0.4358889897852618,0.4384930670408632,-0.010530842046335507,0.005223162326046258,0.04333348320257539,0.09671529905373019,0.12640460071337584,-0.007926764790734044,0.0007799549753994411,0.005223162326046258,downside,-0.020768240205386174,-0.00029344388728484196
current,corrected,lien_rank:Second,2539,7,0.6018932643575466,0.6075310946597997,0.6088421522501436,-0.006948887892596888,0.004330950735487981,0.03562456219341391,0.10669837639872377,0.14154382246894442,-0.005637830302253011,0.0007543112651722947,0.004330950735487981,downside,-0.01543755133415333,0.001539775548959555
current,corrected,lien_rank:Unsecured,3130,7,0.7041209478172756,0.7037726059102675,0.7013601687739803,0.0027607790432953292,0.002219250140819858,0.031579048782223486,0.15704355123566777,0.2130924614752781,0.0003483419070082234,0.0006158179957549071,0.002219250140819858,downside,-0.0015889512327115917,0.0071105093193022505
current,corrected,reporting_date:2026-01-01,8695,7,0.5781620767918717,0.5824416088476793,0.5828622856459259,-0.004700208854054096,0.0034671302519682996,0.03718967962610397,0.12134720965849194,0.16660396070108144,-0.004279532055807459,0.00043783223231355276,0.0034671302519682996,downside,-0.011495784147911962,0.002095366439803772
current,corrected,collateral_coverage:0-0.5,3620,7,0.6983209008071967,0.6975138538916972,0.6950881536472975,0.0032327471598991016,0.0022625861182040343,0.032087244273640375,0.1540817381257482,0.20925450135536885,0.0008070469154994904,0.000576500507407783,0.0022625861182040343,downside,-0.001201921631780805,0.007667415951579009
current,corrected,collateral_coverage:0.5-1,3044,7,0.5175394112507548,0.5220687965488929,0.5247821178842785,-0.007242706633523721,0.004568637505018971,0.03875600099096976,0.10626178474577999,0.13952498567141955,-0.004529385298138165,0.0007462548839231672,0.004568637505018971,downside,-0.016197236143360903,0.001711822876313461
current,corrected,collateral_coverage:1-inf,2031,7,0.4548535839172702,0.4678248257743955,0.46988266403169116,-0.015029080114420926,0.0053979004635368805,0.04283480820823096,0.08561163131424147,0.10774372552819608,-0.012971241857125287,0.000986832810896201,0.0053979004635368805,downside,-0.025608965022953213,-0.004449195205888641
current,corrected,ead_at_default:0-100000,1892,7,0.5907304695018878,0.5939789378670638,0.5935720486547951,-0.0028415791529072215,0.0035561094783096,0.037597784492587404,0.12259489762595985,0.166824985149786,-0.003248468365175957,0.000918131197462942,0.0035561094783096,downside,-0.009811553730394038,0.004128395424579594
current,corrected,ead_at_default:100000-500000,4580,7,0.5768342961994938,0.5843841798987127,0.5822359136058816,-0.005401617406387722,0.003577767355449664,0.037130332351187234,0.1206712730205264,0.1652968000222963,-0.00754988369921897,0.0005825154739310885,0.003577767355449664,downside,-0.012414041423069063,0.0016108066102936188
current,corrected,ead_at_default:500000-inf,2223,7,0.5702006895249987,0.5686199255735411,0.5750376848050005,-0.004836995280001861,0.0032805520682143547,0.03696191182825968,0.12167791778599202,0.16907987476114175,0.0015807639514574582,0.0008132138654629341,0.0032805520682143547,downside,-0.011266877333701996,0.0015928867736982738
current,corrected,guarantee:zero,6915,7,0.605356505501667,0.606050525417598,0.6071861248845448,-0.0018296193828779206,0.003272874690338512,0.03339216264315314,0.12629667088900273,0.17420385362130805,-0.0006940199159309313,0.0004604114257297744,0.003272874690338512,downside,-0.008244453775941404,0.004585215010185563
current,corrected,guarantee:partial,1451,7,0.4897281790990506,0.5117678094689028,0.5076406826588847,-0.01791250355983415,0.00565480358230747,0.047134242867421364,0.10682316753106404,0.1380955213351229,-0.022039630369852202,0.0011788770700214867,0.00565480358230747,downside,-0.028995918581156792,-0.0068290885385115085
current,corrected,guarantee:full,329,7,0.3966061832479507,0.39791888792858277,0.40337048503542844,-0.006764301787477772,0.004133419433522229,0.0576052161741932,0.08137414193179152,0.10783265688076725,-0.0013127046806320345,0.0031536680023583658,0.004133419433522229,downside,-0.014865803877181338,0.0013372003022257958
current,corrected,predicted:0.0,399,7,0.14375945748270239,0.142571679243947,0.14755401489414596,-0.003794557411443594,0.006432224870654551,0.05146720350746892,0.06860577599060247,0.08615101425479281,0.0011877782387553887,0.0027256481363394955,0.006432224870654551,downside,-0.016401718157926515,0.008812603335039325
current,corrected,predicted:0.2,947,7,0.30954154401771006,0.31899660390170514,0.3179578157304221,-0.008416271712712007,0.005059672191599067,0.05024425350883407,0.08453602941486295,0.10443219102090273,-0.009455059883995065,0.0016220351598641661,0.005059672191599067,downside,-0.018333229208246177,0.0015006857828221646
current,corrected,predicted:0.4,3074,7,0.515322103123781,0.5282937228300869,0.5311085920231235,-0.0157864888993425,0.005144681007269174,0.04234645988548914,0.11821145502880737,0.1490307852944215,-0.012971619706305906,0.0007628155593674568,0.005144681007269174,downside,-0.02587006367359008,-0.00570291412509492
current,corrected,predicted:0.6,3445,7,0.6930366553679472,0.6972065787377356,0.6940439773366911,-0.0010073219687438686,0.003164261978699782,0.0257055556470532,0.14014827590831716,0.19099345989690492,-0.004169923369788421,0.0004966244733832961,0.003164261978699782,downside,-0.007209275446995441,0.005194631509507704
current,corrected,predicted:0.8,830,6,0.8494120111323787,0.818677514802572,0.8245760921058664,0.024835919026512502,0.002386268587429194,0.030841361754433857,0.12227932559247622,0.2027346649891784,0.030734496329806654,0.0007611050245440708,0.002386268587429194,downside,0.020158832595151284,0.02951300545787372
current,corrected,realized_gt:0.6,4726,7,0.6826492433853323,0.7715248345262082,0.6865454951759513,-0.003896251790618974,0.0031762654085888253,0.03379527892222196,0.10035733691044174,0.12106369996092746,-0.08887559114087586,0.0005461828911669692,0.0031762654085888253,downside,-0.01012173199145307,0.002329228410215123
current,corrected,realized_gt:0.75,2564,7,0.7420055135384951,0.8490083638194136,0.7378906200152485,0.004114893523246566,0.0026977622070740405,0.029763719481523468,0.11389970495566941,0.13504975815813733,-0.10700285028091863,0.0006301603312462285,0.0026977622070740405,downside,-0.0011727204026185526,0.009402507449111686
current,corrected,realized_gt:0.9,611,7,0.8034516275075704,0.9485716919473537,0.7904034332548877,0.013048194252682535,0.00226833055220335,0.027042132529261197,0.14584733388191495,0.16323710472587485,-0.1451200644397833,0.0010339755174771342,0.00226833055220335,downside,0.00860226637036397,0.0174941221350011
