facility_id,customer_id,industry,reporting_date,latent_regime,actual,conditional_mean,conditional_mc_se,incumbent,corrected
final-final-SME00001-000001,final-SME00001,Services,2018-10-01,0,0.407533688429,0.32177660455696544,0.0030161075936323,0.297625291151202,0.3346608155208125
final-final-SME00003-000005,final-SME00003,Construction,2019-04-01,0,0.248787629223,0.28902399431489,0.004686326751480812,0.27241974555544923,0.2657410204253604
final-final-SME00009-000015,final-SME00009,Manufacturing,2020-07-01,0,0.842973717394,0.6691625009260015,0.009973052222987352,0.6532467519153615,0.6637410941360188
final-final-SME00013-000022,final-SME00013,Technology,2019-01-01,1,0.827603676053,0.7064992981672253,0.01088864287013188,0.5915165313252821,0.7721528245452887
final-final-SME00017-000027,final-SME00017,Construction,2019-04-01,0,0.668691949827,0.5932933293939987,0.00994164629000959,0.6773460790657142,0.5477291440240111
final-final-SME00021-000033,final-SME00021,Construction,2019-04-01,0,0.378140437843,0.3634975833274875,0.002915753692607653,0.4198493489527335,0.35361379626934525
final-final-SME00024-000041,final-SME00024,Services,2019-10-01,0,0.516065502569,0.486148579415035,0.0054223330333752736,0.44720620672077516,0.49087215938257317
final-final-SME00027-000044,final-SME00027,Retail,2019-10-01,1,0.629880307941,0.6896749158078156,0.006183479320687444,0.5547816881052103,0.618362828552979
final-final-SME00028-000046,final-SME00028,Services,2018-10-01,0,0.378628776112,0.3847774852786196,0.0044794127011754635,0.42098453963256144,0.4913744253332385
final-final-SME00035-000061,final-SME00035,Services,2020-10-01,1,0.286372159757,0.40789573673271157,0.0036394489226025356,0.3953056133227309,0.46010620271553637
final-final-SME00037-000063,final-SME00037,Retail,2018-04-01,1,0.245538374799,0.3863994033464311,0.004556616211023739,0.3824639501507932,0.4675645038441752
final-final-SME00039-000068,final-SME00039,Services,2020-04-01,0,0.643942638428,0.5509143472564119,0.010643009658084878,0.5933052647285625,0.520404824497889
final-final-SME00041-000072,final-SME00041,Retail,2019-01-01,1,0.0700705214147,0.07644192191706711,0.00090749141753585,0.020102142239079763,0.08295772782661878
final-final-SME00042-000075,final-SME00042,Manufacturing,2018-01-01,1,0.443638772787,0.46087212821183454,0.005119947856224219,0.43612270896392213,0.5096765123509531
final-final-SME00044-000078,final-SME00044,Services,2019-07-01,0,0.155942330999,0.615098904124687,0.010559173270725775,0.6259603568089184,0.5598064443544013
final-final-SME00045-000079,final-SME00045,Technology,2020-04-01,0,0.429895923234,0.39209540524509834,0.003867733721263617,0.3560310171657581,0.47477737271937076
final-final-SME00046-000081,final-SME00046,Services,2018-04-01,1,0.322713387162,0.5501586206516222,0.005779194198366856,0.3765534619263872,0.5107713600276746
final-final-SME00049-000087,final-SME00049,Services,2019-01-01,0,0.413246327153,0.3199360705999416,0.002970351721423951,0.3977298464138854,0.381698162929191
final-final-SME00052-000094,final-SME00052,Technology,2020-07-01,1,0.56634017093,0.6127081009952962,0.008180909580848605,0.533642081475697,0.6413113172318561
final-final-SME00055-000099,final-SME00055,Transport,2020-07-01,1,0.715804068123,0.7429068812811299,0.009213128568868802,0.7004002558902248,0.7000866615237569
final-final-SME00059-000105,final-SME00059,Technology,2019-10-01,0,0.729043304308,0.624223351304946,0.010105496214444608,0.7349943187833469,0.5479276358109272
final-final-SME00063-000113,final-SME00063,Manufacturing,2018-10-01,1,0.759160069813,0.6326271707068138,0.009377467891291461,0.6476156901831323,0.6290923376070324
final-final-SME00065-000117,final-SME00065,Technology,2020-01-01,0,0.835652330846,0.6663345516951243,0.007442037065502125,0.7565601412667962,0.669860261260924
final-final-SME00070-000125,final-SME00070,Retail,2019-01-01,1,0.688772769086,0.6416056032573909,0.0049633921203552835,0.4507708046150974,0.6123327434666628
final-final-SME00074-000129,final-SME00074,Retail,2019-07-01,1,0.575101996251,0.6591418201728116,0.010767534151877985,0.5942997468732589,0.6626196355189741
final-final-SME00078-000135,final-SME00078,Retail,2018-01-01,1,0.539740956313,0.5070679221228624,0.00593122183376771,0.42347755464093206,0.4817807841886307
final-final-SME00081-000141,final-SME00081,Manufacturing,2019-01-01,1,0.271985841012,0.7207442279443519,0.009973272777868324,0.6282269351126748,0.6931398761851956
final-final-SME00082-000142,final-SME00082,Retail,2020-07-01,1,0.716637548926,0.5644014935823654,0.007523083677568743,0.5092455249698117,0.5898700017265668
final-final-SME00087-000152,final-SME00087,Retail,2018-04-01,1,0.371542076078,0.6363092273425273,0.006116004363399896,0.5208691516102044,0.6058891942412508
final-final-SME00090-000159,final-SME00090,Hospitality,2018-10-01,1,0.62103457029,0.5795010940801959,0.007229399198600991,0.3990491149727079,0.5674986054239706
final-final-SME00090-000160,final-SME00090,Hospitality,2018-10-01,1,0.644301724832,0.5539626866464188,0.007440654585990244,0.38005254204580224,0.5702405431941082
final-final-SME00093-000164,final-SME00093,Retail,2020-04-01,1,0.908642921025,0.6666663180953365,0.009179970814599116,0.6116168815973972,0.6646880618117205
final-final-SME00093-000166,final-SME00093,Retail,2020-04-01,1,0.795399009341,0.7242490840256087,0.00942569538287175,0.6619027348455078,0.7041403444500256
final-final-SME00098-000172,final-SME00098,Technology,2019-01-01,1,0.572589101132,0.5017016534825657,0.004487014450998616,0.3797993233818006,0.5449487135089565
final-final-SME00104-000186,final-SME00104,Services,2020-10-01,1,0.847212806463,0.6068220022883452,0.011165833491827697,0.5515332947146688,0.5991099342838168
final-final-SME00109-000193,final-SME00109,Retail,2020-10-01,0,0.228152975543,0.581612762606689,0.01088891769378471,0.736673694824023,0.5595215368306881
final-final-SME00110-000198,final-SME00110,Technology,2020-07-01,1,0.797981862971,0.7002975830565892,0.006199889172952468,0.573279128997594,0.6985661190808464
final-final-SME00111-000199,final-SME00111,Hospitality,2018-01-01,1,0.68570570741,0.6135343099671748,0.004995936655266038,0.5175276050797422,0.5746924244549009
final-final-SME00139-000253,final-SME00139,Services,2018-01-01,1,0.89004617252,0.768617437153285,0.009433745608581416,0.8142374222491529,0.7468731188094385
final-final-SME00150-000271,final-SME00150,Retail,2018-01-01,1,0.229135964489,0.25078997019944066,0.0020166709331432553,0.25197241281600297,0.35129871567344884
final-final-SME00153-000276,final-SME00153,Transport,2020-01-01,1,0.880551896417,0.6731769401717903,0.01043091098536022,0.6545126207678501,0.6609248847797742
final-final-SME00156-000280,final-SME00156,Retail,2018-10-01,1,0.386802851809,0.475506843096492,0.005680142532351246,0.2896839699683402,0.5022284948133204
final-final-SME00158-000286,final-SME00158,Manufacturing,2020-10-01,0,0.304281286657,0.40447499740922094,0.003878826550239857,0.36155217546881196,0.43229429511247225
final-final-SME00159-000287,final-SME00159,Construction,2019-01-01,1,0.427291916271,0.4913587311240122,0.00525191600469357,0.34756290376469134,0.45924914998197863
final-final-SME00161-000289,final-SME00161,Services,2019-04-01,0,0.150080006956,0.20554985062313794,0.0036417911848710396,0.18730503568788068,0.24551224718582818
final-final-SME00162-000292,final-SME00162,Retail,2018-04-01,1,0.215861090332,0.7550598759975966,0.008564533207282645,0.6944829798623955,0.706182982538091
final-final-SME00166-000299,final-SME00166,Retail,2018-04-01,1,0.685961494158,0.652731065728179,0.008324462822165512,0.6008971236280176,0.6262055274763362
final-final-SME00178-000321,final-SME00178,Retail,2019-04-01,1,0.684034186551,0.5490343503445857,0.00778250214254187,0.5335855934422934,0.5974240076344232
final-final-SME00179-000323,final-SME00179,Construction,2018-10-01,1,0.739640764528,0.6312781796022188,0.006666696626357178,0.5291189872349539,0.6122525213668741
final-final-SME00181-000326,final-SME00181,Hospitality,2018-10-01,1,0.224166407711,0.4071387934490198,0.005402384945802456,0.31134272709038713,0.45881964802949976
final-final-SME00185-000335,final-SME00185,Manufacturing,2020-10-01,0,0.347487761659,0.5257178513087108,0.004379559297902168,0.4236119787529154,0.5106204577636135
final-final-SME00186-000336,final-SME00186,Retail,2020-04-01,1,0.582101640557,0.40817523192530336,0.004749689883271462,0.4585557991331303,0.49545740041775366
final-final-SME00190-000340,final-SME00190,Construction,2018-04-01,1,0.279486329951,0.36637911095666476,0.004158448217732583,0.3264650775404537,0.4394673093862401
final-final-SME00192-000344,final-SME00192,Technology,2018-10-01,1,0.705374395768,0.6363808068993129,0.0059009363636689325,0.523241882180908,0.6177377300812598
final-final-SME00195-000351,final-SME00195,Services,2020-01-01,0,0.344696876116,0.2914927785966695,0.004695735508420491,0.10136691311304297,0.19803544172085247
final-final-SME00203-000365,final-SME00203,Manufacturing,2018-10-01,1,0.388837262428,0.41403435707846137,0.0027921502725199695,0.4006582910425289,0.4613585154247045
final-final-SME00204-000368,final-SME00204,Services,2019-01-01,0,0.359661218138,0.20234285785010886,0.0036429037242176054,0.10552394596265967,0.19740455854601702
final-final-SME00207-000372,final-SME00207,Transport,2020-01-01,1,0.324735229572,0.38921151643446494,0.00466597080650711,0.30044454368187634,0.4367144348326926
final-final-SME00208-000374,final-SME00208,Hospitality,2018-01-01,1,0.847110215544,0.7988165123151986,0.008684169415312661,0.7375773618487762,0.7708403139153374
final-final-SME00233-000417,final-SME00233,Transport,2020-10-01,1,0.851496790168,0.7805475406977478,0.009668494182551569,0.6504478306960292,0.7323476959298512
final-final-SME00235-000420,final-SME00235,Technology,2020-04-01,0,0.222029651619,0.5463623555757371,0.01049683571120268,0.47403924008200143,0.5603465613273173
final-final-SME00239-000425,final-SME00239,Retail,2020-10-01,0,0.156441772811,0.6284820191484084,0.009895630745838921,0.7132727871577251,0.5662093304883303
final-final-SME00240-000428,final-SME00240,Services,2019-01-01,0,0.121668504567,0.19183772983480182,0.003690318495712131,0.18141241310213738,0.23240333386592368
final-final-SME00249-000445,final-SME00249,Transport,2020-07-01,1,0.76879056815,0.6982610322561682,0.006505168362155921,0.45424149221118076,0.6459101601634478
final-final-SME00251-000448,final-SME00251,Services,2019-04-01,0,0.620341170467,0.5380713200327183,0.010545215952058538,0.6456268109673646,0.5140748076885299
final-final-SME00254-000454,final-SME00254,Transport,2018-01-01,1,0.120771521826,0.10921977533598165,0.003054576489846286,0.08694282183777792,0.15453380851461465
final-final-SME00258-000464,final-SME00258,Hospitality,2019-07-01,0,0.734505008501,0.6099118628470297,0.005135428744546153,0.5741457348667521,0.6150293924764717
final-final-SME00259-000465,final-SME00259,Services,2018-01-01,1,0.273556544025,0.6865909010657115,0.007115333269738839,0.6176309781087651,0.6673532432847408
final-final-SME00264-000473,final-SME00264,Hospitality,2018-10-01,1,0.233116699339,0.5589496035299276,0.009239056289175407,0.523095842189747,0.5700913656626988
final-final-SME00274-000489,final-SME00274,Technology,2018-10-01,1,0.669602972559,0.6226128859309756,0.004636890411191316,0.5261091360261931,0.6351913382188211
final-final-SME00283-000502,final-SME00283,Services,2018-01-01,1,0.261548651922,0.29228957555228874,0.0032201496754430564,0.28884499786903794,0.40528417597279137
final-final-SME00287-000508,final-SME00287,Construction,2020-01-01,1,0.639615251765,0.6466833872005195,0.011027641810573696,0.5691245653114082,0.6497683158821211
final-final-SME00295-000521,final-SME00295,Construction,2020-07-01,0,0.389853354337,0.25669049394608934,0.002680549141636072,0.2402962563020072,0.2949236699257003
final-final-SME00299-000527,final-SME00299,Retail,2020-10-01,0,0.270164967384,0.3212009184353002,0.0024793104895545833,0.3846866091447429,0.3342851565511681
final-final-SME00311-000548,final-SME00311,Technology,2018-04-01,0,0.568297823586,0.5885125187527782,0.008684093384813003,0.6397200497639203,0.5786162412814985
final-final-SME00326-000574,final-SME00326,Retail,2020-01-01,1,0.434749865847,0.4356688454909336,0.0025115287682766045,0.33337829314189027,0.4633634166476637
final-final-SME00327-000576,final-SME00327,Services,2020-04-01,0,0.30035457511,0.14792163223816027,0.003305967009321013,0.14263651016581233,0.20937231531032705
final-final-SME00334-000592,final-SME00334,Retail,2019-04-01,1,0.771203937651,0.5609986088537068,0.008608417917343947,0.5692278190060709,0.5886142518946132
final-final-SME00335-000593,final-SME00335,Technology,2018-01-01,0,0.25746855434,0.5773011667040776,0.010451517355286566,0.6490355968349294,0.49859388176255176
final-final-SME00342-000605,final-SME00342,Technology,2018-07-01,0,0.386272839448,0.30834657890755435,0.0039522530980762105,0.5008678547605705,0.4064451548947447
final-final-SME00344-000607,final-SME00344,Retail,2020-04-01,1,0.620754443736,0.565578832871254,0.003794859728388797,0.4111906823389599,0.5641888284341201
final-final-SME00349-000617,final-SME00349,Services,2020-10-01,1,0.0618413552287,0.08165320688681203,0.0016890216268988503,0.0723729258496408,0.16739289358092932
final-final-SME00360-000635,final-SME00360,Services,2018-01-01,1,0.842136355536,0.6831031894324326,0.00984351086583641,0.6672969243042496,0.6736741037328973
final-final-SME00367-000648,final-SME00367,Services,2018-01-01,1,0.705913428445,0.7676824661664645,0.009548540113717422,0.7248399654095891,0.727918729283424
final-final-SME00368-000650,final-SME00368,Manufacturing,2018-07-01,1,0.358208149345,0.3050879098090533,0.002670438506073441,0.22558967127890978,0.3622459821131393
final-final-SME00375-000657,final-SME00375,Services,2019-07-01,0,0.319655525075,0.34123277414398967,0.0035829332467026786,0.3115911010849477,0.3578500557127154
final-final-SME00376-000661,final-SME00376,Manufacturing,2018-04-01,1,0.770727483988,0.5950442183115816,0.004813222704979345,0.4230502012133179,0.546145354168066
final-final-SME00379-000667,final-SME00379,Services,2019-01-01,0,0.543077615763,0.5410801152361161,0.005318753968711151,0.6080296065295537,0.5439555426183035
final-final-SME00384-000677,final-SME00384,Manufacturing,2018-04-01,1,0.652876956382,0.5313424748534709,0.0035550568120579504,0.3630894530029188,0.5154723624702494
final-final-SME00386-000680,final-SME00386,Services,2020-07-01,0,0.628264456878,0.5331148964431909,0.01088424109836759,0.6310920265914133,0.549980485615581
final-final-SME00406-000718,final-SME00406,Hospitality,2019-10-01,0,0.161644702598,0.5223269438156467,0.010520698905368712,0.5752448316009919,0.5576371440654069
final-final-SME00407-000720,final-SME00407,Manufacturing,2018-10-01,1,0.81771275201,0.7389311574369483,0.009161442154634143,0.6741760359466578,0.7299545485900116
final-final-SME00411-000727,final-SME00411,Manufacturing,2019-04-01,1,0.750833640118,0.534958268218251,0.011130258318808137,0.49175635500944465,0.615223798914067
final-final-SME00413-000731,final-SME00413,Transport,2020-04-01,1,0.0595237062294,0.10769416856150658,0.002792688480729125,0.025151140870588375,0.16178401946978235
final-final-SME00416-000735,final-SME00416,Hospitality,2019-04-01,1,0.234896569711,0.616748726394118,0.010896412121272445,0.5978979779281384,0.560105314769194
final-final-SME00430-000756,final-SME00430,Retail,2018-10-01,1,0.698351946273,0.6435395091881764,0.010414878644761838,0.5864947405561352,0.642909369528628
final-final-SME00434-000763,final-SME00434,Technology,2019-04-01,0,0.352673463717,0.31548307156867655,0.0015597341855509619,0.31182736265198074,0.39831754385140633
final-final-SME00435-000764,final-SME00435,Construction,2020-10-01,0,0.513763800805,0.40246939399862375,0.010257936150393542,0.5598050879042061,0.39083269658266623
final-final-SME00440-000772,final-SME00440,Transport,2019-10-01,1,0.591829898863,0.5586696415061216,0.004237283862181693,0.4314564061838046,0.5455889321507169
final-final-SME00444-000778,final-SME00444,Services,2020-01-01,0,0.0957901932941,0.5247240523223502,0.01032797346936105,0.59126909954301,0.5291145944624487
final-final-SME00445-000780,final-SME00445,Services,2020-10-01,1,0.202214632511,0.5734972380797716,0.006682755348906349,0.45489477235571013,0.484263761385262
final-final-SME00456-000798,final-SME00456,Hospitality,2018-10-01,1,0.5366533952,0.5583012171051365,0.009244462968256982,0.4988768094929261,0.5919314239657343
final-final-SME00462-000808,final-SME00462,Retail,2019-04-01,1,0.222914037427,0.6756622971525382,0.010194092839842316,0.6885505814836508,0.6792313313877809
final-final-SME00466-000814,final-SME00466,Technology,2018-04-01,0,0.230788592692,0.26834170202896457,0.0035650396346587204,0.3328043763079101,0.33009155782192945
final-final-SME00467-000815,final-SME00467,Manufacturing,2020-10-01,0,0.663620187744,0.5948428519957698,0.009779762929538248,0.6314460287677764,0.5551251478613851
final-final-SME00478-000835,final-SME00478,Retail,2020-01-01,1,0.440806605486,0.43671239756565133,0.0036019822091673988,0.2723314716804798,0.46044272094699723
final-final-SME00489-000854,final-SME00489,Hospitality,2018-04-01,0,0.272576841875,0.2093104670295094,0.0035312097045113833,0.2329073496480134,0.2762977833177042
final-final-SME00499-000868,final-SME00499,Retail,2018-04-01,1,0.724305355726,0.5983920096379682,0.009673835295067145,0.47200258010413754,0.5887735910675264
final-final-SME00503-000874,final-SME00503,Hospitality,2019-01-01,1,0.273517757075,0.5858501666414844,0.008649080271301174,0.4384009035849508,0.5338401013775529
final-final-SME00506-000881,final-SME00506,Services,2020-10-01,1,0.853673804535,0.6282219683263962,0.009791222276411127,0.5725187018045937,0.6146329253431202
final-final-SME00509-000885,final-SME00509,Retail,2020-01-01,1,0.629070494543,0.46375154316563794,0.0040270174937922665,0.3576996663239618,0.48326463006863907
final-final-SME00510-000886,final-SME00510,Services,2018-07-01,1,0.304149804979,0.34099708338520507,0.0044707048551453025,0.181739138848047,0.3466934841136951
final-final-SME00514-000893,final-SME00514,Retail,2020-07-01,1,0.720959784558,0.708237354716823,0.010063064127425652,0.5898606067603588,0.6951054052092946
final-final-SME00518-000898,final-SME00518,Retail,2018-04-01,1,0.857563195774,0.7817603187311623,0.009400734699931648,0.7761462724513334,0.7429415944785285
final-final-SME00519-000901,final-SME00519,Retail,2020-07-01,1,0.541609137795,0.5019110877543118,0.006183113468585397,0.4073487859288187,0.4601545248551261
final-final-SME00520-000904,final-SME00520,Construction,2020-04-01,0,0.283944845679,0.3088684751135447,0.0032158152067147173,0.36939254612329303,0.4131163120574441
final-final-SME00522-000907,final-SME00522,Transport,2018-01-01,1,0.601981851272,0.565363789796382,0.010617644652643815,0.5038356358433942,0.5804669802918214
final-final-SME00532-000925,final-SME00532,Retail,2018-10-01,1,0.634014981908,0.5181370201846323,0.008288265959237847,0.43728336781709365,0.5441033717872755
final-final-SME00541-000937,final-SME00541,Construction,2020-07-01,0,0.694565343286,0.5270066533264781,0.007612378051193865,0.5763370016758524,0.4780148262025661
final-final-SME00549-000948,final-SME00549,Hospitality,2019-01-01,1,0.473937458626,0.6681266487962954,0.010513236795357464,0.561997375611117,0.6687121811229054
final-final-SME00551-000953,final-SME00551,Hospitality,2019-01-01,1,0.274339297404,0.6710908212030211,0.010191003876756739,0.5381534144727701,0.6579751383802942
final-final-SME00551-000954,final-SME00551,Hospitality,2019-01-01,1,0.6303813929,0.6718325689252047,0.01048118984920386,0.5251895324857889,0.6613933792977847
final-final-SME00553-000957,final-SME00553,Manufacturing,2018-01-01,1,0.358341219266,0.32027197625643555,0.00269663027693926,0.2387112395256958,0.36007678695028456
final-final-SME00571-000991,final-SME00571,Retail,2018-07-01,1,0.580318046224,0.5585423081825476,0.010965312901191815,0.5389025646511034,0.5977929423465521
final-final-SME00578-001002,final-SME00578,Construction,2018-04-01,1,0.23330954734,0.6556179187392339,0.01063697204524421,0.5629748824229547,0.7180746256013554
final-final-SME00590-001027,final-SME00590,Manufacturing,2020-07-01,0,0.589140385614,0.57785453601748,0.008190876123674393,0.6222046923390463,0.5723109767846678
final-final-SME00595-001037,final-SME00595,Services,2018-10-01,0,0.260547772284,0.23101724311309296,0.00168459943334179,0.26885662461802756,0.27066426391382026
final-final-SME00611-001066,final-SME00611,Services,2020-10-01,1,0.701612464775,0.5966172796088953,0.008245752915243786,0.541785920178014,0.6021625957238994
final-final-SME00615-001073,final-SME00615,Services,2020-07-01,0,0.189400336105,0.42282367214400024,0.0065653055548302724,0.4811832286686608,0.44848946903446896
final-final-SME00618-001077,final-SME00618,Services,2019-01-01,0,0.553358341219,0.5039226586391226,0.0047874771551349145,0.48782081788471293,0.4632620478575598
final-final-SME00620-001082,final-SME00620,Construction,2019-04-01,0,0.237182164158,0.284259329266762,0.0019208681391588874,0.39540850218356416,0.32913472639847313
final-final-SME00623-001087,final-SME00623,Retail,2020-07-01,1,0.706210681152,0.5902412205961582,0.008246395193476311,0.4928259275658578,0.6015825875596968
final-final-SME00626-001093,final-SME00626,Services,2019-10-01,0,0.703650327641,0.5169027948752513,0.011040781211661724,0.5767731286518916,0.5746336696574347
final-final-SME00627-001094,final-SME00627,Technology,2018-07-01,0,0.502240627961,0.4645003877754911,0.004588700969856763,0.4761041950447076,0.44253652234072405
final-final-SME00632-001101,final-SME00632,Services,2019-04-01,0,0.205555555863,0.3240667328000125,0.006468818120347266,0.353115413254821,0.3377365825931075
final-final-SME00656-001145,final-SME00656,Retail,2019-04-01,1,0.729006142727,0.6381404789322218,0.010983929840052841,0.6562262487075028,0.6710073259693032
final-final-SME00658-001148,final-SME00658,Hospitality,2019-10-01,0,0.123411111155,0.4067179225024592,0.006736922957498013,0.40463736165077796,0.44825688389203944
final-final-SME00663-001153,final-SME00663,Services,2019-04-01,0,0.185248332555,0.45693871722900103,0.010507230305941962,0.5744929138045038,0.4824347040048874
final-final-SME00675-001171,final-SME00675,Transport,2020-07-01,1,0.758123872846,0.6307835928384151,0.008661791420998632,0.5459632248604603,0.6949787201995625
final-final-SME00703-001213,final-SME00703,Technology,2019-01-01,1,0.933151698008,0.849792342428146,0.008415953991442142,0.7314479452231726,0.795123876450331
final-final-SME00709-001223,final-SME00709,Hospitality,2020-07-01,1,0.684968991336,0.5877290529756067,0.005846339127339667,0.4380005690939505,0.5581848984481844
final-final-SME00712-001227,final-SME00712,Services,2020-01-01,0,0.361523311219,0.4042995976929825,0.003858548607879901,0.382049225102644,0.431063300829906
final-final-SME00714-001231,final-SME00714,Retail,2018-04-01,1,0.686898537746,0.6852553269254408,0.008549618832921333,0.5900710340614417,0.6772840993561108
final-final-SME00724-001247,final-SME00724,Technology,2020-04-01,0,0.565293901195,0.39759974206969273,0.004215394833791115,0.3507308249015268,0.42202468907037954
final-final-SME00724-001248,final-SME00724,Technology,2020-04-01,0,0.242450630881,0.21574343668704785,0.001247877641814424,0.32393443669852207,0.3656759171110064
final-final-SME00726-001252,final-SME00726,Technology,2020-10-01,1,0.734721261476,0.6218012566894919,0.006835401798557771,0.4835472646603544,0.5852153522710406
final-final-SME00727-001254,final-SME00727,Manufacturing,2019-07-01,1,0.413877112414,0.4239590668435882,0.003285086875070229,0.33718637399055906,0.4757283549807926
final-final-SME00733-001261,final-SME00733,Retail,2019-01-01,1,0.656474421671,0.5506072055693776,0.005207379878527693,0.43190118602865946,0.48298296770513244
final-final-SME00736-001265,final-SME00736,Services,2020-04-01,0,0.186393392675,0.20120008806926876,0.0020213112029110023,0.1444840582720579,0.2191244998568123
final-final-SME00738-001268,final-SME00738,Retail,2018-07-01,1,0.744721840381,0.5981747793957561,0.008411243994604613,0.5758898685251134,0.6238936916673451
final-final-SME00740-001270,final-SME00740,Retail,2020-04-01,1,0.219974936729,0.6100697410272383,0.010882475423887095,0.5243427639532329,0.6345861655252966
final-final-SME00740-001271,final-SME00740,Retail,2020-04-01,1,0.853215900968,0.6193878406659605,0.010999676395952734,0.5332891961798375,0.6345861655252966
final-final-SME00743-001277,final-SME00743,Technology,2019-07-01,0,0.613795088218,0.4913430738144656,0.008057544903766254,0.5216992930141402,0.5293546494958454
final-final-SME00743-001278,final-SME00743,Technology,2019-07-01,0,0.581060647163,0.48017415787963896,0.007698206673425212,0.5086735791060986,0.5288580010662283
final-final-SME00744-001279,final-SME00744,Manufacturing,2020-10-01,0,0.224014684953,0.25556635591154914,0.002867084399179919,0.24279665772519016,0.3015043734857254
final-final-SME00760-001306,final-SME00760,Services,2020-07-01,0,0.430066907724,0.3823380263350208,0.003590419122607943,0.3908773817220236,0.42059533346955064
final-final-SME00773-001330,final-SME00773,Transport,2020-07-01,1,0.253898277974,0.48930815220224827,0.0071724565321315825,0.40296683969328656,0.5021217511807438
final-final-SME00773-001331,final-SME00773,Transport,2020-07-01,1,0.725865062198,0.550354398393555,0.00787854008916615,0.43618391230692644,0.5418765090313594
final-final-SME00774-001332,final-SME00774,Retail,2018-10-01,1,0.362321588073,0.4840869058089774,0.004364272963130105,0.40789920719211276,0.5228182559238047
final-final-SME00786-001351,final-SME00786,Construction,2018-07-01,1,0.24756071162,0.2391098732807171,0.002976752935846805,0.21786064734722824,0.3182813468938185
final-final-SME00791-001361,final-SME00791,Retail,2018-01-01,1,0.749927962067,0.6385297580685817,0.007398108134068866,0.6322684262024973,0.637007267215507
final-final-SME00804-001386,final-SME00804,Hospitality,2020-10-01,1,0.734779063984,0.720099636868391,0.008513038524451002,0.6133079864836223,0.6975113534919358
final-final-SME00805-001387,final-SME00805,Services,2020-04-01,0,0.742294681621,0.699045439947591,0.009744617064243006,0.7791811931969181,0.6763204826447976
final-final-SME00806-001389,final-SME00806,Retail,2020-10-01,0,0.192340590721,0.2169453068999846,0.0034842339325995182,0.2504430342468695,0.25673224293058927
final-final-SME00809-001394,final-SME00809,Retail,2019-04-01,1,0.524043542655,0.5858747348660704,0.010660309390218019,0.5744018479410192,0.5868735339445817
final-final-SME00815-001403,final-SME00815,Services,2019-10-01,0,0.212031624376,0.23671348146337956,0.0020799924462021027,0.18738764643872333,0.25859207814139584
final-final-SME00817-001406,final-SME00817,Construction,2019-01-01,1,0.770741202659,0.7543837152236152,0.007605383974967549,0.6994269462134162,0.7242347317400974
final-final-SME00818-001408,final-SME00818,Construction,2018-01-01,1,0.13355846151,0.30696977211775367,0.004433966089328337,0.26202653527133324,0.3209208021997663
final-final-SME00818-001409,final-SME00818,Construction,2018-01-01,1,0.340033271803,0.24865982000717346,0.004126775219257744,0.2218230319894008,0.3209208021997663
final-final-SME00826-001422,final-SME00826,Construction,2020-04-01,0,0.619285666842,0.4394187650506719,0.004220642385147236,0.3741207472666239,0.44754616892795085
final-final-SME00830-001428,final-SME00830,Services,2019-07-01,0,0.674031453422,0.6016585701311823,0.010922987351647281,0.6171447953712138,0.556586821186353
final-final-SME00831-001430,final-SME00831,Construction,2018-10-01,1,0.39042726687,0.38801136243511536,0.004820236693887539,0.395235664596658,0.43858595691872343
final-final-SME00835-001435,final-SME00835,Manufacturing,2018-04-01,1,0.870694233655,0.7464971300878169,0.00971960534497627,0.6815056821504589,0.748860259071383
final-final-SME00835-001436,final-SME00835,Manufacturing,2018-04-01,1,0.969090098748,0.7658332442324247,0.009190559313107445,0.662970416739679,0.748860259071383
final-final-SME00849-001460,final-SME00849,Technology,2018-04-01,0,0.507974776604,0.5924480892357328,0.008792830797860128,0.6631259580944365,0.6087353337163385
final-final-SME00853-001468,final-SME00853,Services,2020-01-01,0,0.401334782296,0.4225857931978586,0.004926086411941662,0.5254774499957298,0.4840491338028339
final-final-SME00875-001501,final-SME00875,Construction,2019-04-01,0,0.234705611927,0.14765549792225446,0.0031709186262249616,0.10270432745337828,0.16057002805735388
final-final-SME00881-001509,final-SME00881,Manufacturing,2020-04-01,1,0.361394178794,0.2953453568124355,0.0033116775513875197,0.3150213050564549,0.42780913348699734
final-final-SME00890-001524,final-SME00890,Services,2020-07-01,0,0.487222789791,0.594104157418875,0.007470953073189999,0.5398991801464981,0.5351997032532438
final-final-SME00892-001528,final-SME00892,Manufacturing,2020-04-01,1,0.577113960696,0.5716498797070242,0.005421498093736384,0.4491822080557918,0.6279933486076502
final-final-SME00896-001536,final-SME00896,Manufacturing,2020-04-01,1,0.40288039966,0.40584956603188915,0.0044389718952254345,0.26580793257260527,0.438883295102878
final-final-SME00908-001554,final-SME00908,Retail,2020-04-01,1,0.728057595642,0.7255059091884937,0.009924334456121741,0.6845942815437419,0.7038031483630336
final-final-SME00922-001574,final-SME00922,Manufacturing,2018-01-01,1,0.349191891099,0.37678525934111695,0.0037244284804957865,0.30984603958378093,0.44021969198420413
final-final-SME00924-001577,final-SME00924,Retail,2018-10-01,1,0.751945158468,0.7408376331574604,0.009408425155804003,0.654688719653567,0.6976506048538592
final-final-SME00927-001582,final-SME00927,Construction,2018-10-01,1,0.258670908002,0.6715991247388756,0.010232039692125511,0.6370080239417849,0.6388821229956627
final-final-SME00929-001587,final-SME00929,Retail,2018-01-01,1,0.486853266809,0.4127276396733377,0.00461506548937503,0.2978460233906778,0.4540629374961345
final-final-SME00930-001590,final-SME00930,Services,2019-07-01,0,0.135314361528,0.6494042131288376,0.010544892495201987,0.707075994328468,0.6407734244791403
final-final-SME00932-001593,final-SME00932,Construction,2018-01-01,1,0.392842569238,0.35814226257890547,0.0036036653063768126,0.2765033941978003,0.35711326817166067
final-final-SME00945-001616,final-SME00945,Manufacturing,2020-01-01,0,0.262179832935,0.2570472786383464,0.0019060227812724231,0.2850995979505928,0.27262716402758663
final-final-SME00958-001634,final-SME00958,Services,2020-07-01,0,0.171009085281,0.4922507110450637,0.008808930877105828,0.5710887469377492,0.5307331692993059
final-final-SME00959-001635,final-SME00959,Manufacturing,2018-04-01,1,0.624514213121,0.4992729503429525,0.007139921601341801,0.3395404690021728,0.49910589048061643
final-final-SME00966-001648,final-SME00966,Manufacturing,2020-01-01,0,0.746461760803,0.5543552079742394,0.0077977188346266485,0.5490325950283902,0.5120158313418722
final-final-SME00968-001651,final-SME00968,Manufacturing,2019-01-01,1,0.657300827625,0.5899787649009172,0.009780467706644425,0.6168864023016258,0.6214370182177461
final-final-SME00970-001655,final-SME00970,Manufacturing,2019-10-01,0,0.206718249642,0.24792907261689584,0.0024076895570029834,0.28157145790784394,0.30711658423668675
final-final-SME00980-001676,final-SME00980,Retail,2020-07-01,1,0.270583259449,0.48059792077957664,0.004271787485459173,0.35138107427486126,0.5012570722133973
final-final-SME00988-001694,final-SME00988,Manufacturing,2018-04-01,1,0.707141213779,0.6017092676994845,0.007645711319911366,0.43930066509335086,0.5883022731495327
final-final-SME00992-001700,final-SME00992,Retail,2019-04-01,1,0.736832296184,0.5759190622568587,0.011099900558213539,0.5528887123737393,0.612262304730354
final-final-SME00994-001704,final-SME00994,Services,2020-01-01,0,0.199347870805,0.25628223372104936,0.001783936339555885,0.3780761649339462,0.32120467162642136
final-final-SME00995-001705,final-SME00995,Technology,2018-10-01,1,0.524929183876,0.602597661519906,0.005294563476688217,0.4231007238226905,0.5302438851007423
final-final-SME00999-001711,final-SME00999,Retail,2020-10-01,0,0.714936124258,0.6313939409603008,0.009802138428881902,0.7352800577442643,0.5593871626694865
final-final-SME01009-001726,final-SME01009,Hospitality,2020-10-01,1,0.609148600635,0.5500597808486718,0.005927441855654659,0.41637730313984617,0.5323292058929677
final-final-SME01014-001736,final-SME01014,Construction,2018-01-01,1,0.320363097436,0.4515611235906384,0.004901576075539804,0.29220488319940174,0.41759801230100274
final-final-SME01014-001737,final-SME01014,Construction,2018-01-01,1,0.332928219422,0.5006997418713004,0.004680785241986788,0.3752908224469372,0.5031979992950469
final-final-SME01023-001754,final-SME01023,Transport,2019-04-01,1,0.475936184126,0.44503839463169215,0.0032335496439584483,0.32772319852638393,0.4791879925307997
final-final-SME01023-001755,final-SME01023,Transport,2019-04-01,1,0.269423418705,0.36565627768483827,0.001647183932937628,0.22909619043918755,0.4241933712807076
final-final-SME01028-001766,final-SME01028,Retail,2019-04-01,1,0.921658901462,0.677273838150518,0.01019853139198211,0.5851549120585371,0.6574187936299953
final-final-SME01032-001774,final-SME01032,Manufacturing,2018-07-01,1,0.4355832266,0.48527726457208864,0.004598172721369374,0.4007633566366633,0.5223720628355224
final-final-SME01041-001789,final-SME01041,Manufacturing,2018-01-01,1,0.39106817086,0.6252607320944638,0.005227715320231748,0.523489308597461,0.6363179483094877
final-final-SME01047-001801,final-SME01047,Services,2020-01-01,0,0.622844085311,0.5474890855012057,0.00780733576185812,0.6465978584050028,0.523253054215188
final-final-SME01047-001802,final-SME01047,Services,2020-01-01,0,0.556924894603,0.6045482052768902,0.008118478135113306,0.723762866897362,0.6085626945541812
final-final-SME01053-001813,final-SME01053,Retail,2018-10-01,1,0.683902686806,0.6172884376480967,0.008519928430957063,0.5506618483918656,0.6556967509183225
final-final-SME01055-001816,final-SME01055,Manufacturing,2020-07-01,0,0.762105002688,0.7930577305913954,0.008349916020437028,0.7928969205709506,0.736220887513487
final-final-SME01060-001826,final-SME01060,Hospitality,2018-10-01,1,0.58711620553,0.5266186670666083,0.0035345082129458103,0.3560096199434186,0.4756965213013229
final-final-SME01067-001838,final-SME01067,Retail,2018-07-01,1,0.599621498891,0.6211609110418237,0.007702101471300486,0.6137761724715367,0.6218707267914575
final-final-SME01072-001843,final-SME01072,Services,2020-01-01,0,0.618529868436,0.4048965185678081,0.004876267334180355,0.38130545401036203,0.3890611483295391
final-final-SME01074-001848,final-SME01074,Services,2019-04-01,0,0.214088844896,0.25224955943066607,0.002768437896190316,0.25301901499367296,0.24149759045766586
final-final-SME01076-001850,final-SME01076,Transport,2018-01-01,1,0.30063119836,0.3532420953581469,0.0035783885691929086,0.2804591226851564,0.38142101123832534
final-final-SME01076-001851,final-SME01076,Transport,2018-01-01,1,0.63544659033,0.4700757923309751,0.0039004223881267523,0.39244489202358,0.4785837904722108
final-final-SME01103-001903,final-SME01103,Services,2019-04-01,0,0.606854494056,0.47431662365881977,0.004111987783161847,0.38031221883432287,0.4243929136810655
final-final-SME01115-001923,final-SME01115,Services,2020-10-01,1,0.530829729378,0.5975897306642286,0.005552469976192392,0.4950017165332869,0.5497806373232184
final-final-SME01119-001930,final-SME01119,Services,2019-10-01,0,0.777377860377,0.6411109609149933,0.01030999395481778,0.7282679015114649,0.6052435965653279
final-final-SME01126-001943,final-SME01126,Services,2018-01-01,1,0.272657416804,0.22885171789062952,0.003999638059525024,0.11097005342900237,0.21019071661112576
final-final-SME01131-001953,final-SME01131,Manufacturing,2019-10-01,0,0.0463830014205,0.07769993732616762,0.002179041566667604,0.09181742278574266,0.1431902705601041
final-final-SME01142-001972,final-SME01142,Retail,2018-01-01,1,0.878485354181,0.7292131571122931,0.009590045925343155,0.6851061163362733,0.6974695602069567
final-final-SME01151-001990,final-SME01151,Services,2018-07-01,1,0.137366689169,0.2317834004641054,0.0037789608325680406,0.06536757658728544,0.2209214367769416
final-final-SME01155-001996,final-SME01155,Manufacturing,2019-10-01,0,0.693969041839,0.6034768731938951,0.010273965530539208,0.6421977255681173,0.5822683157062827
final-final-SME01156-001999,final-SME01156,Retail,2019-10-01,1,0.883649623543,0.8284132851652243,0.008098635812618379,0.6686256620849869,0.7702018369482956
final-final-SME01158-002002,final-SME01158,Hospitality,2019-01-01,1,0.80648982255,0.7525726022133699,0.006226078558997191,0.6283178118059892,0.7308161344891643
final-final-SME01160-002006,final-SME01160,Retail,2018-07-01,1,0.59806980705,0.55349220072235,0.004945914098270575,0.5087666956260217,0.5788289575465249
final-final-SME01161-002008,final-SME01161,Manufacturing,2019-07-01,1,0.811256717101,0.6990123171954916,0.01054354424410885,0.6394207704280878,0.7257497949579016
final-final-SME01164-002013,final-SME01164,Retail,2019-04-01,1,0.474281821846,0.4250116287589502,0.004067925604818505,0.33304333982522416,0.4610747261515652
final-final-SME01165-002015,final-SME01165,Construction,2020-07-01,0,0.16916777264,0.08508273288457846,0.00225228284235615,0.05038772056760407,0.09162937110412267
final-final-SME01166-002016,final-SME01166,Retail,2018-10-01,1,0.800159774817,0.5976085507384099,0.010760449496832532,0.5156815192670096,0.618993668019638
final-final-SME01169-002023,final-SME01169,Manufacturing,2020-04-01,1,0.829263679064,0.6968080938723271,0.010360647840062204,0.6545126207678501,0.6930019088342473
final-final-SME01176-002037,final-SME01176,Retail,2018-04-01,1,0.594091378098,0.4879945517564671,0.006401708511913346,0.3641140058279935,0.45876789601429624
final-final-SME01184-002051,final-SME01184,Services,2019-10-01,0,0.477368792465,0.4112548097421722,0.003133143539674808,0.4021285280932576,0.4306946569541207
final-final-SME01201-002081,final-SME01201,Retail,2018-07-01,1,0.236066120761,0.508928878216965,0.010912868491251356,0.5245928591268764,0.5287150626227352
final-final-SME01206-002091,final-SME01206,Retail,2020-01-01,1,0.273053260447,0.2459003699756679,0.003986775583541221,0.19046943550310455,0.30498060330674187
final-final-SME01213-002104,final-SME01213,Retail,2019-07-01,1,0.225548387322,0.6057257885695535,0.00807363756731048,0.5073681488452126,0.5786753272792438
final-final-SME01222-002121,final-SME01222,Retail,2018-04-01,1,0.342565112243,0.3243615724385416,0.0028298723115644914,0.21083563584374945,0.3683949073987015
final-final-SME01224-002125,final-SME01224,Manufacturing,2018-07-01,1,0.742162557798,0.6292640908047593,0.005837228541595783,0.49953501599683786,0.6436356707698153
final-final-SME01228-002129,final-SME01228,Manufacturing,2020-01-01,0,0.170740691551,0.3774979896937143,0.004877037106960208,0.4037379853987242,0.3827309591190708
final-final-SME01232-002137,final-SME01232,Hospitality,2019-01-01,1,0.158616965009,0.1298897055506935,0.003351065979533177,0.05810994632925997,0.19911351707080485
final-final-SME01234-002144,final-SME01234,Services,2018-01-01,1,0.513420494003,0.4940901846262207,0.00359043975778938,0.42220880259087606,0.5698968562119542
final-final-SME01241-002153,final-SME01241,Manufacturing,2018-10-01,1,0.654136163282,0.5708177698203156,0.006594932944957377,0.5144130973660601,0.5724764257141142
final-final-SME01248-002164,final-SME01248,Hospitality,2020-04-01,1,0.848756035781,0.8419216293854741,0.008365035850691666,0.6901328341343188,0.8299307128561986
final-final-SME01254-002174,final-SME01254,Construction,2019-04-01,0,0.549797357315,0.5186064040161178,0.005941052206576189,0.5320633006161806,0.4893563605685424
final-final-SME01263-002190,final-SME01263,Construction,2019-07-01,0,0.324699244499,0.24588748840317046,0.0028735650084378175,0.25438770888497614,0.27544642249133156
final-final-SME01265-002194,final-SME01265,Services,2018-04-01,1,0.260162999056,0.6824018877055215,0.006008025335843525,0.5195313747658337,0.6836441078324234
final-final-SME01271-002205,final-SME01271,Construction,2020-10-01,0,0.703604766023,0.5462108043820104,0.010839701610624282,0.5898978381467495,0.5475933906783708
final-final-SME01272-002208,final-SME01272,Manufacturing,2018-10-01,1,0.611682945987,0.7153435560087453,0.006767074966092552,0.6696183574170746,0.7345322597461431
final-final-SME01278-002217,final-SME01278,Hospitality,2018-01-01,1,0.651826104603,0.6373342687262076,0.009482090524525866,0.5888982369032191,0.6406122523280147
final-final-SME01281-002222,final-SME01281,Retail,2020-04-01,1,0.714123571088,0.7099593669580567,0.005930048606022866,0.6005725831312754,0.6819609738423515
final-final-SME01284-002229,final-SME01284,Construction,2020-04-01,0,0.67259173523,0.4542539365632019,0.006975389599541815,0.5196995090115444,0.48330506960943376
final-final-SME01289-002237,final-SME01289,Retail,2020-10-01,0,0.702044924521,0.5590192786113206,0.00993792372571104,0.6217043131703731,0.5105071724581557
final-final-SME01291-002243,final-SME01291,Retail,2018-04-01,1,0.680628115479,0.7314839567497761,0.008056297665739122,0.6826680949435455,0.7144435743473727
final-final-SME01291-002244,final-SME01291,Retail,2018-04-01,1,0.384915726829,0.36589173983454676,0.004577569431625914,0.39455264824357095,0.4946209144273868
final-final-SME01308-002278,final-SME01308,Retail,2019-07-01,1,0.406632136278,0.43749996387465595,0.002990635683165834,0.29531006910678204,0.43683713044635625
final-final-SME01314-002287,final-SME01314,Manufacturing,2019-04-01,1,0.794542709365,0.7148771294197712,0.007862257168613147,0.6254014723213163,0.7124083033860333
final-final-SME01331-002319,final-SME01331,Services,2018-01-01,1,0.791206357219,0.6797898602529102,0.0073674604217142505,0.6743792964517636,0.7003967055169141
final-final-SME01333-002322,final-SME01333,Transport,2020-01-01,1,0.546667709885,0.40152148769279367,0.005071806587547501,0.42463512568160994,0.47062792403066883
final-final-SME01363-002371,final-SME01363,Hospitality,2020-04-01,1,0.321812928277,0.3228395819549362,0.004374977464481136,0.15477707782739863,0.3321054381962734
final-final-SME01363-002372,final-SME01363,Hospitality,2020-04-01,1,0.326676778236,0.38917836344581236,0.0050328862928003355,0.1619635410864225,0.3321054381962734
final-final-SME01367-002381,final-SME01367,Manufacturing,2020-04-01,1,0.743106022851,0.5268081668614202,0.006288794367191779,0.3639553739127829,0.5148311763658435
final-final-SME01370-002385,final-SME01370,Services,2018-01-01,1,0.450015704913,0.5673280210533685,0.010904944224994374,0.5505118547243107,0.606738685232515
final-final-SME01378-002397,final-SME01378,Transport,2018-10-01,0,0.451198715343,0.3412663330257644,0.003161004788819401,0.379667309394336,0.44060729165629453
final-final-SME01378-002398,final-SME01378,Transport,2018-10-01,0,0.381995120172,0.39463938084653205,0.0033760908195764002,0.3800137832736218,0.44577339708739366
final-final-SME01387-002412,final-SME01387,Manufacturing,2019-07-01,1,0.902650813903,0.6886704908361914,0.008289255436308153,0.6041414245666976,0.6652201031088751
final-final-SME01388-002414,final-SME01388,Manufacturing,2019-07-01,1,0.600731673028,0.4453577827971773,0.004486500344893023,0.3951508030238984,0.5080236237764671
final-final-SME01402-002435,final-SME01402,Construction,2018-01-01,1,0.574740981117,0.5486293081788354,0.005945932173441009,0.46671365589192737,0.5529240218013669
final-final-SME01402-002437,final-SME01402,Construction,2018-01-01,1,0.631564322504,0.6277354461002657,0.006549269077944782,0.5643309793739651,0.6421559386720054
final-final-SME01404-002441,final-SME01404,Services,2018-10-01,0,0.810475651434,0.5250830124858112,0.010872674907179615,0.5746090534823541,0.6030145666054256
final-final-SME01404-002442,final-SME01404,Services,2018-10-01,0,0.438334895164,0.3778419861229177,0.006344628467731273,0.40851763464579544,0.4036180185522981
final-final-SME01404-002443,final-SME01404,Services,2018-10-01,0,0.761068517263,0.5419069704849611,0.011056290108494023,0.5709382203830813,0.6030145666054256
final-final-SME01406-002445,final-SME01406,Retail,2019-07-01,1,0.368818095876,0.4176596049909257,0.004205303568048442,0.29985872868758695,0.4646942828834543
final-final-SME01406-002447,final-SME01406,Retail,2019-07-01,1,0.492037420648,0.6049153434857611,0.004156041839679256,0.3935945970269115,0.5649995088814498
final-final-SME01427-002479,final-SME01427,Construction,2020-01-01,1,0.444696265702,0.49504897807869724,0.004948871739983041,0.35325983514111114,0.526236353798825
final-final-SME01431-002487,final-SME01431,Retail,2019-04-01,1,0.224502652314,0.20068424584596925,0.003367533906422018,0.027505048677643765,0.13816902380213159
final-final-SME01434-002491,final-SME01434,Retail,2018-04-01,1,0.548441132401,0.5151942460617431,0.007902457150998911,0.5065990340878673,0.5148621693093329
final-final-SME01440-002502,final-SME01440,Retail,2020-10-01,0,0.283183052417,0.3372959316272117,0.003064111705718357,0.3286765930051788,0.35294656419627785
final-final-SME01446-002511,final-SME01446,Services,2019-10-01,0,0.421144475112,0.38466450532848845,0.01031807643711483,0.5281363987013242,0.4155693331363355
final-final-SME01448-002515,final-SME01448,Transport,2018-07-01,0,0.251885803378,0.2022514895413008,0.00338995460581978,0.11774832518171621,0.22516775598311908
final-final-SME01462-002541,final-SME01462,Manufacturing,2019-10-01,0,0.14816562474,0.7409444791883603,0.009172382118534108,0.7654575540321019,0.699450434692062
final-final-SME01465-002544,final-SME01465,Hospitality,2019-10-01,0,0.454061358194,0.4283239369502746,0.007252720894327264,0.4829938682062575,0.4372117374596595
final-final-SME01476-002563,final-SME01476,Construction,2019-10-01,1,0.476785091715,0.37204214165919147,0.00372938694387452,0.33190532427953495,0.45727715976211153
final-final-SME01477-002564,final-SME01477,Technology,2020-10-01,1,0.208298644865,0.5215453216439406,0.011293254422123589,0.5286355987646603,0.5359548297247954
final-final-SME01480-002568,final-SME01480,Retail,2019-07-01,1,0.470199291903,0.49730466091306524,0.00604628373654974,0.43986801211083437,0.5302378494894678
final-final-SME01481-002570,final-SME01481,Services,2018-10-01,0,0.320042578238,0.40201254686969495,0.0033593937358739378,0.289763080530205,0.3649356380183193
final-final-SME01483-002574,final-SME01483,Manufacturing,2018-07-01,1,0.261133105811,0.5186611167114664,0.005386868763735876,0.3907107168933787,0.5132561607113858
final-final-SME01493-002594,final-SME01493,Transport,2018-01-01,1,0.239762675812,0.5802118210584286,0.010896220944062306,0.5597663938208273,0.6321973209362423
final-final-SME01494-002595,final-SME01494,Construction,2018-07-01,1,0.93316859057,0.7745522198106454,0.009508922228506701,0.6708498933113787,0.7673432649690582
final-final-SME01509-002622,final-SME01509,Technology,2020-07-01,1,0.591753750281,0.5646223756566386,0.006062565025752249,0.3958075812729775,0.5251481446197375
final-final-SME01516-002633,final-SME01516,Manufacturing,2019-04-01,1,0.741514866042,0.6865245794269272,0.007312078630387836,0.6216688542559621,0.6715505664642868
final-final-SME01518-002637,final-SME01518,Retail,2020-01-01,1,0.681295345044,0.6588296061485001,0.005108667814978904,0.5315869027729917,0.6278037673666909
final-final-SME01519-002639,final-SME01519,Retail,2019-04-01,1,0.571555187073,0.5288803356055284,0.005912449180084283,0.4404413496740394,0.49857604098419905
final-final-SME01521-002645,final-SME01521,Technology,2020-04-01,0,0.621357182035,0.5947782182897337,0.008297956520154545,0.49860476476988613,0.5694170614421411
final-final-SME01524-002650,final-SME01524,Manufacturing,2018-04-01,1,0.625883398889,0.6054872556335492,0.0050506036009565075,0.435284439153447,0.5659159676730194
final-final-SME01537-002670,final-SME01537,Services,2019-07-01,0,0.680592632579,0.5495903595950192,0.011209371101031243,0.5463161667308329,0.5598893821687186
final-final-SME01545-002687,final-SME01545,Construction,2019-07-01,0,0.274600897937,0.36576222764560734,0.005027870712100201,0.28816798422431866,0.35447657781317604
final-final-SME01546-002689,final-SME01546,Construction,2020-01-01,1,0.723644389814,0.7719670196027342,0.008622149754161213,0.7221078408308401,0.7200605462411217
final-final-SME01549-002695,final-SME01549,Retail,2018-04-01,1,0.322844632394,0.3932689501620693,0.0025973680137162153,0.33693714735597835,0.464891562007704
final-final-SME01558-002710,final-SME01558,Manufacturing,2018-07-01,1,0.701916165725,0.5717003992511313,0.0038068924158222313,0.48856944270149755,0.5971698858463699
final-final-SME01559-002713,final-SME01559,Retail,2019-01-01,1,0.592354520845,0.583614153816906,0.0048353165273809125,0.4196613293067919,0.6020387916584056
final-final-SME01564-002722,final-SME01564,Technology,2020-07-01,1,0.827623564279,0.739635246347776,0.00930170871782443,0.5988525934825567,0.7114898397695005
final-final-SME01565-002725,final-SME01565,Construction,2020-10-01,0,0.179385167668,0.3518254957230558,0.009572108188173384,0.4246179345480206,0.4183846643981536
final-final-SME01575-002749,final-SME01575,Construction,2019-07-01,0,0.753500659397,0.6415613332135233,0.008740558204747222,0.6868363494905287,0.6403269380652857
final-final-SME01591-002773,final-SME01591,Retail,2020-10-01,0,0.189001972181,0.5302489264517615,0.01069487344128863,0.5900092539005825,0.48562267959228855
final-final-SME01593-002775,final-SME01593,Transport,2019-01-01,1,0.658824398429,0.5482668575198725,0.006023396105975777,0.39346498217502857,0.5636246338531433
final-final-SME01597-002782,final-SME01597,Transport,2020-07-01,1,0.298762121444,0.15892797413173976,0.0038294360559109324,0.10473606245799993,0.1950261448723291
final-final-SME01601-002788,final-SME01601,Services,2020-10-01,1,0.528941157816,0.5306044830010164,0.004852561965332053,0.4059927955794476,0.4426423807660287
final-final-SME01601-002790,final-SME01601,Services,2020-10-01,1,0.618748738003,0.6305565018670877,0.0058681920458023215,0.5325767457725981,0.5347471746742773
final-final-SME01610-002808,final-SME01610,Retail,2019-01-01,1,0.328114538644,0.35030826801086457,0.003595363175128991,0.1902411238942942,0.3822253979736445
final-final-SME01616-002818,final-SME01616,Services,2020-01-01,0,0.491078121045,0.4366071669264968,0.0039870138519068074,0.38636285911151547,0.40381505699883163
final-final-SME01619-002823,final-SME01619,Manufacturing,2020-07-01,0,0.569516504341,0.4104195444092713,0.004253018003503574,0.33760770347369284,0.3449300051121387
final-final-SME01619-002824,final-SME01619,Manufacturing,2020-07-01,0,0.579835813499,0.5260834367057001,0.0052102297509387845,0.4321545189179565,0.4518353958526629
final-final-SME01621-002828,final-SME01621,Hospitality,2019-04-01,1,0.179045834994,0.1421725020778451,0.0030708214179492664,0.09407306003161495,0.1691709730008159
final-final-SME01624-002834,final-SME01624,Technology,2019-01-01,1,0.560256595991,0.519772480989126,0.004317587925341827,0.33775568925107113,0.4946828903921196
final-final-SME01642-002866,final-SME01642,Technology,2019-01-01,1,0.66612204674,0.6253205273312119,0.005665874252144335,0.4496176476060193,0.6196142164045629
final-final-SME01644-002869,final-SME01644,Services,2018-01-01,1,0.135774828562,0.18237983076804867,0.003520293707958078,0.08728791772017315,0.16318182012022228
final-final-SME01644-002870,final-SME01644,Services,2018-01-01,1,0.0545303854736,0.07231473677938019,0.0013703230591103367,0.014847797192925961,0.049776060794884065
final-final-SME01644-002871,final-SME01644,Services,2018-01-01,1,0.0494239057535,0.08809758812352797,0.002302716912032696,0.07198411805248621,0.16318182012022228
final-final-SME01652-002881,final-SME01652,Manufacturing,2020-07-01,0,0.194683417233,0.20713230080830633,0.0016598607580910855,0.21148003075786803,0.1847375589065357
final-final-SME01655-002886,final-SME01655,Manufacturing,2019-04-01,1,0.348812524806,0.43126971453530405,0.003933883299778702,0.304274799179657,0.4608005740469795
final-final-SME01664-002899,final-SME01664,Construction,2018-10-01,1,0.673542760455,0.6425689791958267,0.00510823282552856,0.5007704010051838,0.6016119227078239
final-final-SME01672-002918,final-SME01672,Manufacturing,2019-01-01,1,0.86632365086,0.673849940718851,0.010262892941631973,0.6161780648770429,0.6828466746007467
final-final-SME01678-002927,final-SME01678,Transport,2019-07-01,1,0.283486970531,0.6459906843666845,0.007117800595327907,0.5250747754774509,0.6311861842417874
final-final-SME01685-002939,final-SME01685,Services,2020-01-01,0,0.42302291829,0.34317941522557277,0.0030579612132347112,0.41416087156250875,0.40731347403382623
final-final-SME01693-002951,final-SME01693,Retail,2018-07-01,1,0.208783258521,0.542856751404149,0.008862804017826369,0.5114130457622922,0.5931207147155569
final-final-SME01696-002956,final-SME01696,Construction,2018-04-01,1,0.636765389342,0.5588822918203559,0.0056895649555397275,0.44486699135337504,0.5269352838698357
final-final-SME01701-002964,final-SME01701,Services,2019-01-01,0,0.475684466718,0.3956549281542927,0.0073280774926069,0.42963266584701615,0.428639968235613
final-final-SME01706-002973,final-SME01706,Manufacturing,2018-04-01,1,0.466479105604,0.4029027345040971,0.004438128081293823,0.23950679961182136,0.4015647746582517
final-final-SME01706-002974,final-SME01706,Manufacturing,2018-04-01,1,0.330719309697,0.5671872536376984,0.006024255116347418,0.3143958613430539,0.4918511389886756
final-final-SME01712-002985,final-SME01712,Retail,2020-10-01,0,0.483413604517,0.47789616908407473,0.00492354276124305,0.5208691516102044,0.4811125491295712
final-final-SME01720-002999,final-SME01720,Services,2019-01-01,0,0.176713693528,0.5702519313887813,0.009616161830158645,0.6630955635540271,0.5264209071606043
final-final-SME01723-003007,final-SME01723,Retail,2020-07-01,1,0.521212186985,0.5472072764460796,0.005681616858709534,0.35243701274104033,0.5013830791968406
final-final-SME01727-003013,final-SME01727,Retail,2019-10-01,1,0.746546585659,0.7369687856578222,0.006099122536946082,0.6008234783380273,0.7143859624131531
final-final-SME01732-003023,final-SME01732,Transport,2019-07-01,1,0.836984576477,0.7943125445470458,0.009401491825005848,0.7676925974110729,0.7968866960199836
final-final-SME01732-003024,final-SME01732,Transport,2019-07-01,1,0.841369679651,0.7736863336907405,0.010251824671481363,0.7675044495823248,0.79318148380451
final-final-SME01735-003029,final-SME01735,Services,2020-10-01,1,0.695043495236,0.5994461734565333,0.007278371067987435,0.5842117390815444,0.5964668980888782
final-final-SME01737-003032,final-SME01737,Hospitality,2018-04-01,0,0.329761503963,0.27018110767489023,0.0029963637085997667,0.23032457536940418,0.27869892333775
final-final-SME01742-003039,final-SME01742,Services,2019-10-01,0,0.454334698984,0.48154562094325937,0.006577295840273795,0.4501532804467754,0.43874000654827217
final-final-SME01743-003041,final-SME01743,Services,2018-10-01,0,0.735440236393,0.5576830962767789,0.008284121839815866,0.5683466722797427,0.5492719029089188
final-final-SME01746-003044,final-SME01746,Manufacturing,2020-01-01,0,0.370435781477,0.42871377837110936,0.004965991752495527,0.39792841841150006,0.375160201864433
final-final-SME01762-003070,final-SME01762,Retail,2018-01-01,1,0.113614142321,0.10012365016680862,0.0022523665352596925,0.050637077469471166,0.14448490375419107
final-final-SME01775-003091,final-SME01775,Manufacturing,2020-04-01,1,0.541047711911,0.5363811869038937,0.004547204330402343,0.31284112885808585,0.46949076229749453
final-final-SME01775-003092,final-SME01775,Manufacturing,2020-04-01,1,0.355051622496,0.5993864959403925,0.0045490851567932585,0.4324607415282008,0.570105536568061
final-final-SME01779-003098,final-SME01779,Manufacturing,2019-04-01,1,0.59619834898,0.5056988963439688,0.005395389054257683,0.34455584834086317,0.4742391061037094
final-final-SME01782-003102,final-SME01782,Transport,2019-01-01,1,0.566592387924,0.5536056156845863,0.0048983911612566705,0.3630176449937653,0.5820481903083419
final-final-SME01784-003105,final-SME01784,Hospitality,2018-04-01,0,0.214451518974,0.4544355221494475,0.007993290221380171,0.4322919397586794,0.4446862386054823
final-final-SME01786-003107,final-SME01786,Retail,2019-07-01,1,0.233009531681,0.3672972446584092,0.004521417151868464,0.26842526910088926,0.39903752218303307
final-final-SME01790-003112,final-SME01790,Retail,2019-01-01,1,0.330350859532,0.32981069545704245,0.002431885044706372,0.26038666003128513,0.4144112905053978
final-final-SME01791-003113,final-SME01791,Retail,2018-01-01,1,0.25534467541,0.746877857621709,0.009207112900962471,0.6528323827916878,0.7366957163982334
final-final-SME01815-003155,final-SME01815,Transport,2019-01-01,1,0.684743123729,0.6494912424973522,0.007890203391773805,0.5965829456472582,0.6755023123896853
final-final-SME01819-003161,final-SME01819,Manufacturing,2019-07-01,1,0.86353566687,0.8278369067929028,0.007975229204957059,0.7178139623058288,0.7693229971773503
final-final-SME01829-003179,final-SME01829,Transport,2020-10-01,1,0.921681476833,0.7365453719458819,0.009582780562066594,0.6638940503787765,0.700755053109773
final-final-SME01833-003188,final-SME01833,Transport,2020-01-01,1,0.787959401705,0.6766811638469528,0.010108666260509824,0.6022012137022122,0.6702408707093641
final-final-SME01840-003199,final-SME01840,Services,2018-04-01,1,0.287769879969,0.4347504969530935,0.004218733711884173,0.2841545009732734,0.46249123238228845
final-final-SME01841-003200,final-SME01841,Services,2018-07-01,1,0.38154977452,0.41541245043321146,0.0042712044644390495,0.22692608677175582,0.44925299124424767
final-final-SME01846-003205,final-SME01846,Services,2018-04-01,1,0.551987831115,0.5424921502443835,0.004307435474056168,0.43513405649756837,0.5590761123370243
final-final-SME01850-003216,final-SME01850,Manufacturing,2019-01-01,1,1.0,0.8275210314873482,0.008446110993252874,0.7860238385218637,0.7906607062724342
final-final-SME01855-003224,final-SME01855,Hospitality,2018-01-01,1,0.75300543712,0.6538551186646262,0.010158571996328948,0.5821710282383847,0.611521240564704
final-final-SME01859-003231,final-SME01859,Services,2019-01-01,0,0.376656907863,0.22050391238178005,0.0022496199640041027,0.23722247703183635,0.2621348496390597
final-final-SME01861-003235,final-SME01861,Transport,2020-01-01,1,0.244065010318,0.23903488343973217,0.0036496113529723346,0.092028497251846,0.1993109991337439
final-final-SME01869-003249,final-SME01869,Manufacturing,2019-07-01,1,0.720475801315,0.6453385131301372,0.008954246705788933,0.6240640067694972,0.6717415433882793
final-final-SME01870-003250,final-SME01870,Manufacturing,2018-04-01,1,0.507142149286,0.4758177023858198,0.004625884656691316,0.34472467977814847,0.48629816606512477
final-final-SME01875-003261,final-SME01875,Manufacturing,2019-07-01,1,0.74284497368,0.6824726188510686,0.010206463341317031,0.5894592007552414,0.6790407048372176
final-final-SME01881-003271,final-SME01881,Manufacturing,2019-04-01,1,0.702672347871,0.6100091029173395,0.0061856154970154455,0.47820494509223815,0.5676731163685882
final-final-SME01883-003274,final-SME01883,Manufacturing,2019-01-01,1,0.246971785139,0.38889472877331,0.003938246862460943,0.3117245381225308,0.4261710078251637
final-final-SME01888-003286,final-SME01888,Services,2019-10-01,0,0.190888455151,0.4174257963455428,0.006456464323186398,0.47491455302011004,0.4725306168692996
final-final-SME01890-003291,final-SME01890,Manufacturing,2018-10-01,1,0.80607409219,0.6674920215525786,0.00960776639301967,0.6418643036990579,0.6393502166982413
final-final-SME01891-003292,final-SME01891,Retail,2018-01-01,1,0.746308041782,0.6970491198631449,0.010434814724688612,0.6516186399003587,0.7193676414646301
final-final-SME01893-003297,final-SME01893,Retail,2020-04-01,1,0.668757277316,0.7450330112322087,0.009658275136365158,0.6801008146086768,0.7439762679263916
final-final-SME01901-003311,final-SME01901,Transport,2020-01-01,1,0.405518063304,0.31848296215959476,0.002209124654936605,0.22636990410473617,0.3949440321834452
final-final-SME01903-003315,final-SME01903,Services,2019-10-01,0,0.77871818088,0.6167215098419871,0.007907130625318275,0.6665730948601668,0.6241184221633633
final-final-SME01905-003318,final-SME01905,Manufacturing,2018-01-01,1,0.317925382402,0.41591089021539773,0.002953632932138959,0.3209019270092378,0.43772310918407786
final-final-SME01908-003324,final-SME01908,Retail,2020-04-01,1,0.716920513318,0.7504689340876589,0.00966345226570196,0.6633055416503559,0.7666196551051319
final-final-SME01909-003328,final-SME01909,Technology,2018-04-01,0,0.695864496842,0.595611516584692,0.005149936283304014,0.5159747942616577,0.556447936706516
final-final-SME01916-003339,final-SME01916,Services,2020-04-01,0,0.592161247506,0.489744856842964,0.0074477843290478175,0.4270565122315793,0.4945152095660798
final-final-SME01920-003345,final-SME01920,Construction,2018-07-01,1,0.577428600536,0.4564679351780042,0.0037518989511053395,0.44659037452799916,0.4600960222753996
final-final-SME01926-003357,final-SME01926,Retail,2020-07-01,1,0.321539791724,0.6169190664668309,0.008355130707917026,0.5010334042557402,0.6101313712115257
final-final-SME01937-003377,final-SME01937,Services,2018-04-01,1,0.124600457516,0.4080530505889721,0.0046963999116322,0.4079095466864251,0.49110656272681
final-final-SME01949-003397,final-SME01949,Hospitality,2018-04-01,0,0.391090911539,0.44215323115204624,0.004798095475581941,0.3176946874006185,0.35692102653735175
final-final-SME01951-003400,final-SME01951,Services,2020-10-01,1,0.314881642494,0.37581558092320705,0.0029027713108151546,0.33795618076361844,0.3163257675034554
final-final-SME01964-003420,final-SME01964,Retail,2019-04-01,1,0.203928814227,0.6802219876859769,0.01005393213292551,0.6785347339980222,0.6671456876501358
final-final-SME01968-003427,final-SME01968,Construction,2019-04-01,0,0.163919885427,0.19667836583745163,0.0015933326271949614,0.254187572301591,0.2400200440143724
final-final-SME01971-003434,final-SME01971,Services,2020-04-01,0,0.606069217825,0.5961552485654683,0.008427835735801905,0.648559130604581,0.5984277194280031
final-final-SME01977-003444,final-SME01977,Technology,2020-01-01,0,0.302281117873,0.26730025545728603,0.0024121449620405776,0.2434638445070866,0.3171569621128745
final-final-SME01987-003459,final-SME01987,Retail,2019-01-01,1,0.805261498999,0.6118001877044199,0.011052686798706276,0.5703516838248918,0.5867799929134453
final-final-SME01988-003461,final-SME01988,Hospitality,2018-04-01,0,0.438001109108,0.38818021232845923,0.003249372718937271,0.34220414085287426,0.3474311409915722
final-final-SME01992-003468,final-SME01992,Retail,2018-04-01,1,0.542806692876,0.4306554607575035,0.005313883058037363,0.34060029402172315,0.44174613651850325
final-final-SME02001-003486,final-SME02001,Services,2019-07-01,0,0.84368132739,0.7145046087446649,0.00946901404067738,0.7375773618487762,0.6666107105740526
final-final-SME02001-003487,final-SME02001,Services,2019-07-01,0,0.687546159665,0.721478902079876,0.009115121301429798,0.7514868219741646,0.6666107105740526
final-final-SME02004-003491,final-SME02004,Transport,2020-07-01,1,0.550594902348,0.6249034368393831,0.005043015358342288,0.4257429983587062,0.5992227238202914
final-final-SME02011-003504,final-SME02011,Retail,2018-04-01,1,0.659951694527,0.620835886690425,0.008900376256558838,0.5793038881379987,0.657699039472994
final-final-SME02013-003506,final-SME02013,Construction,2019-01-01,1,0.993839371115,0.5532194630842114,0.01103966405524548,0.46106343021940444,0.5591182735309354
final-final-SME02016-003510,final-SME02016,Transport,2019-07-01,1,0.734930335204,0.5838661863941903,0.006095498201561103,0.44726592452451935,0.5439476326526399
final-final-SME02017-003511,final-SME02017,Technology,2018-01-01,0,0.501264434994,0.5144785017271146,0.00888526400490677,0.5615144568064653,0.45830615189263635
final-final-SME02018-003512,final-SME02018,Retail,2018-04-01,1,0.714766666757,0.6261650169695814,0.0045292423616900696,0.5043624499745715,0.6186219418326411
final-final-SME02019-003513,final-SME02019,Hospitality,2018-10-01,1,0.234583110723,0.2631738167433324,0.002965585030179337,0.24612389380920424,0.32236073774264384
final-final-SME02020-003515,final-SME02020,Hospitality,2019-01-01,1,0.54150555112,0.573683578542685,0.007374006604607164,0.48983529708428153,0.5522506180684683
final-final-SME02026-003529,final-SME02026,Retail,2018-04-01,1,0.692030165632,0.571574031563034,0.007969802743700655,0.5371439966457744,0.5673128664372491
final-final-SME02032-003543,final-SME02032,Manufacturing,2020-04-01,1,0.710075031056,0.644279272796968,0.005260198749978115,0.4611805598646552,0.5864399739132797
final-final-SME02038-003551,final-SME02038,Services,2018-04-01,1,0.562976140363,0.5602009428100362,0.006749217332507157,0.4849377035777563,0.5561801028023747
final-final-SME02043-003561,final-SME02043,Hospitality,2020-04-01,1,1.0,0.8762906720543973,0.007488682325122693,0.7741415869709425,0.8401673131623634
final-final-SME02043-003562,final-SME02043,Hospitality,2020-04-01,1,0.932349927607,0.8594515164039666,0.008538437614713491,0.8013206278772877,0.8401673131623634
final-final-SME02051-003575,final-SME02051,Manufacturing,2018-07-01,1,0.97483257954,0.6109150850691702,0.011111663539742089,0.5956322836123309,0.6629755949308057
final-final-SME02061-003591,final-SME02061,Construction,2020-04-01,0,0.940116599762,0.6729945252261159,0.010402319968522682,0.7204878442948794,0.6847483617126999
final-final-SME02066-003600,final-SME02066,Services,2018-07-01,1,0.817642708917,0.6827814301892042,0.009525472864094693,0.5593842207949115,0.6727271277324932
final-final-SME02084-003634,final-SME02084,Hospitality,2018-04-01,0,0.709475459425,0.4395508856722641,0.010297583350279645,0.5260195879258844,0.4783526382114365
final-final-SME02086-003639,final-SME02086,Retail,2019-10-01,1,0.503430448165,0.46373413544630115,0.0038729032915325976,0.3897145912774673,0.4756400356903966
final-final-SME02087-003640,final-SME02087,Retail,2020-01-01,1,0.677002016209,0.755277997814081,0.00943398634323863,0.7283638189567163,0.699310366084911
final-final-SME02088-003641,final-SME02088,Technology,2018-04-01,0,0.645415913558,0.5950488916362506,0.010740868166292251,0.6371221984957983,0.5797389775697651
final-final-SME02091-003647,final-SME02091,Retail,2018-07-01,1,0.426797247081,0.41516931655162365,0.004226509839889294,0.3611968832892052,0.4276721343740527
final-final-SME02095-003654,final-SME02095,Services,2020-10-01,1,0.793552387495,0.72403570502876,0.010003359349342735,0.6442275790958466,0.6859860929715874
final-final-SME02097-003658,final-SME02097,Hospitality,2020-04-01,1,0.559573098364,0.45071403560082424,0.0037537839569993367,0.39063326108523144,0.4471866540143385
final-final-SME02102-003666,final-SME02102,Manufacturing,2020-10-01,0,0.826558405536,0.6516713474795512,0.010002845342741144,0.6721692879040418,0.6300380971626376
final-final-SME02114-003689,final-SME02114,Manufacturing,2020-07-01,0,0.0694435121846,0.060590115277139034,0.0011709530363606087,0.018732259015943366,0.09573632080288498
final-final-SME02119-003696,final-SME02119,Manufacturing,2018-10-01,1,0.431605131643,0.37227735707468596,0.0043736403310180045,0.3587403946920275,0.4661005329703877
final-final-SME02123-003702,final-SME02123,Manufacturing,2018-04-01,1,0.671963315116,0.5498577301239815,0.01073678416025035,0.48117538469522947,0.6120328878281376
final-final-SME02134-003722,final-SME02134,Technology,2018-04-01,0,0.280425832498,0.26191946780869246,0.0022146621702508434,0.2504041967638681,0.3020170992741762
final-final-SME02137-003729,final-SME02137,Manufacturing,2019-10-01,0,0.184071743097,0.5389273519573168,0.007556530632173423,0.535713957139828,0.513714178406275
final-final-SME02142-003736,final-SME02142,Retail,2020-07-01,1,0.691563187849,0.5997141270799955,0.005015350436204168,0.424255998537297,0.5530858961301237
final-final-SME02144-003740,final-SME02144,Construction,2018-07-01,1,0.480514427133,0.4936444502318532,0.003291560517789536,0.4081329242722502,0.4639089540006291
final-final-SME02151-003752,final-SME02151,Services,2020-10-01,1,0.634180481823,0.6271511072786227,0.011024791991475281,0.5478682365319779,0.5948385075073324
final-final-SME02152-003753,final-SME02152,Manufacturing,2020-04-01,1,0.147960704721,0.14727368974670843,0.003830715839859481,0.11263799428923373,0.20624131776475427
final-final-SME02152-003754,final-SME02152,Manufacturing,2020-04-01,1,0.0503221234399,0.1465850138230223,0.0037371381241757293,0.07539403350044484,0.20595652585669014
final-final-SME02163-003768,final-SME02163,Retail,2020-10-01,0,0.168412701129,0.17561168549550496,0.0014604460128547043,0.271015567903716,0.22656869795275156
final-final-SME02168-003776,final-SME02168,Retail,2018-07-01,1,0.764810929603,0.7086831431614962,0.007322922413363908,0.6602201656426593,0.6542549118320116
final-final-SME02175-003788,final-SME02175,Transport,2020-04-01,1,0.755433990285,0.7083394142077548,0.006756647510134108,0.6270157325424607,0.6849618428813666
final-final-SME02179-003794,final-SME02179,Retail,2019-10-01,1,0.669273130067,0.6808150389872929,0.004250040270382101,0.4423849563605707,0.5968918971479822
final-final-SME02187-003808,final-SME02187,Retail,2018-10-01,1,0.707455317427,0.6310221150938105,0.010803962531142018,0.5749072829281776,0.6290469503429977
final-final-SME02187-003809,final-SME02187,Retail,2018-10-01,1,0.668319104605,0.6238322061585118,0.010783983709021104,0.5827917451597356,0.6290469503429977
final-final-SME02194-003823,final-SME02194,Retail,2020-01-01,1,0.462349533731,0.4523238658166786,0.004032475032478662,0.3843048479269115,0.5219274543281902
final-final-SME02195-003824,final-SME02195,Services,2019-07-01,0,0.54482799582,0.49586266669302426,0.007053435983199751,0.4665433981267771,0.4813608876544092
final-final-SME02207-003844,final-SME02207,Technology,2020-04-01,0,0.687447313947,0.652297333827569,0.01034876905587426,0.6644630471639099,0.6522608579064834
final-final-SME02216-003860,final-SME02216,Transport,2019-10-01,1,0.316286159381,0.466818355188493,0.005382168945607052,0.34348282019434595,0.4881375402885942
final-final-SME02216-003861,final-SME02216,Transport,2019-10-01,1,0.592562014193,0.5429769154821593,0.006499321936634518,0.423056368465964,0.5221392551986231
final-final-SME02218-003864,final-SME02218,Services,2018-07-01,1,0.154154784728,0.16371687805737678,0.0035202965712242858,0.03265012635322492,0.18119003500159547
final-final-SME02225-003875,final-SME02225,Construction,2020-04-01,0,0.663901420363,0.6455336098308719,0.009674442471547456,0.6261398203952904,0.6386152999169311
final-final-SME02227-003878,final-SME02227,Manufacturing,2020-07-01,0,0.419663672939,0.3218069611022125,0.003365653216617549,0.28157869847903133,0.30063446013805845
final-final-SME02231-003884,final-SME02231,Manufacturing,2019-10-01,0,0.106194417662,0.5520934767330862,0.010830756529887749,0.6332295668522672,0.5335677226954483
final-final-SME02234-003887,final-SME02234,Manufacturing,2019-07-01,1,0.241034261913,0.45107936739118415,0.005547161413140697,0.2933119843225918,0.45135488710407906
final-final-SME02238-003895,final-SME02238,Transport,2019-04-01,1,0.213674124871,0.30254561246151834,0.003874421566566422,0.2780804991657966,0.38203889979407185
final-final-SME02240-003898,final-SME02240,Technology,2019-10-01,0,0.153849472138,0.38145825807006395,0.009971594456304725,0.5675676459430353,0.4191771292724867
final-final-SME02261-003934,final-SME02261,Technology,2018-07-01,0,0.660740967815,0.49748705074209054,0.010309702638251686,0.6124265237634031,0.5051236754123578
final-final-SME02263-003936,final-SME02263,Retail,2018-01-01,1,0.799158154778,0.6660596858026582,0.010578183015801592,0.6075204441815033,0.6516928074760316
final-final-SME02282-003964,final-SME02282,Hospitality,2018-10-01,1,0.468492211359,0.4788342439989998,0.005183893945484307,0.3525562220696445,0.504130894057657
final-final-SME02287-003973,final-SME02287,Manufacturing,2018-01-01,1,0.614401580071,0.5666279619826409,0.011477249512897053,0.5896946914623445,0.6070596770931599
final-final-SME02292-003981,final-SME02292,Retail,2019-04-01,1,0.203882278441,0.25175180926322194,0.0017056395952137699,0.26996886718967217,0.3288713146700639
final-final-SME02297-003990,final-SME02297,Manufacturing,2018-10-01,1,0.746918901297,0.701411735585288,0.009918828679583143,0.6824876187997885,0.7226779549346404
final-final-SME02304-004000,final-SME02304,Construction,2018-07-01,1,0.955471243742,0.7263004893367864,0.009881794351567611,0.6346883290585067,0.6893630095776617
final-final-SME02309-004010,final-SME02309,Services,2020-10-01,1,0.744125128076,0.5814193128776274,0.011100435231464853,0.5556266517305302,0.5491133684974281
final-final-SME02318-004024,final-SME02318,Services,2018-04-01,1,0.573654628217,0.5385876338738939,0.00737608752085674,0.4450060025910203,0.5562746214252527
final-final-SME02325-004037,final-SME02325,Construction,2018-01-01,1,0.610856067768,0.559450861250059,0.006927239793639248,0.42821228566552527,0.6141419899815296
final-final-SME02332-004052,final-SME02332,Transport,2020-07-01,1,0.686572176469,0.6643411675353802,0.007658991880847739,0.6039557994278227,0.6900213087458449
final-final-SME02336-004063,final-SME02336,Services,2020-01-01,0,0.685913107738,0.5944656047739036,0.010148049193133153,0.5919638198257973,0.5783894459781771
final-final-SME02338-004066,final-SME02338,Services,2018-04-01,1,0.911028469263,0.6986218916938469,0.007956198369225656,0.5830839938493042,0.6647211630253768
final-final-SME02345-004081,final-SME02345,Construction,2019-10-01,1,0.527732220624,0.5494795133328505,0.004236258068932511,0.4207187956087075,0.5664268866570552
final-final-SME02352-004096,final-SME02352,Retail,2020-04-01,1,0.714974100176,0.7211503653046877,0.006942810279215395,0.6475536851355693,0.735980063757884
final-final-SME02362-004112,final-SME02362,Services,2020-01-01,0,0.81532353034,0.5336741057917596,0.010526248904755342,0.6262854783912623,0.5498912994390818
final-final-SME02363-004116,final-SME02363,Manufacturing,2020-04-01,1,0.0480103916895,0.16406407570054773,0.004029025165781608,0.03541107377270223,0.17957310031882717
final-final-SME02373-004130,final-SME02373,Technology,2018-10-01,1,0.628497988011,0.7054513494379778,0.008920384720183633,0.6443427331697174,0.6982955075442968
final-final-SME02376-004135,final-SME02376,Construction,2019-04-01,0,0.155122700619,0.30007204881689054,0.003204747736080862,0.3614224127173098,0.33078430206453796
final-final-SME02377-004137,final-SME02377,Manufacturing,2019-01-01,1,0.287023858546,0.4971362186524997,0.006844151083223324,0.33804160257634835,0.47647011160566144
final-final-SME02389-004160,final-SME02389,Transport,2018-01-01,1,0.458971274007,0.40836768110374094,0.004130720884980859,0.36916807088412096,0.4178352054886497
final-final-SME02391-004163,final-SME02391,Services,2020-07-01,0,0.346751330657,0.30149361794069773,0.002926609705553049,0.2637285645311585,0.2514563872911627
final-final-SME02398-004174,final-SME02398,Retail,2020-01-01,1,0.185086503889,0.15234514431311397,0.003574246671903167,0.15136040038045698,0.25194521719050716
final-final-SME02401-004179,final-SME02401,Retail,2018-10-01,1,0.827101697881,0.8022624264428974,0.008038604841122968,0.7187875545534466,0.731686250099295
final-final-SME02408-004190,final-SME02408,Retail,2019-07-01,1,0.55559870802,0.47876137066045443,0.006715943953284297,0.36385163955890915,0.4799100491847638
final-final-SME02412-004195,final-SME02412,Transport,2018-07-01,0,0.51028788467,0.4094011082917931,0.0037709889769692406,0.37075758007809756,0.4078879503657435
final-final-SME02417-004202,final-SME02417,Hospitality,2019-10-01,0,0.706535705326,0.5510198588109867,0.009169301423852283,0.5909020766892843,0.5615443695543963
final-final-SME02418-004205,final-SME02418,Technology,2020-01-01,0,0.775171110637,0.6024392465852575,0.010391214953108048,0.6629287403053908,0.5538594939763327
final-final-SME02422-004210,final-SME02422,Manufacturing,2018-01-01,1,0.82497869881,0.6413609560152234,0.010303336502279338,0.6075204441815033,0.6453778686651603
final-final-SME02422-004211,final-SME02422,Manufacturing,2018-01-01,1,0.555209373624,0.5037177870336246,0.00810352259020979,0.41414283325949675,0.5417923354221417
final-final-SME02426-004219,final-SME02426,Construction,2020-01-01,1,0.722400888901,0.6538461201848398,0.006449711681410566,0.5709894985656492,0.6730209765896049
final-final-SME02436-004234,final-SME02436,Transport,2020-04-01,1,0.80499224677,0.7044532417713077,0.0101693930178684,0.6839678358691726,0.6850302474127418
final-final-SME02444-004245,final-SME02444,Manufacturing,2018-10-01,1,0.718007269964,0.6495701876747084,0.010329950381979773,0.6664056960129114,0.6619414941534681
final-final-SME02445-004248,final-SME02445,Hospitality,2018-01-01,1,0.598646934709,0.6039586600170567,0.0061564646646270205,0.5108452839770589,0.5635837210368315
final-final-SME02455-004265,final-SME02455,Manufacturing,2020-07-01,0,0.747547378495,0.6448147553951733,0.009779907054493452,0.6634760560142337,0.6154152896926239
final-final-SME02458-004269,final-SME02458,Services,2019-01-01,0,0.782103690984,0.5140550071396782,0.009655199723574788,0.5319218254137184,0.49162207335242686
final-final-SME02472-004292,final-SME02472,Hospitality,2018-01-01,1,0.0697686621968,0.1312749842763844,0.003301473428668376,0.05407397446346152,0.1744448176200836
final-final-SME02475-004296,final-SME02475,Transport,2019-01-01,1,0.185859857459,0.5330684770210463,0.00663640360284261,0.47950543693645514,0.5376204628613486
final-final-SME02484-004312,final-SME02484,Transport,2019-01-01,1,0.744090799378,0.6476459919034253,0.011238374728807631,0.5360286695494721,0.6463252391885955
final-final-SME02489-004321,final-SME02489,Manufacturing,2018-04-01,1,0.917158017554,0.9024462770256858,0.00636052732686552,0.848490732808515,0.8469897234497897
final-final-SME02493-004327,final-SME02493,Services,2018-01-01,1,0.952719451706,0.8193175941192038,0.008255664397099184,0.8295742603713295,0.7745082120414358
final-final-SME02501-004342,final-SME02501,Services,2019-04-01,0,0.665376128756,0.5225767638906087,0.010599872518488703,0.6190684430359431,0.532852869481716
final-final-SME02502-004343,final-SME02502,Retail,2019-01-01,1,0.907708929895,0.8292270732947525,0.008000914450636625,0.752939507395297,0.7746320529205982
final-final-SME02507-004351,final-SME02507,Retail,2020-04-01,1,0.19064224866,0.6876806457469848,0.009826991355455277,0.6519378086227154,0.6818308719348876
final-final-SME02510-004357,final-SME02510,Construction,2019-04-01,0,0.552598793879,0.6504994329527733,0.010373185133953529,0.8082478179192151,0.6041757134959002
final-final-SME02511-004358,final-SME02511,Manufacturing,2020-10-01,0,0.208339721467,0.20287186845671967,0.0038011641985695745,0.16361517002629067,0.23640190003841868
final-final-SME02528-004387,final-SME02528,Retail,2018-10-01,1,0.939994989273,0.7402777426402243,0.009764098252715597,0.7069874133528915,0.7119534656828675
final-final-SME02529-004389,final-SME02529,Technology,2018-07-01,0,0.479482749719,0.44041963374093057,0.00513876148785196,0.5380188389678312,0.44280470371638575
final-final-SME02530-004391,final-SME02530,Hospitality,2020-10-01,1,0.843624403616,0.7108182241060331,0.007527779057913975,0.5886592788932269,0.6714084503498721
final-final-SME02533-004397,final-SME02533,Manufacturing,2020-10-01,0,0.595036399396,0.5002211156591199,0.005388092047640852,0.4958623475516632,0.49716789912809395
final-final-SME02533-004398,final-SME02533,Manufacturing,2020-10-01,0,0.52768595138,0.5846870488444592,0.00592593001081512,0.6237086413504689,0.5799314547356291
final-final-SME02545-004419,final-SME02545,Services,2018-01-01,1,0.106962120632,0.7046523918950698,0.009528182078058728,0.6948973489860693,0.6728256694861005
final-final-SME02562-004446,final-SME02562,Retail,2018-04-01,1,0.675923082115,0.6057344645444814,0.006169377015462048,0.49798957336456673,0.5601361788543432
final-final-SME02569-004462,final-SME02569,Retail,2019-01-01,1,0.802130700317,0.739972539194518,0.009996918250009385,0.6465420480118131,0.7349867818840455
final-final-SME02570-004463,final-SME02570,Manufacturing,2018-01-01,1,0.508946236311,0.5150470955553007,0.004553661557639735,0.4566042947673294,0.5371763442345492
final-final-SME02580-004484,final-SME02580,Manufacturing,2020-10-01,0,0.412553452804,0.43248565721243,0.003501728336232157,0.35477404953142405,0.5056727799697976
final-final-SME02584-004490,final-SME02584,Services,2018-10-01,0,0.0500897520686,0.07487232007848517,0.0022307580349674077,0.1123244566664194,0.15386316791326898
final-final-SME02591-004501,final-SME02591,Services,2020-07-01,0,0.88375681612,0.4896314275301703,0.010790317997652855,0.5744929138045038,0.500714625366949
final-final-SME02593-004503,final-SME02593,Retail,2019-07-01,1,0.647203724718,0.6782730675108131,0.00568266971622541,0.5063038154490722,0.6313396382647254
final-final-SME02595-004506,final-SME02595,Technology,2018-01-01,0,0.570038271387,0.5309629406651621,0.01090902657973739,0.5929925412550253,0.5074742693593604
final-final-SME02596-004509,final-SME02596,Retail,2018-04-01,1,0.334512821828,0.5453874756231576,0.0075764053491403725,0.48047240868222235,0.5695918396674466
final-final-SME02601-004517,final-SME02601,Construction,2018-07-01,1,0.675049269446,0.6261393344091964,0.004916900330262208,0.48178722192880796,0.6067917509849425
final-final-SME02604-004523,final-SME02604,Services,2020-04-01,0,0.611280136962,0.5295009483417256,0.007333407522796121,0.4720149938281124,0.43676002612525505
final-final-SME02605-004525,final-SME02605,Services,2018-10-01,0,0.886283640987,0.6761697557681844,0.009697492107723815,0.6528323827916878,0.6943043631437892
final-final-SME02606-004526,final-SME02606,Services,2019-04-01,0,0.819636331323,0.5099597160327353,0.010340765242732407,0.6156796674402465,0.48891666439916664
final-final-SME02609-004532,final-SME02609,Technology,2020-01-01,0,0.286652273192,0.29802466769837055,0.0026251462258782094,0.2189621440445173,0.25329498451031246
final-final-SME02610-004535,final-SME02610,Transport,2020-10-01,1,0.443473274184,0.32700110837281693,0.0044729863563532386,0.10334747760671509,0.20708869998144927
final-final-SME02637-004588,final-SME02637,Retail,2020-10-01,0,0.171474936133,0.24797341260585032,0.0021509775605946012,0.21463204638948855,0.2695605198902669
final-final-SME02641-004596,final-SME02641,Services,2018-07-01,1,0.705654783575,0.5978515529676345,0.0068129617511965505,0.3828012139801693,0.5808974899705214
final-final-SME02652-004620,final-SME02652,Services,2018-04-01,1,0.263287187981,0.3531225721728601,0.003028168132324482,0.20894977996485933,0.3766171587788005
final-final-SME02653-004623,final-SME02653,Retail,2019-04-01,1,0.706215199588,0.5273052756875601,0.0067726048794988876,0.4875017108873864,0.5816036489252014
final-final-SME02660-004639,final-SME02660,Services,2020-07-01,0,0.352310721135,0.31602215832303054,0.006135858001733983,0.3885484228231534,0.34967197845820697
final-final-SME02662-004643,final-SME02662,Construction,2018-04-01,1,0.576858721165,0.6105234850551223,0.006614779919891398,0.4607621546196603,0.611819601269257
final-final-SME02670-004655,final-SME02670,Transport,2019-10-01,1,0.428376212074,0.4336958478719185,0.0048715709750428784,0.3912544050141909,0.48229452709181675
final-final-SME02672-004657,final-SME02672,Hospitality,2018-04-01,0,0.454809603035,0.4573231879745556,0.003684568495493636,0.39618630824550327,0.42735984448952297
final-final-SME02675-004662,final-SME02675,Transport,2020-01-01,1,0.813280006801,0.753240611527587,0.009402949047641862,0.6826838576741061,0.7402871384401748
final-final-SME02686-004682,final-SME02686,Construction,2018-01-01,1,0.799391148876,0.5870041016012592,0.010284815677290464,0.5917328229509523,0.5748953002537809
final-final-SME02692-004691,final-SME02692,Construction,2019-10-01,1,0.365399485194,0.4483200626334975,0.004188569061564705,0.3205370405511209,0.48013865208390805
final-final-SME02696-004700,final-SME02696,Manufacturing,2018-07-01,1,0.719653452736,0.6066493578984796,0.006264860630989028,0.4348891290260704,0.5973065273234449
final-final-SME02704-004715,final-SME02704,Services,2018-01-01,1,0.640469405572,0.5353512580525781,0.005158979307704469,0.4415461224841994,0.5382501871692532
final-final-SME02710-004725,final-SME02710,Hospitality,2020-10-01,1,0.737818195755,0.710132895014927,0.007516034955472203,0.6459570585916528,0.7050232216277006
final-final-SME02738-004773,final-SME02738,Manufacturing,2020-10-01,0,0.191802862459,0.33785929900448686,0.005015853408402527,0.35288772062536794,0.37028496412456074
final-final-SME02743-004785,final-SME02743,Construction,2019-04-01,0,0.470587611113,0.39742894222251635,0.007122643886132955,0.393393544228413,0.42852315328678536
final-final-SME02746-004791,final-SME02746,Services,2020-04-01,0,0.303841894809,0.42213904475986097,0.0035124462554706505,0.3735578356731012,0.4115777135828945
final-final-SME02756-004806,final-SME02756,Retail,2018-07-01,1,0.942489742043,0.7322484748027825,0.009832927874769505,0.7473415279995611,0.7573707732846675
final-final-SME02764-004821,final-SME02764,Hospitality,2019-07-01,0,0.201666105345,0.22332390786985767,0.0017938853701827987,0.19617688289033164,0.2190268624995665
final-final-SME02766-004824,final-SME02766,Technology,2020-01-01,0,0.594524690246,0.39391771678044163,0.007064319481420022,0.4394398346876092,0.43720929421387517
final-final-SME02767-004825,final-SME02767,Services,2019-07-01,0,0.158071363269,0.45823960207757347,0.005218310634288572,0.3861635938685946,0.39917004954705027
final-final-SME02772-004832,final-SME02772,Services,2020-10-01,1,0.788760104033,0.6964799112721949,0.01020309127487176,0.6439382995356244,0.6895649924027452
final-final-SME02772-004833,final-SME02772,Services,2020-10-01,1,1.0,0.7276268960679917,0.009169318826530977,0.6618470363251341,0.6895649924027452
final-final-SME02781-004852,final-SME02781,Retail,2018-01-01,1,0.27324968443,0.500383355964326,0.00664191590727779,0.47741492460648477,0.5122675010322192
final-final-SME02782-004855,final-SME02782,Transport,2018-07-01,0,0.247969098513,0.25804258356713633,0.0035877922153850065,0.3833663643963921,0.32785971838049704
final-final-SME02784-004859,final-SME02784,Manufacturing,2019-01-01,1,0.981934344747,0.7950373962238244,0.008754934520334379,0.7182632998419429,0.7829111290230841
final-final-SME02785-004862,final-SME02785,Manufacturing,2018-04-01,1,0.611732442828,0.5747670303397863,0.004123224669139923,0.4176865209156444,0.5335113574514916
final-final-SME02794-004878,final-SME02794,Manufacturing,2019-01-01,1,0.356985711824,0.41865013945549323,0.004057111907575489,0.31357951939433426,0.46754913628858985
final-final-SME02800-004889,final-SME02800,Construction,2018-04-01,1,0.343609511379,0.6582094989618517,0.006379768487246828,0.5563625997716678,0.6955508532191889
final-final-SME02803-004892,final-SME02803,Manufacturing,2018-07-01,1,0.50295986455,0.44791979514484376,0.003718176452335776,0.315227300119206,0.46084762474402735
final-final-SME02808-004901,final-SME02808,Transport,2018-07-01,0,0.675582847758,0.5322770174857957,0.010765116387846876,0.5396294244025133,0.5199885229548206
final-final-SME02815-004914,final-SME02815,Services,2018-07-01,1,0.743704255173,0.7150429781811014,0.00982759745352559,0.5760578887946965,0.7372453347697634
final-final-SME02820-004920,final-SME02820,Services,2019-10-01,0,0.466184058815,0.45349551238067437,0.007645653867828823,0.39675315480877693,0.46967716829276485
final-final-SME02823-004926,final-SME02823,Construction,2020-04-01,0,0.496214212021,0.3691473564444058,0.0033430322753192133,0.3922128396652188,0.42489735465135825
final-final-SME02831-004940,final-SME02831,Services,2019-01-01,0,0.134819062334,0.46150843518044626,0.010775608605021554,0.5734437028740544,0.44273180209856766
final-final-SME02849-004972,final-SME02849,Retail,2020-01-01,1,0.546177627898,0.44026764619215647,0.003704481938228633,0.28521640800735615,0.47479148396383625
final-final-SME02852-004977,final-SME02852,Services,2019-07-01,0,0.316578040246,0.24968890003880637,0.004319874488766492,0.13171831293201444,0.20409820606241696
final-final-SME02856-004986,final-SME02856,Manufacturing,2020-04-01,1,0.796688216136,0.5949040925787252,0.0067484517448564854,0.3975005484276746,0.571186350123912
final-final-SME02859-004992,final-SME02859,Technology,2020-01-01,0,0.488038181225,0.4783635005273709,0.00547403995498621,0.43638358582691117,0.5101880839247172
final-final-SME02860-004994,final-SME02860,Technology,2019-10-01,0,0.165243221564,0.33409463608207224,0.007205418611475808,0.3597682158902319,0.3404550017189778
final-final-SME02861-004998,final-SME02861,Retail,2019-07-01,1,0.718972826534,0.6208601377272811,0.009713146815904253,0.545036730101783,0.6875759939316693
final-final-SME02864-005005,final-SME02864,Manufacturing,2018-01-01,1,0.169699209599,0.1543318806555331,0.003471430711305372,0.07601961295786351,0.17883355013280794
final-final-SME02868-005011,final-SME02868,Retail,2019-01-01,1,0.632180336832,0.5797602401075534,0.005530728639693373,0.44005485631980784,0.5808080560298651
final-final-SME02885-005044,final-SME02885,Manufacturing,2020-04-01,1,0.512032375115,0.4181975293619947,0.008145866896925145,0.4619351250399492,0.519767739197815
final-final-SME02887-005046,final-SME02887,Manufacturing,2019-01-01,1,0.768544262952,0.7312202764148279,0.009893202071029639,0.6799130029880208,0.7004193639569382
final-final-SME02890-005050,final-SME02890,Hospitality,2018-04-01,0,0.827730874489,0.6543556646365156,0.00994263717833015,0.6789786635813607,0.6074973602971256
final-final-SME02891-005052,final-SME02891,Manufacturing,2019-01-01,1,0.141099325969,0.19797708357666643,0.004176749551317148,0.1336435942152311,0.21413932188297258
final-final-SME02897-005060,final-SME02897,Services,2019-04-01,0,0.549523640936,0.45333773122112564,0.010622977203856214,0.5468941426052395,0.45785285087290684
final-final-SME02910-005082,final-SME02910,Transport,2018-07-01,0,0.712337613306,0.47974753617528243,0.01055404980910508,0.5235955746353043,0.45290958296106587
final-final-SME02920-005097,final-SME02920,Manufacturing,2019-07-01,1,0.548110583288,0.4226699071725637,0.004150515038801279,0.23722247703183635,0.37883369699703034
final-final-SME02949-005149,final-SME02949,Retail,2019-10-01,1,0.978995569414,0.6916095122973355,0.010654018750769313,0.5705238512594075,0.6768572506434075
final-final-SME02966-005174,final-SME02966,Transport,2020-04-01,1,0.607036058604,0.5042674437969571,0.00521462689043556,0.4184092826592713,0.5517080721033155
final-final-SME02972-005184,final-SME02972,Services,2018-04-01,1,0.227345440128,0.24718885206675328,0.0014446471918039673,0.17795458951216866,0.2648665602669747
final-final-SME02980-005198,final-SME02980,Services,2018-01-01,1,0.764761211457,0.6970163475318387,0.008424450917713384,0.6242998674755182,0.6850432863473843
final-final-SME02984-005204,final-SME02984,Transport,2019-04-01,1,0.100206010857,0.6793787652545927,0.009713192458066391,0.6133687354336765,0.6567478497461033
final-final-SME02998-005231,final-SME02998,Manufacturing,2018-10-01,1,0.85783416586,0.6723169862302194,0.010720303611235153,0.6793501735060318,0.6767965233982962
final-final-SME03003-005242,final-SME03003,Manufacturing,2019-01-01,1,0.806529221064,0.7385267259544259,0.00886465200256827,0.6962810046196304,0.7193096329624014
final-final-SME03005-005245,final-SME03005,Retail,2019-04-01,1,0.291016100869,0.3463063425200206,0.0031173278913856108,0.2676587985662628,0.38263169383787327
final-final-SME03007-005251,final-SME03007,Services,2019-07-01,0,0.722904845751,0.6596326254570843,0.007641635550409599,0.6870528314726589,0.6272302226717752
final-final-SME03009-005254,final-SME03009,Construction,2020-01-01,1,0.457948057607,0.4202358400114694,0.00509277522580569,0.35935662436471993,0.4837745304069746
final-final-SME03010-005256,final-SME03010,Construction,2019-01-01,1,0.85109117968,0.7016618559834372,0.010002170306234322,0.5898978381467495,0.7110003097931329
final-final-SME03010-005258,final-SME03010,Construction,2019-01-01,1,0.811079844227,0.6964163436929125,0.010186282641914197,0.5763388136860493,0.7056844786660362
final-final-SME03011-005260,final-SME03011,Services,2019-10-01,0,0.596839891515,0.47123066538910297,0.003715612808784751,0.4235125488963724,0.47263972945537025
final-final-SME03014-005266,final-SME03014,Hospitality,2020-04-01,1,0.287648889154,0.7305573928156137,0.007629008899539509,0.6159709841036132,0.6760408363030401
final-final-SME03016-005270,final-SME03016,Retail,2020-04-01,1,0.336655653486,0.3789681342882302,0.003822980648298552,0.22326474881359024,0.3754100689999251
final-final-SME03020-005279,final-SME03020,Retail,2019-01-01,1,0.241157813993,0.2921744219129543,0.0021295082656752878,0.2425590579756869,0.34145538571064277
final-final-SME03020-005280,final-SME03020,Retail,2019-01-01,1,0.666207735826,0.5425584702443614,0.00582346052341882,0.38336254493073585,0.521758743518224
final-final-SME03022-005284,final-SME03022,Manufacturing,2020-07-01,0,0.271219976545,0.292029074997604,0.00209127799084827,0.22477930272544966,0.2721052741338147
final-final-SME03024-005291,final-SME03024,Construction,2019-10-01,1,0.75436440014,0.6532230250391512,0.008327466248544975,0.6416983301749117,0.7060667711001174
final-final-SME03042-005322,final-SME03042,Construction,2019-07-01,0,0.382290108509,0.3046496380012065,0.0033072647892960837,0.32764461911640097,0.3231975749612779
final-final-SME03048-005333,final-SME03048,Transport,2020-10-01,1,0.641769190604,0.5598703060405206,0.006607090004883411,0.4449647720988054,0.5633621109743078
final-final-SME03048-005334,final-SME03048,Transport,2020-10-01,1,0.779455933244,0.6160615367699204,0.007040772256982386,0.5428096807866446,0.6466717417521088
final-final-SME03065-005362,final-SME03065,Retail,2019-10-01,1,0.937713035325,0.7497170857700837,0.009492071991473195,0.6780260231553218,0.7107808859851426
final-final-SME03066-005363,final-SME03066,Construction,2019-07-01,0,0.598682886542,0.5852669905537031,0.005267232854453998,0.5378702477774097,0.5147326637910208
final-final-SME03072-005371,final-SME03072,Retail,2020-10-01,0,0.213307560389,0.17251725094665032,0.0012271117030161326,0.2548424260611443,0.17251425545289154
final-final-SME03074-005379,final-SME03074,Services,2018-01-01,1,0.168732628245,0.4937475867544845,0.0061355293180275095,0.4089196412795631,0.6035475447202976
final-final-SME03075-005380,final-SME03075,Services,2020-10-01,1,0.762696159607,0.7577273215698183,0.009352045276103397,0.7013128805661736,0.7046401139693304
final-final-SME03078-005387,final-SME03078,Services,2020-07-01,0,0.124092597656,0.07797433548367597,0.002207380481287842,0.08198327279350268,0.18254975417931352
final-final-SME03081-005393,final-SME03081,Services,2019-10-01,0,0.650842825828,0.631957477466188,0.010241016593728385,0.5737492875624064,0.6135765073196082
final-final-SME03089-005406,final-SME03089,Construction,2020-04-01,0,0.413564821842,0.4267692323552368,0.004371920758095905,0.37631488958210496,0.4875585223402464
final-final-SME03096-005417,final-SME03096,Manufacturing,2018-04-01,1,0.525879713983,0.5859443638632307,0.005996694110583248,0.3886577090129904,0.5627272931965431
final-final-SME03103-005427,final-SME03103,Hospitality,2020-07-01,1,0.821397045472,0.5663630610286889,0.011059427830439145,0.523688990622981,0.6081957512940666
final-final-SME03111-005443,final-SME03111,Construction,2020-07-01,0,0.253255938461,0.23861112000895904,0.0025108499752213246,0.3098565051409154,0.2910572207967744
final-final-SME03115-005452,final-SME03115,Manufacturing,2018-07-01,1,0.794458711913,0.7345872267498453,0.009224510765511318,0.6592000111933932,0.6962906288315198
final-final-SME03129-005478,final-SME03129,Construction,2019-10-01,1,0.622469970544,0.6024812343263483,0.003488250634581809,0.4799852402115774,0.6044956848882086
final-final-SME03130-005480,final-SME03130,Construction,2019-01-01,1,0.415664286037,0.2876293136216605,0.004112225695139662,0.22743505217950818,0.35286543024925443
final-final-SME03130-005482,final-SME03130,Construction,2019-01-01,1,0.413445526791,0.35650924507985676,0.004415761323623472,0.21075351216115668,0.35286543024925443
final-final-SME03135-005490,final-SME03135,Hospitality,2020-04-01,1,0.327872600486,0.7241919910409267,0.010023243689465914,0.641912612794848,0.692338298279081
final-final-SME03137-005496,final-SME03137,Manufacturing,2020-10-01,0,0.246303295924,0.44698198597987676,0.004578557017853957,0.47713667245897534,0.5177634816967571
final-final-SME03145-005509,final-SME03145,Retail,2020-10-01,0,0.114264716506,0.2885845372735117,0.004434242283702511,0.29071796494628277,0.2637335919311097
final-final-SME03147-005513,final-SME03147,Manufacturing,2020-04-01,1,0.812934328358,0.6762025202096704,0.009096654167987333,0.612031250721071,0.6577774668729783
final-final-SME03150-005518,final-SME03150,Hospitality,2018-04-01,0,0.704086169498,0.5518811224148138,0.008530663072877061,0.5156620268952554,0.5389023890513304
final-final-SME03152-005521,final-SME03152,Manufacturing,2019-01-01,1,0.627374021059,0.5309221410568156,0.0059173340914951906,0.37173343001054265,0.5125692445529993
final-final-SME03152-005522,final-SME03152,Manufacturing,2019-01-01,1,0.602563266965,0.48039470026591313,0.005032680455185618,0.35489059118169347,0.5125692445529993
final-final-SME03155-005526,final-SME03155,Transport,2018-01-01,1,0.248102897426,0.17883901401304586,0.0034948875154310667,0.1485009597072464,0.2661101453701394
final-final-SME03159-005535,final-SME03159,Transport,2020-07-01,1,0.627036563055,0.5793019387104259,0.0049422948105007965,0.3373667629103609,0.49514833588270407
final-final-SME03161-005541,final-SME03161,Retail,2019-07-01,1,0.108970550352,0.20499927882973856,0.003545068056960923,0.0947932518980877,0.22763534455916432
final-final-SME03166-005548,final-SME03166,Manufacturing,2019-10-01,0,0.650127510003,0.3703034246422325,0.010115280163919785,0.5705557005163651,0.412765537108565
final-final-SME03174-005563,final-SME03174,Construction,2018-01-01,1,0.25319164555,0.5533368515737951,0.01007616265945379,0.5061380112786722,0.5685907639772023
final-final-SME03175-005566,final-SME03175,Services,2019-07-01,0,0.432252613216,0.29846991765155906,0.003370177852484037,0.3225621992581038,0.43547185962072943
final-final-SME03176-005568,final-SME03176,Hospitality,2018-01-01,1,0.421118864102,0.38272887515126697,0.0031377107990689553,0.24080052087552675,0.36305996199704876
final-final-SME03181-005578,final-SME03181,Retail,2018-07-01,1,0.277725172184,0.17760450885191467,0.0033021289352226746,0.02524581898882159,0.1067672136096571
final-final-SME03181-005579,final-SME03181,Retail,2018-07-01,1,0.0931184126232,0.10495152177737566,0.002559165262168499,0.03590115597728022,0.1076346678643149
final-final-SME03185-005585,final-SME03185,Technology,2018-04-01,0,0.465014314365,0.3603596949669279,0.00339951457785956,0.29999517128221415,0.3650818876534328
final-final-SME03191-005595,final-SME03191,Manufacturing,2018-07-01,1,0.231451426705,0.3038520226984772,0.004296183936961754,0.09537866530921599,0.1973961691401291
final-final-SME03192-005598,final-SME03192,Services,2019-01-01,0,0.304789929368,0.3013676493002895,0.003324522691268658,0.3768533782471859,0.35057330244316426
final-final-SME03196-005607,final-SME03196,Technology,2018-07-01,0,0.65408597616,0.5521462523321577,0.005731631858929051,0.5782866883405846,0.5374609671958502
final-final-SME03197-005608,final-SME03197,Services,2018-10-01,0,0.231720549159,0.35189192526123064,0.004555424290081864,0.3050996400572223,0.3356310827576269
final-final-SME03224-005656,final-SME03224,Services,2020-04-01,0,0.204211223403,0.577155220545424,0.007974330093853878,0.6353817961230924,0.5536006341184482
final-final-SME03229-005665,final-SME03229,Technology,2018-04-01,0,0.674729987061,0.5859222818688608,0.008133900752529162,0.6760551303819721,0.5681824723666947
final-final-SME03230-005666,final-SME03230,Retail,2018-01-01,1,0.793132946958,0.6852241528194096,0.00983576945906893,0.5859930214254705,0.6829887228096243
final-final-SME03236-005677,final-SME03236,Services,2019-01-01,0,0.538065876129,0.4635545002675621,0.005021211399415691,0.46113406853727296,0.4396968880479618
final-final-SME03237-005679,final-SME03237,Retail,2018-04-01,1,0.190701855659,0.2763509841231817,0.0026320155723274473,0.22853169226188388,0.34318711460362317
final-final-SME03255-005710,final-SME03255,Services,2018-10-01,0,0.59460744406,0.5178519761653945,0.006228901993553285,0.5046839341175003,0.4771604070893421
final-final-SME03262-005722,final-SME03262,Manufacturing,2018-10-01,1,0.474895162322,0.40211991607430253,0.0029248742826296415,0.3034717274899062,0.39075595146875164
final-final-SME03270-005739,final-SME03270,Construction,2020-10-01,0,0.28542110974,0.29098636078423207,0.0027733399323888568,0.3280585630830644,0.3212851680849862
final-final-SME03284-005758,final-SME03284,Services,2019-01-01,0,0.65836858893,0.5660821121215729,0.00820149279257166,0.623509885513844,0.526790414748735
final-final-SME03290-005769,final-SME03290,Technology,2018-04-01,0,0.141528756909,0.1732275139444157,0.001456144362357225,0.16954921731808273,0.15175101256781598
final-final-SME03291-005771,final-SME03291,Retail,2020-10-01,0,0.121704426819,0.11429960607498169,0.00270366155604203,0.08999194893268189,0.15802865259615276
final-final-SME03293-005774,final-SME03293,Manufacturing,2018-01-01,1,0.30319841994,0.5874328345600079,0.005252038504228525,0.5522167066673154,0.6169154759642216
final-final-SME03293-005775,final-SME03293,Manufacturing,2018-01-01,1,0.898001225673,0.7213932207814937,0.007684222358767969,0.6471135728636238,0.6834170495190187
final-final-SME03297-005782,final-SME03297,Services,2020-10-01,1,0.323810389489,0.2777618305644196,0.003661554120799388,0.24287348308778514,0.2787076464634632
final-final-SME03298-005784,final-SME03298,Hospitality,2020-01-01,0,0.327819434833,0.34502548551822754,0.0038888714146157965,0.350541783611543,0.39976503350622744
final-final-SME03306-005797,final-SME03306,Retail,2019-10-01,1,0.623720262545,0.5834123008067482,0.004900692601282461,0.37744247174740597,0.5523886440451723
final-final-SME03315-005811,final-SME03315,Transport,2019-07-01,1,0.481366643022,0.5439679134053717,0.005926894222584653,0.35056631765339274,0.5406524115778711
final-final-SME03324-005826,final-SME03324,Services,2020-01-01,0,0.612793334709,0.5268814063046234,0.010276651005976464,0.6003855605017756,0.5502390556891976
final-final-SME03328-005834,final-SME03328,Construction,2020-01-01,1,0.210435767753,0.5769528494011202,0.011296115980337017,0.5786248327358134,0.5341664477895075
final-final-SME03329-005837,final-SME03329,Retail,2019-07-01,1,0.79248782172,0.6602341992142347,0.010816123373774486,0.5525404681214371,0.672315225109813
final-final-SME03332-005845,final-SME03332,Retail,2019-07-01,1,0.666093073703,0.6169402163723491,0.006243244418723846,0.4719676134268483,0.6047253144728636
final-final-SME03335-005850,final-SME03335,Transport,2020-01-01,1,0.605375772816,0.48305187097297103,0.008071294827809453,0.40546061434389785,0.519380582749853
final-final-SME03347-005871,final-SME03347,Manufacturing,2020-07-01,0,0.821036524659,0.6608817912928958,0.010249675813540996,0.690344631928334,0.6680529640627184
final-final-SME03348-005873,final-SME03348,Manufacturing,2020-07-01,0,0.197661111693,0.25329554265566895,0.0024191342037889214,0.27764826003044163,0.34666419671139675
final-final-SME03354-005884,final-SME03354,Retail,2018-01-01,1,0.768967542311,0.6247545583122578,0.0064331890266481895,0.5530567203998784,0.6195053193841723
final-final-SME03355-005886,final-SME03355,Retail,2018-07-01,1,0.309717758914,0.34203120397808673,0.004383081505853873,0.2604400296373701,0.3369179186093878
final-final-SME03356-005889,final-SME03356,Services,2020-04-01,0,0.583058530464,0.5154667572141785,0.005198641903069056,0.493282343320598,0.49335654841250765
final-final-SME03358-005891,final-SME03358,Services,2019-01-01,0,0.685781163716,0.45738913697761474,0.00851429119604306,0.5422698119370035,0.4650866054385757
final-final-SME03366-005907,final-SME03366,Technology,2019-01-01,1,0.642368819832,0.4639603477356805,0.004186131238187247,0.23179356634802217,0.4492433655752199
final-final-SME03366-005908,final-SME03366,Technology,2019-01-01,1,0.541000693899,0.48869238194856135,0.0035068253464117577,0.32663282244164793,0.5313699192853993
final-final-SME03374-005919,final-SME03374,Transport,2018-07-01,0,0.651478248952,0.5387330034834782,0.01108740916348495,0.6016861956231349,0.5418743747576426
final-final-SME03375-005920,final-SME03375,Services,2018-01-01,1,0.195188951325,0.2441052980845541,0.0018330551221703597,0.2663348675262404,0.3048130697122163
final-final-SME03375-005921,final-SME03375,Services,2018-01-01,1,0.510993016938,0.4214317596811812,0.0032019459084499688,0.3805297520099879,0.41363513512842204
final-final-SME03377-005924,final-SME03377,Transport,2019-01-01,1,0.187204066974,0.7354014835179181,0.009848639809379998,0.633335020399667,0.7393783561681302
final-final-SME03378-005925,final-SME03378,Manufacturing,2018-07-01,1,0.852518403664,0.7239177051407053,0.008874060690367554,0.6425723600531946,0.7134627813049573
final-final-SME03383-005934,final-SME03383,Services,2018-04-01,1,0.272920095769,0.8570963337689794,0.007607243724245571,0.785823775623075,0.8096450210814767
final-final-SME03383-005935,final-SME03383,Services,2018-04-01,1,0.925366292488,0.858270623480122,0.0077749940728920035,0.751801768928586,0.8096450210814767
final-final-SME03384-005937,final-SME03384,Hospitality,2020-01-01,0,0.429811726513,0.3505987767722186,0.003332075516548389,0.38028053309645365,0.39498372308850366
final-final-SME03385-005938,final-SME03385,Manufacturing,2018-07-01,1,0.0565887579736,0.06597778344829675,0.0010333766256487833,0.0011720860137699044,0.06302901389699224
final-final-SME03386-005941,final-SME03386,Transport,2018-04-01,0,0.321674836701,0.3286887841955574,0.0028976959163874326,0.26861392232823944,0.3539438601691617
final-final-SME03397-005958,final-SME03397,Transport,2018-10-01,0,0.663622591692,0.5791967641751241,0.010260821469868592,0.7074723639659759,0.578632057614246
final-final-SME03398-005960,final-SME03398,Services,2018-10-01,0,0.683421895436,0.5490563209652094,0.005331678272567801,0.4895152276454783,0.5251161707765551
final-final-SME03399-005963,final-SME03399,Manufacturing,2020-01-01,0,0.708241883073,0.6166234355262108,0.009831478771642218,0.6701024066578474,0.5614575510503075
final-final-SME03405-005977,final-SME03405,Hospitality,2019-10-01,0,0.629078628328,0.544193525808166,0.006027322485299807,0.4849576944992904,0.47055674050135776
final-final-SME03410-005984,final-SME03410,Construction,2020-01-01,1,0.281513193436,0.6287604306029893,0.008523299458916328,0.5073551724170857,0.6316306998380359
final-final-SME03418-005997,final-SME03418,Construction,2020-07-01,0,0.288816199612,0.2520684794426874,0.0036825786372172015,0.3796452223708911,0.34710107415301816
final-final-SME03421-006003,final-SME03421,Transport,2019-01-01,1,0.557806210401,0.44478118996691274,0.005093170430752356,0.3068663089115506,0.47202214738411274
final-final-SME03424-006011,final-SME03424,Services,2018-07-01,1,0.528757298325,0.5174417931304602,0.0038578934920192594,0.3074788399604174,0.539408500046869
final-final-SME03426-006015,final-SME03426,Services,2018-10-01,0,0.286538304338,0.26035030040993873,0.0015448491013853297,0.28925700648646924,0.2431043582853633
final-final-SME03428-006020,final-SME03428,Construction,2019-07-01,0,0.582171744848,0.4849643618899749,0.00367294733999208,0.3991660144032216,0.5006164994726033
final-final-SME03430-006023,final-SME03430,Retail,2018-10-01,1,0.514412636006,0.5135245112948112,0.004238130302611736,0.36940822205729923,0.5279783140347386
final-final-SME03439-006039,final-SME03439,Retail,2020-01-01,1,0.878239838608,0.6759222271272826,0.010973969954257635,0.654648153671514,0.6550838060468975
final-final-SME03440-006042,final-SME03440,Services,2020-07-01,0,0.524042131054,0.45620833673351263,0.0045085566026682716,0.4504843623056072,0.44133372856738556
final-final-SME03447-006055,final-SME03447,Technology,2018-07-01,0,0.222598946761,0.26580636492958154,0.002436533925486486,0.2675755667142679,0.31041119682831736
final-final-SME03448-006056,final-SME03448,Services,2020-07-01,0,0.401491188405,0.40658212700494556,0.004569195136621879,0.4088004578993608,0.44810943876194254
final-final-SME03449-006060,final-SME03449,Services,2019-07-01,0,0.553240356183,0.5217293068668201,0.004471165688619787,0.46845421461081,0.522085094343071
final-final-SME03454-006068,final-SME03454,Construction,2019-07-01,0,0.700869157526,0.6018196325723343,0.010235761278870216,0.5908399864563925,0.5825023820712723
final-final-SME03457-006073,final-SME03457,Manufacturing,2020-01-01,0,0.787353727557,0.6732051248691313,0.009402071164158268,0.7002858260833087,0.6121193950374586
final-final-SME03474-006108,final-SME03474,Construction,2020-04-01,0,0.261670455831,0.46576333575317774,0.006960537132195203,0.3592143733212045,0.5418154717012155
final-final-SME03493-006143,final-SME03493,Hospitality,2020-01-01,0,0.651360817011,0.5797275227129108,0.0067731010057009,0.5569098603840792,0.5093097941289526
final-final-SME03513-006178,final-SME03513,Transport,2018-04-01,0,0.26112711034,0.34272030001089115,0.003705956535863649,0.3617612639294704,0.3863122930798128
final-final-SME03519-006186,final-SME03519,Technology,2018-10-01,1,0.689373892675,0.6702538897716028,0.007853202816142619,0.6494653198257668,0.6619868697000646
final-final-SME03523-006194,final-SME03523,Technology,2019-04-01,0,0.877094530875,0.6625282473659371,0.009908561785337718,0.6973252961187764,0.6452869915795293
final-final-SME03524-006195,final-SME03524,Construction,2019-04-01,0,0.509815889496,0.4180247965619375,0.004311357149498065,0.4095073767122972,0.4063850167017882
final-final-SME03526-006202,final-SME03526,Services,2019-01-01,0,0.268971709475,0.22632991801432562,0.0028937341049293905,0.2675772564629474,0.2986138305872109
final-final-SME03535-006215,final-SME03535,Services,2019-07-01,0,0.446785829566,0.41355275620152643,0.004897742310010806,0.35030313421908965,0.3722692653001261
final-final-SME03545-006226,final-SME03545,Services,2018-07-01,1,0.291565885203,0.7118106958496868,0.010912359268554392,0.609259499040147,0.7694235370951293
final-final-SME03550-006236,final-SME03550,Technology,2020-01-01,0,0.401411659209,0.5067387038873601,0.0063942580747901444,0.45624987411980833,0.45297011822219274
final-final-SME03552-006239,final-SME03552,Transport,2020-10-01,1,0.233459670431,0.6371708517687573,0.01086143562907736,0.5150841869271399,0.6307948098235538
final-final-SME03554-006241,final-SME03554,Manufacturing,2020-01-01,0,0.0944795006227,0.3484218743228684,0.005316226190173799,0.4099000894269154,0.36227201805114045
final-final-SME03558-006248,final-SME03558,Transport,2018-01-01,1,0.164449698308,0.5207019528729231,0.006061836162919987,0.44689222603322165,0.5852998976536927
final-final-SME03560-006252,final-SME03560,Hospitality,2020-04-01,1,0.0598957935445,0.08157707868240975,0.00186284779734485,0.0508475128400949,0.17655710979859618
final-final-SME03562-006255,final-SME03562,Manufacturing,2018-10-01,1,0.22345935428,0.6048339713941567,0.005901291498542251,0.5801667822223396,0.5782040662004565
final-final-SME03569-006267,final-SME03569,Hospitality,2018-01-01,1,0.152370624776,0.7099362611848941,0.009581197741889891,0.6842107293742566,0.6707183383490397
final-final-SME03570-006268,final-SME03570,Transport,2020-07-01,1,0.971135851614,0.7332331368980791,0.010322045706630704,0.627812565989001,0.7286808277153437
final-final-SME03572-006273,final-SME03572,Services,2019-01-01,0,0.289382067472,0.7269751162216316,0.007568288272317924,0.8572864349087737,0.6794042557393692
final-final-SME03573-006275,final-SME03573,Retail,2020-07-01,1,0.588445466899,0.46060146592272433,0.004489775424858395,0.29756283612731366,0.4825569830492124
final-final-SME03574-006276,final-SME03574,Construction,2020-01-01,1,0.830712649726,0.6957470300833776,0.010070003498156462,0.677862910283641,0.6409708058237998
final-final-SME03576-006279,final-SME03576,Manufacturing,2020-01-01,0,0.0356888350776,0.037648853537366855,0.00034630679694527404,0.010006915718632438,0.0
final-final-SME03577-006283,final-SME03577,Transport,2019-10-01,1,0.778379102368,0.5413986144355016,0.011481837796200486,0.49324474974038335,0.5684919372923888
final-final-SME03579-006287,final-SME03579,Retail,2020-04-01,1,0.985646599167,0.7982739900663586,0.008232539534916728,0.7248593178495898,0.7788243758473488
final-final-SME03584-006294,final-SME03584,Manufacturing,2019-10-01,0,0.574367452822,0.5293098291149452,0.005304021194655121,0.450669680011386,0.5025078495401799
final-final-SME03586-006297,final-SME03586,Services,2020-04-01,0,0.910502952989,0.6460361881253953,0.010614249167573484,0.6801008146086768,0.6221196857406677
final-final-SME03598-006316,final-SME03598,Manufacturing,2019-01-01,1,0.701644681489,0.6583725891422274,0.004175067673967437,0.49354207650559284,0.6419247573059776
final-final-SME03600-006318,final-SME03600,Hospitality,2020-01-01,0,0.541797540621,0.4845422355445578,0.007015972828333296,0.4948725963740536,0.46618531796852686
final-final-SME03601-006321,final-SME03601,Construction,2020-10-01,0,0.154914567465,0.5266169085053983,0.010599013226395672,0.6479068050528426,0.5084128304687654
final-final-SME03605-006327,final-SME03605,Construction,2018-07-01,1,0.605129658888,0.5478394513852461,0.005278474274065125,0.32526787760231096,0.4877762626466458
final-final-SME03606-006329,final-SME03606,Manufacturing,2019-04-01,1,0.216695212234,0.22789581828366182,0.0024208661731852633,0.22306939841150147,0.3457634257006104
final-final-SME03628-006366,final-SME03628,Services,2020-01-01,0,0.738089432375,0.4040952456651402,0.010553683918937797,0.5316987835150079,0.4382029205164476
final-final-SME03628-006367,final-SME03628,Services,2020-01-01,0,0.102365282384,0.2128295519965298,0.0029607198694808702,0.36032990957863853,0.2409303447478932
final-final-SME03632-006374,final-SME03632,Manufacturing,2018-10-01,1,0.958936692328,0.7633270376932039,0.009049289105022304,0.7419625149932368,0.7511168723883
final-final-SME03635-006381,final-SME03635,Services,2018-10-01,0,0.131365135854,0.33583045519160715,0.0041839208475110985,0.32447141110681965,0.3553325473626351
final-final-SME03639-006387,final-SME03639,Manufacturing,2020-01-01,0,0.171413591093,0.26019244864804414,0.0028259633290830966,0.2593185468425618,0.2908302876674216
final-final-SME03640-006390,final-SME03640,Retail,2019-07-01,1,0.0826779319753,0.0682311626785809,0.0007275832393797458,0.057691982237645816,0.17557531749415295
final-final-SME03642-006394,final-SME03642,Retail,2018-01-01,1,0.326348812548,0.3995196139924885,0.0030892737720416776,0.326052957973426,0.43461652525639727
final-final-SME03643-006398,final-SME03643,Retail,2020-04-01,1,0.316525297014,0.5753419633877936,0.00813394587610518,0.4528128303312307,0.548712079241909
final-final-SME03659-006426,final-SME03659,Manufacturing,2020-04-01,1,0.49193950948,0.7354551068249997,0.005140755131153158,0.5803880850087759,0.7095293051165791
final-final-SME03660-006427,final-SME03660,Services,2019-04-01,0,0.584285398804,0.3937178283945711,0.00568494276378728,0.46309139605050287,0.4003523061530998
final-final-SME03666-006437,final-SME03666,Transport,2020-04-01,1,0.987057970093,0.7395728224053932,0.009789628818867295,0.6789786635813607,0.7149889368589094
final-final-SME03669-006441,final-SME03669,Construction,2020-04-01,0,0.485774620871,0.4226370489585286,0.007021251552905472,0.3130823642408263,0.48819760841494825
final-final-SME03676-006451,final-SME03676,Manufacturing,2020-04-01,1,0.547165483844,0.5079769633070303,0.0064606400497391765,0.4087508819039036,0.5341702133094328
final-final-SME03678-006457,final-SME03678,Transport,2018-07-01,0,0.251988463807,0.5204218337857258,0.007869584755945932,0.522862421946365,0.5142482709294174
final-final-SME03685-006470,final-SME03685,Hospitality,2019-10-01,0,0.384093319994,0.4003761895763094,0.0036729946409414333,0.40041043507156227,0.38613343492760815
final-final-SME03686-006472,final-SME03686,Technology,2018-04-01,0,0.641611674651,0.44009381803467584,0.0076213523231835325,0.4125657295537003,0.45268228648939474
final-final-SME03688-006476,final-SME03688,Services,2019-07-01,0,0.518385963176,0.47670809423634863,0.005634398120429138,0.44331271267979316,0.4496760580312815
final-final-SME03691-006481,final-SME03691,Construction,2018-04-01,1,0.225697388186,0.14522171926617827,0.0035568747304217533,0.050832516855187214,0.21014880749496775
final-final-SME03695-006490,final-SME03695,Retail,2020-01-01,1,0.703507761658,0.6257526198013779,0.010768700903452924,0.5072084078713183,0.6142436416466033
final-final-SME03701-006502,final-SME03701,Hospitality,2020-07-01,1,0.63805097588,0.5597471887732657,0.007313386616178133,0.48203351850786286,0.5487972101415475
final-final-SME03703-006504,final-SME03703,Hospitality,2020-10-01,1,0.815811310498,0.7900657183248976,0.005192731906286502,0.6622352517595922,0.7215033667606011
final-final-SME03706-006509,final-SME03706,Retail,2020-07-01,1,0.7967620084,0.7373385030713272,0.007409289650152894,0.599629406219978,0.7326677779108285
final-final-SME03707-006511,final-SME03707,Retail,2019-07-01,1,0.861645975111,0.7637824864157762,0.008411733416423314,0.6210020145053988,0.7525209976409898
final-final-SME03709-006514,final-SME03709,Transport,2020-10-01,1,0.752976143352,0.5125032642443159,0.00992179639000109,0.4922210119614042,0.515894552372849
final-final-SME03716-006525,final-SME03716,Hospitality,2019-01-01,1,0.516381226527,0.5202469497556985,0.003886697625540471,0.30742479750334534,0.49215250907041497
final-final-SME03722-006536,final-SME03722,Services,2019-10-01,0,0.462510481503,0.40168960572586027,0.003512362169983055,0.3288016125811388,0.3724387968383271
final-final-SME03724-006539,final-SME03724,Services,2019-04-01,0,0.165121090428,0.21961318945629843,0.002098188043918363,0.21982000783926367,0.249216107213948
final-final-SME03738-006559,final-SME03738,Transport,2018-10-01,0,0.372666016239,0.29755842991593684,0.003983543555475153,0.4359011029002955,0.4010198419892651
final-final-SME03739-006561,final-SME03739,Transport,2020-10-01,1,0.794177427406,0.7520110791445103,0.010089511442054418,0.6944829798623955,0.706375659030486
final-final-SME03740-006564,final-SME03740,Services,2020-01-01,0,0.281754747678,0.25709512134953805,0.0017425023399079247,0.3702091059058217,0.344866732776854
final-final-SME03741-006566,final-SME03741,Retail,2020-10-01,0,0.635175863534,0.5820818179144649,0.009981053307526995,0.6074892328680791,0.5374508635314347
final-final-SME03745-006575,final-SME03745,Manufacturing,2018-07-01,1,0.625606926317,0.5700685314971214,0.005665892460437197,0.40685643632645274,0.5314229875059029
final-final-SME03748-006580,final-SME03748,Manufacturing,2018-01-01,1,0.667532691934,0.6186296378167857,0.00873147340017857,0.5266021767725921,0.6254070968227563
final-final-SME03750-006585,final-SME03750,Manufacturing,2018-10-01,1,0.460424394669,0.4812590954072856,0.004448603975415661,0.39314859505584554,0.4929176687763552
final-final-SME03756-006596,final-SME03756,Transport,2018-10-01,0,0.461198099595,0.406254201963283,0.004566438715678175,0.47546385474659975,0.42243820168218865
final-final-SME03761-006606,final-SME03761,Retail,2019-10-01,1,0.452717217516,0.47012753714679795,0.004844302651624368,0.3571598109225682,0.4968761184805047
final-final-SME03763-006610,final-SME03763,Manufacturing,2019-10-01,0,0.146224585795,0.6153313512481209,0.010296210675971614,0.658379282983055,0.615903277698915
final-final-SME03775-006631,final-SME03775,Hospitality,2018-07-01,0,0.365418186534,0.30940473087182685,0.002648397086068371,0.22960804616488847,0.2498043254305729
final-final-SME03791-006654,final-SME03791,Retail,2018-04-01,1,0.588777302013,0.6263553082213227,0.0047877641687944054,0.42338423995333097,0.5820939653521552
final-final-SME03792-006655,final-SME03792,Services,2020-07-01,0,0.0718836349997,0.4914746975898818,0.010833138909296722,0.5942997468732589,0.49693112268292206
final-final-SME03797-006665,final-SME03797,Services,2019-04-01,0,0.189663137797,0.5843391284495417,0.009934189203457344,0.6477471035106663,0.5438016513952137
final-final-SME03797-006666,final-SME03797,Services,2019-04-01,0,0.483079577494,0.3818457811555972,0.00567311910266701,0.432280306119392,0.4056002468364547
final-final-SME03801-006673,final-SME03801,Manufacturing,2018-07-01,1,0.809677480955,0.6917498276386735,0.010314956788677795,0.6401430456329019,0.6974309240032823
final-final-SME03803-006676,final-SME03803,Transport,2018-07-01,0,0.713896366191,0.583321964871468,0.010648924196625354,0.6445919418084121,0.544976270007802
final-final-SME03811-006690,final-SME03811,Services,2019-01-01,0,0.254490449966,0.5954964253256588,0.01067502040122309,0.656456415364485,0.5955958197765675
final-final-SME03833-006733,final-SME03833,Services,2020-01-01,0,0.654742020021,0.45663321708784516,0.011174017088290447,0.5970356032866841,0.4995456000669835
final-final-SME03852-006765,final-SME03852,Retail,2019-07-01,1,0.219303852007,0.5744508990680679,0.008596837126369179,0.5320781668671308,0.6301825310440335
final-final-SME03865-006785,final-SME03865,Transport,2020-10-01,1,0.673394955605,0.6349576180280168,0.0072247734935377535,0.4917424378328116,0.6013874520903814
final-final-SME03884-006816,final-SME03884,Services,2020-07-01,0,0.563601630918,0.41513419041310934,0.008847903664358345,0.5656626160733264,0.43291268717259895
final-final-SME03887-006823,final-SME03887,Services,2018-04-01,1,0.915104916215,0.8273363150346223,0.006953834077770233,0.7979533572984311,0.7846439263335228
final-final-SME03895-006838,final-SME03895,Technology,2018-07-01,0,0.400080108421,0.32812612311533607,0.0030784140385324674,0.35723597756924763,0.3852776496357738
final-final-SME03897-006840,final-SME03897,Services,2020-04-01,0,0.791294332626,0.6338017217229338,0.010221310177701363,0.6638940503787765,0.6093221687901945
final-final-SME03904-006850,final-SME03904,Manufacturing,2018-07-01,1,0.837436992551,0.7385498863354731,0.009548012534176855,0.6909850678961006,0.7278161686153402
final-final-SME03907-006854,final-SME03907,Transport,2020-01-01,1,0.264267778996,0.2974628535986551,0.0017138264446187083,0.20627397162063904,0.35697666281634227
final-final-SME03920-006879,final-SME03920,Services,2019-10-01,0,0.33639489032,0.3955006021765411,0.002718961730797966,0.37243551454276314,0.4314088586610048
final-final-SME03938-006910,final-SME03938,Construction,2020-10-01,0,0.240912147017,0.4818236514983049,0.00859399938704083,0.609293403493521,0.47013466846459373
final-final-SME03940-006914,final-SME03940,Technology,2019-04-01,0,0.267537233854,0.25638324756169606,0.0018616127688321261,0.2638949580332383,0.32360340645165786
final-final-SME03941-006916,final-SME03941,Manufacturing,2018-04-01,1,0.687037954496,0.5734492990495801,0.011258271390428173,0.5062149057904,0.663966858407534
final-final-SME03941-006917,final-SME03941,Manufacturing,2018-04-01,1,0.754206117017,0.4637984977440375,0.006880799994189723,0.3421796706888265,0.4962143506763035
final-final-SME03947-006929,final-SME03947,Construction,2018-07-01,1,0.33762722989,0.4170367953347103,0.004409757352195759,0.47915237614566303,0.5475298032501259
final-final-SME03951-006934,final-SME03951,Services,2019-01-01,0,0.188279191203,0.13782145789103994,0.0019449233047071942,0.21215178706521637,0.22707306826044665
final-final-SME03959-006954,final-SME03959,Retail,2020-04-01,1,0.749722981876,0.6541205973723915,0.00601500339443333,0.5115407029063824,0.6417530828699591
final-final-SME03960-006957,final-SME03960,Manufacturing,2020-01-01,0,0.51330633391,0.4301723295586166,0.010321219249443929,0.48419798811406206,0.4702751921372051
final-final-SME03969-006969,final-SME03969,Manufacturing,2019-01-01,1,0.538137332583,0.598942940732082,0.006682814759274298,0.4756598254199726,0.5583900841976854
final-final-SME03971-006973,final-SME03971,Retail,2020-01-01,1,0.830336106095,0.6247126077099143,0.010812117748002899,0.5424518350416987,0.615227195685611
final-final-SME03984-006993,final-SME03984,Hospitality,2018-10-01,1,0.514289268339,0.5091139734395497,0.004063389173243511,0.3932192048082857,0.5396523216987006
final-final-SME04003-007026,final-SME04003,Manufacturing,2020-01-01,0,0.521466041269,0.5134848956789634,0.0040983556292938095,0.4813202704702415,0.4715437325082207
final-final-SME04010-007042,final-SME04010,Transport,2018-10-01,0,0.213404599212,0.5371930334034836,0.0072521377398013995,0.5757031704347473,0.5440514678529174
final-final-SME04019-007057,final-SME04019,Manufacturing,2020-10-01,0,0.294730267547,0.3668631614180836,0.0032962704480032634,0.3789607197465288,0.4412650302731611
final-final-SME04026-007070,final-SME04026,Services,2018-01-01,1,0.769581787792,0.5437233087633941,0.011209945730696775,0.4951303051161613,0.5898428577626299
final-final-SME04034-007084,final-SME04034,Transport,2020-10-01,1,0.256779449295,0.7062516803093752,0.010508753569625169,0.6264892479601292,0.6945365217990473
final-final-SME04045-007104,final-SME04045,Technology,2019-04-01,0,0.165259176076,0.5720919142069624,0.010651224460360873,0.6255358913181192,0.5966681266066802
final-final-SME04049-007112,final-SME04049,Manufacturing,2020-04-01,1,0.608557177177,0.6184666920264656,0.011071129977124816,0.6012250248840469,0.5988093618285943
final-final-SME04052-007117,final-SME04052,Hospitality,2020-07-01,1,0.276220870005,0.5806069555297815,0.006448519005609277,0.4428325822861223,0.559312337336708
final-final-SME04053-007119,final-SME04053,Services,2019-04-01,0,0.118432782768,0.10421982455598139,0.0024376510511844645,0.026196336562757886,0.09330382151760418
final-final-SME04057-007124,final-SME04057,Manufacturing,2020-04-01,1,0.589903131237,0.606800356549672,0.007023455420006551,0.5400522256532461,0.5878245263006026
final-final-SME04060-007130,final-SME04060,Construction,2019-07-01,0,0.807109899051,0.6320849777211017,0.010457031031117484,0.6829535615376404,0.6231576479510582
final-final-SME04061-007132,final-SME04061,Retail,2019-10-01,1,0.799499553974,0.7273907675443321,0.010388979451414664,0.6889755432362762,0.6873159923812359
final-final-SME04064-007138,final-SME04064,Hospitality,2018-04-01,0,0.73937207518,0.6041381490923898,0.009456852187760345,0.6226059950350035,0.5826883053270768
final-final-SME04069-007147,final-SME04069,Technology,2019-04-01,0,0.186225893593,0.5863919795907417,0.00751957987723562,0.6064009806259519,0.6153270116673857
final-final-SME04073-007154,final-SME04073,Construction,2020-07-01,0,0.389257037073,0.36934246515295377,0.0039456733604858385,0.36281277328688616,0.3789553806516537
final-final-SME04077-007160,final-SME04077,Services,2020-07-01,0,0.163329054727,0.631306088833717,0.009953315298072049,0.7070707107666833,0.6330022977112535
final-final-SME04080-007166,final-SME04080,Transport,2020-01-01,1,0.799077563994,0.6020278267138878,0.006542211139417334,0.541125629691938,0.6054344180163742
final-final-SME04086-007178,final-SME04086,Retail,2018-01-01,1,0.56331359926,0.5117550988177113,0.005311833262830918,0.4151059540375067,0.49366601082264844
final-final-SME04087-007181,final-SME04087,Retail,2019-04-01,1,0.612314280958,0.6470923804166755,0.006330972895575169,0.5301152929039964,0.5930092937803607
final-final-SME04096-007198,final-SME04096,Hospitality,2020-10-01,1,0.743516605291,0.748010426832779,0.00961310511456417,0.6488087443167357,0.7365852663601871
final-final-SME04102-007208,final-SME04102,Manufacturing,2018-01-01,1,0.780081923952,0.6682117047262642,0.008452444612955363,0.664607989516895,0.6573964136922288
final-final-SME04103-007210,final-SME04103,Transport,2018-07-01,0,0.248881429615,0.4967514684147011,0.007969619034513813,0.5364214651831073,0.46125307166413343
final-final-SME04107-007216,final-SME04107,Hospitality,2018-04-01,0,0.782263649767,0.6978010391628439,0.009636975453966468,0.7184271649850346,0.6755904943129185
final-final-SME04116-007232,final-SME04116,Retail,2019-07-01,1,0.799777581465,0.7046475603074094,0.009820989160006757,0.5894570720059253,0.6803763757795036
final-final-SME04122-007243,final-SME04122,Hospitality,2018-10-01,1,0.676476673142,0.6207181687867995,0.004681875206073977,0.4796580570018511,0.6185083188478587
final-final-SME04125-007248,final-SME04125,Services,2019-07-01,0,0.295564792096,0.21655392765941112,0.0037136954212208485,0.033213524648473006,0.1336965684750855
final-final-SME04126-007249,final-SME04126,Services,2019-04-01,0,0.218131147795,0.583543973424283,0.010044118222581147,0.7419238544242058,0.5184279295563906
final-final-SME04128-007252,final-SME04128,Hospitality,2018-01-01,1,0.210090004795,0.5923969368933881,0.010964805912369955,0.5569403699076193,0.6170130041010671
final-final-SME04129-007253,final-SME04129,Services,2019-07-01,0,0.222993516782,0.6577829517321927,0.010500322993109231,0.6495960418052787,0.6555656752022597
final-final-SME04131-007255,final-SME04131,Construction,2018-10-01,1,0.839113357693,0.7154464294357981,0.009465936746072844,0.6822249812793872,0.7237999517361365
final-final-SME04132-007259,final-SME04132,Manufacturing,2018-04-01,1,0.707880399585,0.7557730461512895,0.0067445964645817405,0.6419336065313731,0.7347882107585502
final-final-SME04145-007282,final-SME04145,Construction,2020-04-01,0,0.667265651979,0.5660562278954206,0.009538279254823267,0.6669739308643534,0.6136784766508679
final-final-SME04146-007284,final-SME04146,Manufacturing,2018-01-01,1,0.410305283984,0.5486437637791438,0.005102983188031413,0.49420220358163736,0.5225883184433877
final-final-SME04149-007291,final-SME04149,Transport,2020-04-01,1,0.371379254669,0.6827200001429139,0.00559103682128523,0.555040579422382,0.6794484630757227
final-final-SME04155-007299,final-SME04155,Manufacturing,2020-10-01,0,0.312764169743,0.19415569325884036,0.003829444507818943,0.10885259399812015,0.17985004732608326
final-final-SME04162-007306,final-SME04162,Retail,2019-04-01,1,0.505981021413,0.509882734535197,0.007135287634718252,0.3779433360157509,0.5420754895906401
final-final-SME04165-007311,final-SME04165,Transport,2018-01-01,1,0.202778001324,0.3517693665141247,0.0041329451741939855,0.30920486718830603,0.3712131654714344
final-final-SME04166-007314,final-SME04166,Transport,2018-10-01,0,0.451336141221,0.36686461008569243,0.005001839251364316,0.38554110478158027,0.3115000291520543
final-final-SME04179-007338,final-SME04179,Hospitality,2020-01-01,0,0.229411039657,0.20667698331581724,0.002157728411745345,0.2752526856045755,0.23426625808917612
final-final-SME04182-007345,final-SME04182,Transport,2020-10-01,1,0.219722610361,0.21042248934166774,0.003728141572929371,0.11611964608973645,0.27748604248414377
final-final-SME04184-007349,final-SME04184,Services,2020-10-01,1,0.463340254977,0.4903342130824227,0.004877464664704343,0.43711979674147267,0.4561483139471285
final-final-SME04184-007350,final-SME04184,Services,2020-10-01,1,0.653355012353,0.6148556920283845,0.0053552716427165085,0.566866394910862,0.5483121695384721
final-final-SME04187-007354,final-SME04187,Hospitality,2019-01-01,1,0.863802740542,0.6883933226949402,0.01062981355524795,0.609350834159967,0.6921815688918247
final-final-SME04187-007355,final-SME04187,Hospitality,2019-01-01,1,0.650784275357,0.6432277368182993,0.009885254165154532,0.634545377131401,0.65936971915934
final-final-SME04187-007356,final-SME04187,Hospitality,2019-01-01,1,0.25485409668,0.6904038981025356,0.010187082247101756,0.6062081110573958,0.6921815688918247
final-final-SME04190-007360,final-SME04190,Manufacturing,2020-01-01,0,0.728796485573,0.6276857777170497,0.010173230081654695,0.6801008146086768,0.6009005594019354
final-final-SME04191-007361,final-SME04191,Transport,2018-01-01,1,1.0,0.6735155760589595,0.010331258256203747,0.5929925412550253,0.6755728836967976
final-final-SME04192-007366,final-SME04192,Construction,2018-04-01,1,0.349826145883,0.4203876921313749,0.0031345398210312907,0.3196606565810602,0.48946369100019316
final-final-SME04196-007371,final-SME04196,Manufacturing,2019-10-01,0,0.222014561447,0.5905086394664532,0.010681515854997416,0.6046942941638582,0.5967089121276522
final-final-SME04201-007380,final-SME04201,Retail,2020-10-01,0,0.0915676909562,0.1112553825649841,0.002954690526256458,0.04513952901613617,0.16128087078687958
final-final-SME04203-007384,final-SME04203,Retail,2018-07-01,1,0.519050062099,0.4768079051578326,0.0044100404975862375,0.3941299107713482,0.49636530103379684
final-final-SME04208-007394,final-SME04208,Services,2019-01-01,0,0.374322693437,0.3550773265337266,0.0033786775947587957,0.34930819275113933,0.4011433537462056
final-final-SME04212-007402,final-SME04212,Retail,2019-07-01,1,0.770536522104,0.6960661224727789,0.00814102549828585,0.6473247395037662,0.7411108944856825
final-final-SME04235-007441,final-SME04235,Retail,2019-04-01,1,0.61239897696,0.5216233237095027,0.008229045269961108,0.5414452971137573,0.5309569873227518
final-final-SME04238-007445,final-SME04238,Services,2019-07-01,0,0.198770405669,0.2883438880958455,0.0030552350201946154,0.3818372811785016,0.38455737419037833
final-final-SME04240-007448,final-SME04240,Retail,2018-01-01,1,0.407153163812,0.3472239251642691,0.004555284972188481,0.2571171485217052,0.3452903950303641
final-final-SME04240-007449,final-SME04240,Retail,2018-01-01,1,0.255518344174,0.30022046201013375,0.004153945569934307,0.22933609536086058,0.3452903950303641
final-final-SME04248-007460,final-SME04248,Services,2018-10-01,0,0.533822127801,0.4489482493528174,0.007173767787899041,0.4069721788426119,0.3840013580072768
final-final-SME04255-007472,final-SME04255,Manufacturing,2019-01-01,1,0.639515433114,0.6529537268105258,0.0048702228361771705,0.495969341754941,0.6202719041265615
final-final-SME04260-007484,final-SME04260,Hospitality,2018-10-01,1,0.312283799113,0.5697902274665041,0.006323653623137058,0.3460038731058116,0.5311752577539869
final-final-SME04264-007489,final-SME04264,Manufacturing,2019-04-01,1,0.229636160262,0.500461123755207,0.007302477466973204,0.4332332172288945,0.5081261255453019
final-final-SME04282-007524,final-SME04282,Construction,2020-07-01,0,0.262389054688,0.4404617811011814,0.004364270702345092,0.4263856075590871,0.458552903596099
final-final-SME04285-007528,final-SME04285,Technology,2020-10-01,1,0.612961949642,0.6989083327708541,0.006397595862744778,0.5837655549372541,0.6413235545307787
final-final-SME04295-007546,final-SME04295,Services,2018-01-01,1,0.856671263831,0.7924094366694736,0.008779915025800328,0.7687894060530059,0.7571764252702154
final-final-SME04295-007548,final-SME04295,Services,2018-01-01,1,0.594361763065,0.5676086566290284,0.0060687412808074805,0.46555056832695846,0.6180976849562924
final-final-SME04305-007566,final-SME04305,Retail,2018-10-01,1,0.336054673125,0.553865383641482,0.006029497081078454,0.3878492313876857,0.5121347537693118
final-final-SME04311-007578,final-SME04311,Technology,2020-07-01,1,0.812632910282,0.7511773378818407,0.009764672025552543,0.6473021771812993,0.7557975955614405
final-final-SME04313-007580,final-SME04313,Retail,2018-01-01,1,0.953565763169,0.753070925885241,0.009163372277423004,0.7419238544242058,0.7060671902354696
final-final-SME04317-007588,final-SME04317,Manufacturing,2018-01-01,1,0.70678322866,0.6580315033725119,0.010267439457131086,0.6298103177917971,0.6872849435755939
final-final-SME04321-007595,final-SME04321,Construction,2018-01-01,1,0.220263782425,0.5537661070167459,0.010606989224180748,0.5136138706415986,0.6258019915967094
final-final-SME04323-007599,final-SME04323,Construction,2019-01-01,1,0.260614887868,0.2590095575056112,0.002939746954758421,0.1975587614273987,0.3244558246972964
final-final-SME04326-007603,final-SME04326,Manufacturing,2020-07-01,0,0.275825809624,0.24587045198824203,0.0024336652601168875,0.14035178716401453,0.22073976784892985
final-final-SME04331-007611,final-SME04331,Technology,2019-04-01,0,0.568682453552,0.4300579645639032,0.005293083727497152,0.3724209931238706,0.44355338384536336
final-final-SME04332-007613,final-SME04332,Construction,2020-10-01,0,0.53981779509,0.4578283178713271,0.004087196991926292,0.4859526146032044,0.48728847493765687
final-final-SME04336-007620,final-SME04336,Manufacturing,2018-01-01,1,0.674397684954,0.5579835940131751,0.005029859092742826,0.46831494084591524,0.5365896588214407
final-final-SME04339-007624,final-SME04339,Services,2018-01-01,1,0.370291222791,0.34059099116617236,0.0043866306685623364,0.3719986903090377,0.4181585837766617
final-final-SME04353-007646,final-SME04353,Technology,2019-04-01,0,0.230851039957,0.31080786688573836,0.002793420077984993,0.26660801791267374,0.35110037782808556
final-final-SME04354-007650,final-SME04354,Technology,2020-04-01,0,0.673786413681,0.654786173719019,0.008691814105260173,0.7019930556226068,0.637748040901961
final-final-SME04356-007653,final-SME04356,Hospitality,2020-10-01,1,0.357830166155,0.49145395357890886,0.005679886626373256,0.38700405523929743,0.5144485335300727
final-final-SME04362-007663,final-SME04362,Transport,2019-04-01,1,0.534723240302,0.5273003687694193,0.005889627455404885,0.3530272605976196,0.5071937720190033
final-final-SME04364-007665,final-SME04364,Technology,2019-04-01,0,0.694836365975,0.618948333405795,0.009924689014697433,0.6638940503787765,0.6055390855339906
final-final-SME04366-007668,final-SME04366,Hospitality,2018-01-01,1,0.706627453045,0.6200143966105391,0.008166670781397068,0.5865194510501587,0.6339560179710565
final-final-SME04376-007689,final-SME04376,Manufacturing,2019-07-01,1,0.60222831586,0.521784528724909,0.004612222648085623,0.34645163270314355,0.5106134580983895
final-final-SME04380-007695,final-SME04380,Hospitality,2020-04-01,1,0.596729943907,0.5813575511753684,0.005297506103256,0.3541640868604308,0.5193127593548457
final-final-SME04381-007696,final-SME04381,Transport,2019-10-01,1,0.518365235276,0.4276023438180957,0.00505997502487692,0.2565736671543028,0.47100300650521804
final-final-SME04391-007714,final-SME04391,Transport,2019-04-01,1,0.722050813043,0.5494788290008015,0.011120854429617187,0.5562041634982677,0.6049610400572681
final-final-SME04392-007717,final-SME04392,Services,2020-07-01,0,0.23196331597,0.28546189463826754,0.0020951314444384683,0.27763978990502247,0.3463332434451797
final-final-SME04394-007720,final-SME04394,Retail,2019-01-01,1,0.680111155507,0.54818904237988,0.006302545474625096,0.40020451681646413,0.5220755682304089
final-final-SME04400-007730,final-SME04400,Services,2019-04-01,0,0.329003876003,0.1960828565024707,0.0027026291652578714,0.3405585815008949,0.26588077034865554
final-final-SME04411-007747,final-SME04411,Services,2019-10-01,0,0.461020493686,0.4959315403372734,0.0049460167899802515,0.5154987047985821,0.4763897682925683
final-final-SME04414-007751,final-SME04414,Services,2020-01-01,0,0.619850091134,0.47788762489080316,0.006908382189997156,0.5392681265733644,0.47453750504623937
final-final-SME04422-007766,final-SME04422,Technology,2020-10-01,1,0.712733312145,0.7634309956936529,0.009316848861627619,0.6909850678961006,0.7514447638104721
final-final-SME04433-007786,final-SME04433,Retail,2019-10-01,1,0.304403772545,0.6738282107009441,0.010934873785870563,0.5546746526298841,0.6377934938267202
final-final-SME04434-007788,final-SME04434,Construction,2020-01-01,1,0.943711981818,0.5550890577562293,0.011198131704740042,0.5292462623277877,0.6028464464392616
final-final-SME04435-007790,final-SME04435,Transport,2020-07-01,1,0.586253193239,0.6039109650415682,0.0041745953680873745,0.45441077311229117,0.5935362070684549
final-final-SME04439-007795,final-SME04439,Construction,2019-01-01,1,0.255496414405,0.5799626874675833,0.007561595008804258,0.47292198715874034,0.5651839833523999
final-final-SME04441-007800,final-SME04441,Transport,2018-10-01,0,0.154009309595,0.5572143472548045,0.010630288297455968,0.6094582305266973,0.5408326898259281
final-final-SME04445-007805,final-SME04445,Retail,2019-07-01,1,0.853107297827,0.726312213803508,0.010120229547959624,0.6638940503787765,0.7642660653708193
final-final-SME04446-007806,final-SME04446,Retail,2019-10-01,1,0.825795477688,0.8450801876494585,0.007972510278127815,0.7543846782396851,0.7775030141272822
final-final-SME04452-007815,final-SME04452,Technology,2018-01-01,0,0.595633514877,0.5070620830236436,0.005814882877424416,0.5856953104886905,0.5031868532103434
final-final-SME04453-007817,final-SME04453,Construction,2018-07-01,1,0.243599186935,0.706769622881538,0.00966778771932407,0.5722883814708091,0.6913866765474403
final-final-SME04454-007819,final-SME04454,Technology,2020-01-01,0,0.360608438016,0.3583605939950303,0.0029196017723184917,0.37468172460571564,0.3489865232016252
final-final-SME04455-007821,final-SME04455,Manufacturing,2018-01-01,1,0.596117813972,0.5374080872193521,0.006870461937489406,0.4960566426263564,0.5676107082651721
final-final-SME04458-007826,final-SME04458,Manufacturing,2019-10-01,0,0.612920258109,0.5502384834731375,0.0075818733285411425,0.6339027717468663,0.5523959156010223
final-final-SME04459-007829,final-SME04459,Technology,2018-01-01,0,0.626281884621,0.5778261667897747,0.00851994934443397,0.70629849089291,0.568778219501111
final-final-SME04460-007830,final-SME04460,Construction,2020-07-01,0,0.300155477099,0.44076194378950645,0.004166870807394135,0.39023461020132916,0.4459744399507185
final-final-SME04463-007835,final-SME04463,Manufacturing,2020-10-01,0,0.236128191683,0.4457294370494391,0.010728943969342729,0.5095867102986957,0.4778438714450136
final-final-SME04466-007842,final-SME04466,Transport,2020-10-01,1,0.793942255088,0.681160671209391,0.007558566680358599,0.5200596237383482,0.6905388246853704
final-final-SME04468-007845,final-SME04468,Manufacturing,2018-10-01,1,0.633345960001,0.5740234371033126,0.006723788236997824,0.41551917870341865,0.5426253431806416
final-final-SME04470-007848,final-SME04470,Retail,2020-07-01,1,0.251059485529,0.24624873856290455,0.002422450012240701,0.24943641152940477,0.3476404122315251
final-final-SME04473-007854,final-SME04473,Hospitality,2018-04-01,0,0.262959158006,0.7760353667357867,0.007951119432900037,0.8188232117352165,0.697272757085715
final-final-SME04474-007857,final-SME04474,Services,2020-07-01,0,0.039944236519,0.0506354510320279,0.001359696253611489,0.05365697648881291,0.09128557548282201
final-final-SME04478-007863,final-SME04478,Services,2020-07-01,0,0.656828166952,0.5438971518076415,0.006107683307243901,0.48272065192463176,0.49725933263931466
final-final-SME04482-007870,final-SME04482,Hospitality,2020-07-01,1,0.814183192398,0.753985283112262,0.009225430591773316,0.6973252961187764,0.7335062798354887
final-final-SME04487-007879,final-SME04487,Hospitality,2018-07-01,0,0.158586872757,0.25876525687957835,0.002880333036683358,0.23223623871385762,0.2624831878888493
final-final-SME04489-007884,final-SME04489,Retail,2020-04-01,1,0.350042105286,0.35446463388611493,0.003326508546487795,0.3098605039620721,0.4266167470559897
final-final-SME04502-007906,final-SME04502,Transport,2020-04-01,1,0.567569113399,0.5218605172528412,0.004499962143626722,0.41668960817381684,0.5296588943202257
final-final-SME04506-007911,final-SME04506,Services,2018-01-01,1,0.849856701519,0.7376844515056845,0.009408291691265246,0.7230073849744015,0.7686113441109954
final-final-SME04513-007923,final-SME04513,Manufacturing,2018-10-01,1,0.539626463021,0.5325318804711396,0.007479501467958217,0.5219720617427515,0.5801537175866653
final-final-SME04522-007936,final-SME04522,Services,2019-04-01,0,0.200286230003,0.5095113607565706,0.011045997271093797,0.6374811270184874,0.48267447060494945
final-final-SME04537-007965,final-SME04537,Services,2018-01-01,1,0.647065971021,0.6048948791968805,0.010855562363157696,0.6223148232637644,0.6095894337054892
final-final-SME04538-007969,final-SME04538,Technology,2020-04-01,0,0.459452427766,0.41760760523925095,0.0031857902901093736,0.3684567092509941,0.5005184773210969
final-final-SME04542-007975,final-SME04542,Construction,2018-07-01,1,0.550067696082,0.43249449660230266,0.004402278075688017,0.4122134060833356,0.4905373650391653
final-final-SME04543-007977,final-SME04543,Transport,2020-10-01,1,0.251662829682,0.5571647741442007,0.007959896977654746,0.39297941290234795,0.5078328264796236
final-final-SME04547-007985,final-SME04547,Services,2020-07-01,0,0.577023514814,0.5522341662061123,0.010311658098209478,0.6262854783912623,0.5391472873572912
final-final-SME04553-007995,final-SME04553,Technology,2020-04-01,0,0.657973929673,0.7199588118252409,0.00877174738857432,0.6994305302393378,0.6482472620450587
final-final-SME04557-008001,final-SME04557,Manufacturing,2019-10-01,0,0.670351395637,0.5188412255793076,0.00886897447627823,0.5836494376928109,0.47905655668625574
final-final-SME04560-008009,final-SME04560,Retail,2018-10-01,1,0.744812636727,0.6186100293069714,0.007924632805113538,0.5499092841601446,0.657711994556928
final-final-SME04571-008032,final-SME04571,Services,2018-10-01,0,0.188624272925,0.5189955705600751,0.011296003342500706,0.5659570146591931,0.4932415797422824
final-final-SME04573-008034,final-SME04573,Technology,2020-01-01,0,0.648630345084,0.5156011789205306,0.007107453152995489,0.5363810513922044,0.48768050049330464
final-final-SME04582-008050,final-SME04582,Hospitality,2019-01-01,1,0.870145902028,0.6943813054108045,0.010340093510552538,0.5940274028575742,0.6738081583290396
final-final-SME04583-008054,final-SME04583,Retail,2018-01-01,1,0.068893903409,0.07475751986319733,0.0009641713322840794,0.04448652271749514,0.13247913017541085
final-final-SME04584-008055,final-SME04584,Technology,2019-04-01,0,0.560146104715,0.5449717456609515,0.005345427175394495,0.5034266164369172,0.5325598451829431
final-final-SME04587-008060,final-SME04587,Technology,2020-10-01,1,0.185897860068,0.0966571407985996,0.0027135146751536957,0.0812108535343443,0.1737677978203013
final-final-SME04590-008064,final-SME04590,Retail,2020-10-01,0,0.483355091003,0.4678659533015327,0.0070559311096889035,0.4947362144191367,0.4510111502906803
final-final-SME04593-008068,final-SME04593,Manufacturing,2019-10-01,0,0.792649060358,0.7406196405128915,0.008984757134848193,0.7505023933663565,0.6855512459942055
final-final-SME04596-008073,final-SME04596,Services,2018-07-01,1,0.293071211318,0.2193261731556027,0.00198258006468743,0.23507180532429248,0.308016230154769
final-final-SME04604-008090,final-SME04604,Transport,2018-04-01,0,0.660112949918,0.5228402670717084,0.010692296152620935,0.5377635956584729,0.5260563497967629
final-final-SME04608-008098,final-SME04608,Services,2019-04-01,0,0.230184607109,0.21212738401828185,0.0020322366755366763,0.28389428902784386,0.26203188700822216
final-final-SME04609-008101,final-SME04609,Services,2019-07-01,0,0.19034951119,0.5470312920150002,0.008898398418748144,0.5721933992786747,0.5282401933715034
final-final-SME04611-008103,final-SME04611,Manufacturing,2020-04-01,1,0.29150462978,0.5833823225589757,0.004848238173863589,0.4142958321958388,0.5629357276904765
final-final-SME04613-008106,final-SME04613,Retail,2019-01-01,1,0.648860426873,0.4778262532474534,0.005737056790039108,0.3169204992148751,0.47745878561995186
final-final-SME04615-008109,final-SME04615,Retail,2019-04-01,1,0.795531307891,0.6225825926862453,0.010818890459290518,0.5942997468732589,0.6237676588555044
final-final-SME04620-008117,final-SME04620,Manufacturing,2019-04-01,1,0.412923604018,0.41353168181810884,0.004188454088436173,0.3413982848434042,0.4319631953482766
final-final-SME04630-008134,final-SME04630,Retail,2019-07-01,1,0.639587638063,0.7166620441852052,0.010243219023353114,0.5970161797299773,0.7248913167375404
final-final-SME04633-008139,final-SME04633,Services,2018-10-01,0,0.73144999851,0.6265139040156341,0.011061502744460489,0.6135039232922623,0.6283766581031595
final-final-SME04641-008149,final-SME04641,Technology,2020-04-01,0,0.807673155318,0.6328348339120028,0.010390960377796053,0.7218866932092767,0.6215809163938427
final-final-SME04644-008153,final-SME04644,Hospitality,2020-04-01,1,0.726647829028,0.7070353850180229,0.006473671795172905,0.47769308552199247,0.6199818738412289
final-final-SME04653-008171,final-SME04653,Manufacturing,2020-10-01,0,0.59565285738,0.4864769336543591,0.003985178493296494,0.3807481852649865,0.4624156633737994
final-final-SME04665-008190,final-SME04665,Hospitality,2018-07-01,0,0.627845021664,0.5476504773372646,0.007612215675573271,0.6100008172260095,0.5417384636243393
final-final-SME04666-008192,final-SME04666,Construction,2020-04-01,0,0.724011638336,0.5336645699938432,0.006753882170452196,0.465604447366392,0.5604549898419625
final-final-SME04669-008198,final-SME04669,Hospitality,2019-10-01,0,0.374997434187,0.4081907300443488,0.004021636825958265,0.41844227024745423,0.4575950762143767
final-final-SME04672-008203,final-SME04672,Construction,2018-10-01,1,0.257276836451,0.5381758920396453,0.0054613995532937845,0.42921341439769317,0.4899175457197069
final-final-SME04673-008206,final-SME04673,Services,2018-01-01,1,0.610932541237,0.5270732372216949,0.00807905056970003,0.4181321348419833,0.5469990665679346
final-final-SME04674-008207,final-SME04674,Retail,2020-01-01,1,0.717236590546,0.5774177600420506,0.005908183599979505,0.49263483924389523,0.5816947647348578
final-final-SME04680-008220,final-SME04680,Hospitality,2018-04-01,0,0.415054505404,0.4342496639499112,0.008830728273794075,0.51351275953828,0.4222859773125764
final-final-SME04681-008222,final-SME04681,Retail,2019-10-01,1,0.674001398182,0.497215193569202,0.004483960529976024,0.408145110666321,0.488954878954309
final-final-SME04685-008228,final-SME04685,Retail,2020-10-01,0,0.697887999897,0.5277317537183686,0.006362888411896535,0.5926410070629649,0.4831226210720022
final-final-SME04691-008236,final-SME04691,Construction,2020-07-01,0,0.473549093022,0.43456797884129944,0.004098056364759856,0.40986786772423356,0.4208886939609445
final-final-SME04696-008245,final-SME04696,Retail,2020-04-01,1,0.232105327909,0.7927964492414443,0.00869184963044823,0.7180127958613608,0.7545565224030137
final-final-SME04698-008250,final-SME04698,Transport,2019-01-01,1,0.547364296056,0.5349001393984054,0.004984541755679887,0.35023161404682684,0.5337571997097486
final-final-SME04707-008264,final-SME04707,Manufacturing,2020-01-01,0,0.697895014806,0.6152618787040081,0.010336953580448465,0.6720654450438758,0.5983948708736659
final-final-SME04709-008267,final-SME04709,Construction,2019-01-01,1,0.058024211801,0.06187861130580065,0.0004063169072912561,0.0021363688029432002,0.04413668962471799
final-final-SME04710-008269,final-SME04710,Transport,2018-10-01,0,0.482394200489,0.4285712385112007,0.006277091195699643,0.4370528559123668,0.4381935743190943
final-final-SME04712-008272,final-SME04712,Construction,2018-01-01,1,0.442868225946,0.35542292195491465,0.005308252668836853,0.32384771738359847,0.3891598254232442
final-final-SME04715-008276,final-SME04715,Construction,2019-07-01,0,0.288874430012,0.35280743274652393,0.0035252497101847724,0.3656417959140898,0.35121783372124543
final-final-SME04718-008281,final-SME04718,Manufacturing,2020-07-01,0,0.177105893829,0.6554074003479949,0.009915568357369642,0.5934069103786991,0.6399696833080681
final-final-SME04735-008307,final-SME04735,Manufacturing,2019-07-01,1,0.259814175543,0.591479959679255,0.007873856857396616,0.450841841508313,0.6384923238744799
final-final-SME04739-008318,final-SME04739,Technology,2018-10-01,1,0.635397169535,0.6245404601374975,0.01116024116808919,0.6155235050474798,0.6266027311483578
final-final-SME04741-008322,final-SME04741,Services,2018-04-01,1,0.148840652631,0.09198306926144646,0.001910678319987757,0.04173862292694118,0.15327735125473096
final-final-SME04746-008330,final-SME04746,Retail,2018-10-01,1,0.204907239425,0.6730001194190963,0.01057340592453652,0.6445919418084121,0.6576460325775395
final-final-SME04751-008339,final-SME04751,Services,2018-04-01,1,0.164809525606,0.14646753520277925,0.003769102420765621,0.12184674072574035,0.2440397700876085
final-final-SME04756-008351,final-SME04756,Retail,2020-07-01,1,0.437888228829,0.5869737728093108,0.0041749989364257955,0.3948525086668746,0.5507762223779231
final-final-SME04757-008354,final-SME04757,Services,2020-07-01,0,0.653754793578,0.37630169129430013,0.009964588603755065,0.5204110793846083,0.41467343506876136
final-final-SME04758-008355,final-SME04758,Retail,2019-07-01,1,0.430933849329,0.49755594550531873,0.0049601070886961625,0.28176653977395977,0.4634732329685476
final-final-SME04760-008358,final-SME04760,Hospitality,2019-04-01,1,0.0733727436438,0.24549856690210797,0.0038876313872071803,0.16669830690479057,0.2698149450580765
final-final-SME04769-008370,final-SME04769,Services,2019-04-01,0,0.276358207679,0.34343054366926684,0.0038496087146772284,0.28746225982769785,0.30907165789171065
final-final-SME04769-008371,final-SME04769,Services,2019-04-01,0,0.4883274851,0.4485543126153554,0.005208422846693009,0.3749824141518728,0.4075395123960163
final-final-SME04769-008372,final-SME04769,Services,2019-04-01,0,0.437783913664,0.400308699344054,0.00417032980993623,0.3516744188201567,0.4075395123960163
final-final-SME04771-008374,final-SME04771,Services,2018-01-01,1,0.448251072328,0.30285608325758845,0.00436064624189863,0.27160975450470265,0.32531252235279323
final-final-SME04781-008389,final-SME04781,Retail,2019-10-01,1,0.381574468379,0.3951179337630587,0.0010846308895135128,0.27098633020196816,0.41395798606151185
final-final-SME04786-008400,final-SME04786,Manufacturing,2019-07-01,1,0.711695746348,0.6396333327161625,0.007408184945621906,0.550554763259498,0.6452190817965073
final-final-SME04790-008405,final-SME04790,Hospitality,2018-07-01,0,0.220915232452,0.525534070318845,0.010503534406098114,0.6445919418084121,0.5103507295996034
final-final-SME04790-008406,final-SME04790,Hospitality,2018-07-01,0,0.649472080744,0.5333533696433628,0.010612343999843012,0.6181132683924999,0.5103507295996034
final-final-SME04796-008414,final-SME04796,Construction,2020-01-01,1,0.600860083376,0.4507299323834524,0.004307803939073949,0.33888225615772616,0.48198566278901733
final-final-SME04797-008416,final-SME04797,Transport,2020-07-01,1,0.354614098863,0.6832074055824837,0.0055608172337293545,0.46510765438629476,0.6225622785892968
final-final-SME04801-008425,final-SME04801,Technology,2018-04-01,0,0.72727418557,0.7020504158702577,0.009254730548229183,0.7043937723542865,0.6634069850756672
final-final-SME04804-008429,final-SME04804,Manufacturing,2020-10-01,0,0.230497655973,0.272729652202231,0.001582718069081397,0.2836748277764877,0.305888091212256
final-final-SME04819-008458,final-SME04819,Hospitality,2020-04-01,1,0.784943301375,0.7803115342754978,0.009388504286206462,0.6942327873852221,0.7569459550229679
final-final-SME04822-008465,final-SME04822,Manufacturing,2019-07-01,1,0.511579575622,0.504136255174288,0.00313448455189596,0.2908920414857268,0.4472692687698406
final-final-SME04832-008484,final-SME04832,Manufacturing,2018-07-01,1,0.387099963107,0.4216772057682593,0.0035056949744842825,0.26287372585027646,0.4235297467713385
final-final-SME04833-008486,final-SME04833,Technology,2018-10-01,1,0.0706547528527,0.07106772288538071,0.0013977745787571597,0.055919540397565616,0.14230685668698087
final-final-SME04834-008487,final-SME04834,Manufacturing,2020-10-01,0,0.213227651222,0.2439586465489243,0.00174759754233164,0.22318736229995673,0.3273176171955394
final-final-SME04834-008489,final-SME04834,Manufacturing,2020-10-01,0,0.271103239531,0.2994731353239619,0.0016711700053009728,0.30317290412844894,0.41302855509529396
final-final-SME04839-008500,final-SME04839,Services,2020-04-01,0,0.299738516705,0.38658725028610724,0.0036198629930351382,0.34271342612241923,0.42048798705838086
final-final-SME04850-008518,final-SME04850,Manufacturing,2018-10-01,1,0.668875768088,0.676314982083866,0.010010301310525506,0.700174600099073,0.6461865481616424
final-final-SME04850-008519,final-SME04850,Manufacturing,2018-10-01,1,0.563877637147,0.6631316129362517,0.010348747157250444,0.6607331857096803,0.6461865481616424
final-final-SME04853-008523,final-SME04853,Technology,2018-10-01,1,0.579566348579,0.5181925071173596,0.006622180944393348,0.3791239040864384,0.5424203430580613
final-final-SME04868-008549,final-SME04868,Manufacturing,2019-01-01,1,0.821181821517,0.7518592691694465,0.009604582983814426,0.6909850678961006,0.7142270613786392
final-final-SME04872-008557,final-SME04872,Hospitality,2018-10-01,1,0.662251527599,0.6861513272339321,0.0075195859389785395,0.49025226153650053,0.64856266905355
final-final-SME04875-008562,final-SME04875,Hospitality,2018-04-01,0,0.599682937055,0.5994949252211127,0.009309134550864549,0.5889704076400232,0.574130302657532
final-final-SME04875-008563,final-SME04875,Hospitality,2018-04-01,0,0.799038361568,0.644991601513945,0.00983213782019678,0.6916249754950247,0.5927680211080831
final-final-SME04881-008575,final-SME04881,Retail,2019-01-01,1,0.675718142748,0.6449756196941803,0.007524561873036203,0.5447612681637685,0.6372648752078348
final-final-SME04881-008576,final-SME04881,Retail,2019-01-01,1,0.610186920389,0.6481188852368145,0.007599809040840586,0.5218317214773843,0.6372648752078348
final-final-SME04893-008598,final-SME04893,Retail,2018-04-01,1,0.349487861814,0.3850203429220195,0.0028419066128419963,0.33930219171991555,0.4709967655490446
final-final-SME04896-008602,final-SME04896,Services,2019-07-01,0,0.209035907661,0.19251943362718416,0.003721382708971228,0.0821364250434582,0.1556135379994972
final-final-SME04906-008617,final-SME04906,Manufacturing,2018-07-01,1,0.771536801689,0.6737436119261937,0.010009426381041341,0.6132688964007252,0.6580395594245674
final-final-SME04915-008631,final-SME04915,Technology,2019-07-01,0,0.359917677223,0.39413553285665637,0.003409731566828446,0.3396779363281839,0.4162373078769501
final-final-SME04917-008635,final-SME04917,Manufacturing,2020-04-01,1,0.788201492115,0.7688667760132133,0.00947565376031919,0.6732445685630783,0.7342348331734369
final-final-SME04919-008637,final-SME04919,Hospitality,2019-04-01,1,0.720631656876,0.6485015295166836,0.009124606412648738,0.5786589420423863,0.6303841955239472
final-final-SME04920-008638,final-SME04920,Transport,2019-10-01,1,0.815264979543,0.750988417543494,0.009792920128803274,0.6708401689043175,0.7407140300842161
final-final-SME04921-008639,final-SME04921,Services,2019-01-01,0,0.417410509688,0.42106368372934866,0.004015734372382582,0.4453975798729679,0.43132509840574834
final-final-SME04924-008643,final-SME04924,Transport,2018-01-01,1,0.204725644219,0.24342393332426424,0.002189015366551899,0.22894847218393838,0.3209622274792115
final-final-SME04933-008656,final-SME04933,Construction,2020-04-01,0,0.541756352365,0.446281311447997,0.003987090946289436,0.36602018364608924,0.4457907161388998
final-final-SME04935-008659,final-SME04935,Hospitality,2020-04-01,1,0.810174384694,0.7284253556863346,0.009974408038203996,0.610920880226833,0.7128024898867021
final-final-SME04946-008679,final-SME04946,Retail,2020-01-01,1,0.736881620167,0.7669396479187272,0.009757924262606608,0.7497451200100936,0.7410274866241711
final-final-SME04948-008682,final-SME04948,Retail,2018-10-01,1,0.691905653742,0.6482717397122969,0.007776080550701063,0.6405436967815533,0.6395527348663878
final-final-SME04950-008685,final-SME04950,Manufacturing,2020-04-01,1,0.174675993036,0.6622763753420926,0.007915614507341805,0.6188241685378933,0.6158160617929985
final-final-SME04951-008688,final-SME04951,Services,2018-01-01,1,0.19268296729,0.3087422821673836,0.0041315174045248836,0.40938571588972966,0.4320992500855715
final-final-SME04957-008696,final-SME04957,Manufacturing,2018-01-01,1,0.276991995443,0.3262058933470532,0.0025459924879234707,0.26483534594554886,0.42890769878340085
final-final-SME04967-008716,final-SME04967,Manufacturing,2018-10-01,1,0.696278726371,0.7390552978439711,0.005831725247718873,0.6022532424356827,0.6794771147275729
final-final-SME04972-008725,final-SME04972,Hospitality,2018-10-01,1,0.404183241662,0.3474318548777483,0.0053030575794998595,0.22273011924269104,0.33899901331520316
final-final-SME04988-008753,final-SME04988,Retail,2020-10-01,0,0.411881666306,0.3916520159908276,0.005778045036641924,0.3567021078389901,0.372764535869317
final-final-SME04993-008763,final-SME04993,Hospitality,2020-07-01,1,0.683307740746,0.5457502158159133,0.009466452828487213,0.5016207597328237,0.5432886901517519
final-final-SME05000-008773,final-SME05000,Manufacturing,2018-07-01,1,0.82959586738,0.7311433702215909,0.009998037294438832,0.6840790618534084,0.726207027504249
final-final-SME05004-008781,final-SME05004,Retail,2018-01-01,1,0.222728546918,0.7219518981716698,0.009409840107257214,0.6776154128016387,0.6866184425175795
final-final-SME05007-008789,final-SME05007,Services,2019-04-01,0,0.182063770417,0.5896544511780435,0.010624318230695007,0.6846326317985849,0.5471820964547689
final-final-SME05010-008792,final-SME05010,Retail,2018-04-01,1,0.850203336345,0.6365148977459966,0.011042553496013267,0.5882046924783597,0.6801034440012923
final-final-SME05016-008803,final-SME05016,Services,2019-10-01,0,0.642553420057,0.5315670145532025,0.008521166355880107,0.5984802274048998,0.5543972709294873
final-final-SME05019-008809,final-SME05019,Retail,2020-10-01,0,0.637344189148,0.49119261904425443,0.005440192955722341,0.49867005417473004,0.47870089335680793
final-final-SME05024-008816,final-SME05024,Services,2018-10-01,0,0.229186663495,0.2603408219552217,0.001824663194808712,0.23798341489516237,0.2818142616942632
final-final-SME05028-008824,final-SME05028,Services,2020-07-01,0,0.323271105606,0.2632345644979894,0.004319827499177938,0.15953963339962865,0.21970557909781088
final-final-SME05029-008826,final-SME05029,Retail,2020-07-01,1,0.373990994303,0.47420984086828033,0.0038885969709304175,0.3362163600197436,0.5048611090727209
final-final-SME05033-008834,final-SME05033,Retail,2018-04-01,1,0.204873758993,0.7205281488278594,0.01020514691122283,0.6046942941638582,0.6962156775782334
final-final-SME05036-008840,final-SME05036,Services,2018-07-01,1,0.694138737783,0.6601657308777813,0.006641919221741958,0.5234922380317795,0.6438050347293732
final-final-SME05038-008844,final-SME05038,Services,2019-01-01,0,0.671488146731,0.5765825945254508,0.010569009282066773,0.6544359922374425,0.5499703350176934
final-final-SME05040-008846,final-SME05040,Construction,2019-07-01,0,0.509886297325,0.4529733741858709,0.005342030477002578,0.40404864481560865,0.44377340391591735
final-final-SME05040-008847,final-SME05040,Construction,2019-07-01,0,0.43201513841,0.4079648459993792,0.003326038887685741,0.3824131491581648,0.38905790804352935
final-final-SME05049-008863,final-SME05049,Technology,2018-01-01,0,0.32876643305,0.4025425970512573,0.0036712989274040172,0.44363986592181864,0.4335652902328335
final-final-SME05052-008867,final-SME05052,Construction,2018-07-01,1,0.354303078032,0.4997602430629188,0.005059890210523913,0.4897375536043026,0.5171988135723213
final-final-SME05057-008875,final-SME05057,Manufacturing,2019-01-01,1,1.0,0.7847492910152545,0.008797465443176741,0.781261761236085,0.7783287153765114
final-final-SME05059-008877,final-SME05059,Manufacturing,2020-07-01,0,0.574043101351,0.5376421855059097,0.006212495666134055,0.49279366797497914,0.5230180962748769
final-final-SME05059-008878,final-SME05059,Manufacturing,2020-07-01,0,0.70936448497,0.5208060412873448,0.005869722190192332,0.4074485959889469,0.4976640248633112
final-final-SME05063-008886,final-SME05063,Manufacturing,2020-04-01,1,0.0792131947927,0.08820228567798763,0.001913392281218827,0.08956565075063308,0.1456753142483991
final-final-SME05063-008887,final-SME05063,Manufacturing,2020-04-01,1,0.0711146948684,0.11347876859442738,0.002706035871947456,0.06454491420175436,0.1456753142483991
final-final-SME05066-008895,final-SME05066,Services,2019-10-01,0,0.80655798437,0.6644983222146124,0.009881596626302344,0.6597785189062868,0.6420158217838493
final-final-SME05078-008914,final-SME05078,Transport,2019-01-01,1,0.920528514307,0.8401142142180054,0.008584808015449242,0.7580496925841252,0.8213757305149928
final-final-SME05086-008926,final-SME05086,Construction,2020-10-01,0,0.136409082193,0.11166416346416495,0.00196934250780482,0.1911584706318185,0.14844807009496802
final-final-SME05118-008982,final-SME05118,Technology,2019-01-01,1,0.833767471828,0.7969511964663856,0.0092654443057292,0.7175103075934083,0.7898017818238062
final-final-SME05128-008999,final-SME05128,Hospitality,2020-04-01,1,0.701440105591,0.6013494472742063,0.006170536211519053,0.3695339534227177,0.5552354366055471
final-final-SME05129-009000,final-SME05129,Services,2018-10-01,0,0.502838586867,0.41281281692331434,0.005089594855432469,0.39946667285353155,0.46754095216264396
final-final-SME05130-009002,final-SME05130,Services,2019-04-01,0,0.678517759313,0.4953505127041271,0.004852410290445057,0.5447931065986459,0.49892883705233904
final-final-SME05139-009016,final-SME05139,Services,2018-10-01,0,0.603528859176,0.670888818060673,0.010053618041566495,0.6156796674402465,0.6774515284020918
final-final-SME05142-009020,final-SME05142,Services,2018-01-01,1,0.766368504832,0.670397271991187,0.00989813278774357,0.5929925412550253,0.6809723922860256
final-final-SME05161-009053,final-SME05161,Retail,2019-04-01,1,0.255007353143,0.7113218112997737,0.010398355688281662,0.7153498253980217,0.6974568270353697
final-final-SME05165-009060,final-SME05165,Hospitality,2020-07-01,1,0.835221737157,0.7252987638326912,0.010505066283960569,0.7474229509832746,0.7312509635125335
final-final-SME05170-009070,final-SME05170,Hospitality,2019-10-01,0,0.200475708813,0.41401467641834494,0.006329640401218197,0.45792849413068315,0.4879320566540491
final-final-SME05177-009081,final-SME05177,Services,2019-10-01,0,0.180120843718,0.2316691065476854,0.0036574955238847426,0.3930405631987275,0.3459081807416248
final-final-SME05178-009084,final-SME05178,Transport,2020-01-01,1,0.705933129331,0.5986367218249458,0.005813770055511765,0.46122715560743616,0.5886128146555973
final-final-SME05180-009087,final-SME05180,Services,2020-10-01,1,0.173800694967,0.542107339013722,0.007903779061639495,0.513347203274177,0.4868251562057087
final-final-SME05181-009089,final-SME05181,Retail,2019-07-01,1,0.0542144637778,0.05724463667978495,0.00045893565313413076,0.00630021356151334,0.08073652297529443
final-final-SME05192-009107,final-SME05192,Hospitality,2020-10-01,1,0.21293660963,0.6329835457044567,0.010706381063607323,0.5381534144727701,0.6567917111575959
final-final-SME05211-009138,final-SME05211,Retail,2020-04-01,1,0.439318410204,0.48828384112733425,0.0066422686508818985,0.46477246188649496,0.548678390715481
final-final-SME05224-009158,final-SME05224,Manufacturing,2018-01-01,1,0.328291735302,0.3225332356550604,0.002218677918884298,0.19204503580383284,0.3283680696418709
final-final-SME05225-009159,final-SME05225,Transport,2019-01-01,1,0.823734271058,0.6511577583881208,0.007613275816051244,0.4745143089048837,0.6378062408456903
final-final-SME05227-009163,final-SME05227,Hospitality,2019-01-01,1,0.569967447226,0.5920838893709498,0.005122530075925876,0.4693670036190722,0.5830911175237199
final-final-SME05233-009174,final-SME05233,Manufacturing,2018-04-01,1,0.849940429012,0.757878724982305,0.009189172213066843,0.6046942941638582,0.7441330019957157
final-final-SME05248-009198,final-SME05248,Retail,2019-01-01,1,0.683366993546,0.5459182844752865,0.00444936937991946,0.3667036036782282,0.5151709702911728
final-final-SME05250-009202,final-SME05250,Retail,2019-10-01,1,0.626728272687,0.6091091490573542,0.011461675119262759,0.4951303051161613,0.6147780485157369
final-final-SME05258-009214,final-SME05258,Construction,2020-10-01,0,0.325967665289,0.26772356957678556,0.0030173916184155205,0.3274043037874774,0.36548992086280485
final-final-SME05259-009215,final-SME05259,Manufacturing,2018-04-01,1,0.509540161894,0.5855939424021991,0.0118219331343455,0.5644977650724957,0.6438860838858644
final-final-SME05260-009216,final-SME05260,Retail,2018-07-01,1,0.564074706622,0.5153056646464462,0.0069516239488630616,0.49205567199677475,0.5568252972121928
final-final-SME05273-009236,final-SME05273,Manufacturing,2018-10-01,1,0.304854300142,0.4072838790038342,0.0036821088022843166,0.3145565079710148,0.4579976224414217
final-final-SME05284-009257,final-SME05284,Retail,2020-10-01,0,0.599781833394,0.5713990263740163,0.010441365956000752,0.6607255431317252,0.5501334615924172
final-final-SME05298-009284,final-SME05298,Retail,2020-07-01,1,0.422629537907,0.33128367830428457,0.0036962994150953055,0.24207693453119933,0.3909360793799247
final-final-SME05299-009286,final-SME05299,Services,2020-07-01,0,0.38964507689,0.3688117020362328,0.005162047181588878,0.4381883001551161,0.39946080586838656
final-final-SME05305-009296,final-SME05305,Manufacturing,2019-01-01,1,0.350510895523,0.3667805462721193,0.003959751288695304,0.31796656349556995,0.4345501921542844
final-final-SME05310-009305,final-SME05310,Transport,2020-10-01,1,0.0885866574897,0.12968748875819575,0.003103555492696321,0.0768919918655499,0.16358349571326655
final-final-SME05315-009315,final-SME05315,Retail,2019-04-01,1,0.685867957931,0.5950605316486954,0.007555589527301265,0.5913493166728968,0.5978490437504624
final-final-SME05325-009330,final-SME05325,Manufacturing,2019-07-01,1,0.276057082373,0.370177324356894,0.003960936308405643,0.2650349955094407,0.33932378250750467
final-final-SME05325-009331,final-SME05325,Manufacturing,2019-07-01,1,0.83655366032,0.6171179278499592,0.007971009716621923,0.5336994525378342,0.6207041418675564
final-final-SME05332-009341,final-SME05332,Services,2018-07-01,1,0.473342449206,0.6725435930537356,0.0041907567351737885,0.45430349914518026,0.622109028317996
final-final-SME05336-009348,final-SME05336,Hospitality,2020-01-01,0,0.701709452179,0.6653182138156111,0.009519602669574728,0.6905472032579926,0.6324028310300113
final-final-SME05345-009360,final-SME05345,Retail,2019-01-01,1,0.591372538574,0.6302109704651148,0.005094985912988955,0.5228250212469341,0.6063869451308319
final-final-SME05359-009383,final-SME05359,Services,2018-01-01,1,0.197249723421,0.2389148341136561,0.0029539858544735164,0.27551865784643187,0.34240932855412026
final-final-SME05361-009386,final-SME05361,Retail,2019-01-01,1,0.588147299188,0.5765179070619104,0.008268700189219899,0.5375649310378625,0.5806235754344119
final-final-SME05375-009415,final-SME05375,Services,2020-04-01,0,0.563510895306,0.4786472347567966,0.005874075392497641,0.5011038851719819,0.43359597978637415
final-final-SME05380-009422,final-SME05380,Services,2019-01-01,0,0.436211250278,0.43714267562356446,0.004639136261098351,0.5081352433643392,0.4604386193473649
final-final-SME05387-009431,final-SME05387,Retail,2019-04-01,1,0.770463214068,0.641699857477905,0.010370821146554493,0.5985187817176777,0.646448752571569
final-final-SME05389-009434,final-SME05389,Services,2019-10-01,0,0.425727140067,0.40307358623968714,0.005242414714625066,0.4149395818339216,0.40741255672388266
final-final-SME05394-009442,final-SME05394,Construction,2019-01-01,1,0.576569140071,0.5358346832701039,0.0065920561479870824,0.42754772427607596,0.606617009724341
final-final-SME05401-009456,final-SME05401,Technology,2020-10-01,1,0.42827850866,0.4486935248224125,0.0034323396860807087,0.27205306296805026,0.4388032181253238
final-final-SME05403-009459,final-SME05403,Services,2020-10-01,1,0.487499627813,0.4575392442368761,0.003582314397783352,0.3394625153939828,0.43614550228214094
final-final-SME05410-009471,final-SME05410,Retail,2020-07-01,1,0.665328130576,0.5452673274477322,0.006376833844301277,0.39335238873889034,0.5496773542966863
final-final-SME05413-009479,final-SME05413,Retail,2019-01-01,1,0.765868869561,0.5282639881543771,0.01085640702267763,0.5072796550599316,0.5587872157914143
final-final-SME05416-009486,final-SME05416,Retail,2020-10-01,0,0.182804426969,0.14720489528266217,0.0033826559535227096,0.11410135980553206,0.1821735545115733
final-final-SME05417-009488,final-SME05417,Services,2020-01-01,0,0.367167265047,0.34524394596805397,0.0028975632901624966,0.34461121437716147,0.40483660543399175
final-final-SME05418-009490,final-SME05418,Transport,2020-01-01,1,0.836988250653,0.711004041214925,0.010357801527976638,0.6390009669593049,0.7275466811264072
final-final-SME05426-009503,final-SME05426,Retail,2019-04-01,1,0.481966786012,0.4320146238189511,0.0056969137781827115,0.37913197789243275,0.4862439532942674
final-final-SME05434-009516,final-SME05434,Retail,2019-07-01,1,0.756042386697,0.6546885700057767,0.010766834331569679,0.6049661409328526,0.6848261914404877
final-final-SME05438-009525,final-SME05438,Services,2019-01-01,0,0.49014794571,0.3465817001199635,0.004944203870626383,0.4141688191830107,0.34797759329574096
final-final-SME05442-009531,final-SME05442,Technology,2019-07-01,0,0.296798157467,0.42383843545299804,0.0041796243381301435,0.3647832884167332,0.42808521642887404
final-final-SME05443-009534,final-SME05443,Retail,2018-04-01,1,0.211065821069,0.21828474190793404,0.004312787223217767,0.11812138221735051,0.2250136027390788
final-final-SME05447-009539,final-SME05447,Manufacturing,2019-04-01,1,0.74385720686,0.4681980252270489,0.0038997008702716645,0.4096329274805828,0.49774673304079103
final-final-SME05453-009548,final-SME05453,Services,2019-04-01,0,0.251963484557,0.2932358950151618,0.0035525746626294498,0.36612572010924743,0.3474829975419142
final-final-SME05455-009551,final-SME05455,Manufacturing,2018-04-01,1,0.698514984549,0.7124930897366071,0.01041704228195935,0.6479510111822374,0.7501287723517601
final-final-SME05469-009576,final-SME05469,Services,2020-07-01,0,0.326456716797,0.2921638950378327,0.003039941848642909,0.2570108865481671,0.2968323785501711
final-final-SME05473-009582,final-SME05473,Services,2018-01-01,1,0.247366578797,0.545062152648778,0.010737401501556549,0.5734437028740544,0.5564504952684827
final-final-SME05490-009610,final-SME05490,Construction,2018-01-01,1,0.730704217162,0.4438559578861658,0.006510802945861959,0.44492894779977105,0.4431987271588337
final-final-SME05495-009619,final-SME05495,Services,2019-07-01,0,0.714225414016,0.688118002690043,0.009946386205820279,0.6717361199840323,0.6647277100505546
final-final-SME05498-009625,final-SME05498,Retail,2020-04-01,1,0.746800165268,0.854021884549859,0.007750431883257599,0.8318748643262891,0.8156051336874239
final-final-SME05501-009632,final-SME05501,Manufacturing,2020-10-01,0,0.813203339591,0.5972039594010462,0.010537356675922488,0.6130895541685886,0.6141396520553698
final-final-SME05509-009648,final-SME05509,Services,2020-10-01,1,0.603137713797,0.6494445783553987,0.0107039946435234,0.5932508225116973,0.5975601143282722
final-final-SME05512-009656,final-SME05512,Services,2020-10-01,1,0.655689293022,0.6302772582315481,0.006016782761181498,0.5456984566717041,0.6128475107254415
final-final-SME05519-009663,final-SME05519,Manufacturing,2019-01-01,1,0.559549819807,0.5778377753635917,0.0047993710454451305,0.49692669971023007,0.5871016412476819
final-final-SME05533-009682,final-SME05533,Services,2019-01-01,0,0.67374001674,0.607224053666581,0.010494885866084982,0.7352800577442643,0.600729189094329
final-final-SME05535-009685,final-SME05535,Retail,2019-04-01,1,0.478802677894,0.45401384529371336,0.006060867160681025,0.4243640096470768,0.5165653588740237
final-final-SME05544-009701,final-SME05544,Technology,2018-10-01,1,0.630914395448,0.3619870395188992,0.003154359593128683,0.2693074322586405,0.40939127649285817
final-final-SME05549-009711,final-SME05549,Hospitality,2020-07-01,1,0.574532897858,0.5155691701134368,0.005702618156831574,0.4074102163003093,0.5130711754408838
final-final-SME05550-009712,final-SME05550,Retail,2018-07-01,1,0.803304394463,0.6576111820167074,0.010449334134106836,0.5884113760341362,0.6823760343108045
final-final-SME05551-009715,final-SME05551,Manufacturing,2019-10-01,0,0.728761716588,0.5716473741200802,0.008019215216975302,0.6916730588938258,0.5442130492592995
final-final-SME05555-009720,final-SME05555,Construction,2018-10-01,1,0.266814490012,0.5898855165638319,0.0109719047042822,0.5359116136120381,0.6086771046586074
final-final-SME05556-009723,final-SME05556,Services,2018-07-01,1,0.795346785913,0.7685356400447463,0.00970668066112011,0.6529639379322504,0.7617560139619381
final-final-SME05563-009735,final-SME05563,Construction,2019-07-01,0,0.745695344399,0.6700755454980079,0.009499187919616025,0.6616540832662572,0.6302878300422666
final-final-SME05568-009744,final-SME05568,Construction,2020-07-01,0,0.387252596988,0.3386670910714339,0.00340533792798396,0.3267001809197572,0.3231517020170557
final-final-SME05573-009753,final-SME05573,Retail,2018-01-01,1,0.329978445019,0.35046331435070144,0.00320087940272627,0.2854973625661237,0.379949875133921
final-final-SME05575-009756,final-SME05575,Services,2018-01-01,1,0.264203570633,0.29979796066311115,0.0035462095614747164,0.2998905994684387,0.3952697499297337
final-final-SME05577-009761,final-SME05577,Technology,2019-04-01,0,0.847650165036,0.516603797552416,0.010148530141310994,0.5117199892252806,0.5708047629304763
final-final-SME05586-009774,final-SME05586,Transport,2018-10-01,0,0.614095358203,0.607641455667177,0.010139967381627197,0.7136871562813989,0.5979476302104005
final-final-SME05590-009781,final-SME05590,Technology,2019-01-01,1,0.644085451921,0.5543923106821906,0.005238146730876241,0.4557221111634529,0.5512431722344242
final-final-SME05593-009786,final-SME05593,Retail,2020-01-01,1,0.223642959265,0.7672587135991172,0.009582926493859958,0.7457381825332732,0.7241821817082378
final-final-SME05594-009788,final-SME05594,Services,2019-07-01,0,0.761448550277,0.6079183757206539,0.007763244374495038,0.5343696515676706,0.5869238648568013
final-final-SME05596-009791,final-SME05596,Manufacturing,2019-10-01,0,0.224267741999,0.2558118191876968,0.0017612954206235587,0.29001059588036066,0.236593382343501
final-final-SME05598-009796,final-SME05598,Retail,2018-01-01,1,0.446833756007,0.35764103044141227,0.003575569560547322,0.32623250908093077,0.40423588385895304
final-final-SME05600-009799,final-SME05600,Services,2020-10-01,1,0.546224595513,0.46955159802784563,0.003721816823455383,0.2674145192172065,0.4393578194519389
final-final-SME05603-009806,final-SME05603,Services,2020-07-01,0,0.518349387433,0.5134364811463064,0.007966754037284909,0.5447612681637685,0.49578969076473645
final-final-SME05606-009811,final-SME05606,Services,2018-10-01,0,0.220035984345,0.26120404714567624,0.0031357379025711415,0.2711313751153656,0.31482953135084124
final-final-SME05608-009815,final-SME05608,Services,2020-07-01,0,0.203938658034,0.21475746505577986,0.0013989636565144784,0.2956760226774155,0.26593121175896167
final-final-SME05615-009825,final-SME05615,Transport,2019-10-01,1,0.239111709452,0.5715334914491712,0.007080280083363007,0.5093430897140095,0.5848711646610807
final-final-SME05617-009828,final-SME05617,Services,2018-04-01,1,0.782109200937,0.7081712744332671,0.010281484012989292,0.616989083221282,0.7024414584243912
final-final-SME05619-009831,final-SME05619,Services,2020-10-01,1,0.0527004224774,0.05732279368866072,0.0010193291711036454,0.01968678900702063,0.06490188136630018
final-final-SME05620-009833,final-SME05620,Construction,2019-04-01,0,0.745982559985,0.37983871178801637,0.01015086497086837,0.5310874971735203,0.367810922195385
final-final-SME05621-009834,final-SME05621,Hospitality,2018-01-01,1,0.46510690874,0.4406954014476681,0.006152736014044263,0.3283335849052834,0.40941918479927025
final-final-SME05622-009835,final-SME05622,Services,2019-10-01,0,0.24315251096,0.5727476117501303,0.010336245257401408,0.5699858694066535,0.5824758502150184
final-final-SME05623-009839,final-SME05623,Construction,2019-04-01,0,0.477610485121,0.3623536583673792,0.006311951569658161,0.37836745349135736,0.3677894209495225
final-final-SME05625-009842,final-SME05625,Transport,2018-07-01,0,0.755656006153,0.6612871695123685,0.010518069601279968,0.7314897881222644,0.6527690217249883
final-final-SME05631-009853,final-SME05631,Technology,2018-10-01,1,0.705566097352,0.6417091051514612,0.004071282366676502,0.5256334014055579,0.6409772446302247
final-final-SME05633-009858,final-SME05633,Services,2018-04-01,1,0.34932231394,0.4126749884642528,0.004964027755771517,0.41601698566715994,0.4912003768396732
final-final-SME05643-009873,final-SME05643,Transport,2018-10-01,0,0.165562511304,0.27867262634569534,0.004142993300168427,0.1858082373394945,0.2566607387697088
final-final-SME05644-009874,final-SME05644,Manufacturing,2018-10-01,1,0.258219584035,0.3994458370905185,0.005460053612618246,0.2660419661291621,0.40030428874726454
final-final-SME05649-009883,final-SME05649,Construction,2018-01-01,1,0.740443224289,0.6421036222206546,0.010431870332512477,0.6255271928719947,0.6662825992514806
final-final-SME05662-009904,final-SME05662,Manufacturing,2018-10-01,1,0.73854837384,0.6406820055660161,0.010628812739253132,0.6065535546992811,0.6635920035251406
final-final-SME05667-009911,final-SME05667,Technology,2020-07-01,1,0.748353899639,0.7113480805548777,0.007304906409409677,0.6540137184826791,0.7176594868267254
final-final-SME05670-009917,final-SME05670,Services,2018-10-01,0,0.189180474777,0.19330585206241896,0.002060508085137384,0.29436634082364593,0.3142917992879056
final-final-SME05672-009921,final-SME05672,Construction,2018-10-01,1,0.712659338493,0.627648486068666,0.010314687027991253,0.5742594647103744,0.6282369085422013
final-final-SME05694-009961,final-SME05694,Services,2019-07-01,0,0.825199877503,0.6362772906773233,0.010145475041008,0.5933453466307045,0.6130865858953941
final-final-SME05702-009978,final-SME05702,Retail,2018-04-01,1,0.635150675883,0.5065408170477511,0.00726406056385741,0.3626001185898959,0.48069130745602606
final-final-SME05702-009979,final-SME05702,Retail,2018-04-01,1,0.777626047511,0.658561884908702,0.01054604445151046,0.577148563269555,0.6624877390387952
final-final-SME05718-010004,final-SME05718,Retail,2018-07-01,1,0.45766322737,0.4124521967842163,0.002982083595999474,0.351050093950532,0.4853843194490002
final-final-SME05720-010008,final-SME05720,Manufacturing,2020-01-01,0,0.296467371898,0.5806847265665,0.005807716552423696,0.5695512332046283,0.5160431430502357
final-final-SME05722-010011,final-SME05722,Retail,2019-07-01,1,0.64283377497,0.4642080120378028,0.00497100282995768,0.2903209705492965,0.45275404645075124
final-final-SME05726-010017,final-SME05726,Manufacturing,2018-04-01,1,0.160867738018,0.16483072507040042,0.0038537875415351835,0.1721800985229186,0.26813402860997443
final-final-SME05730-010022,final-SME05730,Services,2018-07-01,1,0.666841230991,0.5633920420300658,0.004560562521893442,0.3903335938932268,0.5860282625665763
final-final-SME05731-010024,final-SME05731,Technology,2020-04-01,0,0.398395105683,0.384435940312595,0.004035207672349431,0.29471738469183456,0.3843785211044055
final-final-SME05733-010031,final-SME05733,Construction,2020-07-01,0,0.549804584018,0.4825300727766585,0.00536545858253142,0.4172767434010805,0.49645416586320956
final-final-SME05734-010034,final-SME05734,Services,2018-04-01,1,0.842136469249,0.7145615803393194,0.009983760388709125,0.5741636566860802,0.6954200557242127
final-final-SME05740-010044,final-SME05740,Hospitality,2018-04-01,0,0.243620905532,0.22826329076660543,0.0024479996732429503,0.252816206126708,0.24500358477905348
final-final-SME05744-010050,final-SME05744,Services,2019-04-01,0,0.160181979157,0.5433543494929014,0.01037849805224761,0.6944829798623955,0.514437257145863
final-final-SME05745-010052,final-SME05745,Retail,2019-07-01,1,0.712287980508,0.5917115587379018,0.005973185932099166,0.3322111332345826,0.5024975483008769
final-final-SME05760-010073,final-SME05760,Services,2019-07-01,0,0.57143163621,0.46430351207203524,0.0073287822659833975,0.4472601854722285,0.4771490910982147
final-final-SME05767-010088,final-SME05767,Technology,2019-01-01,1,0.751879115339,0.6820261434360655,0.010470751324724858,0.5403785745808466,0.6976679105537712
final-final-SME05770-010093,final-SME05770,Construction,2018-07-01,1,0.289178428937,0.5334549175521006,0.006602826367023131,0.36422400132624005,0.4837297516193923
final-final-SME05770-010094,final-SME05770,Construction,2018-07-01,1,0.737069261013,0.6818341241624232,0.010862224955249527,0.6119600955070436,0.6703473600527272
final-final-SME05778-010106,final-SME05778,Services,2018-07-01,1,0.979650868949,0.7069022047729241,0.010727363526960229,0.558346211967254,0.7106591380932855
final-final-SME05789-010122,final-SME05789,Construction,2018-07-01,1,0.944187984765,0.7826483279517334,0.009343735468227109,0.7285492541913252,0.7583437846905824
final-final-SME05795-010132,final-SME05795,Construction,2018-10-01,1,0.348397833172,0.45664425895013283,0.004118694026613449,0.3318895309762042,0.4773386288281519
final-final-SME05796-010133,final-SME05796,Hospitality,2018-01-01,1,0.556857625431,0.5511595317264208,0.005004909803451789,0.40739702891686835,0.5555475229285066
final-final-SME05797-010136,final-SME05797,Services,2019-10-01,0,0.812600046902,0.6095931517991957,0.008383616074106783,0.6433638906043905,0.662237801136606
final-final-SME05811-010163,final-SME05811,Services,2018-04-01,1,0.616756023889,0.5616285973006832,0.005305289530997422,0.4238424021230251,0.5878405504210691
final-final-SME05812-010164,final-SME05812,Retail,2020-01-01,1,0.863195085823,0.7508655789185559,0.008988422291203727,0.6442275790958466,0.7188530328324916
final-final-SME05813-010167,final-SME05813,Services,2019-10-01,0,0.301765029821,0.4973232105630118,0.0056251289130260776,0.43253901631941016,0.4636008670610172
final-final-SME05816-010172,final-SME05816,Manufacturing,2018-04-01,1,0.863945151759,0.705334751369135,0.009757022197824592,0.5940274028575742,0.6884985373213977
final-final-SME05817-010174,final-SME05817,Technology,2019-04-01,0,0.649859635544,0.5959120068515349,0.010501146494180958,0.6046942941638582,0.6104744630690636
final-final-SME05819-010177,final-SME05819,Services,2018-07-01,1,0.35973738002,0.4334402952295198,0.0040432591742183225,0.2361114582261393,0.46133008868515485
final-final-SME05828-010196,final-SME05828,Services,2018-04-01,1,0.716975198625,0.6690025427595396,0.010610870458426055,0.5867169459119755,0.6835157659362004
final-final-SME05834-010208,final-SME05834,Services,2018-01-01,1,0.249728422664,0.40554096530281836,0.004806683264981923,0.3641750957059465,0.4948815778623533
final-final-SME05844-010226,final-SME05844,Services,2018-07-01,1,0.237795791631,0.8128613914914203,0.008170848700686167,0.6461846481408808,0.7841563717726262
final-final-SME05847-010230,final-SME05847,Manufacturing,2019-01-01,1,0.599834065529,0.5903380739591171,0.004681591527405807,0.4827428913601011,0.5875906318242164
final-final-SME05849-010234,final-SME05849,Hospitality,2019-07-01,0,0.322571278303,0.30554770250546787,0.0038688084946911076,0.26952796559593944,0.2687484215323252
final-final-SME05850-010236,final-SME05850,Manufacturing,2018-10-01,1,0.851795353277,0.6593816864806996,0.010215719804324286,0.5929925412550253,0.6600687317827342
final-final-SME05850-010237,final-SME05850,Manufacturing,2018-10-01,1,0.189849595037,0.6710512133334117,0.010060116082192186,0.6046942941638582,0.659572083353117
final-final-SME05851-010239,final-SME05851,Retail,2018-10-01,1,0.617806086081,0.5862706043896497,0.0069045324450687316,0.42615639290564095,0.537789623118431
final-final-SME05863-010260,final-SME05863,Retail,2020-07-01,1,0.0805199878854,0.07426797348129964,0.0004978323417123144,0.018752647237448013,0.08732253980474933
final-final-SME05863-010261,final-SME05863,Retail,2020-07-01,1,0.412391239911,0.2667463208582491,0.0041375520108294095,0.1370286435634619,0.23151749196541416
final-final-SME05865-010264,final-SME05865,Retail,2020-04-01,1,0.726172792817,0.7584338002020323,0.009376117925922007,0.6446419482195204,0.74092005446674
final-final-SME05866-010266,final-SME05866,Manufacturing,2018-01-01,1,0.0929950802821,0.21058641666321798,0.002824109270883152,0.270732456558496,0.3634456490051103
final-final-SME05871-010275,final-SME05871,Services,2019-04-01,0,0.602174962108,0.47114703875380837,0.010694839294491054,0.5980510413325262,0.4826003450418773
final-final-SME05872-010277,final-SME05872,Manufacturing,2019-01-01,1,0.913611330672,0.726528907104962,0.009757822916268814,0.5722732776326632,0.7189640539972408
final-final-SME05881-010291,final-SME05881,Services,2019-01-01,0,0.521942396976,0.5622766000081605,0.007528610829255997,0.5851652311874641,0.4897779846385189
final-final-SME05903-010326,final-SME05903,Retail,2020-04-01,1,0.816710092512,0.7993577034740034,0.009097087638687194,0.700946001530168,0.7892214035744418
final-final-SME05905-010329,final-SME05905,Services,2020-04-01,0,0.359997637134,0.38321750484676176,0.0028492273644323976,0.37012935804020586,0.3401157387869153
final-final-SME05920-010352,final-SME05920,Manufacturing,2020-07-01,0,0.182022381838,0.5916598615046167,0.011250130807985136,0.6265576251286519,0.6046678191277042
final-final-SME05922-010356,final-SME05922,Services,2020-01-01,0,0.247160194503,0.3972675326210858,0.003823040636729799,0.3182050873025637,0.448734983166913
final-final-SME05935-010379,final-SME05935,Construction,2018-01-01,1,0.521824752034,0.4658360792835758,0.007486112507962229,0.47506693707760606,0.5167139328766134
final-final-SME05936-010380,final-SME05936,Transport,2018-10-01,0,0.107056677018,0.15490566847498688,0.0013494241583513606,0.23951347420937025,0.2059139353322165
final-final-SME05937-010384,final-SME05937,Retail,2020-04-01,1,0.916281380289,0.7999202653812321,0.009092699874467189,0.7591539297929513,0.7622331401603456
final-final-SME05939-010386,final-SME05939,Manufacturing,2018-01-01,1,0.294850718302,0.6601348802961124,0.01053879147948921,0.6208713706617189,0.6629831245327444
final-final-SME05951-010408,final-SME05951,Manufacturing,2018-01-01,1,0.516136369913,0.44644010951085855,0.004652557409227992,0.37726785646455363,0.4668606431880642
final-final-SME05957-010417,final-SME05957,Services,2019-01-01,0,0.0493554163601,0.07899121551995786,0.002344650363407424,0.1454979611416073,0.14269829087046665
final-final-SME05957-010419,final-SME05957,Services,2019-01-01,0,0.242568034984,0.20333350410013645,0.003513727671167227,0.23379888858633405,0.24176922730660635
final-final-SME05968-010434,final-SME05968,Transport,2019-10-01,1,0.326842556655,0.3948670223297178,0.0035095459364982676,0.301786202407343,0.4568284213764603
final-final-SME05980-010458,final-SME05980,Construction,2018-07-01,1,0.866244463649,0.6967777177128084,0.006178641555378134,0.5826644680529133,0.6916167452717937
final-final-SME05987-010470,final-SME05987,Retail,2019-07-01,1,0.69930148138,0.5179762223686317,0.009398222683347866,0.47938363116767196,0.5404719145606081
final-final-SME05989-010474,final-SME05989,Hospitality,2020-04-01,1,0.0655515289098,0.12997758611145022,0.0033657955502931027,0.10566135027036119,0.1997483134222004
final-final-SME05990-010476,final-SME05990,Transport,2018-10-01,0,0.102209768681,0.373297103926667,0.009691459500041752,0.46433742253992477,0.43704443182318065
final-final-SME06002-010495,final-SME06002,Construction,2020-07-01,0,0.436691179398,0.41770414823804275,0.007793750068893043,0.32545439664106957,0.3456390756152812
final-final-SME06007-010502,final-SME06007,Hospitality,2020-04-01,1,0.769592389251,0.7468315290757148,0.010310453063674613,0.6666804932050495,0.7253359485118676
final-final-SME06009-010504,final-SME06009,Services,2018-04-01,1,0.272679418355,0.8304524130008615,0.007964965712536432,0.7908740639837574,0.7918539538577081
final-final-SME06011-010508,final-SME06011,Manufacturing,2019-01-01,1,0.79772445927,0.7084222476223682,0.01025279215415488,0.6243384002982852,0.7131980258636409
final-final-SME06014-010514,final-SME06014,Retail,2019-10-01,1,0.270777741507,0.8028980379885804,0.008978696363609245,0.7270627920787119,0.7489148058202642
final-final-SME06017-010518,final-SME06017,Technology,2018-10-01,1,0.83630362804,0.7357253597994702,0.00987060251425519,0.6909850678961006,0.7537959538568928
final-final-SME06022-010525,final-SME06022,Transport,2018-07-01,0,0.41445302898,0.3555899908129117,0.002674841811983908,0.3636560292255469,0.3819785481008759
final-final-SME06024-010529,final-SME06024,Construction,2019-10-01,1,0.902170985738,0.7353305731574702,0.009477342169078239,0.6366498251479377,0.7100543469275716
final-final-SME06026-010531,final-SME06026,Services,2019-01-01,0,0.111841189775,0.18634211729927502,0.0014963829096042063,0.231442964448009,0.17898433541702488
final-final-SME06027-010533,final-SME06027,Construction,2019-04-01,0,0.783561089433,0.7053648243310765,0.009141823809130605,0.8320726019525467,0.6383851958085988
final-final-SME06030-010538,final-SME06030,Services,2020-04-01,0,0.424830375121,0.2711103610430394,0.0038957489998460233,0.39946667285353155,0.38968756069863597
final-final-SME06031-010539,final-SME06031,Retail,2018-01-01,1,0.598096685044,0.4192479866797236,0.003995061562268295,0.3197602076615238,0.47228409611067373
final-final-SME06032-010544,final-SME06032,Retail,2019-04-01,1,0.0511414902351,0.11215702167590907,0.002388513801468452,0.04554686499018187,0.1748742288013212
final-final-SME06033-010546,final-SME06033,Services,2020-10-01,1,0.558238318537,0.5544899170666523,0.004497654527212747,0.4160052267229779,0.49812334769862077
final-final-SME06034-010547,final-SME06034,Services,2019-01-01,0,0.136070218758,0.16862257411582318,0.003234566824913021,0.06586195522812345,0.1471070259822921
final-final-SME06037-010552,final-SME06037,Retail,2018-10-01,1,0.585961349044,0.610913473826971,0.00649869991776169,0.5368098053158228,0.5840530451106845
final-final-SME06039-010555,final-SME06039,Transport,2019-07-01,1,0.183333250793,0.18645233277667767,0.003754490291525897,0.13287861805701912,0.30613400384511713
final-final-SME06040-010557,final-SME06040,Transport,2018-01-01,1,0.226584193304,0.5208664028696866,0.009688375947967584,0.4802538631776565,0.5388073317206907
final-final-SME06040-010558,final-SME06040,Transport,2018-01-01,1,0.582999561822,0.5535665418901882,0.010820037773607466,0.5435875064649217,0.5631277111738928
final-final-SME06047-010568,final-SME06047,Manufacturing,2020-10-01,0,0.461698980799,0.4143125643044522,0.003014075996614947,0.3840187062794586,0.4823870025259131
final-final-SME06052-010576,final-SME06052,Retail,2019-07-01,1,0.850594067828,0.6708079043011779,0.009147945340852344,0.6187138445922451,0.7049773603235413
final-final-SME06052-010577,final-SME06052,Retail,2019-07-01,1,0.279178648925,0.7359934307340363,0.009432820863713219,0.7109754830532132,0.7335408848494237
final-final-SME06053-010579,final-SME06053,Technology,2020-01-01,0,0.625114871411,0.5450269374288134,0.008740990954860481,0.39538451357277254,0.4783468050179389
final-final-SME06057-010587,final-SME06057,Technology,2018-01-01,0,0.761966396291,0.5722573825548423,0.009877151356991989,0.5884113760341362,0.5156591648501911
final-final-SME06065-010601,final-SME06065,Hospitality,2020-07-01,1,0.333898851145,0.44151840436131007,0.00390766882667988,0.29155300678537266,0.4578972667156151
final-final-SME06073-010618,final-SME06073,Manufacturing,2020-10-01,0,0.207878354144,0.6363211973980587,0.009826962928358418,0.6469564171354869,0.5733317265827709
final-final-SME06075-010622,final-SME06075,Technology,2018-04-01,0,0.278752866002,0.43908488139002805,0.003963012830580924,0.3546552570772723,0.4402764215471595
final-final-SME06077-010625,final-SME06077,Technology,2018-10-01,1,0.242485244311,0.6465424103585129,0.010854214343752945,0.592961798391329,0.6682423346246567
final-final-SME06078-010627,final-SME06078,Manufacturing,2019-07-01,1,0.272189126981,0.2519893697259307,0.003992464795671689,0.16431143767596718,0.2979803900887682
final-final-SME06080-010630,final-SME06080,Transport,2018-04-01,0,0.131190423026,0.2860016190979576,0.003646510595947955,0.35171528742583746,0.28961002648990447
final-final-SME06086-010638,final-SME06086,Hospitality,2020-07-01,1,0.264970458724,0.42686557865824537,0.010271282544360728,0.408449200011483,0.47315106928748546
final-final-SME06088-010640,final-SME06088,Transport,2019-10-01,1,0.943868484776,0.7464094365984546,0.009256647731631243,0.6771859943810505,0.6877446082997328
final-final-SME06091-010643,final-SME06091,Services,2020-01-01,0,0.175238994144,0.28554493967249733,0.004567789883536889,0.31826629191542066,0.30421877949520226
final-final-SME06093-010646,final-SME06093,Services,2018-07-01,1,0.814303237281,0.6799473937596852,0.007988752643509432,0.5655808707733397,0.6709027541660596
final-final-SME06097-010651,final-SME06097,Manufacturing,2019-01-01,1,0.706812774423,0.6503515502378086,0.004346354177270548,0.45028257326965954,0.6183120513553879
final-final-SME06108-010670,final-SME06108,Transport,2020-04-01,1,0.53413629156,0.5316919439936606,0.0037333664450824406,0.4107965811575781,0.5558678546478767
final-final-SME06111-010676,final-SME06111,Manufacturing,2020-01-01,0,0.277423859444,0.36265853619218935,0.003652481642633747,0.373547999447292,0.3839619108540021
final-final-SME06119-010687,final-SME06119,Services,2020-07-01,0,0.256621643473,0.19507970679664863,0.003556668050459222,0.10815733911668604,0.21422577699917073
final-final-SME06121-010690,final-SME06121,Transport,2018-10-01,0,0.656361723619,0.5187147566675939,0.006937760373914028,0.5557459399109691,0.5230223985793576
final-final-SME06132-010710,final-SME06132,Retail,2019-10-01,1,0.614772179966,0.5192525856578827,0.006672116051699382,0.3792602708517157,0.4642961758198573
final-final-SME06135-010716,final-SME06135,Manufacturing,2020-01-01,0,0.536459813596,0.38401580443400796,0.003002734512873232,0.37599524483207586,0.3577648849225025
final-final-SME06145-010733,final-SME06145,Services,2018-04-01,1,0.225232073362,0.7900364949539631,0.009282791450864917,0.6801008146086768,0.7533509020750291
final-final-SME06152-010745,final-SME06152,Hospitality,2018-10-01,1,0.990049323007,0.6976932151062558,0.010328535175582576,0.61673042624754,0.7207848946169652
final-final-SME06155-010751,final-SME06155,Retail,2020-01-01,1,0.237876775479,0.3576424911300753,0.0036325731605847825,0.3171389279998624,0.46846151488047205
final-final-SME06159-010757,final-SME06159,Transport,2020-07-01,1,0.451483107456,0.4992321147610441,0.004393226433618973,0.3378581631513694,0.4975768710134412
final-final-SME06160-010758,final-SME06160,Retail,2019-10-01,1,0.313225923908,0.27381781896419627,0.004276609574154343,0.1819605686566629,0.33387456867810517
final-final-SME06161-010759,final-SME06161,Hospitality,2019-07-01,0,0.133029740963,0.5291171900615752,0.01074077235087431,0.5809617516589293,0.5089652528071963
final-final-SME06168-010772,final-SME06168,Manufacturing,2020-07-01,0,0.216503931239,0.24833963784857657,0.0017179574612111522,0.2602327783235046,0.23014570960646663
final-final-SME06172-010780,final-SME06172,Services,2019-04-01,0,0.111519825245,0.2947098091982626,0.008948316072857504,0.4288838030397029,0.34854173659573096
final-final-SME06183-010802,final-SME06183,Construction,2018-10-01,1,0.746794872704,0.6197168859305383,0.010326980708593557,0.5469325711266698,0.6260283376162035
final-final-SME06184-010804,final-SME06184,Manufacturing,2019-07-01,1,0.239045509631,0.7591758820036582,0.00905049160113586,0.701303543363508,0.7367228144284199
final-final-SME06188-010809,final-SME06188,Technology,2020-04-01,0,0.0996941590834,0.11270424801519427,0.0030396156800904855,0.07849092758183315,0.11477960070193285
final-final-SME06189-010811,final-SME06189,Services,2020-01-01,0,0.33295926242,0.3814942519908574,0.0027284902526777803,0.353612571203708,0.3634653803147532
final-final-SME06192-010816,final-SME06192,Technology,2018-04-01,0,0.0492412084604,0.118937933011653,0.0029744579070374428,0.10573681650093433,0.18200200054722965
final-final-SME06196-010824,final-SME06196,Manufacturing,2018-10-01,1,0.213736773649,0.21948512966614792,0.0037100709541314785,0.14489939507454616,0.21293958961736814
final-final-SME06200-010833,final-SME06200,Manufacturing,2018-10-01,1,0.272029010229,0.5257925093686584,0.008815826093048179,0.4824512478128681,0.4964865693612147
final-final-SME06200-010835,final-SME06200,Manufacturing,2018-10-01,1,0.287173646831,0.5192811109103388,0.009293408014050849,0.5147104108849929,0.5507014505399723
final-final-SME06223-010873,final-SME06223,Retail,2019-07-01,1,0.799756209283,0.8260973722748566,0.008116081423731327,0.7223402755533542,0.8058001987444673
final-final-SME06224-010874,final-SME06224,Construction,2020-01-01,1,0.886219920702,0.8078773236369899,0.008566913059372206,0.7947914144865236,0.758791895720534
final-final-SME06240-010898,final-SME06240,Construction,2020-10-01,0,0.631958849272,0.5150827246729748,0.010534549783075085,0.6072435890023207,0.5327430128822298
final-final-SME06247-010907,final-SME06247,Retail,2019-01-01,1,0.870178770623,0.7055643474698168,0.009812168139904038,0.5942997468732589,0.6843032151888035
final-final-SME06257-010925,final-SME06257,Services,2020-10-01,1,0.210587107564,0.42590312141790715,0.006852111892463181,0.3396816456957111,0.47200115768945783
final-final-SME06258-010926,final-SME06258,Hospitality,2019-10-01,0,0.819730980563,0.48225379655902045,0.010596795042514054,0.5462554129229636,0.5453852218408602
final-final-SME06258-010927,final-SME06258,Hospitality,2019-10-01,0,0.381794553801,0.324793103180154,0.005677947801965754,0.31154824347010573,0.3444997158728979
final-final-SME06259-010929,final-SME06259,Technology,2018-04-01,0,0.0598560620715,0.16278145192896049,0.0033871543482883746,0.13703653174243255,0.1975560943101205
final-final-SME06265-010940,final-SME06265,Manufacturing,2019-10-01,0,0.120353603673,0.15741330369674889,0.0033699008375988565,0.1608791871163366,0.20801070804278882
final-final-SME06276-010961,final-SME06276,Retail,2020-07-01,1,0.424914764113,0.5035188703630374,0.0039026239916577126,0.3732644807186358,0.5021926952807818
final-final-SME06284-010974,final-SME06284,Manufacturing,2019-04-01,1,0.546383788145,0.4400145488552569,0.005266334761343695,0.3985232337462014,0.47632159005492325
final-final-SME06286-010978,final-SME06286,Manufacturing,2018-04-01,1,0.283573322884,0.7835744171986616,0.009293335079992424,0.7590541765793533,0.7742853341185187
final-final-SME06287-010979,final-SME06287,Services,2018-07-01,1,0.71809138158,0.6458330815942963,0.007814760184026765,0.4948681778846225,0.6337591008681615
final-final-SME06288-010981,final-SME06288,Services,2019-04-01,0,0.127082034336,0.44092961889757304,0.009403428003097795,0.6471460092877613,0.4632894958084527
final-final-SME06298-010995,final-SME06298,Technology,2020-01-01,0,0.725826920081,0.6274844863810061,0.006065185795075027,0.5138136133374448,0.5262824046989172
final-final-SME06299-010997,final-SME06299,Services,2019-01-01,0,0.296215377355,0.30956279841812806,0.0026304506385014157,0.33685753120150475,0.3863390912608306
final-final-SME06307-011012,final-SME06307,Transport,2018-10-01,0,0.184100142363,0.5579022196463961,0.010315984150001185,0.6618257605211773,0.5300001203241064
final-final-SME06310-011015,final-SME06310,Manufacturing,2018-04-01,1,0.523709363737,0.48359684313603735,0.008017790396118682,0.4298270293273281,0.518548772734172
final-final-SME06319-011029,final-SME06319,Manufacturing,2018-01-01,1,0.698807525535,0.6179494020875813,0.005180039274035001,0.5702665356758913,0.6140089349375418
final-final-SME06323-011034,final-SME06323,Transport,2019-04-01,1,0.8729592635,0.7191512940599589,0.00922872422504222,0.6582602225650299,0.702032503114606
final-final-SME06327-011039,final-SME06327,Retail,2018-10-01,1,0.361263665418,0.459993528879123,0.0037692974216447218,0.28339426716153865,0.45124779203610105
final-final-SME06329-011042,final-SME06329,Services,2019-01-01,0,0.0509629433036,0.13955752858558362,0.003597591478132632,0.14623466399586665,0.22017442537976242
final-final-SME06335-011052,final-SME06335,Construction,2018-04-01,1,0.684136909499,0.5621320713627755,0.004584757790906106,0.42897760507970806,0.5734155400135686
final-final-SME06342-011066,final-SME06342,Construction,2020-07-01,0,0.2835383947,0.41423468208313335,0.003979558931900075,0.30801676416372914,0.3809813892708245
final-final-SME06345-011071,final-SME06345,Hospitality,2020-10-01,1,0.896257600564,0.7842887667904912,0.009076496335168018,0.7770352968410527,0.7675703538897125
final-final-SME06347-011074,final-SME06347,Manufacturing,2020-10-01,0,0.873823022872,0.6624576220407732,0.009959081363602374,0.7384422106092516,0.6569647376021774
final-final-SME06352-011083,final-SME06352,Manufacturing,2020-01-01,0,0.520034986818,0.48263355871258495,0.0035044721384464386,0.45642932667645325,0.4950605739276158
final-final-SME06353-011084,final-SME06353,Retail,2018-10-01,1,0.619930507737,0.5724910150975663,0.003990548124997986,0.42895357825875363,0.5846030457059269
final-final-SME06357-011089,final-SME06357,Hospitality,2020-10-01,1,0.754962983734,0.5837706001800547,0.011193081074256107,0.5029861684708476,0.6241083703479763
final-final-SME06360-011095,final-SME06360,Technology,2019-10-01,0,0.422062918223,0.41572319804315017,0.0033179344045558582,0.3980114177558259,0.4321544949112672
final-final-SME06366-011106,final-SME06366,Hospitality,2019-01-01,1,0.598287008672,0.5415987193658099,0.0055521210072655295,0.40848843108100386,0.5474307093489016
final-final-SME06367-011107,final-SME06367,Hospitality,2018-10-01,1,0.788284403035,0.6660821107965353,0.010424721215875822,0.5514753078261286,0.6694269064681482
final-final-SME06376-011126,final-SME06376,Services,2019-01-01,0,0.0563136198651,0.04888678249104463,0.000698436722966305,0.0183656202476696,0.1272541717874874
final-final-SME06382-011137,final-SME06382,Services,2018-07-01,1,0.830758065556,0.7305375344910359,0.010397047110977836,0.6395894756877254,0.75107766073427
final-final-SME06384-011142,final-SME06384,Hospitality,2020-01-01,0,0.58705898819,0.4508396911300301,0.006517059779928118,0.4602760725309122,0.4352210948695928
final-final-SME06385-011144,final-SME06385,Technology,2018-10-01,1,0.82266382266,0.6061149124581438,0.009429710220068851,0.5222182149256182,0.648347168181936
final-final-SME06390-011153,final-SME06390,Services,2018-04-01,1,0.799660611423,0.786155168667767,0.008892519548957412,0.6967202108923942,0.7106807586547034
final-final-SME06393-011159,final-SME06393,Retail,2018-04-01,1,0.302945259454,0.4796590649607986,0.004049240793674625,0.36878709046782115,0.47276618318637526
final-final-SME06396-011164,final-SME06396,Transport,2020-01-01,1,0.79989042717,0.6282720615628699,0.007465472942846859,0.6011712614092473,0.6405083621696062
final-final-SME06396-011165,final-SME06396,Transport,2020-01-01,1,0.640125817905,0.6903204233685987,0.007873484535075276,0.690811471772216,0.7277660171500981
final-final-SME06397-011168,final-SME06397,Services,2020-04-01,0,0.633207579825,0.5622498087017616,0.007655284358240649,0.5677572602675777,0.5250495953075945
final-final-SME06406-011182,final-SME06406,Retail,2019-01-01,1,0.775629070323,0.7578923369300274,0.010132104689988729,0.6973252961187764,0.7438799697885604
final-final-SME06412-011193,final-SME06412,Hospitality,2019-10-01,0,0.173063071011,0.47689856415213383,0.010257672034178876,0.6028654173925325,0.5077913174892653
final-final-SME06415-011199,final-SME06415,Manufacturing,2019-07-01,1,0.453091920114,0.5039677013677075,0.004172605687191186,0.3201363401889655,0.5068242281915608
final-final-SME06416-011201,final-SME06416,Manufacturing,2019-07-01,1,0.988071834374,0.68397000714567,0.01033565185860551,0.5746090534823541,0.7067342045734409
final-final-SME06430-011222,final-SME06430,Manufacturing,2018-01-01,1,0.724274417124,0.7217820297308809,0.006071932502101767,0.6753012677495411,0.7302814444041471
final-final-SME06433-011226,final-SME06433,Retail,2019-01-01,1,0.878253467438,0.7979825784727006,0.00868774719428091,0.6962298432552234,0.7532978568498856
final-final-SME06444-011246,final-SME06444,Services,2018-10-01,0,0.228197780448,0.5126374836366021,0.011004266810322388,0.5573638358924821,0.5154761138355104
final-final-SME06451-011261,final-SME06451,Manufacturing,2019-10-01,0,0.544378233225,0.6192785177601204,0.0104457439356947,0.7419238544242058,0.5722936520608157
final-final-SME06458-011276,final-SME06458,Retail,2020-10-01,0,0.215309880938,0.30590498128563326,0.0028518959007304942,0.3306867919466833,0.32278455505152814
final-final-SME06459-011277,final-SME06459,Transport,2019-07-01,1,0.917691650171,0.772865898056798,0.009670058483146069,0.7095787808887734,0.7957535221649192
final-final-SME06462-011284,final-SME06462,Manufacturing,2018-01-01,1,0.728843960025,0.6796958012689434,0.010244909743594023,0.6702425831375508,0.7078038084668268
final-final-SME06465-011292,final-SME06465,Hospitality,2019-07-01,0,0.183281314572,0.595588196387318,0.010366196384127632,0.6185276375161737,0.555626682249738
final-final-SME06469-011298,final-SME06469,Transport,2020-01-01,1,0.746993969794,0.6435070555889524,0.007508073000918009,0.6178897170620704,0.6554589603365
final-final-SME06476-011308,final-SME06476,Construction,2019-04-01,0,0.333930707982,0.4276449484979129,0.0035946279928052295,0.3862351005314289,0.39816957302366873
final-final-SME06477-011311,final-SME06477,Services,2020-07-01,0,0.394788228431,0.3205686134235616,0.003945938609165101,0.3226145356686077,0.4127779257540218
final-final-SME06480-011317,final-SME06480,Services,2019-07-01,0,0.829874954517,0.7317169381885283,0.009284272703176083,0.7175103075934083,0.679565193136926
final-final-SME06482-011322,final-SME06482,Technology,2020-04-01,0,0.250893475184,0.6458906837422282,0.010430696154786638,0.6634760560142337,0.6124620831123999
final-final-SME06483-011324,final-SME06483,Retail,2019-10-01,1,0.351237687625,0.5894664599084384,0.0068575204417532535,0.38616349072648776,0.5396777051473222
final-final-SME06484-011327,final-SME06484,Services,2020-01-01,0,0.0476805447493,0.048132556929480416,0.000564838015314193,0.0,0.0618175502573413
final-final-SME06490-011336,final-SME06490,Services,2019-01-01,0,0.681764442054,0.4316970288376163,0.008689021020524263,0.5023738921643656,0.43543378599875504
final-final-SME06495-011344,final-SME06495,Hospitality,2019-01-01,1,0.738877836559,0.7257903154818138,0.00821526336537161,0.666137243781767,0.7000413596875242
final-final-SME06497-011346,final-SME06497,Manufacturing,2018-04-01,1,0.0645615199904,0.11520032459841967,0.0027800694427364695,0.09454435568876311,0.19488052219532204
final-final-SME06497-011348,final-SME06497,Manufacturing,2018-04-01,1,0.381026366182,0.20956137009527273,0.003635344466271743,0.03520943374209709,0.1608269035323767
final-final-SME06499-011351,final-SME06499,Transport,2020-04-01,1,0.331660698657,0.43998511459072565,0.0035064841464171924,0.2864864169716129,0.4640571110732761
final-final-SME06501-011354,final-SME06501,Services,2020-04-01,0,0.363206703973,0.41448131991990256,0.0038043170623075695,0.38680367880466815,0.354508911595791
final-final-SME06503-011357,final-SME06503,Construction,2018-04-01,1,0.294453075299,0.39598675434734387,0.0034649764557795866,0.2093457078736922,0.4243835001715683
final-final-SME06511-011370,final-SME06511,Retail,2018-07-01,1,0.681190295132,0.6844544256898084,0.01007660642506106,0.6442275790958466,0.7074380116045973
final-final-SME06511-011371,final-SME06511,Retail,2018-07-01,1,0.700199717715,0.6465383762945477,0.009331491320788393,0.6646612338520238,0.68387171088283
final-final-SME06512-011373,final-SME06512,Transport,2020-01-01,1,0.685449722936,0.5788868233750462,0.007281354322763268,0.4674902567899612,0.5612944161087219
final-final-SME06518-011385,final-SME06518,Transport,2020-01-01,1,0.729065455067,0.7779550420327186,0.007518211608832046,0.684845581996936,0.7482171846358098
final-final-SME06522-011393,final-SME06522,Services,2020-07-01,0,0.582621299654,0.5563505914965894,0.007222907885631829,0.5428217875952993,0.5299662627843993
final-final-SME06534-011415,final-SME06534,Construction,2020-10-01,0,0.48941266686,0.3635802511884829,0.004092463690496435,0.39057244269145963,0.37984220381098976
final-final-SME06541-011428,final-SME06541,Hospitality,2019-04-01,1,0.715339130717,0.6355604602655895,0.011108486224526752,0.5947326934422998,0.685689157513435
final-final-SME06543-011433,final-SME06543,Technology,2020-07-01,1,0.299567061263,0.5722590761826256,0.007432245851622794,0.46142933921554563,0.591185447873619
final-final-SME06556-011452,final-SME06556,Technology,2020-01-01,0,0.33021197399,0.2978020342076342,0.003709432256725807,0.3498457776508699,0.3626004621839334
final-final-SME06558-011456,final-SME06558,Services,2019-04-01,0,0.45732927551,0.4254269911150559,0.004301572317741644,0.4458354693154518,0.375991558022026
final-final-SME06560-011460,final-SME06560,Services,2020-07-01,0,0.185499125227,0.5162507429851905,0.010069646914304734,0.609183276824804,0.5317917207381276
final-final-SME06561-011462,final-SME06561,Retail,2018-10-01,1,0.723465335842,0.7127986453239279,0.00603214786549836,0.5986522727675616,0.6585987258551823
final-final-SME06564-011467,final-SME06564,Services,2019-07-01,0,0.649584708222,0.6525524173661024,0.010697579841131864,0.6643084195024502,0.6189188208079037
final-final-SME06565-011469,final-SME06565,Hospitality,2018-10-01,1,0.851326302992,0.8071327723289583,0.00876488123179431,0.7514868219741646,0.7809449462943916
final-final-SME06566-011470,final-SME06566,Manufacturing,2019-01-01,1,0.328241251439,0.31429205861560194,0.0012350180565271565,0.2631078851400873,0.4046081305194641
final-final-SME06569-011475,final-SME06569,Construction,2018-10-01,1,0.373888145495,0.5758832266678146,0.006279451912167555,0.4000735844013409,0.5770063111964604
final-final-SME06573-011483,final-SME06573,Retail,2020-01-01,1,0.319875105733,0.34321640315798396,0.001782712342008267,0.24657778384270795,0.40826328313868926
final-final-SME06575-011488,final-SME06575,Retail,2019-01-01,1,0.504091375527,0.527025639650734,0.004554391765707397,0.33179676411090897,0.496023716503714
final-final-SME06577-011491,final-SME06577,Retail,2018-01-01,1,0.455724516386,0.3918331064163987,0.0034791497540086667,0.4055809674889212,0.44402811115482127
final-final-SME06578-011494,final-SME06578,Construction,2019-07-01,0,0.290703413071,0.2627930354150107,0.0020446404623229784,0.22469976362729693,0.2674419522490733
final-final-SME06585-011504,final-SME06585,Technology,2019-01-01,1,0.537270595369,0.5286008961181342,0.005001920019895616,0.37133835882908645,0.5002133024598264
final-final-SME06590-011509,final-SME06590,Services,2020-04-01,0,0.211084495704,0.48925222374192734,0.007489378567730615,0.5114945409798901,0.4841052149668407
final-final-SME06596-011520,final-SME06596,Transport,2019-01-01,1,0.388846748167,0.4435969445634647,0.0037130332011837642,0.2605773952794203,0.4778364664777853
final-final-SME06607-011538,final-SME06607,Hospitality,2020-07-01,1,0.193322173978,0.19442477057090504,0.0037192387006486794,0.09980583329854734,0.19696858539331305
final-final-SME06608-011539,final-SME06608,Retail,2020-07-01,1,0.307943223573,0.3304544648271951,0.002900569752092051,0.26962309515265404,0.41642700360462676
final-final-SME06611-011545,final-SME06611,Transport,2018-01-01,1,0.726950183518,0.5591935285257831,0.008589334861165048,0.5416302533235602,0.5706519657419004
final-final-SME06612-011546,final-SME06612,Technology,2020-04-01,0,0.765467874159,0.7011095425164224,0.01008174402738039,0.6951648139233898,0.6758777931788665
final-final-SME06613-011549,final-SME06613,Construction,2020-01-01,1,0.874997873165,0.7842104130439027,0.008871455033230755,0.7577132927904136,0.7809258596467066
final-final-SME06619-011562,final-SME06619,Transport,2020-04-01,1,0.804315532679,0.7689712186401281,0.009738640007021255,0.7559856544863589,0.7385286260823752
final-final-SME06623-011568,final-SME06623,Manufacturing,2020-04-01,1,0.718089082746,0.5388777129499625,0.006715772026266997,0.402428439132663,0.493814646108629
final-final-SME06624-011571,final-SME06624,Retail,2019-04-01,1,0.780252784521,0.6046957027094267,0.010813363903834805,0.5823559843408411,0.617786763963077
final-final-SME06629-011580,final-SME06629,Services,2020-10-01,1,0.0951977654969,0.1974240207045911,0.0038933223656558366,0.13112903527585912,0.21842268720564348
final-final-SME06630-011583,final-SME06630,Retail,2020-04-01,1,0.857538612164,0.7744605101223521,0.009709680992446179,0.7563575921423877,0.7598020680240543
final-final-SME06631-011586,final-SME06631,Services,2018-07-01,1,0.772222785003,0.7557936560021798,0.009516930562736229,0.6043387607783379,0.758454664157744
final-final-SME06638-011599,final-SME06638,Technology,2020-07-01,1,0.506804891366,0.43499339645248436,0.004370956140508458,0.2627765330264612,0.424737366640457
final-final-SME06640-011602,final-SME06640,Manufacturing,2018-04-01,1,0.459205780066,0.4115365860034089,0.004095465151340562,0.25589253531335404,0.407416910616065
final-final-SME06641-011604,final-SME06641,Technology,2019-07-01,0,0.440770288785,0.35899094613087446,0.005427372492234998,0.4028471885659457,0.4294061680572651
final-final-SME06646-011611,final-SME06646,Construction,2019-01-01,1,0.638631281327,0.7010867029490193,0.010357445290245558,0.657282702030239,0.6645162338851099
final-final-SME06653-011623,final-SME06653,Manufacturing,2018-07-01,1,0.328657901911,0.6661547697792642,0.008543997578210347,0.6383249731383782,0.6812811122727775
final-final-SME06657-011630,final-SME06657,Retail,2019-01-01,1,0.0962666089005,0.21757307853463548,0.0040746122728381766,0.17644765069420176,0.27626731338388194
final-final-SME06658-011632,final-SME06658,Retail,2018-04-01,1,0.661510587421,0.5607216875630026,0.005408831283401261,0.35536289032936785,0.5357735336783535
final-final-SME06659-011633,final-SME06659,Retail,2020-07-01,1,0.87056486193,0.7375719881114896,0.009410199032294748,0.6638904251379074,0.6897288123314576
final-final-SME06672-011655,final-SME06672,Hospitality,2019-07-01,0,0.554811805476,0.4170168710993958,0.010571701867784085,0.5466113605998867,0.5014560279764668
final-final-SME06673-011657,final-SME06673,Transport,2019-10-01,1,0.180179408536,0.18355086266744472,0.0037741528777733516,0.16514908107265397,0.2675987747951897
final-final-SME06677-011667,final-SME06677,Services,2019-01-01,0,0.531138682402,0.4225117672456435,0.0049985078998635865,0.43524728074316654,0.4243094183630732
final-final-SME06682-011679,final-SME06682,Hospitality,2019-07-01,0,0.71368448322,0.5389595960699006,0.010914270025832751,0.5808842460383918,0.525125567897711
final-final-SME06682-011680,final-SME06682,Hospitality,2019-07-01,0,0.82359293092,0.5285109162328503,0.010946091742892796,0.5927703638008338,0.525125567897711
final-final-SME06686-011688,final-SME06686,Manufacturing,2020-10-01,0,0.365538493931,0.35199622125245034,0.004439010438919982,0.3841773866540982,0.45420765223987647
final-final-SME06688-011691,final-SME06688,Transport,2018-07-01,0,0.230914083219,0.5773326238331583,0.010477221167987336,0.6529501682980497,0.5708026960851835
final-final-SME06699-011709,final-SME06699,Technology,2020-10-01,1,0.730775337051,0.5313356023518232,0.005395153624088744,0.4105397801361322,0.5293172192239689
final-final-SME06701-011711,final-SME06701,Construction,2020-10-01,0,0.589023399685,0.4389196980043788,0.008470945833821568,0.5655128603438839,0.438254167972512
final-final-SME06717-011735,final-SME06717,Services,2019-04-01,0,0.243545778701,0.3566752461328609,0.004021702957514299,0.31784402305952486,0.348459754673098
final-final-SME06720-011740,final-SME06720,Technology,2020-04-01,0,0.745205482161,0.5415263840342648,0.005060824661578698,0.43928847068322846,0.5594883874178754
final-final-SME06738-011768,final-SME06738,Manufacturing,2020-10-01,0,0.314869182023,0.2649467423619793,0.002545969164776705,0.2723314716804798,0.3954261366658519
final-final-SME06738-011769,final-SME06738,Manufacturing,2020-10-01,0,0.475208641178,0.4573253647568405,0.003805283943507739,0.37888633468403826,0.503094747252081
final-final-SME06745-011780,final-SME06745,Transport,2020-10-01,1,0.32592926639,0.2646761782955481,0.00417708514160586,0.10256106251173674,0.2809901546341531
final-final-SME06750-011790,final-SME06750,Transport,2018-04-01,0,0.291387735149,0.33830003621387944,0.003525203365239418,0.38313426314102184,0.39591909851461554
final-final-SME06752-011792,final-SME06752,Retail,2020-07-01,1,0.75026692114,0.7311558421347417,0.010286926333636112,0.6656313669451283,0.6841703943421452
final-final-SME06760-011805,final-SME06760,Retail,2019-01-01,1,0.0929216325777,0.1858789612007678,0.003894455115786738,0.0972249576524216,0.22468778832173567
final-final-SME06766-011817,final-SME06766,Construction,2019-04-01,0,0.317902589274,0.306962171710481,0.003037592247740445,0.4169810467783247,0.32135223358084103
final-final-SME06769-011822,final-SME06769,Retail,2018-07-01,1,0.440623869299,0.3748362893248026,0.00387765314435743,0.3156185544067519,0.4544487815760905
final-final-SME06777-011835,final-SME06777,Retail,2020-04-01,1,0.344674806954,0.6180890607259826,0.00831095798204189,0.5236129057783591,0.6491340593288468
final-final-SME06782-011847,final-SME06782,Construction,2019-07-01,0,0.694596328664,0.5282819654175639,0.011014974634786687,0.6024518895532261,0.5102340300137282
final-final-SME06788-011855,final-SME06788,Retail,2018-10-01,1,0.208092471394,0.4231927116324312,0.008796305048918861,0.3547683706243075,0.4643594723957255
final-final-SME06801-011874,final-SME06801,Transport,2020-04-01,1,0.27059031955,0.47157740946735216,0.009214205343549211,0.45417698721571187,0.5194088691931595
final-final-SME06804-011879,final-SME06804,Services,2019-10-01,0,0.679305316671,0.5580955184438748,0.010559574263061535,0.5806950183086416,0.5399470734572326
final-final-SME06805-011881,final-SME06805,Technology,2020-04-01,0,0.216005371017,0.25794377377268907,0.002302172991956808,0.24340976792524688,0.3561777590273975
final-final-SME06806-011884,final-SME06806,Technology,2019-04-01,0,0.531409193821,0.4027818398028359,0.004155637232222533,0.38595535376303863,0.4596257261830177
final-final-SME06809-011889,final-SME06809,Manufacturing,2019-10-01,0,0.218108105849,0.4235351009493644,0.005529268935715412,0.33568739012891224,0.38314357836230434
final-final-SME06813-011899,final-SME06813,Manufacturing,2019-01-01,1,0.366434097616,0.4473482448007093,0.00474176879281175,0.30209308076218055,0.39503187729654893
final-final-SME06814-011901,final-SME06814,Services,2020-07-01,0,0.426393633111,0.363897597411458,0.00359712682871278,0.3627763355320936,0.3293104941927536
final-final-SME06816-011907,final-SME06816,Retail,2019-10-01,1,0.968677879851,0.8838097613594851,0.006803582223669417,0.7769047286315998,0.8204991871788296
final-final-SME06826-011924,final-SME06826,Services,2020-01-01,0,0.329308339386,0.3133135317330337,0.002789014869667953,0.3121867294701825,0.32322485855634553
final-final-SME06830-011932,final-SME06830,Services,2020-07-01,0,0.554004358271,0.4894157951338903,0.004480798255765015,0.5316558019231217,0.5462535206547144
final-final-SME06847-011964,final-SME06847,Retail,2019-04-01,1,0.233115783699,0.252498731261771,0.002327564233300316,0.242458202201067,0.34900855644554035
final-final-SME06851-011969,final-SME06851,Manufacturing,2018-07-01,1,0.667227566413,0.6402266781585079,0.004366156587174075,0.4708811259279789,0.6080029038450953
final-final-SME06853-011972,final-SME06853,Transport,2019-07-01,1,0.654735998992,0.5517478263656197,0.006942725092664244,0.38176529951598165,0.5809887539920918
final-final-SME06858-011981,final-SME06858,Technology,2018-04-01,0,0.698979311726,0.540620174705508,0.008173673675023724,0.5429416696326478,0.5154805537939405
final-final-SME06859-011982,final-SME06859,Manufacturing,2018-04-01,1,0.403556729194,0.6386406978966023,0.005542799196926479,0.429473214782298,0.6088080520588736
final-final-SME06870-012006,final-SME06870,Services,2018-04-01,1,0.681687514416,0.7180468391982995,0.010242224919635853,0.6335711677437779,0.6741124782695005
final-final-SME06872-012008,final-SME06872,Services,2020-01-01,0,0.619270578571,0.5475694435859925,0.008083889555874286,0.6364926332668249,0.48329470956106646
final-final-SME06875-012016,final-SME06875,Services,2019-04-01,0,0.0905020780389,0.43437681582361953,0.010286287627753354,0.5502016814872469,0.46069875499877094
final-final-SME06876-012017,final-SME06876,Construction,2018-01-01,1,0.293968074199,0.4614423986514661,0.00544407918172916,0.4141460750213641,0.47281813162371106
final-final-SME06882-012029,final-SME06882,Services,2018-10-01,0,0.432263693923,0.45676157511136456,0.008099312444437038,0.3779379487251792,0.4919802825296108
final-final-SME06883-012030,final-SME06883,Hospitality,2020-10-01,1,0.745666166593,0.6700916927422269,0.010565189525715899,0.6253900410547043,0.6825858145320527
final-final-SME06891-012041,final-SME06891,Hospitality,2020-07-01,1,0.225645021792,0.7098309174874033,0.009916139609199777,0.6852081524793998,0.6695086563234178
final-final-SME06900-012055,final-SME06900,Services,2019-04-01,0,0.58359846348,0.49408838346632944,0.010725512397568466,0.6105065111031592,0.4705673258480026
final-final-SME06908-012070,final-SME06908,Retail,2018-10-01,1,0.834019835263,0.6106907533364256,0.010793705892643024,0.5859966348011495,0.6383229362365637
final-final-SME06909-012072,final-SME06909,Retail,2020-10-01,0,0.114045198996,0.4993501497107543,0.010401606124502314,0.5476057679384558,0.4629289545157652
final-final-SME06919-012086,final-SME06919,Services,2019-07-01,0,0.256440976982,0.23608206325393638,0.001793234516220983,0.20126047291600793,0.20829679893808747
final-final-SME06920-012087,final-SME06920,Services,2019-04-01,0,0.625669310576,0.635930651887449,0.009956561028226774,0.7567791378032546,0.586700725684308
final-final-SME06926-012095,final-SME06926,Hospitality,2020-01-01,0,0.830618258857,0.5684504669399171,0.010476159248071467,0.6133687354336765,0.5321502684523349
final-final-SME06934-012113,final-SME06934,Technology,2019-01-01,1,0.651227761727,0.5967619110235791,0.008505349411117776,0.4809502725039739,0.6125053400149872
final-final-SME06939-012120,final-SME06939,Retail,2018-01-01,1,0.779632410087,0.8196384362004336,0.008231599693267125,0.7711823371784048,0.7710265508583736
final-final-SME06939-012121,final-SME06939,Retail,2018-01-01,1,0.883192267863,0.8156830102151025,0.008279468150447592,0.785823775623075,0.7710265508583736
final-final-SME06942-012124,final-SME06942,Hospitality,2020-04-01,1,0.77752372786,0.7553651509842547,0.009831082718767672,0.6801008146086768,0.775513736987774
final-final-SME06945-012130,final-SME06945,Services,2018-07-01,1,0.749307890492,0.7809524867159183,0.008821743485340032,0.6225612020013188,0.7796805876847158
final-final-SME06948-012135,final-SME06948,Transport,2020-07-01,1,0.62997818163,0.5234460736702207,0.011214458345718081,0.462285736041527,0.5849981460051719
final-final-SME06951-012141,final-SME06951,Services,2020-04-01,0,0.296270193384,0.31706538565889597,0.0028831067723456352,0.2841545009732734,0.34566374221471013
final-final-SME06951-012143,final-SME06951,Services,2020-04-01,0,0.571683528749,0.4958760397718085,0.003789309601730409,0.4035199992488247,0.4833267593162036
final-final-SME06962-012159,final-SME06962,Manufacturing,2019-07-01,1,0.840970461839,0.6284519075032271,0.010849616728421529,0.5105357423570523,0.6410711892933298
final-final-SME06964-012164,final-SME06964,Manufacturing,2020-01-01,0,0.660287101744,0.4911660124777493,0.009481821269213295,0.5989991510823189,0.4794579213272016
final-final-SME06971-012174,final-SME06971,Hospitality,2018-10-01,1,0.836715893348,0.6791242171902292,0.01094351953649958,0.5884113760341362,0.7152705577990661
final-final-SME06972-012176,final-SME06972,Manufacturing,2019-10-01,0,0.417514681105,0.5430403823277619,0.00488250967637758,0.44224235867011374,0.4732053991561461
final-final-SME06981-012191,final-SME06981,Services,2019-04-01,0,0.245801020282,0.180682177963975,0.003145652217125796,0.42805496954444827,0.2953924572847005
final-final-SME06989-012204,final-SME06989,Manufacturing,2019-10-01,0,0.188544439784,0.46545138591849977,0.010635644750509687,0.5079616138577097,0.4770983315919303
final-final-SME06993-012211,final-SME06993,Manufacturing,2019-04-01,1,0.818667312917,0.6853326978521823,0.01010161589029768,0.6395894756877254,0.6841736401914238
final-final-SME06993-012212,final-SME06993,Manufacturing,2019-04-01,1,0.667996685643,0.6047835164804287,0.008098828097141178,0.48461770322191056,0.6129825230971344
final-final-SME06996-012217,final-SME06996,Manufacturing,2020-10-01,0,0.946235200132,0.5714322579844009,0.01103876413844878,0.6599198501223532,0.6294511559509369
final-final-SME06999-012220,final-SME06999,Manufacturing,2018-01-01,1,0.193492335071,0.5184061186967295,0.00617906527562461,0.4834271515593722,0.5142328828617627
final-final-SME07002-012226,final-SME07002,Hospitality,2019-10-01,0,0.589405414185,0.43490046458517795,0.004112493245457166,0.2900847016149143,0.34288118145524865
final-final-SME07004-012229,final-SME07004,Technology,2020-01-01,0,0.628170507122,0.4057315971935853,0.00768144117242466,0.40705125633760414,0.4463517046550966
final-final-SME07012-012242,final-SME07012,Construction,2020-07-01,0,0.462871310305,0.4209654587046481,0.004125733290191042,0.3661367496408249,0.3997572448361127
final-final-SME07016-012248,final-SME07016,Retail,2019-01-01,1,0.59823509773,0.654202847625752,0.010338173589356235,0.5644977650724957,0.6630256070299813
final-final-SME07030-012272,final-SME07030,Services,2018-10-01,0,0.693257168086,0.49771158439848157,0.00682731732104752,0.48493704002385796,0.5177860592664136
final-final-SME07031-012274,final-SME07031,Services,2020-04-01,0,0.615188160001,0.45421739440113307,0.008294236441511659,0.5106202001558515,0.47596930548025623
final-final-SME07033-012280,final-SME07033,Manufacturing,2019-10-01,0,0.708629908779,0.4648236339878894,0.007365274981933889,0.48307339067769295,0.4623400072407462
final-final-SME07036-012284,final-SME07036,Services,2019-10-01,0,0.893166099843,0.6836109952157385,0.009817219981710283,0.7375773618487762,0.6806658120669427
final-final-SME07043-012294,final-SME07043,Retail,2019-04-01,1,0.206151022831,0.5339674901906335,0.0094169256277397,0.5273673461389222,0.5527478100433156
final-final-SME07053-012312,final-SME07053,Transport,2018-01-01,1,0.673244175294,0.557747462110183,0.005718493624057549,0.4355104560110771,0.550549913828092
final-final-SME07054-012314,final-SME07054,Construction,2020-07-01,0,0.664124519171,0.578566617092078,0.0067128752005782355,0.5685771954542861,0.513018896244463
final-final-SME07062-012327,final-SME07062,Technology,2018-07-01,0,0.344727872068,0.7199725292390523,0.009320016360360568,0.8170589758409861,0.6195788074578037
final-final-SME07064-012332,final-SME07064,Manufacturing,2019-01-01,1,0.599468449019,0.5284019809828323,0.005398884424605809,0.39850397445454666,0.5364208550493328
final-final-SME07068-012339,final-SME07068,Manufacturing,2019-10-01,0,0.314604909709,0.30119455879532236,0.0034771094240525486,0.3045169273376556,0.29819238085800914
final-final-SME07068-012340,final-SME07068,Manufacturing,2019-10-01,0,0.484673766317,0.39184257921264626,0.004138551243240078,0.411404713601086,0.40866997413357165
final-final-SME07076-012352,final-SME07076,Technology,2019-10-01,0,0.149552208014,0.08927023760430515,0.002299309897805415,0.09203661264429379,0.16598177028721303
final-final-SME07082-012360,final-SME07082,Retail,2018-01-01,1,0.0635495866376,0.09811699708709185,0.0027354189664555266,0.06176490456895736,0.20893919640469893
final-final-SME07086-012370,final-SME07086,Retail,2018-04-01,1,0.798020805987,0.7739611046960323,0.007037963727869363,0.6995265681380408,0.7541717654427059
final-final-SME07087-012372,final-SME07087,Manufacturing,2019-07-01,1,0.513510290359,0.5794843331834101,0.0055618234419355745,0.41191591517441495,0.5521898680611748
final-final-SME07093-012384,final-SME07093,Technology,2018-04-01,0,0.607534578744,0.5390886231245053,0.005603689432674149,0.5036210825243262,0.5095022178561802
final-final-SME07095-012386,final-SME07095,Services,2018-07-01,1,0.839986675554,0.8303275373077259,0.008767277675402549,0.7083077502507702,0.8292143135065801
final-final-SME07097-012389,final-SME07097,Retail,2020-04-01,1,0.453326353248,0.5002794288560358,0.0046729881683996695,0.3380955807904782,0.5150450446220038
final-final-SME07102-012396,final-SME07102,Retail,2018-01-01,1,0.276183855685,0.27456143647135295,0.0018157409195324425,0.288690499451562,0.3503548731345367
final-final-SME07105-012402,final-SME07105,Manufacturing,2019-04-01,1,0.293806677985,0.27869742899019173,0.0028978066165234015,0.18132936524355953,0.3306308557267973
final-final-SME07111-012413,final-SME07111,Retail,2019-10-01,1,0.837469935105,0.7614781875475638,0.009770062432194462,0.6696804978937946,0.7354991757170734
final-final-SME07121-012431,final-SME07121,Technology,2020-04-01,0,0.364281578821,0.3958941137019035,0.0026512398711410414,0.35334148592645703,0.4478628695397522
final-final-SME07128-012442,final-SME07128,Retail,2020-07-01,1,0.825105647524,0.6978942037533513,0.010220695746080933,0.6433096093282231,0.6896814195820152
final-final-SME07138-012459,final-SME07138,Construction,2020-04-01,0,0.484465299959,0.4716225946945938,0.008914486177524317,0.5658252158456323,0.5283850580872816
final-final-SME07146-012472,final-SME07146,Manufacturing,2018-07-01,1,0.488927046817,0.5100512723322894,0.004843248857259824,0.39245760636173893,0.5122883739325039
final-final-SME07149-012477,final-SME07149,Manufacturing,2020-10-01,0,0.747793555772,0.650206462270977,0.010450615163270859,0.7467083721670366,0.6204041364850764
final-final-SME07157-012493,final-SME07157,Services,2018-04-01,1,0.756309607638,0.670789103304139,0.0069873690003151145,0.5399550351324562,0.6498563933390435
final-final-SME07162-012503,final-SME07162,Manufacturing,2019-01-01,1,0.178342586265,0.22190875811177393,0.0038839180412498023,0.1419176634831921,0.24817364256035712
final-final-SME07162-012504,final-SME07162,Manufacturing,2019-01-01,1,0.120730308947,0.16114257364774826,0.00344271511605153,0.15905013402206458,0.24817364256035712
final-final-SME07164-012508,final-SME07164,Transport,2019-04-01,1,0.658095803648,0.5629774280613803,0.010740077132648249,0.5153120597499925,0.6049849397913504
final-final-SME07165-012509,final-SME07165,Services,2018-10-01,0,0.406281888472,0.36582831017746453,0.003566183428817447,0.34118735849384313,0.3602916742449794
final-final-SME07169-012518,final-SME07169,Construction,2019-10-01,1,0.604178347823,0.6220327869893862,0.004980988405175641,0.3720791903604728,0.5722097848097855
final-final-SME07171-012521,final-SME07171,Hospitality,2018-04-01,0,0.244642663958,0.4630929525625768,0.004816347723896733,0.3865847313578807,0.4658516860278473
final-final-SME07176-012531,final-SME07176,Retail,2019-10-01,1,0.191406561471,0.18329586855821936,0.004153220586078789,0.10875114021818427,0.22124595412958073
final-final-SME07182-012542,final-SME07182,Retail,2018-10-01,1,0.716170009207,0.6715603446470458,0.006172079178470931,0.6013821858349352,0.6587666766325622
final-final-SME07184-012546,final-SME07184,Services,2020-01-01,0,0.181952464682,0.5081689972050675,0.01097651382010951,0.6395894756877254,0.5199348990809334
final-final-SME07186-012551,final-SME07186,Transport,2018-01-01,1,0.305470483172,0.6027984402512792,0.005543063876301704,0.5523268490675056,0.6255077607774266
final-final-SME07189-012555,final-SME07189,Services,2020-07-01,0,0.562443981825,0.4005136908713154,0.005385743763679999,0.4019940812729805,0.3755711248772311
final-final-SME07190-012556,final-SME07190,Transport,2018-01-01,1,0.406749125054,0.5583789497126961,0.004451868220524955,0.4565992639062822,0.5495350405265045
final-final-SME07191-012558,final-SME07191,Services,2019-07-01,0,0.611086388943,0.589372202000317,0.007507572639948533,0.6304756724103908,0.5214486628999723
final-final-SME07191-012559,final-SME07191,Services,2019-07-01,0,0.586868668138,0.4964964661651434,0.0059764079625432235,0.5908711066998734,0.5286355996036398
final-final-SME07197-012568,final-SME07197,Hospitality,2020-01-01,0,0.522567874063,0.42436348803577695,0.006600418954240269,0.4814761362998574,0.43015288093370546
final-final-SME07202-012574,final-SME07202,Retail,2018-10-01,1,0.546311101439,0.44572054682736895,0.005533642912885816,0.36025378235568495,0.46373969328144116
final-final-SME07205-012580,final-SME07205,Retail,2019-07-01,1,0.376213632454,0.4020847892734454,0.0034186243229731815,0.2966217565957837,0.5098711654119357
final-final-SME07210-012587,final-SME07210,Technology,2019-01-01,1,0.363173430723,0.4761538078386153,0.004163891062986528,0.26339649510695445,0.47758064200698475
final-final-SME07218-012602,final-SME07218,Manufacturing,2019-07-01,1,0.577539891217,0.5926255120921846,0.005585336891790301,0.3765078926217031,0.5233354794679006
final-final-SME07220-012604,final-SME07220,Construction,2019-04-01,0,0.240912630885,0.2225667949942291,0.002214479870383533,0.2401222078573305,0.28949274042873463
final-final-SME07224-012612,final-SME07224,Manufacturing,2019-07-01,1,0.708689880127,0.7199940465134982,0.010044761718520107,0.5843894203255268,0.7353599643167014
final-final-SME07226-012614,final-SME07226,Services,2020-07-01,0,0.0986884305709,0.08789426029652372,0.0026945848352407497,0.06703377468346867,0.13225864871154203
final-final-SME07231-012620,final-SME07231,Construction,2019-01-01,1,0.275739018004,0.46842353299048967,0.0050088106971747474,0.36169813213008106,0.44473187653737345
final-final-SME07235-012626,final-SME07235,Retail,2018-07-01,1,0.441312147959,0.4332002304495408,0.003793282313276126,0.32062199280466946,0.4438002239775826
final-final-SME07237-012632,final-SME07237,Manufacturing,2019-01-01,1,0.44312649146,0.5316383119745532,0.0041589960219114465,0.3691887123134614,0.5674498561378573
final-final-SME07241-012640,final-SME07241,Hospitality,2018-01-01,1,0.927056445872,0.7181400138423406,0.007442651931126635,0.6988577423227009,0.7301148909106293
final-final-SME07242-012641,final-SME07242,Services,2018-01-01,1,0.229018228068,0.31474575068345345,0.0021089688821659303,0.2643030904340203,0.3705767960097962
final-final-SME07245-012646,final-SME07245,Manufacturing,2018-07-01,1,0.65419060974,0.6029130634869195,0.006975156216826034,0.4962433733396853,0.5837505531412809
final-final-SME07249-012653,final-SME07249,Services,2020-01-01,0,0.586752826342,0.5089109491325072,0.010573689932083298,0.5916834686666838,0.5319619677702824
final-final-SME07253-012659,final-SME07253,Retail,2018-10-01,1,0.684765332397,0.6758035073378649,0.010442817248363942,0.5875813463766222,0.6847539344671874
final-final-SME07254-012661,final-SME07254,Manufacturing,2019-07-01,1,0.292808426466,0.4216219084147369,0.0033093580624005223,0.4264602170041785,0.4537547351292935
final-final-SME07256-012664,final-SME07256,Services,2019-01-01,0,0.407729484383,0.37674512741585797,0.0058206278679407844,0.4397902779279131,0.43043077615181075
final-final-SME07264-012675,final-SME07264,Technology,2018-07-01,0,0.435220664961,0.33133092282174637,0.003734770437930529,0.3739700138478125,0.3573323113225422
final-final-SME07265-012677,final-SME07265,Hospitality,2020-04-01,1,0.893298356707,0.7887490391804292,0.008758698102783114,0.6583629754973819,0.7535886159546475
final-final-SME07270-012685,final-SME07270,Retail,2019-04-01,1,0.269162886514,0.5468684302779043,0.006369002352470699,0.5078197927203324,0.5324408578085205
final-final-SME07279-012698,final-SME07279,Services,2018-01-01,1,0.36978081813,0.2893529867788167,0.004091573873256825,0.4265334457800854,0.40539094282413435
final-final-SME07291-012720,final-SME07291,Services,2018-07-01,1,0.823533517633,0.6995816545864233,0.0046183463411340366,0.5175886170638921,0.6843204976655756
final-final-SME07294-012725,final-SME07294,Retail,2020-07-01,1,0.75042872081,0.7074966951780037,0.008366424078005568,0.5518111532810845,0.677627752437397
final-final-SME07309-012751,final-SME07309,Services,2018-04-01,1,0.443749135018,0.5033209448534727,0.0036922324946818074,0.3602576218322821,0.5010893057219096
final-final-SME07316-012764,final-SME07316,Manufacturing,2020-04-01,1,0.766666067342,0.743174430286445,0.008209189682845446,0.7295283998541532,0.727943446649007
final-final-SME07317-012765,final-SME07317,Transport,2020-10-01,1,0.264019444608,0.5951364322569099,0.008260955779866734,0.44018114915910833,0.5631386292784741
final-final-SME07326-012782,final-SME07326,Transport,2018-07-01,0,0.723857138628,0.6763389398212711,0.009811550800388359,0.7252543345332628,0.6486608581789176
final-final-SME07328-012785,final-SME07328,Technology,2020-04-01,0,0.443679814294,0.3687592746424492,0.003726590819909988,0.2862124748187707,0.38697369567403267
final-final-SME07329-012787,final-SME07329,Manufacturing,2018-01-01,1,0.475138225606,0.43268922242870966,0.002996115560644413,0.2951803383508758,0.4428340911142605
final-final-SME07333-012793,final-SME07333,Construction,2020-07-01,0,0.158599943862,0.4761535911779673,0.009884428535675751,0.6028365440185415,0.45094959933435524
final-final-SME07348-012819,final-SME07348,Services,2020-01-01,0,0.744478713324,0.462809001184344,0.010632927313287351,0.5765027766103804,0.5185398081973949
final-final-SME07350-012822,final-SME07350,Services,2019-10-01,0,0.592914586885,0.43544615868092496,0.007131237200692132,0.4951394572779687,0.46073577291532636
final-final-SME07355-012828,final-SME07355,Services,2018-10-01,0,0.313222268245,0.4716890506758551,0.0042985641718624856,0.43244035865054253,0.506632555950444
final-final-SME07359-012836,final-SME07359,Services,2018-04-01,1,0.54843535454,0.5900914877383956,0.0075829137016259675,0.4729993461251149,0.5609635601031814
final-final-SME07367-012850,final-SME07367,Services,2020-01-01,0,0.174900832792,0.16959038192128953,0.0014912601954002124,0.23968751377778874,0.24120216989750884
final-final-SME07371-012858,final-SME07371,Construction,2019-04-01,0,0.41705883373,0.3858935977969863,0.004004665170225933,0.4157223674956627,0.3992429562494223
final-final-SME07381-012879,final-SME07381,Hospitality,2020-04-01,1,0.737698326045,0.5726312236824496,0.00876639525540553,0.3875767855064894,0.6229904434179584
final-final-SME07383-012881,final-SME07383,Retail,2018-10-01,1,0.353896183884,0.4124222755763581,0.00361487098528649,0.3372356030486485,0.4398578559463454
final-final-SME07389-012893,final-SME07389,Services,2018-10-01,0,0.584656999571,0.6148856720469817,0.007668440112153373,0.5618995791145971,0.5730374775027688
final-final-SME07412-012932,final-SME07412,Retail,2018-04-01,1,0.825331366881,0.6307247789552812,0.007451760959928569,0.5114042755776479,0.5900730047961155
final-final-SME07419-012946,final-SME07419,Transport,2019-01-01,1,0.539725874044,0.5790202390236614,0.003926739174718341,0.4251297460867682,0.5416104126119343
final-final-SME07428-012961,final-SME07428,Services,2019-07-01,0,0.618146074193,0.48949821687598444,0.006420217630117112,0.4194201346852925,0.4803219218181327
final-final-SME07430-012965,final-SME07430,Manufacturing,2020-10-01,0,0.44205113935,0.4342196471484933,0.003300167264392179,0.4237962226926061,0.475169516930413
final-final-SME07432-012969,final-SME07432,Hospitality,2020-04-01,1,0.760418336075,0.6681710627273179,0.007451007792754215,0.4755988143874139,0.6491949310847539
final-final-SME07434-012973,final-SME07434,Retail,2018-07-01,1,0.0774622190411,0.07881322432226297,0.0009199501722314223,0.06052958297754824,0.15201133639589398
final-final-SME07437-012977,final-SME07437,Retail,2018-01-01,1,0.589942895869,0.5707562500357863,0.0068425633648054145,0.5490074026860924,0.5677694532067491
final-final-SME07446-012993,final-SME07446,Manufacturing,2020-04-01,1,0.555957941039,0.4636951850468234,0.00435024962383562,0.3029031909275571,0.44676198220885793
final-final-SME07447-012994,final-SME07447,Services,2019-04-01,0,0.169735882028,0.3877343626027935,0.009211815246254555,0.5080124697800161,0.4296597253353843
final-final-SME07451-012999,final-SME07451,Services,2018-07-01,1,0.618402802411,0.5243874636518796,0.0033985616909649945,0.3660833621589264,0.5291425238733921
final-final-SME07453-013002,final-SME07453,Services,2018-01-01,1,0.427414717113,0.39450499025585073,0.0034863479623511834,0.2617965613724789,0.4267475356924143
final-final-SME07455-013007,final-SME07455,Construction,2019-01-01,1,0.276546258805,0.6009729629371909,0.008647941391690318,0.5689280047040561,0.6540341525206882
final-final-SME07459-013014,final-SME07459,Services,2020-07-01,0,0.256506781576,0.24240194248807567,0.001613725263877791,0.29955375140799256,0.2537206207023057
final-final-SME07463-013020,final-SME07463,Services,2019-10-01,0,0.79122851499,0.5925094102296165,0.01022793799040689,0.6075037207811429,0.60861188850087
final-final-SME07466-013027,final-SME07466,Construction,2018-10-01,1,0.793560835425,0.6869590830548843,0.009978394731291066,0.6597889710891569,0.6994426577801519
final-final-SME07468-013030,final-SME07468,Transport,2018-10-01,0,0.195748037575,0.4103873053648567,0.0077140228203248186,0.47628904280951584,0.4385037924273409
final-final-SME07471-013035,final-SME07471,Retail,2018-10-01,1,0.620667239204,0.614027601691074,0.00892639910845898,0.5313151636756239,0.6204623490068896
final-final-SME07474-013040,final-SME07474,Retail,2019-07-01,1,0.623383153899,0.5462927137734492,0.003733796806977801,0.37896828061998616,0.5560967575645236
final-final-SME07479-013047,final-SME07479,Construction,2019-01-01,1,0.743900697694,0.7297918187622192,0.009825217214734458,0.6814285471010516,0.725718764615719
final-final-SME07480-013048,final-SME07480,Technology,2019-10-01,0,0.131320115037,0.44768223988315237,0.005933872545136384,0.42003958203672065,0.3508324251316338
final-final-SME07484-013055,final-SME07484,Transport,2020-01-01,1,0.781631262854,0.7089885869954682,0.010064471287895059,0.6730207214277253,0.6744972938796611
final-final-SME07492-013070,final-SME07492,Retail,2020-07-01,1,0.345786311676,0.33694380556247167,0.005702902041411022,0.20016430564260132,0.28328641436029534
final-final-SME07500-013081,final-SME07500,Construction,2020-04-01,0,0.446600521995,0.4312252375103467,0.01097716226485117,0.5238269720103081,0.46898340025849217
final-final-SME07507-013092,final-SME07507,Technology,2020-07-01,1,0.697509553211,0.6110167037919567,0.007599953741317908,0.4671607753361242,0.6359289899458037
final-final-SME07508-013093,final-SME07508,Services,2020-01-01,0,0.417878475874,0.375908290351761,0.005378956579998083,0.3731592134536639,0.34527518000273755
final-final-SME07531-013127,final-SME07531,Retail,2018-07-01,1,0.426846648437,0.3971825616867149,0.0026907514942575163,0.3225316685214105,0.4141886452170008
final-final-SME07547-013154,final-SME07547,Technology,2018-07-01,0,0.568615770742,0.5702929994884205,0.010216347800102514,0.6792212589184267,0.5390527286013346
final-final-SME07554-013165,final-SME07554,Manufacturing,2020-10-01,0,0.0491656855864,0.05334893005348112,0.00038165270265594884,0.024817643350302537,0.03982515052210671
final-final-SME07563-013180,final-SME07563,Hospitality,2020-10-01,1,0.594359695846,0.5288395310614137,0.007582299890266678,0.3346308820264784,0.4353566972763622
final-final-SME07565-013182,final-SME07565,Manufacturing,2018-04-01,1,0.935170831793,0.715545701342228,0.010655220649849084,0.6558565651901432,0.756012394040665
final-final-SME07571-013189,final-SME07571,Manufacturing,2018-10-01,1,0.503365307011,0.4692173569308035,0.006298672719667143,0.41177794261300715,0.5210368312571484
final-final-SME07577-013199,final-SME07577,Technology,2020-04-01,0,0.624340248768,0.5243806381850139,0.0056280928861380235,0.3902482521217072,0.5149757346458302
final-final-SME07583-013212,final-SME07583,Construction,2020-10-01,0,0.190608547716,0.30639201130126414,0.005000051563108037,0.25491150588079986,0.2913748929042911
final-final-SME07594-013230,final-SME07594,Services,2019-01-01,0,0.177859723743,0.187156337495614,0.0017597837431874873,0.228701740485806,0.22573536859324786
final-final-SME07596-013236,final-SME07596,Services,2020-07-01,0,0.145390020971,0.2740145483657909,0.007873275269989464,0.4524037922068239,0.32932469503945416
final-final-SME07609-013263,final-SME07609,Retail,2020-01-01,1,0.469863762969,0.3939438376506919,0.003679921782815098,0.29127750189487805,0.4308803406667498
final-final-SME07614-013274,final-SME07614,Manufacturing,2020-07-01,0,0.328063571729,0.3447392388228769,0.0032291147729434054,0.2920523262861885,0.33540464739319836
final-final-SME07617-013277,final-SME07617,Retail,2018-04-01,1,0.745869162676,0.6609546468537717,0.010428574239613403,0.5685359757491036,0.6836587568765476
final-final-SME07619-013282,final-SME07619,Construction,2019-07-01,0,0.705586955886,0.7496093177728681,0.008803449389099043,0.7549192538789793,0.6912216664761422
final-final-SME07622-013287,final-SME07622,Hospitality,2020-01-01,0,0.689991074971,0.505550755559997,0.010557512841082672,0.5797297164883607,0.4802478067743452
final-final-SME07631-013299,final-SME07631,Transport,2018-07-01,0,0.769287554987,0.6183534492958627,0.008929798417507828,0.6427650714808787,0.5869660757371455
final-final-SME07635-013308,final-SME07635,Transport,2020-07-01,1,0.928675124742,0.7531077561024992,0.009865595609396635,0.6635184022406334,0.7027144917416859
final-final-SME07647-013329,final-SME07647,Transport,2018-10-01,0,0.221044049608,0.5630677597762246,0.010669025376451481,0.6747783036662003,0.5607672872453976
final-final-SME07653-013337,final-SME07653,Retail,2019-07-01,1,0.237301342927,0.19584125922347456,0.0038260734081776615,0.12426147567267722,0.26382192801741094
final-final-SME07659-013348,final-SME07659,Services,2019-01-01,0,0.587427764106,0.5733622149243343,0.007662037036188607,0.6183467256908406,0.5373470070005645
final-final-SME07660-013349,final-SME07660,Construction,2018-01-01,1,0.328202007248,0.24376031425173617,0.0017301129532491764,0.2629554920038241,0.2994541671619002
final-final-SME07660-013350,final-SME07660,Construction,2018-01-01,1,0.321456777867,0.29208971216083124,0.0016666844935256742,0.32240541637054354,0.4003147967651947
final-final-SME07661-013351,final-SME07661,Services,2018-04-01,1,0.514483331513,0.5764973016928274,0.006326236550533187,0.4274400318298936,0.5965326778555413
final-final-SME07663-013355,final-SME07663,Services,2018-10-01,0,0.540162357773,0.5918143690488491,0.003615452627258162,0.5111928763853629,0.5841548070262809
final-final-SME07664-013356,final-SME07664,Manufacturing,2018-01-01,1,0.713108458835,0.6645833298360877,0.010357753722249957,0.6360048605138442,0.655471154546783
final-final-SME07676-013376,final-SME07676,Technology,2019-04-01,0,0.353683919258,0.5278293320861394,0.006549947632985784,0.5076557809022062,0.5325132299265674
final-final-SME07677-013377,final-SME07677,Retail,2019-07-01,1,0.572206900635,0.6441314454939243,0.005948701951418985,0.5413013720711316,0.6090736336416573
final-final-SME07680-013384,final-SME07680,Transport,2020-01-01,1,0.341322385815,0.4137933695857124,0.003564789982364027,0.39198234736943816,0.4835207100987708
final-final-SME07683-013388,final-SME07683,Construction,2018-07-01,1,0.732833989196,0.6922247640876091,0.008417026324049982,0.5941123293244676,0.6459399716980896
final-final-SME07704-013418,final-SME07704,Manufacturing,2018-07-01,1,0.654729207839,0.535215002955425,0.006389348379933832,0.46263677894699495,0.5523191471682055
final-final-SME07705-013420,final-SME07705,Manufacturing,2018-07-01,1,0.660393646081,0.550250829173668,0.00395239742395402,0.3964466820288149,0.5024296538865695
final-final-SME07711-013431,final-SME07711,Transport,2018-01-01,1,0.754506885798,0.566227935158407,0.00797519254768737,0.5191890710901432,0.5980648819933384
final-final-SME07713-013434,final-SME07713,Transport,2019-10-01,1,0.620699133939,0.6714175756831098,0.010899047571783725,0.642147065345066,0.7300343108549062
final-final-SME07720-013446,final-SME07720,Transport,2018-01-01,1,0.582545504933,0.545783414902668,0.005211934260943125,0.4317048563311582,0.4994825466035598
final-final-SME07720-013448,final-SME07720,Transport,2018-01-01,1,0.723483129677,0.6485532181335125,0.0059823502609060684,0.5354114994413045,0.5808175099404356
final-final-SME07722-013451,final-SME07722,Services,2019-07-01,0,0.536002811945,0.5194778248881025,0.008388406462384623,0.4320973259449522,0.5446787802036098
final-final-SME07734-013469,final-SME07734,Services,2020-04-01,0,0.78045009231,0.6774052090077074,0.009980023949820989,0.6958558232152078,0.595453442730545
final-final-SME07736-013472,final-SME07736,Technology,2018-04-01,0,0.565457771096,0.5340841271646534,0.009209180012087044,0.5705548717461532,0.5178123107338113
final-final-SME07755-013506,final-SME07755,Transport,2020-07-01,1,0.297982989092,0.39142983294006706,0.0032605706395696377,0.2796529043982333,0.4017673839134056
final-final-SME07758-013513,final-SME07758,Manufacturing,2020-04-01,1,0.770946372333,0.6385977160073772,0.011043634790599197,0.6054929778263543,0.632858123665473
final-final-SME07767-013526,final-SME07767,Transport,2018-07-01,0,0.170425358176,0.16783750917112816,0.0020658037527924752,0.257304543582036,0.25512200905654253
final-final-SME07767-013527,final-SME07767,Transport,2018-07-01,0,0.559199304744,0.5320451367520144,0.007103440753746891,0.5065574186574986,0.506434541791214
final-final-SME07775-013539,final-SME07775,Technology,2020-10-01,1,0.48047836366,0.48520583791858574,0.004315838385040314,0.4089027574119327,0.5547526140970367
final-final-SME07784-013553,final-SME07784,Services,2019-01-01,0,0.18959312173,0.18792321730284264,0.002735299913547096,0.33878500841040027,0.28971813756300496
final-final-SME07792-013564,final-SME07792,Services,2020-01-01,0,0.156856525977,0.3851629517221595,0.005623246399672685,0.3920897983032696,0.37309124199873267
final-final-SME07794-013567,final-SME07794,Transport,2019-10-01,1,0.673670699285,0.6420848385508662,0.006552876719758828,0.49847937383567853,0.6261217058495062
final-final-SME07797-013574,final-SME07797,Services,2020-01-01,0,0.184265895358,0.265031974942354,0.0033006166334719855,0.3090724785624521,0.33645612160949506
final-final-SME07800-013580,final-SME07800,Hospitality,2020-10-01,1,0.608731681074,0.5233322791205639,0.006231405556753811,0.3238944910292247,0.5264953801282709
final-final-SME07804-013587,final-SME07804,Technology,2018-04-01,0,0.0757970375411,0.16367190495455397,0.002394824148354842,0.23597623699212586,0.2790283773001694
final-final-SME07808-013597,final-SME07808,Services,2018-01-01,1,0.669057249188,0.6028863898619932,0.007864541152598962,0.4898811176531384,0.6018907106965038
final-final-SME07815-013606,final-SME07815,Transport,2020-10-01,1,0.956067084761,0.7004511782641425,0.010582878761246304,0.610920880226833,0.691197448907441
final-final-SME07818-013610,final-SME07818,Technology,2020-07-01,1,0.58480400752,0.47031914626909377,0.003984193704452427,0.3178991618115971,0.4791872824019845
final-final-SME07832-013635,final-SME07832,Retail,2018-07-01,1,0.515603618613,0.4420337067790546,0.004291415113255832,0.36145596903632343,0.4817489208872477
final-final-SME07838-013643,final-SME07838,Retail,2020-01-01,1,0.266900912506,0.4997720992063801,0.004298939589564995,0.41127466776350236,0.5353207984815701
final-final-SME07840-013646,final-SME07840,Transport,2019-10-01,1,0.389077344622,0.34739751776121,0.0037660778164027315,0.24237134044256922,0.3948668015837086
final-final-SME07848-013659,final-SME07848,Services,2018-07-01,1,0.796384964205,0.7070372890174252,0.010414146607242132,0.5746090534823541,0.7611443824019473
final-final-SME07850-013663,final-SME07850,Transport,2020-07-01,1,0.860682337755,0.7489648457895098,0.009983407950714404,0.6460212399020964,0.7300333468148795
final-final-SME07859-013678,final-SME07859,Services,2019-10-01,0,0.793079302703,0.7358470615105912,0.00868182846288685,0.7400396473746668,0.7072714670490503
final-final-SME07862-013685,final-SME07862,Hospitality,2020-04-01,1,0.550143830929,0.5440854888345721,0.005340797855144657,0.329737055210776,0.5381014652988847
final-final-SME07866-013691,final-SME07866,Services,2019-10-01,0,0.521438013451,0.5008892824273291,0.005948719844696202,0.5033745205853344,0.47356055839669314
final-final-SME07874-013707,final-SME07874,Construction,2018-01-01,1,0.383164818024,0.3861804287528794,0.00361306377796086,0.34562873975529035,0.4298306807575309
final-final-SME07876-013709,final-SME07876,Construction,2019-01-01,1,0.290111357718,0.38608022533774333,0.003955653472806073,0.21976090539019608,0.37300770873874484
final-final-SME07888-013726,final-SME07888,Retail,2020-01-01,1,0.538335716218,0.4833565634086503,0.00629729989933679,0.34403035468413734,0.5010681017516748
final-final-SME07891-013732,final-SME07891,Manufacturing,2019-10-01,0,0.385132470711,0.4207848684704769,0.0056723731524595975,0.43572224148158295,0.39310938758243824
final-final-SME07895-013740,final-SME07895,Hospitality,2019-04-01,1,0.27795231792,0.3404226766084543,0.0030724488860651863,0.2911436898527741,0.40725108165613927
final-final-SME07895-013742,final-SME07895,Hospitality,2019-04-01,1,0.379095674718,0.5885581957804122,0.005958616442469135,0.47624806145132287,0.5719282174781918
final-final-SME07899-013747,final-SME07899,Services,2020-04-01,0,0.320903591353,0.21483122597953064,0.0035932470564236352,0.21987645668527697,0.2322783706929311
final-final-SME07901-013750,final-SME07901,Services,2020-07-01,0,0.715199511043,0.5296608656632701,0.01097638098555703,0.6328288326050291,0.5069580630284413
final-final-SME07917-013773,final-SME07917,Hospitality,2019-07-01,0,0.767906153317,0.5828599755491162,0.010434636741956875,0.6395894756877254,0.5654515586609193
final-final-SME07920-013781,final-SME07920,Retail,2019-04-01,1,0.277674106402,0.5702827019041412,0.00990478210915286,0.5493639110533299,0.5956736493144524
final-final-SME07925-013789,final-SME07925,Services,2018-10-01,0,0.115766754233,0.15843044844402393,0.0036617384981379245,0.09588897902401855,0.13700386291126063
final-final-SME07928-013794,final-SME07928,Technology,2018-10-01,1,0.247488417823,0.23089980862801746,0.0030924936104786594,0.25646693623381,0.3337409969953955
final-final-SME07930-013799,final-SME07930,Construction,2019-07-01,0,0.228146231522,0.5299828225726826,0.010849773033976481,0.5784528889774025,0.5378034725441053
final-final-SME07933-013805,final-SME07933,Services,2020-01-01,0,0.188950355583,0.32343810350030067,0.007130703540360685,0.4396954841031511,0.3519372795411485
final-final-SME07939-013814,final-SME07939,Retail,2020-07-01,1,0.77971368709,0.657275212807177,0.005315175008739347,0.43957557579030926,0.5867058077448897
final-final-SME07940-013816,final-SME07940,Retail,2020-10-01,0,0.324453962362,0.34745260321954263,0.003221293225863132,0.4300327930808056,0.36905620287098123
final-final-SME07943-013820,final-SME07943,Manufacturing,2020-07-01,0,0.13789417931,0.2835407300381749,0.0030280902882829025,0.29596282257315204,0.3097462894861738
final-final-SME07946-013826,final-SME07946,Retail,2019-01-01,1,0.341032034605,0.6500864635951263,0.01036782041077782,0.5793812950240408,0.6717454744781625
final-final-SME07952-013832,final-SME07952,Construction,2018-10-01,1,0.254038861678,0.25809114052291915,0.004060544697214186,0.12146699814982863,0.22218482023320613
final-final-SME07953-013834,final-SME07953,Retail,2019-10-01,1,0.806782209805,0.7707170298833139,0.006936911453376627,0.7175672111385119,0.7729508798471895
final-final-SME07957-013842,final-SME07957,Technology,2018-01-01,0,0.19125531503,0.3862665289586631,0.004004427755984392,0.3846314034813721,0.3852112992094565
final-final-SME07962-013852,final-SME07962,Services,2019-01-01,0,0.432272313298,0.4594852656360593,0.004093068537350703,0.4471903043963644,0.4920266387432817
final-final-SME07975-013874,final-SME07975,Services,2020-10-01,1,0.312120233796,0.2210546428447888,0.004227508368921933,0.04964328256537273,0.155315620340569
final-final-SME07981-013882,final-SME07981,Manufacturing,2018-04-01,1,0.744185571451,0.6814129110799909,0.010460455933719163,0.6147639485430632,0.7366314304262589
final-final-SME07984-013889,final-SME07984,Retail,2020-07-01,1,0.322637872639,0.25755770420616986,0.004182902520765833,0.12808055980861185,0.27785788624894464
final-final-SME07987-013894,final-SME07987,Construction,2020-01-01,1,0.592754102071,0.535370056411338,0.007007152161992842,0.5389594264451397,0.5481435063906209
final-final-SME07989-013896,final-SME07989,Transport,2019-01-01,1,0.25733922607,0.2624745371491122,0.001806354534958599,0.22037539443582174,0.32501840675725224
final-final-SME07990-013899,final-SME07990,Services,2019-07-01,0,0.973345564353,0.6424215970126529,0.010738286587669121,0.6431850454123857,0.6561747773148721
final-final-SME07993-013903,final-SME07993,Retail,2020-10-01,0,0.159157367393,0.35004781024489906,0.00858616517394672,0.47155691994097887,0.35958952186052007
final-final-SME07994-013904,final-SME07994,Technology,2020-07-01,1,0.730055207905,0.7824114347709692,0.00935688255081425,0.7187875545534466,0.7587538402985825
final-final-SME08002-013913,final-SME08002,Retail,2019-04-01,1,0.159910703522,0.6469099626557078,0.010520291526673567,0.5884113760341362,0.6460047653224666
final-final-SME08005-013916,final-SME08005,Retail,2018-07-01,1,0.689149350314,0.5709817512137196,0.00856715185805909,0.5771285069438599,0.576206377683323
final-final-SME08009-013924,final-SME08009,Construction,2019-04-01,0,0.188862591113,0.16985349527799998,0.0028498942221690236,0.1410683824987349,0.19532261651688665
final-final-SME08014-013931,final-SME08014,Construction,2019-01-01,1,0.522941331762,0.4937389873071356,0.005332078699101776,0.25804987041648036,0.43394576080312186
final-final-SME08014-013932,final-SME08014,Construction,2019-01-01,1,0.50968527883,0.45864899320858477,0.003365141905992764,0.3368242434043766,0.49831544798496946
final-final-SME08047-013982,final-SME08047,Hospitality,2018-10-01,1,0.601352321948,0.5826631015519156,0.006337713190990516,0.44993177917690275,0.5787747131406554
final-final-SME08050-013990,final-SME08050,Manufacturing,2018-07-01,1,0.691634543511,0.7209886312640621,0.006424459228846994,0.6862938430913665,0.685322354376035
final-final-SME08051-013991,final-SME08051,Retail,2020-10-01,0,0.394894128357,0.35417694653318244,0.003512796284878185,0.31886121776694176,0.31498389320225945
final-final-SME08057-014004,final-SME08057,Services,2019-10-01,0,0.0603837112413,0.06910014107776127,0.0016510115686472807,0.07353417385951007,0.143439383916072
final-final-SME08059-014007,final-SME08059,Technology,2020-04-01,0,0.277670416578,0.5297909977714157,0.005589965016418234,0.3832556851541875,0.49131088990405525
final-final-SME08066-014022,final-SME08066,Manufacturing,2019-10-01,0,0.278208083432,0.37503150169272137,0.003737068133953384,0.33756960757373655,0.37671190694961
final-final-SME08074-014032,final-SME08074,Services,2018-01-01,1,0.939749271341,0.6347465561256638,0.010162826245878725,0.589446237636685,0.6447917300669915
final-final-SME08075-014035,final-SME08075,Manufacturing,2020-10-01,0,0.227348352716,0.48619837110926356,0.007628933603576838,0.4721923760342517,0.5199411609111102
final-final-SME08102-014076,final-SME08102,Hospitality,2019-07-01,0,0.483532273113,0.3786514795303869,0.003739876097396933,0.312078150006393,0.35579962951444627
final-final-SME08103-014079,final-SME08103,Services,2018-04-01,1,0.250368493503,0.43143571226662814,0.003939354691006763,0.3331669934955736,0.47856864374779673
final-final-SME08104-014081,final-SME08104,Manufacturing,2020-07-01,0,0.725756331014,0.6631959559109586,0.009949331602962285,0.6597785189062868,0.6584134406973878
final-final-SME08111-014092,final-SME08111,Services,2019-10-01,0,0.554859797816,0.5133190905114976,0.00723613276396349,0.48880091447665897,0.479213937791471
final-final-SME08121-014111,final-SME08121,Technology,2018-07-01,0,0.195288346594,0.21761482638967652,0.0036651958856723952,0.17469307378492238,0.18993081843183035
final-final-SME08125-014119,final-SME08125,Services,2018-07-01,1,0.391308276974,0.686400930263929,0.006292847039679576,0.4848298884821986,0.6363453001065809
final-final-SME08128-014123,final-SME08128,Services,2020-10-01,1,0.772190867962,0.5290419206083846,0.011421215399269704,0.5334897271539607,0.49806634813340306
final-final-SME08138-014143,final-SME08138,Manufacturing,2018-04-01,1,0.676374996415,0.6439168493289616,0.005042439859490123,0.47327373840810455,0.6149973990499733
final-final-SME08142-014149,final-SME08142,Hospitality,2019-10-01,0,0.28723049611,0.395381977441703,0.00470606550735739,0.34129027750948815,0.3579474826343521
final-final-SME08146-014157,final-SME08146,Technology,2018-10-01,1,0.512597709519,0.49970157825424716,0.0049178557887013365,0.35133157929966174,0.49875813300152944
final-final-SME08148-014160,final-SME08148,Manufacturing,2019-07-01,1,0.62425952994,0.5746677444851271,0.007944397041678508,0.47440827108125627,0.55820690967369
final-final-SME08149-014162,final-SME08149,Retail,2019-01-01,1,0.0756649575418,0.13518932011864054,0.003192672229712878,0.09493293057465084,0.2136880039447306
final-final-SME08163-014187,final-SME08163,Manufacturing,2019-07-01,1,0.685931517105,0.6928646107603388,0.009135122029221827,0.5726044802926663,0.6718026126036706
final-final-SME08174-014206,final-SME08174,Construction,2020-07-01,0,0.207904056291,0.41547867921034837,0.007952907277572615,0.491414496944625,0.3958768386253475
final-final-SME08181-014220,final-SME08181,Transport,2020-07-01,1,0.485378747279,0.4835327273061956,0.0038664753018852597,0.3298891725526571,0.47733994163182814
final-final-SME08193-014243,final-SME08193,Services,2020-04-01,0,0.898801502332,0.7313035808918444,0.009052820142861354,0.6658283338608768,0.6797974584855492
final-final-SME08204-014264,final-SME08204,Retail,2018-04-01,1,0.561942780446,0.5150607574241509,0.00638548954988332,0.3807505054490704,0.4926033648914697
final-final-SME08206-014269,final-SME08206,Hospitality,2020-01-01,0,0.276285277157,0.4432247792294993,0.004279833133917118,0.40336211082935874,0.4419254215268373
final-final-SME08207-014271,final-SME08207,Construction,2018-07-01,1,0.81053576834,0.7164717140180829,0.008899261297048204,0.6352906774421256,0.7438018978210039
final-final-SME08208-014272,final-SME08208,Manufacturing,2019-04-01,1,0.623289662168,0.6462328723867581,0.0072293644510427295,0.5848038386812094,0.6806320810924881
final-final-SME08210-014276,final-SME08210,Construction,2019-10-01,1,0.700913270663,0.7251182535067736,0.00605512953602046,0.5846814391466104,0.6762925638591131
final-final-SME08211-014281,final-SME08211,Construction,2019-10-01,1,0.258498675968,0.36987505154540745,0.0021864354393743924,0.27967701995741623,0.4273284379336931
final-final-SME08212-014282,final-SME08212,Technology,2019-04-01,0,0.651611084886,0.5731292452038176,0.01011000276094412,0.6354887684055603,0.5918032023470687
final-final-SME08222-014299,final-SME08222,Services,2019-07-01,0,0.822993754843,0.6346990621139041,0.010826056794633748,0.6547993898893063,0.631173815215517
final-final-SME08223-014300,final-SME08223,Transport,2020-10-01,1,0.746255933525,0.6096836448517817,0.00839160924351721,0.5263015681654744,0.618759442392129
final-final-SME08229-014309,final-SME08229,Manufacturing,2018-04-01,1,0.374332589059,0.3436907473966066,0.003540269372276429,0.1501792686038048,0.4001908594824307
final-final-SME08236-014321,final-SME08236,Retail,2018-04-01,1,0.532586702121,0.5819817853280129,0.004057412758233987,0.3869976923293375,0.5551384072412272
final-final-SME08238-014326,final-SME08238,Hospitality,2020-01-01,0,0.547996061283,0.4996017429073987,0.006290249347518936,0.4341511742876585,0.4569837944467098
final-final-SME08246-014342,final-SME08246,Transport,2018-04-01,0,0.735045462018,0.6402609983267663,0.010418508539596269,0.6874202411368727,0.6452192796440309
final-final-SME08249-014349,final-SME08249,Construction,2019-10-01,1,0.397708776001,0.38575180643478735,0.004772449401232973,0.40637612477593005,0.44835164858386
final-final-SME08250-014351,final-SME08250,Retail,2019-01-01,1,0.668346703559,0.5481832445990216,0.005696414000608004,0.3393482977503106,0.5042368659218555
final-final-SME08252-014353,final-SME08252,Services,2018-07-01,1,0.579180155402,0.642967600915606,0.007467954186119907,0.5046374822071926,0.6670358069781327
final-final-SME08257-014360,final-SME08257,Manufacturing,2018-04-01,1,0.7599094204,0.6632047208770571,0.007527914008010866,0.6285717259303015,0.6664836607768033
final-final-SME08258-014363,final-SME08258,Technology,2020-07-01,1,0.352901316744,0.4929821845539893,0.004693386845522935,0.34165578085409076,0.48991916255646556
final-final-SME08265-014376,final-SME08265,Services,2018-10-01,0,0.347658200026,0.2485121071495863,0.003924013681054044,0.16629528929238996,0.2542463409248471
final-final-SME08269-014382,final-SME08269,Manufacturing,2018-01-01,1,0.36305488577,0.503286825802503,0.0064774259661388575,0.41260500783190024,0.5263602615568376
final-final-SME08272-014386,final-SME08272,Transport,2018-01-01,1,0.736034269263,0.5610524629899729,0.004306400456573954,0.41774494182376165,0.5576652596769685
final-final-SME08281-014400,final-SME08281,Manufacturing,2018-01-01,1,0.673585915888,0.6466564157073774,0.005316044791200928,0.5828098223171839,0.6643553999209773
final-final-SME08286-014412,final-SME08286,Construction,2020-01-01,1,0.353450939322,0.38064891095187126,0.002554741429977809,0.33155258703305585,0.45543731343859634
final-final-SME08294-014423,final-SME08294,Retail,2018-07-01,1,0.223903840298,0.3915768482852425,0.003960389978409854,0.32513511462127753,0.43780257036264547
final-final-SME08294-014424,final-SME08294,Retail,2018-07-01,1,0.262069967502,0.28163221864145205,0.001909622632196222,0.3604849002518924,0.401199471759743
final-final-SME08302-014441,final-SME08302,Transport,2019-10-01,1,0.301742328361,0.5313624115943214,0.0038793839776120735,0.4896268456523433,0.5686748036801813
final-final-SME08310-014451,final-SME08310,Construction,2019-01-01,1,0.809283203634,0.6557145892750733,0.009966065900401099,0.5589026725028411,0.6506426972238754
final-final-SME08318-014468,final-SME08318,Manufacturing,2020-04-01,1,0.336014132114,0.5786065781415413,0.007329988401236847,0.5582419958037796,0.6197350964921897
final-final-SME08325-014479,final-SME08325,Construction,2018-07-01,1,0.875407409671,0.7076622371360137,0.010100380902109511,0.5953738566829108,0.6851060873853168
final-final-SME08328-014484,final-SME08328,Construction,2018-04-01,1,0.543291070555,0.5098842765754615,0.003435123410233687,0.38384863775791334,0.5020954927154999
final-final-SME08342-014510,final-SME08342,Services,2020-04-01,0,0.437667307644,0.44039364210176285,0.008463337539348552,0.48751278721375657,0.42583944647447564
final-final-SME08343-014511,final-SME08343,Transport,2019-10-01,1,0.0595930547849,0.10168449168854538,0.002262483189896785,0.03240378725024906,0.16752547598483936
final-final-SME08348-014520,final-SME08348,Retail,2018-07-01,1,0.640854855514,0.5316799621006119,0.006808125048569936,0.44289551465018406,0.5313719085738576
final-final-SME08370-014562,final-SME08370,Retail,2018-07-01,1,0.668897432075,0.6057213324515831,0.005710466452038673,0.47054427181036224,0.5870723167985147
final-final-SME08375-014572,final-SME08375,Retail,2018-07-01,1,0.788966417289,0.7196709439853557,0.009531403571947367,0.6667394640503135,0.7235568458858158
final-final-SME08377-014578,final-SME08377,Transport,2019-01-01,1,0.558955897835,0.4441849783077222,0.008125753406074104,0.3661762364152356,0.49166622466209686
final-final-SME08388-014601,final-SME08388,Technology,2018-01-01,0,0.685203866426,0.5248975129458222,0.010765572626851213,0.6608015416452222,0.5039801477333599
final-final-SME08394-014610,final-SME08394,Services,2018-01-01,1,0.52692832835,0.4220564166227184,0.005007287903246395,0.3468267569247815,0.46672171122585154
final-final-SME08402-014624,final-SME08402,Transport,2018-04-01,0,0.526775803362,0.32713050529353804,0.004585485106822445,0.41126583416685597,0.3631913926878259
final-final-SME08402-014625,final-SME08402,Transport,2018-04-01,0,0.846285234804,0.5897413098698516,0.010599105173337788,0.6854609921388427,0.5548621661138776
final-final-SME08404-014627,final-SME08404,Construction,2019-01-01,1,0.73356613709,0.7051125005660369,0.010715803154513287,0.6722113797438937,0.706518175455899
final-final-SME08405-014629,final-SME08405,Construction,2018-07-01,1,0.246019683248,0.6362256601039861,0.006018921634681928,0.4123405740884771,0.5817686597540033
final-final-SME08415-014644,final-SME08415,Technology,2020-10-01,1,0.652218859879,0.6622194667694221,0.007977337223995237,0.6407289203413729,0.6566024435048085
final-final-SME08418-014649,final-SME08418,Manufacturing,2018-07-01,1,0.26445160587,0.5976682657288439,0.00713573452893407,0.49233452542517764,0.5607477620514045
final-final-SME08423-014655,final-SME08423,Construction,2018-07-01,1,0.848036600271,0.7924021308354431,0.008805071375352037,0.7146353534063836,0.76808806106012
final-final-SME08432-014667,final-SME08432,Retail,2018-10-01,1,0.328585571285,0.3064041062864099,0.002657553256090503,0.24625391891921491,0.38137319747867526
final-final-SME08435-014673,final-SME08435,Technology,2019-07-01,0,0.187975323464,0.5337088955978033,0.010721416038065496,0.5701895457475473,0.5040773816414966
final-final-SME08440-014680,final-SME08440,Transport,2020-04-01,1,0.733007227737,0.6467838182897266,0.003793004132752535,0.48030848457003,0.6086554222473674
final-final-SME08443-014686,final-SME08443,Services,2019-07-01,0,0.487116964763,0.499406599377091,0.006125070167478351,0.472247560687023,0.46728655647842887
final-final-SME08446-014691,final-SME08446,Transport,2018-01-01,1,0.458256812171,0.5006483653534501,0.005115379928694692,0.399013527072849,0.5348668316576843
final-final-SME08456-014708,final-SME08456,Hospitality,2018-01-01,1,0.716868116731,0.5502075392970451,0.007618119379049626,0.5585039833155926,0.5658195954058882
final-final-SME08464-014721,final-SME08464,Services,2019-01-01,0,0.313736080244,0.23488969557788258,0.002697469286381997,0.28410407278466865,0.2945986616771392
final-final-SME08468-014727,final-SME08468,Hospitality,2019-01-01,1,0.781264485429,0.8090433793737937,0.009126074619149754,0.7398519275840958,0.7444155832215704
final-final-SME08476-014740,final-SME08476,Technology,2018-10-01,1,0.119280719824,0.2593575351782162,0.0034889991963051193,0.24373735169661276,0.3648462655922474
final-final-SME08480-014747,final-SME08480,Construction,2020-10-01,0,0.230382276806,0.3095398418626818,0.0032562736110538833,0.3725029914779209,0.3709038124497226
final-final-SME08480-014748,final-SME08480,Construction,2020-10-01,0,0.314348776572,0.4503969996961379,0.004679751545261782,0.47352557166686904,0.47544014033676624
final-final-SME08484-014755,final-SME08484,Construction,2019-04-01,0,0.341909165552,0.2819748240861282,0.0031711684352229677,0.3798178895554877,0.30778069520136153
final-final-SME08484-014756,final-SME08484,Construction,2019-04-01,0,0.582773145231,0.3892815001656675,0.007028660993230855,0.47702730999373727,0.41579041740737177
final-final-SME08486-014759,final-SME08486,Services,2020-04-01,0,0.308991739144,0.43691989383719754,0.00428079536774279,0.3969111897571316,0.42262969388925586
final-final-SME08488-014762,final-SME08488,Retail,2020-01-01,1,0.561505591581,0.4923659821063885,0.004064573768807083,0.4074037625428337,0.5568637128221222
final-final-SME08493-014769,final-SME08493,Hospitality,2019-07-01,0,0.267346838312,0.4393723200176394,0.008108244031000562,0.4905733974891042,0.4704756240067213
final-final-SME08494-014770,final-SME08494,Retail,2020-07-01,1,0.779991626798,0.6944382530982353,0.008057665541644254,0.5306841263637916,0.7103665512355838
final-final-SME08498-014775,final-SME08498,Transport,2019-10-01,1,0.603530240641,0.5462458278037261,0.005083249546765003,0.34875726912788735,0.5160953342378642
final-final-SME08501-014780,final-SME08501,Retail,2018-04-01,1,0.8543620026,0.6601905427806128,0.010297843017911186,0.5942997468732589,0.6407653539531578
final-final-SME08508-014794,final-SME08508,Manufacturing,2020-04-01,1,0.907019062566,0.7245488530069022,0.009499191279722872,0.6657132870442324,0.6806016364733549
final-final-SME08511-014801,final-SME08511,Transport,2018-04-01,0,0.275806029148,0.3060652614328129,0.003427379182422605,0.411984661492884,0.34069094686240275
final-final-SME08514-014804,final-SME08514,Retail,2018-01-01,1,0.656009812162,0.6629794643029695,0.004877472664748454,0.5030705090022825,0.627382991798862
final-final-SME08515-014807,final-SME08515,Transport,2019-04-01,1,0.79189973897,0.6614515283261901,0.010339324384924244,0.5845354392229883,0.6519362486825047
final-final-SME08525-014823,final-SME08525,Hospitality,2018-10-01,1,0.725767840949,0.7022424817168775,0.010132408851549745,0.5843894203255268,0.7290901661704468
final-final-SME08531-014833,final-SME08531,Transport,2020-07-01,1,0.90062829742,0.6958780337470221,0.010753003363125948,0.6336040704356789,0.7240743988660965
final-final-SME08535-014840,final-SME08535,Services,2018-07-01,1,0.755236475555,0.7163377916575848,0.0063621613310822596,0.5377907598476984,0.6276477994117823
final-final-SME08536-014843,final-SME08536,Retail,2018-07-01,1,0.61964888556,0.591766332197546,0.01083424269739497,0.5457400992670037,0.5992378121342473
final-final-SME08537-014844,final-SME08537,Services,2018-04-01,1,0.532978715857,0.506305976487992,0.003914575380730406,0.32762034138882,0.5011210514614086
final-final-SME08570-014901,final-SME08570,Technology,2018-04-01,0,0.247251260726,0.2807127656018419,0.002459209209085886,0.2804535312437157,0.31948435292044625
final-final-SME08582-014920,final-SME08582,Services,2019-01-01,0,0.682327640902,0.46000216262396276,0.010630849313479091,0.48914696594577406,0.48105937016793376
final-final-SME08586-014926,final-SME08586,Technology,2018-01-01,0,0.352038840436,0.34932897340356184,0.005310314789006658,0.42132370459567275,0.3944964171737681
final-final-SME08589-014932,final-SME08589,Transport,2018-04-01,0,0.485099706826,0.4987224591216488,0.007352416110956815,0.5388196097165581,0.4913756433322339
final-final-SME08602-014955,final-SME08602,Construction,2018-07-01,1,0.648615724662,0.5847034042531811,0.003832125761915006,0.42467719445376445,0.5541960034685645
final-final-SME08612-014971,final-SME08612,Retail,2018-01-01,1,0.18494043083,0.18836101623765716,0.003541047639118908,0.03784216691493142,0.2000761577593281
final-final-SME08616-014980,final-SME08616,Construction,2018-07-01,1,0.781726099203,0.7196192085900284,0.00841670816365439,0.6184899317331942,0.7027830868523821
final-final-SME08621-014988,final-SME08621,Manufacturing,2018-04-01,1,0.458811977248,0.6176049415218584,0.005462633314654184,0.42024665531570954,0.5711550747585287
final-final-SME08624-014994,final-SME08624,Transport,2019-01-01,1,0.639989026173,0.6768962512186617,0.0067479198953290164,0.5291682048746745,0.6894611661615266
final-final-SME08625-014996,final-SME08625,Manufacturing,2020-01-01,0,0.533197019008,0.44816770639838266,0.0046756150430129935,0.49158465841798066,0.4636411119246923
final-final-SME08626-014999,final-SME08626,Retail,2018-01-01,1,0.611611168049,0.6582688166226587,0.010200317860740105,0.575830800015709,0.6506032019245382
final-final-SME08632-015012,final-SME08632,Technology,2018-07-01,0,0.228434998506,0.41863078609010357,0.007157492286300606,0.3824086485183776,0.39809760239586867
final-final-SME08636-015020,final-SME08636,Retail,2020-01-01,1,0.660201432921,0.5223028103225876,0.005988796777828635,0.38784680102849634,0.49948144638461256
final-final-SME08641-015027,final-SME08641,Retail,2019-04-01,1,0.312798252185,0.28492554877521903,0.0030138480306114643,0.3102395714400739,0.4149990786349558
final-final-SME08641-015028,final-SME08641,Retail,2019-04-01,1,0.486955928576,0.5058932555507245,0.004005144784549683,0.4471868886051979,0.5286332973855664
final-final-SME08645-015037,final-SME08645,Services,2018-04-01,1,0.559805806784,0.47494311987760374,0.00449594155627247,0.3413334911395925,0.47648618052704594
final-final-SME08648-015041,final-SME08648,Construction,2018-04-01,1,0.289246496906,0.8388852622016723,0.007699081746786143,0.7604283445839047,0.8177804767957296
final-final-SME08652-015050,final-SME08652,Services,2020-01-01,0,0.210810633553,0.20069649692485733,0.0033261962209636636,0.19475287994589036,0.2716919051852009
final-final-SME08653-015051,final-SME08653,Retail,2019-01-01,1,0.064480368766,0.12504467553122262,0.003082965187609165,0.06112939462115471,0.18496749158159795
final-final-SME08663-015069,final-SME08663,Hospitality,2020-01-01,0,0.726418505986,0.7538178789804981,0.008820094748273931,0.8459420942603573,0.6970314263641043
final-final-SME08665-015073,final-SME08665,Retail,2018-01-01,1,0.285885585367,0.29933783298233707,0.0017901035326783562,0.199853638904674,0.2924868922642944
final-final-SME08676-015091,final-SME08676,Retail,2020-04-01,1,0.512240697969,0.4254638562021211,0.0038833786684788862,0.2889461167557417,0.46582566768125755
final-final-SME08682-015105,final-SME08682,Hospitality,2019-07-01,0,0.270601897715,0.36821340584269846,0.0034711353497569176,0.29460635733910095,0.34115466497823316
final-final-SME08689-015117,final-SME08689,Technology,2018-10-01,1,0.750212016133,0.6522397631128761,0.010003199576336039,0.5147526807243503,0.6221437380722535
final-final-SME08694-015124,final-SME08694,Construction,2019-10-01,1,0.371396957762,0.3569634282966455,0.002855869170094258,0.21050404359036262,0.43704811733664517
final-final-SME08698-015131,final-SME08698,Hospitality,2018-07-01,0,0.203038662959,0.2658733514695377,0.004021583745727474,0.16142555160421926,0.2195795342795974
final-final-SME08701-015136,final-SME08701,Retail,2020-07-01,1,0.369731041232,0.4007994823431765,0.0036401046339609665,0.2638893198361086,0.44831863545613937
final-final-SME08702-015137,final-SME08702,Transport,2019-07-01,1,0.790286759366,0.6923414307715461,0.008688677231682415,0.5925877732658672,0.694076228882582
final-final-SME08706-015144,final-SME08706,Construction,2019-07-01,0,0.692418125442,0.5830108900895785,0.010700229772507104,0.5992946465092122,0.5642498622206471
final-final-SME08708-015147,final-SME08708,Retail,2018-04-01,1,0.583123562396,0.5430931010426443,0.00547260120979502,0.44513677337728474,0.5516198320960972
final-final-SME08722-015167,final-SME08722,Retail,2020-10-01,0,0.588553482069,0.5077731969918824,0.010594245593080141,0.6153696404673273,0.47880873515200917
final-final-SME08723-015168,final-SME08723,Services,2020-01-01,0,0.390646498971,0.42951559029364,0.004014411884688846,0.4282215999394718,0.44214370922277124
final-final-SME08725-015172,final-SME08725,Manufacturing,2019-10-01,0,0.748442109239,0.6738477215372749,0.010280725080805957,0.692058688660361,0.6392512300080171
final-final-SME08733-015184,final-SME08733,Services,2018-01-01,1,0.368403810436,0.16425178436935672,0.003965193301901597,0.13908558622392367,0.260137864530599
final-final-SME08736-015189,final-SME08736,Services,2020-04-01,0,0.850691139454,0.6139844779528892,0.010443746362885779,0.6780260231553218,0.5796470734903364
final-final-SME08738-015192,final-SME08738,Retail,2018-07-01,1,0.444590523802,0.27352071080127827,0.002642752719395215,0.22266015720661927,0.3379146741280975
final-final-SME08749-015211,final-SME08749,Services,2020-10-01,1,0.774786911538,0.7585181537602561,0.009736718568885996,0.6597785189062868,0.703552961221736
final-final-SME08750-015213,final-SME08750,Services,2019-01-01,0,0.234291040462,0.16328841427860669,0.0014173131948325799,0.19718007418822722,0.18091773439260486
final-final-SME08759-015227,final-SME08759,Transport,2018-04-01,0,0.120628081739,0.59679011450845,0.01035485233001264,0.6608015416452222,0.5528875251406291
final-final-SME08760-015232,final-SME08760,Services,2020-04-01,0,0.755594229578,0.5789921721708916,0.008613047420418952,0.5497147071534837,0.538450572386183
final-final-SME08765-015241,final-SME08765,Transport,2019-07-01,1,0.516933387436,0.4785690787857899,0.004778674652293575,0.2864579378270792,0.4979876294564459
final-final-SME08765-015243,final-SME08765,Transport,2019-07-01,1,0.352051343804,0.5902382167855028,0.00651148919018737,0.34427388368831735,0.5651263514066771
final-final-SME08781-015268,final-SME08781,Manufacturing,2020-04-01,1,0.797279782074,0.6321247783141054,0.005319771879554861,0.4256148046308089,0.577481010737156
final-final-SME08782-015271,final-SME08782,Transport,2019-01-01,1,0.652358519698,0.5163728678022232,0.008913557359367462,0.3834963989090669,0.5494161892553278
final-final-SME08804-015310,final-SME08804,Retail,2020-04-01,1,0.929617095903,0.7815397412073766,0.008967325523437366,0.6826838576741061,0.7672978699306384
final-final-SME08824-015351,final-SME08824,Construction,2019-07-01,0,0.396302069675,0.43544195031205285,0.004031703685300971,0.46161567614342386,0.4549245373104073
final-final-SME08826-015355,final-SME08826,Transport,2018-07-01,0,0.686819825037,0.5351448436005967,0.010937494210053331,0.6252338327068132,0.5244881763259566
final-final-SME08830-015362,final-SME08830,Construction,2019-10-01,1,0.657079217269,0.7386309971776809,0.00989398501118454,0.6593531771229195,0.7115778765534465
final-final-SME08835-015373,final-SME08835,Retail,2019-07-01,1,0.126880834231,0.1930500040223415,0.003469224672397439,0.1666876475314949,0.2902508834776216
final-final-SME08840-015380,final-SME08840,Manufacturing,2018-07-01,1,0.255814497228,0.6754499696257044,0.009734050138252268,0.6328727575667845,0.6794657740583518
final-final-SME08840-015381,final-SME08840,Manufacturing,2018-07-01,1,0.767906088442,0.6767837408824064,0.009872203581632303,0.6529501682980497,0.6794657740583518
final-final-SME08844-015386,final-SME08844,Transport,2020-10-01,1,0.363182303377,0.5258642152460138,0.004255400080739808,0.3856082940598713,0.512281549543908
final-final-SME08847-015392,final-SME08847,Services,2018-07-01,1,0.793222284262,0.7927320183274371,0.00968568155076552,0.6747783036662003,0.7904886367495453
final-final-SME08849-015396,final-SME08849,Services,2020-01-01,0,0.292963686519,0.5216544901458018,0.006467755093093056,0.5642177922389877,0.4881257167152915
final-final-SME08850-015398,final-SME08850,Retail,2020-04-01,1,0.777234461186,0.7027339833135847,0.009874237451194557,0.6634760560142337,0.6965296342341449
final-final-SME08860-015413,final-SME08860,Manufacturing,2019-10-01,0,0.239066833696,0.2531467212337131,0.002274396127086909,0.26613531827395387,0.31338674645823256
final-final-SME08865-015424,final-SME08865,Hospitality,2020-04-01,1,0.851784641562,0.8076617133124311,0.008656374910557004,0.6752820973299759,0.8145611544357462
final-final-SME08868-015427,final-SME08868,Services,2019-07-01,0,0.778324663502,0.579668438306398,0.011084296451691823,0.6378443311241593,0.5588145805743694
final-final-SME08872-015435,final-SME08872,Services,2018-04-01,1,0.279027513425,0.40586835927950793,0.004081564884012392,0.32827542451425523,0.45044682149323123
final-final-SME08873-015436,final-SME08873,Retail,2019-07-01,1,0.678797613311,0.596365952472559,0.00807966069353032,0.5071431319284199,0.5789328158202962
final-final-SME08887-015458,final-SME08887,Services,2019-04-01,0,0.333079386256,0.4091750526233344,0.004956044940948389,0.4130203347813545,0.42190763146935917
final-final-SME08888-015460,final-SME08888,Manufacturing,2018-10-01,1,0.577671255604,0.48563474132611306,0.005503661316208787,0.31438793473576254,0.4925205828575252
final-final-SME08890-015464,final-SME08890,Services,2019-04-01,0,0.226367602202,0.21838097368165085,0.0023995789247675207,0.2912397899072259,0.24723612952334528
final-final-SME08892-015467,final-SME08892,Services,2020-04-01,0,0.657704714373,0.5903784344273587,0.008609956529837395,0.712683780363787,0.5661786712770799
final-final-SME08907-015492,final-SME08907,Construction,2020-10-01,0,0.156312648811,0.565405450006997,0.010661322793317381,0.6901929356706638,0.5440980610249211
final-final-SME08913-015503,final-SME08913,Services,2018-07-01,1,0.257744452096,0.5825503978718661,0.007416097493805336,0.4512713153772005,0.6289814197283439
final-final-SME08918-015511,final-SME08918,Construction,2020-04-01,0,0.478609759343,0.5017190477014395,0.008498208102787215,0.558851444192189,0.5494293021218246
final-final-SME08932-015535,final-SME08932,Retail,2020-04-01,1,0.0750676079875,0.0691399065038198,0.0005277742932272954,0.02531277376252618,0.07328320632896185
final-final-SME08938-015543,final-SME08938,Services,2020-07-01,0,0.361590334377,0.2717289494876372,0.0027992876859605055,0.2555654768533922,0.3032904630309389
final-final-SME08949-015565,final-SME08949,Hospitality,2019-01-01,1,0.0735866441756,0.1054965867780973,0.0025432942968616466,0.059014777184385844,0.1493944518840396
final-final-SME08957-015577,final-SME08957,Manufacturing,2020-10-01,0,0.177077337142,0.281775135970011,0.0028736852623466643,0.2837190942617989,0.366845386036228
final-final-SME08959-015581,final-SME08959,Services,2018-07-01,1,0.662685720183,0.7173099297278805,0.0041817088785807985,0.4893751653446394,0.6756523987408092
final-final-SME08960-015582,final-SME08960,Retail,2019-10-01,1,0.587164198337,0.5956301361595785,0.007579884513747885,0.40463736165077796,0.5803587827600112
final-final-SME08963-015588,final-SME08963,Hospitality,2019-01-01,1,0.358338418547,0.36621722903726606,0.003287008944502906,0.2654825350595835,0.44306361377541603
final-final-SME08963-015589,final-SME08963,Hospitality,2019-01-01,1,0.365187848776,0.5832055022301382,0.004033561637210299,0.32907977128373367,0.4867722142796472
final-final-SME08963-015590,final-SME08963,Hospitality,2019-01-01,1,0.531951630433,0.5042679538689939,0.003533023778891484,0.39280901800042145,0.5440827693568911
final-final-SME08967-015598,final-SME08967,Manufacturing,2020-07-01,0,0.273194847326,0.21983993595892365,0.0017971385327539603,0.1995536425330405,0.1915707130920903
final-final-SME08969-015601,final-SME08969,Construction,2019-01-01,1,0.244959130851,0.26451609362078016,0.0019968150823888075,0.19642739742393212,0.31021678261858476
final-final-SME08970-015604,final-SME08970,Services,2018-07-01,1,0.163083191878,0.33294326224078763,0.004360415952162466,0.24497242189152815,0.4079434545793614
final-final-SME08971-015605,final-SME08971,Services,2019-10-01,0,0.90747067123,0.7570318783201431,0.00844964344384511,0.8314971279898996,0.6841667246781599
final-final-SME08981-015622,final-SME08981,Manufacturing,2020-04-01,1,0.323893815174,0.27224215890409187,0.004224637290815632,0.13251228670454637,0.26975743010654624
final-final-SME08994-015645,final-SME08994,Retail,2019-10-01,1,0.779057396541,0.7053916001528904,0.006666024641836217,0.5703377545875014,0.6706685670512643
final-final-SME08996-015649,final-SME08996,Retail,2019-04-01,1,0.788648184813,0.6132208737855384,0.010446239134829184,0.5867169459119755,0.6057175141864631
final-final-SME09010-015671,final-SME09010,Retail,2020-07-01,1,0.704446943111,0.7630894743785848,0.008915488175691771,0.6641577754121377,0.738547517011456
final-final-SME09011-015673,final-SME09011,Retail,2020-04-01,1,0.584727762791,0.5496463247737462,0.005954749183383383,0.4179346398662196,0.5087558995684971
final-final-SME09015-015679,final-SME09015,Construction,2018-07-01,1,0.0642007103799,0.07980903424809842,0.0014446330697601016,0.05068473607571218,0.13849356823875986
final-final-SME09016-015682,final-SME09016,Services,2018-07-01,1,0.5757196339,0.5134566108901837,0.004679972822487588,0.41168191504123536,0.5466524041137876
final-final-SME09025-015696,final-SME09025,Manufacturing,2018-10-01,1,0.511909634989,0.5649245858880627,0.007457265779179369,0.5772219894080395,0.6187716275365219
final-final-SME09028-015701,final-SME09028,Retail,2019-07-01,1,0.748418484656,0.7375705203461482,0.010149798534607218,0.6558565651901432,0.753134038007359
final-final-SME09029-015702,final-SME09029,Hospitality,2018-10-01,1,0.683761223251,0.5760389458336306,0.009266958808800832,0.49817125213396296,0.6208661104148769
final-final-SME09033-015710,final-SME09033,Services,2020-01-01,0,0.210354176858,0.3182023198391909,0.0028001581666774653,0.3187993937290197,0.3725444870097124
final-final-SME09039-015717,final-SME09039,Services,2020-04-01,0,0.163165292627,0.5639404229187508,0.010643946807330893,0.589446237636685,0.5395677803667308
final-final-SME09047-015733,final-SME09047,Services,2018-10-01,0,0.0428895905755,0.10800889531224474,0.0029708952219347764,0.09100970852761003,0.15092955816555945
final-final-SME09049-015738,final-SME09049,Construction,2019-10-01,1,0.312762057076,0.6704934949786013,0.0073210871748491686,0.5195558789872097,0.6531311974197515
final-final-SME09055-015748,final-SME09055,Services,2018-04-01,1,0.379684517534,0.47600356088719586,0.004122167213334647,0.30792047487313556,0.4766875527008853
final-final-SME09056-015750,final-SME09056,Manufacturing,2018-04-01,1,0.674312530687,0.6812686190226682,0.010853174098514155,0.656813957197825,0.7020833047962576
final-final-SME09061-015760,final-SME09061,Services,2018-04-01,1,0.739773686031,0.6328069324918615,0.0057545491678288084,0.4187317529645375,0.6241521256888742
final-final-SME09062-015763,final-SME09062,Transport,2020-04-01,1,0.255249637354,0.7069723654859372,0.009878447690328425,0.6731686322349838,0.6999151609731776
final-final-SME09063-015764,final-SME09063,Hospitality,2019-01-01,1,0.616786872871,0.5500722675119168,0.007912554148665088,0.4640655781027759,0.5904288230404775
final-final-SME09070-015778,final-SME09070,Manufacturing,2019-01-01,1,0.504118088195,0.5192574067857275,0.007155696510043732,0.40213180967086887,0.5727287806210022
final-final-SME09077-015788,final-SME09077,Manufacturing,2018-10-01,1,0.203166559158,0.7017090663972163,0.00944229013831646,0.679682820244134,0.6673568950187697
final-final-SME09078-015789,final-SME09078,Services,2018-10-01,0,0.189434883528,0.34757710173560247,0.0049377715475032325,0.35577238196612176,0.3307875584679068
final-final-SME09079-015791,final-SME09079,Technology,2019-04-01,0,0.691007322157,0.6030658211010294,0.01065331446358093,0.6822658633095633,0.6089884658916306
final-final-SME09080-015794,final-SME09080,Construction,2020-04-01,0,0.250346742837,0.4486310831882091,0.00778920737914941,0.48272116993661773,0.48197256711794556
final-final-SME09090-015815,final-SME09090,Retail,2018-10-01,1,0.267335329306,0.2989371853163729,0.0017246406119346656,0.17592378919218624,0.29882744190596106
final-final-SME09092-015817,final-SME09092,Services,2018-10-01,0,0.259857901541,0.34505168942870024,0.0035460863424850884,0.3828781191279034,0.38305273885269137
final-final-SME09093-015821,final-SME09093,Services,2019-01-01,0,0.599598137822,0.5600741688341677,0.008343385539126983,0.5931001376935551,0.5468743194800452
final-final-SME09100-015832,final-SME09100,Manufacturing,2019-07-01,1,0.8846946834,0.6844525708095217,0.010670666578514145,0.5929925412550253,0.7031901137568142
final-final-SME09105-015841,final-SME09105,Services,2020-04-01,0,0.212930041404,0.4743382532892694,0.0061870756602829,0.46856295161899114,0.42691560593375194
final-final-SME09107-015843,final-SME09107,Retail,2020-01-01,1,0.364862226004,0.40992900837284424,0.003744171462902682,0.29556187456167216,0.41041633957900286
final-final-SME09114-015855,final-SME09114,Hospitality,2018-04-01,0,0.40393835816,0.34457684975921,0.0033483808923819598,0.3328211288075125,0.3391203596735241
final-final-SME09115-015857,final-SME09115,Transport,2019-07-01,1,0.722491333193,0.6642748859003378,0.009296892835820804,0.5305354524595224,0.6662500828468987
final-final-SME09116-015859,final-SME09116,Retail,2018-04-01,1,0.88104457691,0.6966684410651055,0.010149704610513706,0.6618470363251341,0.667887985277033
final-final-SME09122-015866,final-SME09122,Technology,2020-04-01,0,0.567007380008,0.5853171457594537,0.0103740815889811,0.5691566777655073,0.5728395933838379
final-final-SME09132-015880,final-SME09132,Construction,2020-04-01,0,0.442435923611,0.4786586407797705,0.0037660769760004195,0.3979254138947648,0.49411402824218753
final-final-SME09133-015882,final-SME09133,Services,2018-04-01,1,0.474210007815,0.4427499824275973,0.003309623645950522,0.34558937376191523,0.49256853194440453
final-final-SME09134-015883,final-SME09134,Services,2020-04-01,0,0.731478677359,0.5888616409083671,0.010814831615303529,0.6524436798199091,0.559552010658612
final-final-SME09139-015893,final-SME09139,Services,2020-07-01,0,0.160049464709,0.3420801537062995,0.005325243803285252,0.3090804401750504,0.28910592658019724
final-final-SME09145-015902,final-SME09145,Retail,2020-04-01,1,0.204502522474,0.5918188689863249,0.00794782182335351,0.5176401260858355,0.5540941243075739
final-final-SME09149-015909,final-SME09149,Services,2019-07-01,0,0.666320387039,0.596856403489923,0.010868495119580776,0.6445919418084121,0.6063357207067839
final-final-SME09149-015910,final-SME09149,Services,2019-07-01,0,0.558594060004,0.4515500082581423,0.006818626750004602,0.3998751730866728,0.49382513276756973
final-final-SME09150-015913,final-SME09150,Construction,2018-10-01,1,0.430821749738,0.3426269285964142,0.002866560269041416,0.316704534642291,0.4200809676872833
final-final-SME09153-015918,final-SME09153,Retail,2020-04-01,1,0.734283658347,0.6414170120790809,0.00686014777261497,0.4854611703007878,0.6140106226889621
final-final-SME09161-015933,final-SME09161,Technology,2019-01-01,1,0.779861038849,0.5652199869741728,0.0072121245651007165,0.4160879554997843,0.6127410625443918
final-final-SME09170-015949,final-SME09170,Construction,2018-04-01,1,0.423245600203,0.33495162661839395,0.002281118701532288,0.2284034943201725,0.41754987913664526
final-final-SME09171-015950,final-SME09171,Retail,2018-01-01,1,0.470114622313,0.3669135349008313,0.0036371195726904305,0.29392147732795315,0.3938115431101124
final-final-SME09172-015952,final-SME09172,Services,2018-10-01,0,0.219781570116,0.6101238712723197,0.010549907382037621,0.656813957197825,0.5746986738810423
final-final-SME09174-015955,final-SME09174,Technology,2019-10-01,0,0.22957563858,0.24563758297822635,0.0024275121440345635,0.27394732679700107,0.2852694010783847
final-final-SME09176-015958,final-SME09176,Manufacturing,2020-07-01,0,0.251182396979,0.41103516965657283,0.003495025868033302,0.3656607121860732,0.3917622402056969
final-final-SME09179-015964,final-SME09179,Manufacturing,2020-07-01,0,0.757957317597,0.46531377720948514,0.009011747705399904,0.47501520640923517,0.5402767987768813
final-final-SME09180-015966,final-SME09180,Retail,2018-01-01,1,0.730922462193,0.6384621870064636,0.005540639083102417,0.5528598655432974,0.6328064944315915
final-final-SME09187-015975,final-SME09187,Technology,2018-04-01,0,0.638216027814,0.5270729933121652,0.008223582375979624,0.6090572486977541,0.5067536865998679
final-final-SME09188-015976,final-SME09188,Retail,2020-10-01,0,0.462107279532,0.3382276690695665,0.0040519939372111735,0.35749107011133385,0.3315387110508712
final-final-SME09192-015983,final-SME09192,Retail,2018-10-01,1,0.653319166584,0.6236950860155279,0.0051265329044509035,0.430438729080222,0.563321027452048
final-final-SME09203-016002,final-SME09203,Construction,2020-01-01,1,0.294688107899,0.6250591257877233,0.007773311465234031,0.6069183897687086,0.6219884855385763
final-final-SME09204-016003,final-SME09204,Hospitality,2020-10-01,1,0.861434341736,0.7978461649769713,0.008516907586545098,0.6548611551728782,0.7466571409013156
final-final-SME09209-016012,final-SME09209,Services,2020-01-01,0,0.184845641948,0.43921705835001884,0.010753934313511487,0.5537196268044918,0.46402232423134937
final-final-SME09215-016021,final-SME09215,Construction,2019-04-01,0,0.260688935074,0.46192944796294744,0.006510651324567337,0.5297021414849449,0.45195326788650775
final-final-SME09218-016028,final-SME09218,Services,2020-01-01,0,0.557290792379,0.49736356682888394,0.011015105059472495,0.58935077239308,0.5668679044538067
final-final-SME09220-016033,final-SME09220,Services,2020-07-01,0,0.292291839517,0.29605349898434263,0.00467655583876669,0.27065448816280935,0.31475089969976405
final-final-SME09225-016041,final-SME09225,Construction,2018-07-01,1,0.229854587894,0.2959533631932051,0.004074745729792024,0.1647350837398336,0.2951423236307827
final-final-SME09227-016045,final-SME09227,Technology,2020-10-01,1,0.584558546786,0.6300606978589918,0.0037723949033730345,0.48101783222374017,0.5821032943092047
final-final-SME09250-016088,final-SME09250,Services,2020-10-01,1,0.536782674375,0.4848579539644591,0.004915879468329856,0.3939089553603594,0.40825050746521674
final-final-SME09251-016092,final-SME09251,Retail,2020-07-01,1,0.37754770513,0.3851479693993526,0.002156350390482476,0.31003798983014175,0.42245849812225267
final-final-SME09260-016109,final-SME09260,Services,2019-10-01,0,0.478151661367,0.3734111852355914,0.005802098910187204,0.31951448444717123,0.3571932883329272
final-final-SME09260-016110,final-SME09260,Services,2019-10-01,0,0.501772541646,0.4293622348642111,0.00650418706138283,0.36994407025938214,0.46009343230943633
final-final-SME09263-016116,final-SME09263,Manufacturing,2019-10-01,0,0.24139484025,0.15582571803578837,0.0033506882534954444,0.0942246270694969,0.1593897840242128
final-final-SME09272-016128,final-SME09272,Manufacturing,2019-07-01,1,0.288724789709,0.42234389443477494,0.0037161872588540815,0.19319817269904233,0.4418147356373314
final-final-SME09275-016134,final-SME09275,Transport,2020-07-01,1,0.72067336963,0.6772850214937856,0.006779717002469162,0.5509115006454495,0.6636439186532485
final-final-SME09277-016137,final-SME09277,Construction,2018-01-01,1,0.482179778071,0.453933602835481,0.006505032178197969,0.4185671542432841,0.5058477857193714
final-final-SME09286-016146,final-SME09286,Services,2019-01-01,0,0.871331880262,0.6304952280686553,0.009796876763851313,0.641138829132283,0.594882190219748
final-final-SME09294-016158,final-SME09294,Manufacturing,2019-04-01,1,0.750286677877,0.6239637671781926,0.005778378365297163,0.48223216814986203,0.6404725493781144
final-final-SME09299-016168,final-SME09299,Manufacturing,2019-04-01,1,0.196877586114,0.1807060237890611,0.0033933350215296816,0.1127165440169442,0.2092815775610424
final-final-SME09307-016180,final-SME09307,Hospitality,2018-04-01,0,0.231269221675,0.4398003426820324,0.010583832097427996,0.5349164559529688,0.4648138931549925
final-final-SME09316-016193,final-SME09316,Technology,2019-07-01,0,0.583147717134,0.5403794519844282,0.006439278832350947,0.5606109976391986,0.5313619891851702
final-final-SME09326-016212,final-SME09326,Services,2020-04-01,0,0.188595268865,0.49239465237800834,0.010668192840552093,0.5793812950240408,0.48093061880035504
final-final-SME09331-016220,final-SME09331,Construction,2018-01-01,1,0.825619756158,0.6930579133300095,0.008089872882072658,0.7506885694595683,0.7303600433818885
final-final-SME09332-016221,final-SME09332,Transport,2018-01-01,1,0.0427986708313,0.09867867270112367,0.0028847940654723975,0.07590442227332385,0.16251106216705072
final-final-SME09337-016229,final-SME09337,Transport,2020-01-01,1,0.403279421128,0.48890880688914806,0.004274683288161373,0.3231354497489122,0.47325311361952704
final-final-SME09338-016231,final-SME09338,Retail,2019-07-01,1,0.6849769678,0.6605605170851235,0.0048581811086237155,0.48907293443911914,0.5969163424194358
final-final-SME09345-016245,final-SME09345,Construction,2020-01-01,1,0.696371423969,0.6407109136630788,0.006535430371903658,0.5480794933666281,0.6401900015786837
final-final-SME09347-016247,final-SME09347,Technology,2018-10-01,1,0.349125556033,0.3474807833641157,0.003916482613833877,0.23565166636577406,0.3728751436959171
final-final-SME09350-016253,final-SME09350,Manufacturing,2020-10-01,0,0.258753497793,0.25744509420794737,0.0026732739718944064,0.21689241921528307,0.323763408096804
final-final-SME09352-016255,final-SME09352,Technology,2018-04-01,0,0.589320700773,0.5542838249646425,0.009485230532287952,0.6145850675413879,0.5012068658835706
final-final-SME09353-016256,final-SME09353,Construction,2019-07-01,0,0.579461319902,0.4687938620607164,0.0044011148863149175,0.4097535575599727,0.45181216991779355
final-final-SME09357-016262,final-SME09357,Services,2020-07-01,0,0.299057654754,0.1626222777912545,0.002902786459087327,0.12440147800266006,0.15528702742091188
final-final-SME09361-016270,final-SME09361,Services,2019-01-01,0,0.201284782155,0.5281644323256542,0.00830392680972946,0.6052191369906592,0.4576893532521622
final-final-SME09363-016275,final-SME09363,Services,2018-01-01,1,0.799491995809,0.6650418448825819,0.010531136306092157,0.7202392390510185,0.6630361020423632
final-final-SME09374-016292,final-SME09374,Services,2018-10-01,0,0.130866117264,0.4639273879803395,0.006980390471046527,0.4522495264290344,0.5189778510297253
final-final-SME09375-016293,final-SME09375,Manufacturing,2018-10-01,1,0.362535575379,0.2672491865471823,0.004092778923414888,0.09352450645334391,0.18733988057383538
final-final-SME09384-016310,final-SME09384,Retail,2019-04-01,1,0.785510697069,0.6922472912599973,0.007913692710932898,0.5725313133810631,0.6288560945842333
final-final-SME09388-016318,final-SME09388,Construction,2020-01-01,1,0.2019975691,0.6430379877841379,0.0071989063835490655,0.5942142644971635,0.6461597709707221
final-final-SME09395-016329,final-SME09395,Retail,2019-01-01,1,0.679038956532,0.5978367831839017,0.010749288649356946,0.544599866140256,0.638585722687644
final-final-SME09399-016338,final-SME09399,Services,2020-04-01,0,0.305556028265,0.42398296600011265,0.005739960569531782,0.39627812122146044,0.4152642714649585
final-final-SME09407-016349,final-SME09407,Retail,2019-10-01,1,0.715832904198,0.6271767138313514,0.006575079883592136,0.39662822538670517,0.5644229807164518
final-final-SME09414-016362,final-SME09414,Manufacturing,2020-10-01,0,0.594679433816,0.5537638328942598,0.007643920819687559,0.627747920743638,0.5299249661939429
final-final-SME09418-016369,final-SME09418,Services,2018-01-01,1,0.600345342119,0.43910505292957625,0.005019889622404092,0.41258710448812647,0.4784586554026753
final-final-SME09426-016382,final-SME09426,Manufacturing,2019-01-01,1,0.534068539828,0.6334161161971561,0.006688436044823345,0.5252583727812755,0.591021625633104
final-final-SME09431-016391,final-SME09431,Manufacturing,2019-04-01,1,0.427339722098,0.4031969738771738,0.004842696217684714,0.3654946306958922,0.43218490728423076
final-final-SME09437-016402,final-SME09437,Retail,2020-07-01,1,0.726158416665,0.7163892668513612,0.007882191852171988,0.5821541472286841,0.6891644717314056
final-final-SME09437-016403,final-SME09437,Retail,2020-07-01,1,0.316030696418,0.7445038215894457,0.008173654053089983,0.6198874329441835,0.7698451275192492
final-final-SME09445-016419,final-SME09445,Construction,2019-10-01,1,0.29250880586,0.8239408029515407,0.008054511733294897,0.7271587745099765,0.8099679613839186
final-final-SME09456-016439,final-SME09456,Retail,2018-04-01,1,0.452515517557,0.47269563790119523,0.0041691731032018195,0.354208155259433,0.5113805169754739
final-final-SME09461-016448,final-SME09461,Manufacturing,2019-07-01,1,0.618113546081,0.4787061648507902,0.004540759486744697,0.3344766639349565,0.4789520081700636
final-final-SME09463-016452,final-SME09463,Hospitality,2018-01-01,1,0.29680724926,0.3531910357383271,0.003640686521985799,0.2684962889511294,0.37244753775301526
final-final-SME09464-016454,final-SME09464,Services,2020-07-01,0,0.163479729883,0.24055805202997704,0.0026087195828636118,0.2376936412330913,0.25932400357645197
final-final-SME09466-016459,final-SME09466,Transport,2019-04-01,1,0.682848191723,0.6835338132639999,0.010417973423567504,0.7109754830532132,0.6698373118431532
final-final-SME09473-016469,final-SME09473,Services,2019-10-01,0,0.36311394754,0.3677958406693995,0.00453413580812515,0.38665739303922925,0.37904993545867277
final-final-SME09475-016473,final-SME09475,Retail,2020-10-01,0,0.49938282329,0.38105278021830963,0.007917221926725565,0.3807406323577545,0.4034406927325068
final-final-SME09476-016475,final-SME09476,Transport,2020-07-01,1,0.721867140847,0.6348663930173246,0.00786241468945762,0.4684884467254402,0.6473303172663478
final-final-SME09477-016476,final-SME09477,Technology,2018-01-01,0,0.174239687127,0.20798923155988272,0.0014775330742072812,0.34489280924988963,0.2429997715664669
final-final-SME09477-016477,final-SME09477,Technology,2018-01-01,0,0.291941441657,0.3619687378845045,0.0035530450869114116,0.44310662837172077,0.42039827530111407
final-final-SME09480-016482,final-SME09480,Manufacturing,2018-10-01,1,0.729619079213,0.6510194844015545,0.010346414295727763,0.6378443311241593,0.6377060134315333
final-final-SME09485-016491,final-SME09485,Manufacturing,2018-01-01,1,0.547022453633,0.4919229202196669,0.006420908265280187,0.4206906781432383,0.4721072053111241
final-final-SME09489-016501,final-SME09489,Services,2020-01-01,0,0.582297079181,0.4127673690601452,0.006438070105844341,0.3989844399304927,0.4533265536395344
final-final-SME09494-016509,final-SME09494,Services,2019-04-01,0,0.335010487331,0.2934612735373481,0.005177218666678898,0.3952865724748973,0.3078982154864118
final-final-SME09499-016518,final-SME09499,Retail,2020-10-01,0,0.0381464972548,0.06959543307579515,0.0017669868174859267,0.12238257713010567,0.11536437978230117
final-final-SME09508-016532,final-SME09508,Retail,2019-07-01,1,1.0,0.6729766169157239,0.01045420024653992,0.6256831916658536,0.7177415740838239
final-final-SME09510-016534,final-SME09510,Construction,2020-07-01,0,0.503343299622,0.33765437638909107,0.0038885915493536275,0.3187565460494181,0.3307630187513837
final-final-SME09516-016546,final-SME09516,Transport,2018-01-01,1,0.150082616993,0.17576062241671217,0.0029083869139532362,0.08098123489235083,0.14900342146754117
final-final-SME09519-016550,final-SME09519,Technology,2019-04-01,0,0.169750312359,0.4297902494475354,0.009482077208874156,0.5564935717901608,0.4417059804082946
final-final-SME09521-016554,final-SME09521,Construction,2020-07-01,0,0.318126918923,0.36486900184144677,0.002908794892747547,0.39653850883687014,0.37530654823368814
final-final-SME09521-016555,final-SME09521,Construction,2020-07-01,0,0.650308334422,0.5833572072253861,0.0066767531977687845,0.6036037703311958,0.5743747762447002
final-final-SME09532-016575,final-SME09532,Hospitality,2018-10-01,1,0.818176139415,0.6783902416561467,0.010719176577060821,0.5940274028575742,0.6923773068969048
final-final-SME09536-016584,final-SME09536,Hospitality,2019-10-01,0,0.295217945523,0.3077009244566211,0.004067933734025403,0.3304103573005531,0.34287082028544397
final-final-SME09537-016586,final-SME09537,Retail,2019-01-01,1,0.537017364748,0.4832522975058234,0.0051328168758176555,0.24125632897539892,0.38275785953887725
final-final-SME09538-016588,final-SME09538,Technology,2019-10-01,0,0.255268776182,0.2918805551964087,0.0028409696087867836,0.2987411655759592,0.2862755367998911
final-final-SME09545-016601,final-SME09545,Services,2019-01-01,0,0.664465340013,0.5334328683796594,0.008838054010867742,0.6460211165405024,0.5872057428707308
final-final-SME09547-016605,final-SME09547,Hospitality,2020-10-01,1,0.576430326336,0.48448952748145563,0.006367936890890169,0.3790115592040164,0.5342819298478876
final-final-SME09549-016610,final-SME09549,Manufacturing,2020-04-01,1,0.623017941213,0.5698565640081841,0.008907785755786511,0.43253205081620666,0.5549052492345169
final-final-SME09564-016638,final-SME09564,Construction,2020-10-01,0,0.210564898049,0.38434186164669965,0.006424022831654918,0.36420730068875495,0.42278974760989024
final-final-SME09571-016653,final-SME09571,Hospitality,2019-04-01,1,0.652445720792,0.5881171096587627,0.005375936945349812,0.47118123286240593,0.5861667802413482
final-final-SME09581-016672,final-SME09581,Construction,2020-07-01,0,0.710333389445,0.624144066388185,0.010446790674124348,0.6921269868392844,0.5542403687502663
final-final-SME09594-016693,final-SME09594,Manufacturing,2018-04-01,1,0.593756930668,0.5982948919622588,0.005121351369347902,0.4007787944886912,0.5582699842136003
final-final-SME09614-016725,final-SME09614,Construction,2020-10-01,0,0.697919999421,0.4967429489480146,0.008316257587671247,0.5952914239211398,0.5311813003209841
final-final-SME09621-016734,final-SME09621,Transport,2019-07-01,1,0.567883156003,0.4968012781441601,0.0039064604357985965,0.3293556402532748,0.5524309751698151
final-final-SME09622-016735,final-SME09622,Services,2019-10-01,0,0.470436054809,0.3469976031563802,0.005634418858793861,0.4199173848894508,0.38266863107306737
final-final-SME09623-016736,final-SME09623,Retail,2020-04-01,1,0.722290386887,0.5381394110182183,0.010413718253329981,0.47801279614146275,0.5572328617703682
final-final-SME09623-016737,final-SME09623,Retail,2020-04-01,1,0.681242116787,0.5616435029229399,0.011184375777451608,0.544599866140256,0.584464379540048
final-final-SME09630-016751,final-SME09630,Construction,2020-01-01,1,0.413580058954,0.6168455596870144,0.007002342816468274,0.5287081742320848,0.6262137001984796
final-final-SME09634-016758,final-SME09634,Manufacturing,2018-01-01,1,0.775593587657,0.6547207100544556,0.01044099225611248,0.5929925412550253,0.6707977729397085
final-final-SME09638-016765,final-SME09638,Manufacturing,2019-07-01,1,0.226130490454,0.7349199327368977,0.009369866199382059,0.5748188863699648,0.7264005374526434
final-final-SME09641-016768,final-SME09641,Transport,2020-01-01,1,0.672948631955,0.5761662892526351,0.008388855913254134,0.48640599791624806,0.5353242681495287
final-final-SME09642-016769,final-SME09642,Construction,2020-01-01,1,0.884306477381,0.6804551150694638,0.010541276690741785,0.6606105194381313,0.7019037852368926
final-final-SME09642-016770,final-SME09642,Construction,2020-01-01,1,0.767129788034,0.7111400270062095,0.009907583667956955,0.668497360536452,0.7019037852368926
final-final-SME09647-016780,final-SME09647,Retail,2018-04-01,1,0.394920720058,0.6691702465046521,0.010887960888286223,0.6400329718038911,0.7061718573293594
final-final-SME09648-016781,final-SME09648,Services,2019-01-01,0,0.266829780535,0.2559200041395676,0.0028495149155139225,0.3082745733384935,0.3215527921277259
final-final-SME09651-016787,final-SME09651,Manufacturing,2019-04-01,1,0.744158979023,0.7207195680077298,0.009356895303159618,0.6759812513922576,0.6705706295907403
final-final-SME09656-016799,final-SME09656,Hospitality,2020-04-01,1,0.369206408598,0.29047382663078203,0.004044684838443516,0.16960817588613614,0.2855207362806426
final-final-SME09657-016801,final-SME09657,Retail,2018-07-01,1,0.43364823494,0.5464232176430576,0.004175619728823353,0.484815275841315,0.5841500042540098
final-final-SME09658-016802,final-SME09658,Construction,2020-04-01,0,0.287313318277,0.5948095025281516,0.01079622333705135,0.6262959305741324,0.6038921400709872
final-final-SME09662-016810,final-SME09662,Services,2019-07-01,0,0.563162386163,0.49795457086882144,0.006234383382228437,0.49413993755443786,0.4939787702089653
final-final-SME09664-016813,final-SME09664,Construction,2020-07-01,0,0.739892409885,0.664945091815913,0.009958412153114278,0.7382575944457355,0.6180286208305087
final-final-SME09664-016814,final-SME09664,Construction,2020-07-01,0,0.908954029626,0.6958570349168627,0.009101524442607395,0.7021638448826187,0.623114457660426
final-final-SME09668-016821,final-SME09668,Hospitality,2019-07-01,0,0.730367624509,0.5489671224622632,0.01066527375447334,0.5942997468732589,0.5199404339755407
final-final-SME09678-016837,final-SME09678,Retail,2020-04-01,1,0.634624284817,0.580469974340954,0.004947139026656554,0.4523404995865395,0.6027764051175711
final-final-SME09692-016865,final-SME09692,Retail,2018-04-01,1,0.755470433955,0.6995219475068466,0.010160392141159557,0.6253900410547043,0.6992770525590692
final-final-SME09700-016877,final-SME09700,Technology,2019-04-01,0,0.39546612711,0.35038034356648384,0.0034810028499532705,0.28752073581414594,0.4009600832054788
final-final-SME09704-016883,final-SME09704,Services,2019-01-01,0,0.724706159615,0.6246403476567493,0.009847261881958664,0.7137197910084095,0.5567871614969433
final-final-SME09706-016887,final-SME09706,Technology,2020-01-01,0,0.951971668999,0.5768229714037768,0.010753818964077169,0.5683611240881218,0.5817249056485863
final-final-SME09708-016891,final-SME09708,Services,2018-01-01,1,0.563001899916,0.49200146153650337,0.005954280247715515,0.4371030069824446,0.4830038727215763
final-final-SME09713-016900,final-SME09713,Retail,2020-04-01,1,0.832495772835,0.5633073060486319,0.011185723830646482,0.46743618025109074,0.6106761854964513
final-final-SME09716-016906,final-SME09716,Technology,2020-01-01,0,0.291753655486,0.350116855499107,0.004931242968622468,0.2934943279108176,0.37801808837837214
final-final-SME09721-016914,final-SME09721,Retail,2018-07-01,1,0.282179672013,0.46435302092408426,0.0042411811433042705,0.39974542633247867,0.4962234925255408
final-final-SME09724-016917,final-SME09724,Retail,2020-04-01,1,0.713332695508,0.6243321067698867,0.010995370536570123,0.5381534144727701,0.636007045339302
final-final-SME09724-016918,final-SME09724,Retail,2020-04-01,1,0.81613553908,0.6334665964534548,0.01078282881629626,0.5196756731735184,0.636007045339302
final-final-SME09726-016920,final-SME09726,Manufacturing,2020-07-01,0,0.464756405462,0.394346810716233,0.004713316659186058,0.34566943872689887,0.33184451100753226
final-final-SME09734-016933,final-SME09734,Manufacturing,2018-07-01,1,0.656494504713,0.6095317824922605,0.00557694173403038,0.4836948104170609,0.5750196876320021
final-final-SME09746-016949,final-SME09746,Manufacturing,2019-01-01,1,0.247760216313,0.5353553405540172,0.0053237914780454474,0.40523508860107793,0.5016300195447688
final-final-SME09748-016953,final-SME09748,Retail,2018-07-01,1,0.775891555567,0.5183629929916225,0.010104044250736514,0.49866255138259563,0.5327919783382851
final-final-SME09751-016958,final-SME09751,Retail,2020-04-01,1,0.823954889231,0.7623842847114426,0.009408278386512292,0.7180127958613608,0.755471680588179
final-final-SME09765-016980,final-SME09765,Services,2020-10-01,1,0.315376032451,0.30509748974002227,0.0030508480948419404,0.2765214217399955,0.33332111597081193
final-final-SME09769-016985,final-SME09769,Retail,2020-04-01,1,0.417264430889,0.2362978110467048,0.003996836946442385,0.11973872654037905,0.22154468186279902
final-final-SME09780-017006,final-SME09780,Services,2018-01-01,1,0.765061334573,0.598590152247109,0.007525759134458067,0.5388548383604761,0.6305757455797375
final-final-SME09781-017008,final-SME09781,Manufacturing,2020-07-01,0,0.815229251806,0.7346400702069823,0.00968585299510782,0.7562268306778003,0.7318197950579077
final-final-SME09782-017011,final-SME09782,Retail,2018-07-01,1,0.613368783595,0.5663995807067509,0.008128637868918482,0.4344564051203966,0.5274817244488269
final-final-SME09783-017013,final-SME09783,Construction,2020-10-01,0,0.168765182338,0.17583493076329482,0.0015081238161706936,0.22049492612621793,0.22041661059122594
final-final-SME09788-017019,final-SME09788,Retail,2018-01-01,1,0.479191861343,0.5191108263668801,0.004060253800886228,0.3167600710449639,0.46350681273026983
final-final-SME09792-017024,final-SME09792,Manufacturing,2020-10-01,0,0.511267910809,0.4251710843499138,0.0060479669736322,0.4445555969302348,0.4242715100726423
final-final-SME09800-017040,final-SME09800,Construction,2018-01-01,1,0.518543389051,0.46052201713686236,0.004374708020423001,0.37044129408396487,0.4720328520550485
final-final-SME09818-017071,final-SME09818,Manufacturing,2018-01-01,1,0.297853308344,0.28218333908476567,0.002458036336472741,0.26883340150167123,0.3949148008777459
final-final-SME09820-017074,final-SME09820,Technology,2020-10-01,1,0.437822790953,0.5940930263616475,0.005392743807831327,0.41497230139269103,0.5815256661302091
final-final-SME09821-017076,final-SME09821,Services,2020-10-01,1,0.828606660885,0.7886773951823998,0.008903074647739767,0.7123445614830402,0.7437980708399153
final-final-SME09828-017087,final-SME09828,Construction,2020-01-01,1,0.710890587443,0.6315766080086931,0.006888514240428038,0.5276277883403786,0.5888125142308519
final-final-SME09832-017093,final-SME09832,Retail,2018-04-01,1,0.650291643487,0.5500999311917956,0.005660311307581093,0.382062937983297,0.4860671955560429
final-final-SME09833-017095,final-SME09833,Retail,2019-10-01,1,0.89773455877,0.7898799527748158,0.00963996269794153,0.7125126059986208,0.7382061722953822
final-final-SME09834-017097,final-SME09834,Transport,2018-10-01,0,0.161729345383,0.46655111462901405,0.006995076141116058,0.4596138962064791,0.4563444046046245
final-final-SME09836-017101,final-SME09836,Services,2018-10-01,0,0.422212659806,0.4741171084628681,0.005049973424510248,0.4330617856962659,0.46242538488012047
final-final-SME09843-017111,final-SME09843,Retail,2018-10-01,1,0.647092143343,0.6258335081651909,0.007808904967191694,0.5865194510501587,0.6290490969093198
final-final-SME09843-017113,final-SME09843,Retail,2018-10-01,1,0.768747922387,0.6878589647329255,0.008054133003745672,0.6477250636135753,0.705293715402381
final-final-SME09846-017117,final-SME09846,Manufacturing,2019-10-01,0,0.0593726115244,0.10598870973977374,0.002717777773355711,0.0656475762266079,0.17416246335659652
final-final-SME09850-017123,final-SME09850,Manufacturing,2018-01-01,1,0.619197011517,0.6128104831648016,0.01084756084347293,0.5565871791651072,0.6211278592412599
final-final-SME09852-017127,final-SME09852,Retail,2020-10-01,0,0.793842526442,0.5017895625527238,0.010661543700187862,0.6579035315769343,0.4860199023925794
final-final-SME09856-017138,final-SME09856,Hospitality,2019-01-01,1,0.0537020856105,0.0694449608183354,0.0012196894684547703,0.0,0.051284638824339535
final-final-SME09857-017140,final-SME09857,Technology,2020-01-01,0,0.260820637816,0.22871339775975918,0.004036164747670028,0.25276738455149833,0.2894880784294437
final-final-SME09861-017146,final-SME09861,Manufacturing,2018-04-01,1,0.424425671213,0.406778487807924,0.00461843459087084,0.2565569085836204,0.426925600783791
final-final-SME09864-017152,final-SME09864,Transport,2020-04-01,1,0.357351503871,0.3643718595717159,0.0035408100346458462,0.31558280600495814,0.43835372919302434
final-final-SME09864-017153,final-SME09864,Transport,2020-04-01,1,0.515416313405,0.4470324838578832,0.0033604552238714054,0.41679860725033036,0.5430023825038109
final-final-SME09866-017155,final-SME09866,Services,2020-04-01,0,0.709035404913,0.5650104390042195,0.007907352015256417,0.6355802695327809,0.5221741891029401
final-final-SME09872-017168,final-SME09872,Manufacturing,2019-01-01,1,0.250329083088,0.2627502192349839,0.002020864507664892,0.26318079426660174,0.3493306115310698
final-final-SME09873-017171,final-SME09873,Retail,2019-07-01,1,0.694839023406,0.7487353416645777,0.009835259933549783,0.6233577818741274,0.7725425728701352
final-final-SME09884-017186,final-SME09884,Services,2019-07-01,0,0.875796977039,0.7199893977798626,0.009410863525284469,0.73799173097245,0.6879107338695132
final-final-SME09887-017192,final-SME09887,Transport,2020-07-01,1,0.300489019652,0.3404643637963577,0.004605264987301749,0.21766031525082563,0.4114965768660011
final-final-SME09890-017197,final-SME09890,Retail,2019-10-01,1,0.68941286309,0.6507587045111167,0.0037759554646518436,0.4525301915247043,0.6252850062786127
final-final-SME09902-017219,final-SME09902,Technology,2020-10-01,1,0.85481557131,0.7141553314650668,0.01089509795699937,0.5983540659411825,0.7038142265401185
final-final-SME09914-017238,final-SME09914,Hospitality,2019-10-01,0,0.280582353516,0.3406002135164686,0.003068764338025827,0.3479159511248914,0.3569761570521438
final-final-SME09916-017240,final-SME09916,Services,2018-10-01,0,0.197154912979,0.6118378765157504,0.011242157009105629,0.5655898806628392,0.6429817373936544
final-final-SME09917-017243,final-SME09917,Technology,2018-01-01,0,0.186687352176,0.5128391808759583,0.01084428288541835,0.603370548056678,0.5026305442112428
final-final-SME09920-017246,final-SME09920,Manufacturing,2020-04-01,1,0.548515346757,0.5520059977275151,0.004424063548141768,0.4256148046308089,0.5471317191893159
final-final-SME09925-017255,final-SME09925,Hospitality,2020-10-01,1,0.192947549466,0.32499038070162234,0.004380445257466628,0.2564461894576075,0.3379087054518847
final-final-SME09935-017269,final-SME09935,Services,2018-10-01,0,0.502183281194,0.5431973356543048,0.004217950748241582,0.4737818614176712,0.5169337986052175
final-final-SME09939-017275,final-SME09939,Services,2020-04-01,0,0.694900379253,0.6112034663161092,0.007412365860293991,0.5861400919936998,0.5612826121148506
final-final-SME09945-017285,final-SME09945,Retail,2020-04-01,1,0.209740567267,0.6388842530338572,0.009487832928597872,0.6334807869465016,0.636785243386262
final-final-SME09949-017293,final-SME09949,Retail,2020-10-01,0,0.773012613207,0.6708286853891227,0.010063483937259842,0.7833185562350802,0.626311403771769
final-final-SME09950-017294,final-SME09950,Manufacturing,2019-07-01,1,0.737160560363,0.5684362471117599,0.0052705608955654955,0.40443056293743723,0.5367824041113725
final-final-SME09958-017308,final-SME09958,Transport,2018-01-01,1,0.491966833607,0.49092797458094584,0.0032820031032939727,0.41741767101310967,0.5249685235457879
final-final-SME09961-017314,final-SME09961,Hospitality,2018-10-01,1,0.640857048145,0.5641372155933534,0.004500938556109403,0.42292866254266515,0.5890872457735667
final-final-SME09965-017319,final-SME09965,Technology,2019-07-01,0,0.358045447498,0.2843815470200084,0.003924583537641102,0.35634074434802293,0.3894004000938441
final-final-SME09972-017331,final-SME09972,Manufacturing,2018-07-01,1,0.823730414507,0.7532894254123929,0.009253435814409138,0.7125126059986208,0.7240729061407001
final-final-SME09976-017340,final-SME09976,Transport,2019-04-01,1,0.772201737976,0.6867582473349327,0.0065957261904654296,0.5852158075834165,0.6669695897660636
final-final-SME09977-017342,final-SME09977,Construction,2018-01-01,1,0.737612527553,0.5973085536627126,0.007972455335580159,0.6093987424228556,0.6144528703915586
final-final-SME09978-017344,final-SME09978,Manufacturing,2020-04-01,1,0.695514904153,0.5448819814253023,0.010792699090053929,0.47891260415768916,0.6042168730048736
final-final-SME09979-017345,final-SME09979,Technology,2018-04-01,0,0.437119750517,0.28835165661055395,0.005039795351248914,0.2817597765102776,0.2426388744900464
final-final-SME09979-017346,final-SME09979,Technology,2018-04-01,0,0.0825701052968,0.4177433599726207,0.010302651684413687,0.5109080255740417,0.4114416153865022
final-final-SME09992-017366,final-SME09992,Services,2020-01-01,0,0.329994828691,0.26564794708233075,0.0043831430343163075,0.2661069601793839,0.2740199074341772
final-final-SME09996-017372,final-SME09996,Retail,2018-07-01,1,0.983030557965,0.7367899907046555,0.009712909664476785,0.6870403254007645,0.7488079782282312
final-final-SME10008-017391,final-SME10008,Manufacturing,2019-01-01,1,0.495165444949,0.3462675732726398,0.0030403350089228363,0.2713541768543798,0.4215925850716594
final-final-SME10015-017405,final-SME10015,Services,2018-10-01,0,0.275346744572,0.45198427248192774,0.0047271035762918865,0.3823367009147484,0.4271832677650797
final-final-SME10018-017413,final-SME10018,Transport,2019-07-01,1,0.466019797881,0.4744572304195904,0.004161015790577596,0.35304390420566906,0.5003070214295793
final-final-SME10021-017417,final-SME10021,Retail,2018-07-01,1,0.830833546897,0.6982592747643709,0.00971334380055089,0.6676710985141785,0.6917202191329388
final-final-SME10024-017424,final-SME10024,Services,2019-10-01,0,0.202211276957,0.5543126871252098,0.011071552903609703,0.6385215874936647,0.6265598967596021
final-final-SME10025-017426,final-SME10025,Manufacturing,2020-07-01,0,0.510187726155,0.4611362142196524,0.00408330223470407,0.3119854877832776,0.38282631449891524
final-final-SME10027-017429,final-SME10027,Services,2019-01-01,0,0.248869948471,0.47649101839064373,0.008772311580491859,0.5172943830022436,0.4917189216851304
final-final-SME10029-017433,final-SME10029,Retail,2018-04-01,1,0.722759992392,0.6452605116315684,0.00809759827607782,0.6042879577354391,0.6764419726488898
final-final-SME10040-017452,final-SME10040,Manufacturing,2020-07-01,0,0.433878424981,0.3776477781072511,0.004679468208697344,0.38977176587633516,0.37132424399066244
final-final-SME10047-017465,final-SME10047,Manufacturing,2018-10-01,1,0.891890824869,0.6485096446874652,0.01074882885258405,0.6086258596313097,0.6800398223615902
final-final-SME10052-017473,final-SME10052,Transport,2019-10-01,1,0.660876159285,0.613568904190046,0.006531274612047502,0.46996011138345145,0.6045189529922211
final-final-SME10053-017476,final-SME10053,Transport,2019-07-01,1,0.78776752467,0.6519750586943722,0.004932335502690075,0.49963219433224404,0.6238152814514961
final-final-SME10054-017477,final-SME10054,Hospitality,2020-10-01,1,0.27804614947,0.3672280463194251,0.003943033829474492,0.22964656786288548,0.3497749497379501
final-final-SME10055-017479,final-SME10055,Transport,2020-10-01,1,0.560896691583,0.4953189903781958,0.005354825870117699,0.39513425287521725,0.5245807129478474
final-final-SME10063-017491,final-SME10063,Hospitality,2020-01-01,0,0.756566459251,0.6877433290870064,0.009614283095915336,0.7375773618487762,0.6536914319649842
final-final-SME10085-017535,final-SME10085,Manufacturing,2019-10-01,0,0.540278032481,0.4828628697273266,0.007303129573507283,0.479897146146178,0.4734792358368647
final-final-SME10088-017542,final-SME10088,Manufacturing,2018-01-01,1,0.0538477509311,0.22721564408195977,0.00396905470780309,0.14469262181868328,0.273342590110887
final-final-SME10098-017560,final-SME10098,Transport,2018-07-01,0,0.6179068489,0.557605597035117,0.007219479821852776,0.5505972935931476,0.4915107909954905
final-final-SME10111-017581,final-SME10111,Construction,2020-07-01,0,0.42092958165,0.3380624586816464,0.005270292068083471,0.3205760257288951,0.31252836053630856
final-final-SME10117-017595,final-SME10117,Services,2018-04-01,1,0.376367484489,0.44888281974400185,0.0031431372641710087,0.3150649669556713,0.5097578321729155
final-final-SME10125-017611,final-SME10125,Retail,2020-01-01,1,0.715713976861,0.5120363554345014,0.008412657937485184,0.43550162522013314,0.5265611063726592
final-final-SME10126-017612,final-SME10126,Services,2018-01-01,1,0.575810365973,0.3696581861681453,0.00507320734735941,0.28888429701159546,0.373951240680121
final-final-SME10126-017613,final-SME10126,Services,2018-01-01,1,0.532130952581,0.5445613047121267,0.008483035668725164,0.5933647549158604,0.5826241395151788
final-final-SME10134-017626,final-SME10134,Construction,2020-04-01,0,0.172509649279,0.21901830650304976,0.0015606350740496443,0.19908485544667168,0.263703791476672
final-final-SME10136-017629,final-SME10136,Technology,2020-01-01,0,0.385750811698,0.3407583324167453,0.0032026970665994534,0.27727659832493273,0.3347357192384973
final-final-SME10137-017632,final-SME10137,Retail,2019-04-01,1,0.522451689547,0.4780367678576969,0.0037285419311918295,0.35079400371127434,0.4692785259896568
final-final-SME10143-017642,final-SME10143,Manufacturing,2019-01-01,1,0.857002255594,0.7717244202037786,0.00934561167093538,0.7189620485519406,0.7411425500995056
final-final-SME10143-017643,final-SME10143,Manufacturing,2019-01-01,1,0.830500431925,0.7663328094876465,0.009148302033898105,0.752939507395297,0.7411425500995056
final-final-SME10148-017653,final-SME10148,Transport,2018-04-01,0,0.113979983924,0.3213121803051732,0.0052131746962513865,0.38467521852662434,0.3361005816381961
final-final-SME10151-017656,final-SME10151,Manufacturing,2019-01-01,1,0.891633192915,0.8350023513170486,0.007378725625113342,0.7375773618487762,0.8094964302754574
final-final-SME10159-017671,final-SME10159,Hospitality,2020-10-01,1,0.654053148619,0.557455954107797,0.0069640446341393825,0.36885684685497205,0.4877843203782587
final-final-SME10161-017675,final-SME10161,Retail,2019-07-01,1,0.450558736044,0.4893455216622867,0.005017480227490159,0.39132591229492997,0.4875030122460037
final-final-SME10161-017677,final-SME10161,Retail,2019-07-01,1,0.335200039085,0.403512581050241,0.0036695437139981943,0.2879225272411783,0.4484909583464321
final-final-SME10163-017681,final-SME10163,Manufacturing,2018-04-01,1,0.847159229521,0.7821096264225099,0.008834324549804979,0.7247354439795007,0.759914487305939
final-final-SME10163-017682,final-SME10163,Manufacturing,2018-04-01,1,0.231738892098,0.7803766313590581,0.008855658222417075,0.6874377392949619,0.7577666932801735
final-final-SME10170-017692,final-SME10170,Manufacturing,2019-01-01,1,0.148030429294,0.14807376326276334,0.003479184021610333,0.055948573219418,0.17294390125822026
final-final-SME10177-017700,final-SME10177,Services,2020-04-01,0,0.513698831674,0.423601576243016,0.007393307227640913,0.4417048090501869,0.4009669072187611
final-final-SME10187-017716,final-SME10187,Technology,2018-07-01,0,0.14880672519,0.3489161835442153,0.004721948438831623,0.36208879335832106,0.37259079477823126
final-final-SME10189-017720,final-SME10189,Technology,2018-10-01,1,0.626119874997,0.6184128550703804,0.006637086786585584,0.5104250488823907,0.5944839727791029
final-final-SME10199-017740,final-SME10199,Retail,2019-07-01,1,0.637642874902,0.626170714563036,0.007486345642689349,0.5701405026224794,0.6504559647238105
final-final-SME10201-017745,final-SME10201,Services,2019-01-01,0,0.419499406152,0.3706559041740701,0.0028546513718021686,0.3887410421907469,0.41462036856157436
final-final-SME10210-017761,final-SME10210,Retail,2020-10-01,0,0.475352368274,0.48313883789950907,0.009590226152543974,0.5916637778581382,0.42975385524569476
final-final-SME10217-017772,final-SME10217,Services,2020-04-01,0,0.543470300028,0.5347788163992635,0.004569833601289764,0.5021251077439067,0.5201260281616782
final-final-SME10218-017776,final-SME10218,Transport,2019-10-01,1,0.767701172562,0.6371665528697905,0.010313829339930226,0.5204392172369349,0.6410844494505537
final-final-SME10219-017777,final-SME10219,Retail,2020-07-01,1,0.438941754361,0.46491001232477924,0.003819326900822355,0.325628479755748,0.47686753655921765
final-final-SME10224-017783,final-SME10224,Transport,2018-07-01,0,0.815345309469,0.6924074688711201,0.010236325958660149,0.7007001952069825,0.6713427210793687
final-final-SME10234-017800,final-SME10234,Technology,2019-04-01,0,0.261740233548,0.5653046173597395,0.010474111472232789,0.5755811466685304,0.5704051464285965
final-final-SME10234-017801,final-SME10234,Technology,2019-04-01,0,0.737424695476,0.570511696620055,0.010094860528056152,0.5861768253510506,0.5704051464285965
final-final-SME10242-017813,final-SME10242,Retail,2018-07-01,1,0.350560564602,0.374344780962527,0.0027072637137567387,0.30881304751387584,0.45385760930971064
final-final-SME10246-017818,final-SME10246,Construction,2019-01-01,1,0.456306236281,0.4208086166579844,0.004069850165981359,0.27728559533036284,0.42316001519254165
final-final-SME10256-017835,final-SME10256,Construction,2018-04-01,1,0.667637252431,0.708859506959556,0.01011955398425088,0.5962856695602501,0.699590335907495
final-final-SME10260-017843,final-SME10260,Services,2018-07-01,1,0.844939288284,0.7118694004749062,0.01051351242585959,0.6155235050474798,0.7304681308544859
final-final-SME10262-017845,final-SME10262,Transport,2020-01-01,1,0.212919323432,0.29571041478165383,0.0021961737368693013,0.25999428777717326,0.3947055275357601
final-final-SME10272-017868,final-SME10272,Manufacturing,2020-10-01,0,0.681379372494,0.5441134323728916,0.0106105768593219,0.58758981371052,0.5168441954914941
final-final-SME10277-017876,final-SME10277,Technology,2018-07-01,0,0.684185535467,0.4712212243973177,0.008264542420694089,0.6034866158343309,0.48994936005283707
final-final-SME10281-017884,final-SME10281,Hospitality,2019-07-01,0,0.499786113403,0.56411315804864,0.004722947402983965,0.4306457722719609,0.4895826658791573
final-final-SME10287-017894,final-SME10287,Manufacturing,2020-04-01,1,0.737922453858,0.6395413935286404,0.007526002207459799,0.6281996255052573,0.602654422518889
final-final-SME10288-017896,final-SME10288,Services,2018-04-01,1,0.913340747514,0.6545226191197262,0.010899007372017513,0.6061482368500994,0.6985736750571254
final-final-SME10299-017919,final-SME10299,Retail,2020-04-01,1,0.537665754601,0.5546878233710579,0.004719160626477716,0.4198556119162951,0.5476422005585107
final-final-SME10300-017921,final-SME10300,Services,2018-01-01,1,0.485770085718,0.2891804928053731,0.0031691114271840738,0.24141790500115634,0.33710806648859637
final-final-SME10304-017928,final-SME10304,Retail,2019-07-01,1,0.670228873797,0.7678277663593809,0.009633679878345467,0.7150956490640501,0.7575172229631087
final-final-SME10304-017930,final-SME10304,Retail,2019-07-01,1,0.851098338831,0.7728016131356928,0.009301035094664966,0.6972070109221213,0.7575172229631087
final-final-SME10313-017945,final-SME10313,Construction,2018-10-01,1,0.656444383754,0.5040276405132301,0.004117216625754071,0.3335377960862287,0.5072962053056689
final-final-SME10314-017947,final-SME10314,Transport,2019-01-01,1,0.253072672215,0.6562842330793066,0.01063222213703756,0.5475745554570564,0.6711355023556373
final-final-SME10317-017951,final-SME10317,Services,2019-07-01,0,0.273194918846,0.4537411654258774,0.0045170691942588905,0.41272745025468677,0.41783081021320406
final-final-SME10322-017960,final-SME10322,Services,2019-10-01,0,0.767799653609,0.5227174900703222,0.009976582954788607,0.5175163019271982,0.5257781607539993
final-final-SME10328-017969,final-SME10328,Retail,2020-07-01,1,0.803498144495,0.7192426438770462,0.0051207553322151845,0.5515902107351779,0.6474642155370394
final-final-SME10330-017973,final-SME10330,Hospitality,2019-07-01,0,0.397101666537,0.3751597581477441,0.0037761527958190782,0.26928094799009483,0.25289428529331587
final-final-SME10333-017980,final-SME10333,Manufacturing,2018-01-01,1,0.646117613676,0.621774004414796,0.006154169981704963,0.5119741540124368,0.5890366604938424
final-final-SME10337-017986,final-SME10337,Hospitality,2020-10-01,1,0.887130761781,0.7708598684905182,0.009707154473250107,0.6746530613457296,0.7409459897525023
final-final-SME10338-017987,final-SME10338,Manufacturing,2019-01-01,1,0.569464873164,0.5876294941159963,0.005223205259816264,0.4792948216614434,0.5908291414584904
final-final-SME10339-017988,final-SME10339,Services,2019-01-01,0,0.733942073448,0.5993632011573119,0.01053914498906858,0.7187875545534466,0.5749331750410214
final-final-SME10339-017989,final-SME10339,Services,2019-01-01,0,0.803124552541,0.6030804736729867,0.01062357686338359,0.7352800577442643,0.5749331750410214
final-final-SME10356-018019,final-SME10356,Retail,2020-01-01,1,0.487323596559,0.5054965189422085,0.003708601202139284,0.42688725647118453,0.49871320759862137
final-final-SME10369-018037,final-SME10369,Services,2019-01-01,0,0.0721502508299,0.136284076456753,0.0038235018618009895,0.10977814204841864,0.17296967298500235
final-final-SME10375-018048,final-SME10375,Manufacturing,2020-10-01,0,0.531067153869,0.5358804866948779,0.005613179113500753,0.47268181781432944,0.5458868042596791
final-final-SME10392-018076,final-SME10392,Retail,2018-01-01,1,0.759441037083,0.6869297674710497,0.005896428784179401,0.5896039930514816,0.6932365366789651
final-final-SME10393-018078,final-SME10393,Services,2018-01-01,1,0.0689896253168,0.09887543672090318,0.002544519970497046,0.06542883639355938,0.1493207339963469
final-final-SME10408-018101,final-SME10408,Construction,2018-10-01,1,0.385788932455,0.48100561558558086,0.005068105061479244,0.3557092083970333,0.48851474304472653
final-final-SME10427-018132,final-SME10427,Transport,2020-01-01,1,0.785368481828,0.6313206953795667,0.0089118230166528,0.6093333221949768,0.6889864095901216
final-final-SME10452-018176,final-SME10452,Transport,2020-07-01,1,0.23893145966,0.7609976830692082,0.009525159808185222,0.682817388590336,0.7363686512160114
final-final-SME10465-018196,final-SME10465,Retail,2019-07-01,1,0.258381639254,0.3177792585321142,0.001976677903289736,0.20548845910537789,0.32180503671402266
final-final-SME10469-018202,final-SME10469,Construction,2018-01-01,1,0.639564109912,0.537883121368846,0.006612138550025447,0.5580091417089192,0.5951647592690207
final-final-SME10473-018210,final-SME10473,Construction,2020-04-01,0,0.290246196414,0.3093662224051456,0.0031816840030404964,0.33308129373060874,0.39571603527239146
final-final-SME10475-018212,final-SME10475,Technology,2018-07-01,0,0.077897481269,0.3200958402370616,0.0051511862569519045,0.31797659345847573,0.3182232337913278
final-final-SME10477-018214,final-SME10477,Hospitality,2018-10-01,1,0.319809000444,0.2978811731831905,0.00293734931928889,0.2104270536082561,0.37773270871851455
final-final-SME10501-018256,final-SME10501,Transport,2019-10-01,1,0.557879979068,0.5724842732817137,0.005793529837933218,0.3367937834037352,0.5444121245430601
final-final-SME10506-018262,final-SME10506,Construction,2019-07-01,0,0.400508482458,0.549885622535971,0.006359970025632245,0.5431749958568363,0.5419035599215452
final-final-SME10511-018271,final-SME10511,Hospitality,2020-07-01,1,0.868798473379,0.7367363095958865,0.009839170443141282,0.7738242997413389,0.7386287325578105
final-final-SME10514-018277,final-SME10514,Manufacturing,2020-01-01,0,0.428162265026,0.4132074244297641,0.0054575092205815705,0.42340820371586063,0.4245769331445293
final-final-SME10516-018281,final-SME10516,Retail,2018-01-01,1,0.516515987464,0.5129760608940743,0.004272760887935185,0.364857046936949,0.5165018308911152
final-final-SME10521-018289,final-SME10521,Manufacturing,2018-07-01,1,0.418241022051,0.3518959645804481,0.003050574436394297,0.2603844892918759,0.42172620509029146
final-final-SME10523-018293,final-SME10523,Construction,2018-07-01,1,0.279259922764,0.6204997394409535,0.0080527855804392,0.5682566655512578,0.6344744184582765
final-final-SME10529-018303,final-SME10529,Construction,2019-10-01,1,0.538567648883,0.4828238243591224,0.005669517585075492,0.39317249774188934,0.49705262237132924
final-final-SME10529-018304,final-SME10529,Construction,2019-10-01,1,0.698417252666,0.5645508187199126,0.006741472047789255,0.4509659816717195,0.5566056778749267
final-final-SME10540-018323,final-SME10540,Manufacturing,2020-01-01,0,0.350815794004,0.33275660451061717,0.0027234758268122445,0.42551329593080184,0.35303311727563386
final-final-SME10541-018325,final-SME10541,Hospitality,2020-01-01,0,0.812220558645,0.5876157652288099,0.010238812185047136,0.661533519964504,0.5417888365342854
final-final-SME10559-018360,final-SME10559,Hospitality,2020-07-01,1,0.364548034958,0.4834494966145173,0.00435927657119507,0.30713949428907117,0.5072514972659194
final-final-SME10565-018371,final-SME10565,Construction,2018-04-01,1,0.0662461381042,0.09297618507013246,0.0023037244005162426,0.07185568544099621,0.24428593404756868
final-final-SME10572-018384,final-SME10572,Construction,2019-07-01,0,0.34282040963,0.2742917967342687,0.0017639726412699112,0.24244630261479896,0.22789468403670285
final-final-SME10578-018393,final-SME10578,Construction,2020-04-01,0,0.550647505353,0.5149433134763615,0.005200014458272227,0.4502300871076255,0.5021593583914444
final-final-SME10580-018398,final-SME10580,Construction,2018-07-01,1,0.702996847215,0.5818517057759265,0.006059698104377655,0.4090027139136144,0.5843671704003874
final-final-SME10586-018411,final-SME10586,Manufacturing,2018-07-01,1,0.132201460149,0.12421139615881678,0.0031407355712275284,0.07120771806621919,0.18370829517164697
final-final-SME10591-018419,final-SME10591,Services,2020-07-01,0,0.713202318358,0.6164527598762408,0.01061184445631879,0.7723540915519602,0.5769838233049293
final-final-SME10602-018443,final-SME10602,Services,2020-01-01,0,0.426013269549,0.4024505913133852,0.003981252222362118,0.43863960027801036,0.4409151121498307
final-final-SME10604-018447,final-SME10604,Retail,2018-04-01,1,0.583891015948,0.565568192476372,0.005712845846933228,0.42435723082815124,0.5710202687776661
final-final-SME10612-018458,final-SME10612,Manufacturing,2020-10-01,0,0.403082836625,0.3851013639928945,0.0031880300885694744,0.3327639319732068,0.43412924632287
final-final-SME10613-018459,final-SME10613,Services,2020-07-01,0,0.423471257858,0.30985442505546545,0.005113839005815687,0.3972944186235645,0.3618353352832067
final-final-SME10621-018474,final-SME10621,Technology,2018-10-01,1,0.458170613864,0.42997068709650355,0.0037843870622149456,0.2843344128005951,0.4631102608156193
final-final-SME10621-018475,final-SME10621,Technology,2018-10-01,1,0.642448539526,0.6500892521008917,0.004393097264886568,0.3916997360874494,0.5805854700661625
final-final-SME10622-018477,final-SME10622,Manufacturing,2019-04-01,1,0.739701521803,0.6085521288567173,0.008661784278749956,0.5387628690068057,0.6331801796356924
final-final-SME10623-018480,final-SME10623,Technology,2018-04-01,0,0.779988814536,0.6813137394008266,0.008841342803787986,0.6813781729503662,0.6223207583344339
final-final-SME10631-018497,final-SME10631,Transport,2020-07-01,1,0.749103178759,0.6254154455915666,0.005373991755460943,0.4088966820890413,0.5739196835818416
final-final-SME10634-018501,final-SME10634,Services,2018-10-01,0,0.72927748904,0.5056251996136997,0.010657399107968632,0.46994721931348243,0.5651846480100863
final-final-SME10643-018518,final-SME10643,Services,2018-10-01,0,0.724481873769,0.6673526238055725,0.009335050016486088,0.6308609645431369,0.6373468578046138
final-final-SME10646-018522,final-SME10646,Hospitality,2020-01-01,0,0.416285038889,0.33253537289094925,0.00559963609164161,0.3488099663189543,0.33202907369462026
final-final-SME10652-018535,final-SME10652,Manufacturing,2019-04-01,1,0.556962330956,0.49148544243314624,0.006960094088535659,0.40665837411037276,0.4671230749278052
final-final-SME10662-018551,final-SME10662,Technology,2018-07-01,0,0.330722526427,0.3816094356741656,0.003619725008402948,0.317711144972032,0.3598387685345722
final-final-SME10666-018555,final-SME10666,Services,2020-01-01,0,0.198339185317,0.20697023386535707,0.0018481487806246077,0.22497322229391808,0.2740613618865023
final-final-SME10671-018563,final-SME10671,Services,2018-10-01,0,0.695573159184,0.6144396708485256,0.006807608458792448,0.5620149593219954,0.5990566183264074
final-final-SME10672-018564,final-SME10672,Construction,2018-07-01,1,0.589849234652,0.626000280379353,0.005434244464596299,0.34834404436411937,0.5314850749182776
final-final-SME10678-018574,final-SME10678,Retail,2019-04-01,1,0.321032169514,0.32904993815524586,0.0029825231516431715,0.2605773952794203,0.41132092068421544
final-final-SME10689-018592,final-SME10689,Transport,2020-01-01,1,0.281814613164,0.2803934591715806,0.004171736450019078,0.15104930889340545,0.24782026553684225
final-final-SME10694-018598,final-SME10694,Manufacturing,2019-04-01,1,0.171632065575,0.7169771433209172,0.010089511112349379,0.6415184392539682,0.6955963177326276
final-final-SME10701-018608,final-SME10701,Hospitality,2019-01-01,1,0.163546088459,0.21765041396259885,0.0037979609588701464,0.09402902368137661,0.1858315766417797
final-final-SME10711-018622,final-SME10711,Services,2020-01-01,0,0.678089821135,0.5718464396610877,0.010409064446230201,0.5915165313252821,0.5428023240498124
final-final-SME10714-018628,final-SME10714,Manufacturing,2019-10-01,0,0.624973603006,0.4948206803195909,0.01045013787527688,0.5336025861904278,0.5037663927259174
final-final-SME10719-018636,final-SME10719,Retail,2020-07-01,1,0.649652572188,0.5700558010861297,0.0075554218972019365,0.43664823258825536,0.5811838503427146
final-final-SME10721-018639,final-SME10721,Hospitality,2019-07-01,0,0.799717744782,0.656139159035252,0.010043106328062518,0.7396852366162376,0.6203717942372313
final-final-SME10729-018655,final-SME10729,Retail,2020-07-01,1,0.266176037573,0.5774895242604651,0.0052222741154449425,0.4749026443733087,0.601210775967204
final-final-SME10736-018669,final-SME10736,Services,2019-01-01,0,0.527992056476,0.48426038088637496,0.010631890083421231,0.5313825488399637,0.48919303573986866
final-final-SME10737-018671,final-SME10737,Construction,2020-10-01,0,0.523279724394,0.46215209894735765,0.004668859150442003,0.36448890836380865,0.41946407231563426
final-final-SME10748-018690,final-SME10748,Services,2019-01-01,0,0.4641972267,0.4068995086956189,0.003438844195642881,0.388745644736588,0.4363968999932483
final-final-SME10750-018693,final-SME10750,Hospitality,2020-10-01,1,0.794735480185,0.7160356410285837,0.010299968639427663,0.6540219239416188,0.7689832888385781
final-final-SME10751-018696,final-SME10751,Services,2020-04-01,0,0.862707466544,0.6697566233532086,0.009971472443935241,0.6706058429891356,0.6145614729904141
final-final-SME10759-018707,final-SME10759,Manufacturing,2019-10-01,0,0.241375349997,0.24788667474995074,0.002895791086923237,0.2621265557656754,0.279039122512753
final-final-SME10766-018721,final-SME10766,Technology,2018-10-01,1,0.918537122895,0.7773047585174362,0.008870010799863996,0.7765633657870762,0.7493538550385643
final-final-SME10769-018725,final-SME10769,Services,2019-10-01,0,0.174555958139,0.4052386045157207,0.005863910911254408,0.3623724756392788,0.37201287863524996
final-final-SME10775-018733,final-SME10775,Services,2019-10-01,0,0.0914569863356,0.10454927375368221,0.0027152019380919878,0.04992978494913378,0.14614537767950608
final-final-SME10786-018751,final-SME10786,Services,2020-10-01,1,0.212834839189,0.22141898709727278,0.003750201690298522,0.20486000713117486,0.25689808385835416
final-final-SME10790-018757,final-SME10790,Retail,2018-10-01,1,0.62843298963,0.5495565269542062,0.004365335255669651,0.3808031536089133,0.533776398106057
final-final-SME10794-018763,final-SME10794,Retail,2020-01-01,1,0.506352160702,0.4699229409684734,0.0036154993312359383,0.35162511219400355,0.4878910507941566
final-final-SME10814-018799,final-SME10814,Technology,2018-01-01,0,0.307340251806,0.33478238860262716,0.0025862513864072746,0.40656269297945385,0.3319406598312748
final-final-SME10824-018813,final-SME10824,Services,2018-07-01,1,0.253004850281,0.7531837191799275,0.009964616158763208,0.6395894756877254,0.7571227803965678
final-final-SME10827-018818,final-SME10827,Hospitality,2020-10-01,1,0.692416123856,0.7479431093385758,0.0051178527769789196,0.5159747942616577,0.680023056962876
final-final-SME10844-018843,final-SME10844,Hospitality,2018-01-01,1,0.585864699481,0.490026966987492,0.0038020891500806166,0.39907333393193706,0.37923000879204566
final-final-SME10845-018846,final-SME10845,Manufacturing,2020-07-01,0,0.0524749171795,0.1214610211155422,0.0033246550974301062,0.09280717805204118,0.13936281702782213
final-final-SME10858-018865,final-SME10858,Services,2018-04-01,1,0.565308091784,0.5927438632301527,0.005432513499269645,0.4426586158444871,0.5852798270457306
final-final-SME10859-018866,final-SME10859,Services,2020-04-01,0,0.161303619987,0.545994045353255,0.010930082581766544,0.5885867547504064,0.5296105219261981
final-final-SME10885-018911,final-SME10885,Transport,2018-07-01,0,0.477909819893,0.45594565622748673,0.003860981271104656,0.3853208401059961,0.4397570069693864
final-final-SME10889-018919,final-SME10889,Manufacturing,2020-04-01,1,0.967340925029,0.8400706934101363,0.007273480331734,0.7674790139135155,0.8072303882554349
final-final-SME10891-018923,final-SME10891,Hospitality,2020-04-01,1,0.245797208089,0.7509293514367756,0.009413133928225568,0.6839678358691726,0.7269775897957387
final-final-SME10894-018932,final-SME10894,Manufacturing,2019-10-01,0,0.705623305218,0.5862303389403134,0.0108733381780142,0.6242852854385575,0.5742589822967528
final-final-SME10895-018933,final-SME10895,Manufacturing,2020-07-01,0,0.175931083028,0.5744043322587894,0.011182239143331649,0.5832905118137266,0.5986717851658164
final-final-SME10898-018938,final-SME10898,Retail,2020-07-01,1,0.720351579506,0.69504273987063,0.0057813773948567765,0.48457341538545473,0.6048077848148009
final-final-SME10905-018951,final-SME10905,Services,2019-01-01,0,0.668488137773,0.46210983438553166,0.011064114936197243,0.5870137246407146,0.4118092891615164
final-final-SME10907-018955,final-SME10907,Manufacturing,2020-10-01,0,0.0401651574086,0.09300937878776089,0.002626355616520352,0.08355400119230812,0.16071127119591372
final-final-SME10909-018959,final-SME10909,Retail,2020-07-01,1,0.423631043586,0.7404236017261672,0.007468999465129047,0.7207871452063092,0.7825035392659165
final-final-SME10909-018960,final-SME10909,Retail,2020-07-01,1,0.685756254539,0.749589291785742,0.007693537850509149,0.681883967686681,0.7825035392659165
final-final-SME10915-018971,final-SME10915,Services,2018-10-01,0,0.118023160695,0.6817549048867214,0.0106514039215157,0.6805151837323505,0.6734599209276763
final-final-SME10923-018987,final-SME10923,Technology,2020-10-01,1,0.406419190252,0.6162584653709795,0.005215665360563578,0.48517053670195515,0.6109457895481704
final-final-SME10927-018993,final-SME10927,Services,2020-10-01,1,0.470280520259,0.4405241876217273,0.005769213821999629,0.4140258750695846,0.4078674705611621
final-final-SME10929-018997,final-SME10929,Manufacturing,2019-07-01,1,0.713856394295,0.7666248995663216,0.0060021956295303125,0.7185205290405233,0.7485726775343083
final-final-SME10933-019004,final-SME10933,Transport,2020-01-01,1,0.7514520468,0.6946236762169453,0.0059356475223277605,0.6534550421747611,0.6913139423923697
final-final-SME10935-019008,final-SME10935,Manufacturing,2020-07-01,0,0.356780080419,0.2676907978920663,0.004676379431465373,0.195927883536941,0.22991105920717347
final-final-SME10936-019009,final-SME10936,Manufacturing,2018-01-01,1,0.205466186258,0.4834697036673159,0.011261375857490959,0.4947295600969652,0.5612514979374167
final-final-SME10942-019020,final-SME10942,Construction,2020-01-01,1,0.683866922168,0.71003826793932,0.009960400572679579,0.6480285101244264,0.6743534292342155
final-final-SME10948-019029,final-SME10948,Construction,2018-01-01,1,0.330960496937,0.5409321828658229,0.005591419935330224,0.40525366950358593,0.5201317352647078
final-final-SME10950-019031,final-SME10950,Construction,2018-10-01,1,0.896928198514,0.5857230643570446,0.011042291747541759,0.5649055304669894,0.6080915248113158
final-final-SME10956-019040,final-SME10956,Services,2020-10-01,1,0.0692305171116,0.16020316749825522,0.0034001575911458796,0.12168155939467212,0.2049171739511318
final-final-SME10957-019042,final-SME10957,Manufacturing,2019-07-01,1,0.288853958472,0.35679965360590626,0.004648986388294301,0.27903290515176205,0.37687967141765527
final-final-SME10959-019046,final-SME10959,Construction,2020-07-01,0,0.698701033949,0.5695447061994034,0.01041658046185031,0.6329324908803897,0.5359799381708044
final-final-SME10962-019050,final-SME10962,Retail,2019-10-01,1,0.782190078869,0.6613156305288294,0.005211560000957201,0.4555294800266477,0.6074542268440346
final-final-SME10963-019051,final-SME10963,Hospitality,2018-04-01,0,0.316657413091,0.3771865483805431,0.003343914983019016,0.33098548810661,0.35648961416847524
final-final-SME10965-019054,final-SME10965,Transport,2020-10-01,1,0.689508905236,0.5676871540569763,0.004827644029751848,0.4206685102910631,0.5527284237423066
final-final-SME10970-019061,final-SME10970,Manufacturing,2020-10-01,0,0.271388435575,0.36702685171109545,0.0034686616598713174,0.29094454512677187,0.3972923077139184
final-final-SME10971-019065,final-SME10971,Transport,2018-07-01,0,0.294741437579,0.37220451665549015,0.002792608131827711,0.23097983669114472,0.33668588457469256
final-final-SME10974-019069,final-SME10974,Hospitality,2020-07-01,1,0.323004136064,0.5083199613076839,0.007543220149331665,0.4182414437814992,0.5396563739542061
final-final-SME10977-019073,final-SME10977,Retail,2019-07-01,1,0.261611098806,0.5912426070351269,0.011047658698284238,0.5173181561743178,0.6248333919092205
final-final-SME11000-019118,final-SME11000,Manufacturing,2020-04-01,1,0.458058592546,0.46437807989587426,0.004975357665943682,0.40092792141670713,0.5150907304072528
final-final-SME11003-019125,final-SME11003,Retail,2018-10-01,1,0.45103471705,0.42626332692058944,0.00505112307488535,0.40790970595998643,0.4465820347649465
final-final-SME11027-019165,final-SME11027,Manufacturing,2020-04-01,1,0.302799067457,0.39361822435986515,0.005163176528453618,0.42302684198647406,0.44704004248898477
final-final-SME11027-019166,final-SME11027,Manufacturing,2020-04-01,1,0.514374627535,0.39476752805732984,0.005018070511175308,0.43694650540994323,0.44704004248898477
final-final-SME11030-019169,final-SME11030,Retail,2018-07-01,1,0.685830081857,0.640447910425731,0.00817745979954591,0.6529404388863194,0.6497171666046787
final-final-SME11031-019172,final-SME11031,Hospitality,2020-07-01,1,0.745461309483,0.6066339494267007,0.005647795509756448,0.4570871948578562,0.5628721374806498
final-final-SME11033-019176,final-SME11033,Retail,2019-04-01,1,0.438711288036,0.4893331103483014,0.006057168747215937,0.46808840179595085,0.49513439737000475
final-final-SME11035-019180,final-SME11035,Construction,2018-01-01,1,0.73255121018,0.5973018212733489,0.010522467414797265,0.5998405280537957,0.6544295464799486
final-final-SME11041-019194,final-SME11041,Services,2020-10-01,1,0.188587260049,0.6042220522550001,0.011314999436550474,0.5277376602647053,0.5931463521425251
final-final-SME11042-019195,final-SME11042,Transport,2018-04-01,0,0.308426099972,0.3675820834661824,0.002721089947442669,0.32662961987865774,0.34430038664656126
final-final-SME11046-019201,final-SME11046,Technology,2018-01-01,0,0.20319290463,0.20023270288929584,0.003564722007901753,0.07641250150989898,0.13362388526451283
final-final-SME11052-019210,final-SME11052,Services,2018-10-01,0,0.595172639524,0.39263186491586266,0.0030741428308844283,0.3424259630289784,0.4101703073902711
final-final-SME11057-019219,final-SME11057,Retail,2020-10-01,0,0.170062194397,0.29031627073148353,0.0029360707990105446,0.3129126039491114,0.3688398098093072
final-final-SME11060-019225,final-SME11060,Services,2018-01-01,1,0.420707450937,0.6072991576827083,0.005419886163652678,0.5529258389751074,0.6281609369002282
final-final-SME11067-019237,final-SME11067,Transport,2018-10-01,0,0.128974592742,0.5548397243594864,0.010006966454752624,0.6118927255039334,0.5453178969103791
final-final-SME11067-019239,final-SME11067,Transport,2018-10-01,0,0.671348851933,0.5584547195762654,0.010373720757566034,0.6045406205366921,0.5453178969103791
final-final-SME11087-019269,final-SME11087,Manufacturing,2020-10-01,0,0.252941571346,0.22101309097671384,0.0033661126872343797,0.2252841814456707,0.19291893585515107
final-final-SME11090-019272,final-SME11090,Services,2018-07-01,1,0.615564887273,0.5834623799508926,0.007521820249139634,0.43514142535001404,0.5980943189114839
final-final-SME11100-019289,final-SME11100,Manufacturing,2020-10-01,0,0.295114114613,0.29623502884363107,0.00298600402944364,0.30967121160373895,0.3220503289478674
final-final-SME11106-019300,final-SME11106,Retail,2018-10-01,1,0.592258974534,0.4466395901426408,0.003990413265921109,0.23748041777615386,0.43575008183153807
final-final-SME11111-019310,final-SME11111,Technology,2019-01-01,1,0.780031807384,0.7458264573121353,0.008090491093432132,0.6703094332798452,0.7974561245873336
final-final-SME11112-019311,final-SME11112,Manufacturing,2020-01-01,0,0.152642581992,0.13158971452626142,0.0023769516235050375,0.2728554423559109,0.22914501104874063
final-final-SME11120-019322,final-SME11120,Services,2019-10-01,0,0.454827089796,0.45831780553934615,0.0050557787942289,0.4114130712547971,0.43928051409097035
final-final-SME11130-019339,final-SME11130,Manufacturing,2018-01-01,1,0.941115813957,0.7957989234736007,0.008601894779392959,0.7423173705524119,0.7922245045623233
final-final-SME11151-019374,final-SME11151,Construction,2020-07-01,0,0.222211976662,0.6160828139454848,0.010538602748125637,0.6466561895181029,0.5935407858855124
final-final-SME11159-019388,final-SME11159,Transport,2019-07-01,1,0.271417866466,0.6759061486171813,0.010357689039116146,0.5516776914169901,0.7271132391300831
final-final-SME11165-019396,final-SME11165,Construction,2020-07-01,0,0.488584725823,0.45478128945974006,0.008460415179936957,0.48203853965732735,0.44868468642368
final-final-SME11171-019406,final-SME11171,Services,2020-07-01,0,0.421474288352,0.35419549295696245,0.006492991319749341,0.3796451421256927,0.37967413583901743
final-final-SME11182-019425,final-SME11182,Retail,2019-07-01,1,0.569632342034,0.5294509907778995,0.0038493131305710965,0.35735773942485444,0.5266301295222139
final-final-SME11194-019447,final-SME11194,Retail,2018-07-01,1,0.945550088077,0.7146096561926287,0.009934349211380918,0.6267539359429484,0.6993481986931881
final-final-SME11200-019459,final-SME11200,Manufacturing,2018-07-01,1,0.695075526786,0.5166101812914271,0.01083326785812019,0.5334897271539607,0.5893725792692802
final-final-SME11202-019462,final-SME11202,Retail,2019-04-01,1,0.478094864454,0.37143752839477595,0.003453852445519004,0.29508556907361005,0.42015589875170306
final-final-SME11207-019470,final-SME11207,Services,2018-10-01,0,0.541548932584,0.47852196850133977,0.0042470038264990064,0.44107948948731596,0.44405795743563226
final-final-SME11208-019473,final-SME11208,Manufacturing,2019-04-01,1,0.582060268866,0.5422840286069555,0.006716981124807423,0.40016832724917756,0.510106588959307
final-final-SME11218-019490,final-SME11218,Retail,2020-10-01,0,0.0975615451894,0.1719430041833106,0.003020872673683676,0.1576553773516295,0.22593776954443032
final-final-SME11220-019496,final-SME11220,Services,2019-07-01,0,0.570836744154,0.5124906855470668,0.004123299688856632,0.44378856731928107,0.45670366769373855
final-final-SME11229-019510,final-SME11229,Manufacturing,2020-10-01,0,0.30299940285,0.3439977640705627,0.002677387148795275,0.37295192464601473,0.3732381655268077
final-final-SME11230-019511,final-SME11230,Services,2020-04-01,0,0.738745888602,0.6678769365306989,0.010203547033550501,0.7653243600778035,0.5781150235633705
final-final-SME11234-019516,final-SME11234,Retail,2019-04-01,1,0.614798458911,0.536020935600115,0.00616629505856197,0.557628249493182,0.6292315152899431
final-final-SME11238-019525,final-SME11238,Transport,2018-01-01,1,0.331372135053,0.6778319773989289,0.006658370446325726,0.680792757462945,0.6689504339612278
final-final-SME11245-019536,final-SME11245,Construction,2019-10-01,1,0.323098338422,0.6435884529238536,0.005937619680663877,0.45738982810289597,0.5765425536707924
final-final-SME11247-019538,final-SME11247,Services,2019-07-01,0,0.282952539558,0.22919041515672545,0.00390818800984853,0.1830603555354481,0.2314588049966644
final-final-SME11248-019540,final-SME11248,Services,2019-01-01,0,0.132741329665,0.14503727162826113,0.0029158865914285714,0.003141521716914704,0.15107235364466046
final-final-SME11249-019542,final-SME11249,Services,2020-10-01,1,0.673775602264,0.6812761839341523,0.010612770998925278,0.6420374689166755,0.6569407455045091
final-final-SME11276-019585,final-SME11276,Manufacturing,2018-07-01,1,0.900046110925,0.7979891976642794,0.008946175106091097,0.7896130785389073,0.7591857326703022
final-final-SME11277-019587,final-SME11277,Technology,2020-04-01,0,0.542201591129,0.5251109508971648,0.005848483835008199,0.437133924212296,0.5304239263989609
final-final-SME11280-019592,final-SME11280,Services,2020-01-01,0,0.20737720778,0.43885651941296067,0.010439162487754452,0.5168886404217314,0.4821168043614036
final-final-SME11284-019600,final-SME11284,Technology,2018-07-01,0,0.678250427348,0.5975758928121659,0.008286351746642665,0.6615985552786273,0.5872961586413941
final-final-SME11287-019609,final-SME11287,Construction,2019-01-01,1,0.218808768205,0.5900191758297614,0.01121362827257718,0.5061127331820474,0.5800462582439726
final-final-SME11288-019610,final-SME11288,Manufacturing,2019-10-01,0,0.427412728791,0.3465343711321066,0.0034450406487030387,0.38745899355167934,0.38642359021320083
final-final-SME11297-019626,final-SME11297,Services,2018-07-01,1,0.869050837867,0.7216930823986356,0.006938457577092896,0.5923474091467669,0.6810683999197359
final-final-SME11298-019628,final-SME11298,Technology,2020-10-01,1,0.291156663152,0.5914325407803152,0.005506104763552044,0.42155919902003386,0.5233602286704901
final-final-SME11306-019641,final-SME11306,Manufacturing,2019-07-01,1,0.929193501914,0.7424080393807431,0.009145720848940726,0.627812565989001,0.7280011742009816
final-final-SME11309-019647,final-SME11309,Construction,2019-07-01,0,0.54461068444,0.4492204612991457,0.006860556657577647,0.4040007012988736,0.43754031472185545
final-final-SME11310-019648,final-SME11310,Construction,2018-10-01,1,0.406733075087,0.17279762898238893,0.0038990417982816407,0.13681765778401836,0.2224459882779411
final-final-SME11312-019652,final-SME11312,Services,2020-07-01,0,0.473810086593,0.38225181665109076,0.0026701798404831717,0.3959821091306816,0.3738892378820497
final-final-SME11318-019660,final-SME11318,Retail,2020-01-01,1,0.527126104134,0.5011164479960595,0.0041454419143251795,0.41614741133074074,0.5660234435805601
final-final-SME11323-019671,final-SME11323,Services,2018-07-01,1,0.673993878584,0.5160514035477382,0.004105068567678535,0.3028943161425668,0.5136230664681171
final-final-SME11332-019683,final-SME11332,Hospitality,2018-10-01,1,0.784545585334,0.8237896273765606,0.007002808927620299,0.7757488611805505,0.8240265162898031
final-final-SME11345-019705,final-SME11345,Retail,2018-07-01,1,0.109343832682,0.2983542205363118,0.00481294266226412,0.22340934696292974,0.28057463949159367
final-final-SME11347-019709,final-SME11347,Services,2018-10-01,0,0.358649033573,0.3791747231200235,0.003876993834185369,0.3047836672490765,0.3152592256841335
final-final-SME11348-019712,final-SME11348,Hospitality,2020-10-01,1,0.822329900723,0.6710900547220686,0.005538249083499813,0.5135516790187465,0.6222942481497107
final-final-SME11353-019721,final-SME11353,Construction,2020-04-01,0,0.297609112577,0.3042435531797537,0.0018313255203369267,0.3065301421130097,0.3832369152360159
final-final-SME11356-019725,final-SME11356,Services,2020-07-01,0,0.160469428739,0.19825640223387564,0.0025996331194339255,0.23722247703183635,0.24585807387257155
final-final-SME11364-019738,final-SME11364,Retail,2018-04-01,1,0.860412001853,0.7190485171748219,0.008200025649784332,0.66213855533131,0.7232729289645046
final-final-SME11365-019741,final-SME11365,Retail,2020-01-01,1,0.491234869017,0.4202245883360373,0.002903738093680444,0.39381230631579817,0.49358920431089987
final-final-SME11367-019745,final-SME11367,Transport,2018-04-01,0,0.281913957383,0.2648578997820037,0.004454232255230221,0.23393054263363897,0.2674525352489192
final-final-SME11373-019754,final-SME11373,Construction,2018-07-01,1,0.816359669636,0.6883321914068042,0.007342119032199055,0.5687044499464559,0.6786416165882103
final-final-SME11377-019760,final-SME11377,Services,2020-01-01,0,0.65489084265,0.49778054321660437,0.01048069145307651,0.6324583884431108,0.5238287618884466
final-final-SME11391-019784,final-SME11391,Retail,2019-07-01,1,0.581228504119,0.49496476221255237,0.005496255339776,0.38440965886650363,0.5173469542870645
final-final-SME11393-019786,final-SME11393,Manufacturing,2018-07-01,1,0.583745602543,0.5017418800383467,0.005662677332272401,0.41749020087696576,0.5095968465619712
final-final-SME11396-019792,final-SME11396,Technology,2019-07-01,0,0.471171743988,0.45630755400636874,0.008069325914549777,0.48303412287549424,0.45931752283825145
final-final-SME11404-019805,final-SME11404,Manufacturing,2018-01-01,1,0.144188659057,0.11786598568451363,0.0032772287207374863,0.08046551436587548,0.12055780358545119
final-final-SME11416-019826,final-SME11416,Transport,2019-01-01,1,0.766112286883,0.7690939583737177,0.009183910513810262,0.6508025292639584,0.7398315404098236
final-final-SME11418-019830,final-SME11418,Manufacturing,2020-07-01,0,0.794536481934,0.5869563854215811,0.010921201018918575,0.6437130858924529,0.5877648422705181
final-final-SME11439-019866,final-SME11439,Retail,2019-10-01,1,0.325274481056,0.5571026597132636,0.00612446366712253,0.42356515575702236,0.5609776989071327
final-final-SME11446-019878,final-SME11446,Services,2018-10-01,0,0.263001088824,0.3167797255283982,0.0024388598199326147,0.2497923471210529,0.3071153918086082
final-final-SME11450-019887,final-SME11450,Technology,2018-10-01,1,0.722226946117,0.6214576877278137,0.0073890783564269855,0.5932692227841768,0.6545038756563949
final-final-SME11460-019907,final-SME11460,Hospitality,2019-10-01,0,0.813163704568,0.6282304143491605,0.01052286080528531,0.685520485459947,0.6269906737471967
final-final-SME11465-019918,final-SME11465,Retail,2018-04-01,1,0.523845468828,0.5498361690789944,0.004746537363764343,0.4705214112246363,0.5573394787363019
final-final-SME11469-019925,final-SME11469,Construction,2019-01-01,1,0.20114537798,0.16724822617256835,0.00377685924370496,0.07171411691312965,0.18576727386460992
final-final-SME11477-019943,final-SME11477,Transport,2020-07-01,1,0.682893504068,0.5604711205123405,0.004432536525516883,0.33688172461112675,0.5410796170172818
final-final-SME11499-019983,final-SME11499,Manufacturing,2019-10-01,0,0.412613030695,0.4666830945815434,0.00423631282743627,0.4315946545592812,0.4223772602225777
final-final-SME11507-020002,final-SME11507,Manufacturing,2020-10-01,0,0.825457003548,0.6954172422122953,0.009383956478176254,0.7362559233168712,0.652070513057283
final-final-SME11508-020005,final-SME11508,Manufacturing,2019-07-01,1,0.120493575083,0.11528898647554034,0.003122886515057306,0.04785292033089394,0.13586207176239476
final-final-SME11511-020011,final-SME11511,Technology,2020-01-01,0,0.666619433756,0.5842270359079245,0.007712105618143493,0.6110987071440434,0.5752803440759242
final-final-SME11513-020015,final-SME11513,Technology,2019-01-01,1,0.494758064884,0.46012713223780427,0.00463270630782828,0.2939351787602186,0.5232633136961886
final-final-SME11519-020027,final-SME11519,Services,2019-01-01,0,0.938839549523,0.6767936521361372,0.009410082089772646,0.7564633609424243,0.6388988588906159
final-final-SME11524-020037,final-SME11524,Manufacturing,2018-07-01,1,0.569567505053,0.4866051533509567,0.004280742568328291,0.3138346038464781,0.48703312630172746
final-final-SME11527-020042,final-SME11527,Services,2020-01-01,0,0.280101675334,0.27205575800194054,0.002234189309019096,0.3872660623008353,0.3761639329768279
final-final-SME11528-020043,final-SME11528,Transport,2018-01-01,1,0.607568386328,0.5368088324255792,0.00794135491926548,0.5048141156453647,0.5402574481254988
final-final-SME11529-020046,final-SME11529,Transport,2019-01-01,1,0.872135314904,0.7196878024346502,0.006518520664492101,0.6124827357921367,0.706141854323328
final-final-SME11535-020057,final-SME11535,Manufacturing,2019-07-01,1,0.771004546276,0.7017054031326148,0.010302617835952326,0.6262854783912623,0.7053313206812173
final-final-SME11536-020060,final-SME11536,Manufacturing,2018-01-01,1,0.0883405330211,0.10125328891477135,0.0027806337464210025,0.06156208388857006,0.1541326966514256
final-final-SME11546-020079,final-SME11546,Services,2020-01-01,0,0.239844930429,0.15568328764087108,0.00316776542571881,0.09487574426873664,0.1296842636799939
final-final-SME11547-020081,final-SME11547,Construction,2018-07-01,1,0.261712191844,0.30810339029016787,0.002881020264245625,0.2745327996873888,0.3931431377800832
final-final-SME11552-020089,final-SME11552,Transport,2018-01-01,1,0.170029991582,0.23381655015025926,0.003828847989679747,0.13077140386205202,0.23772098735999386
final-final-SME11560-020106,final-SME11560,Construction,2019-07-01,0,0.211061147584,0.14372172395463614,0.0032882486598772563,0.0564787972817281,0.12260797334244013
final-final-SME11571-020124,final-SME11571,Manufacturing,2019-10-01,0,0.204928473536,0.2170243048342101,0.003605894061257369,0.10856349041311802,0.16852050222452292
final-final-SME11574-020128,final-SME11574,Transport,2019-10-01,1,0.980191024256,0.7746412112822036,0.00903510236180585,0.6933813538615387,0.7474235875484844
final-final-SME11579-020136,final-SME11579,Services,2018-04-01,1,0.221395262047,0.5055398520858161,0.00620512806777337,0.36497263414762987,0.4944382379398918
final-final-SME11582-020140,final-SME11582,Retail,2020-10-01,0,0.360779830049,0.3558440504554857,0.004362655846913829,0.39132591229492997,0.3621394099419536
final-final-SME11589-020154,final-SME11589,Manufacturing,2020-01-01,0,0.325481624333,0.35368408890016134,0.003960781618918575,0.4446063015966376,0.4622223684975292
final-final-SME11609-020190,final-SME11609,Transport,2018-04-01,0,0.276503424946,0.42356270810425806,0.005178915541081056,0.3892757354392377,0.431479514547685
final-final-SME11610-020192,final-SME11610,Services,2018-10-01,0,0.703964615452,0.5791523487178345,0.010770218936170826,0.5714125982056616,0.6239869435131625
final-final-SME11613-020195,final-SME11613,Manufacturing,2019-04-01,1,0.76779135424,0.7197093956897995,0.009584670681405703,0.6856046232246983,0.7243740035838784
final-final-SME11615-020199,final-SME11615,Manufacturing,2020-04-01,1,0.774731525098,0.6657421993267536,0.010498204782267012,0.6114305699763406,0.6322612060509665
final-final-SME11619-020206,final-SME11619,Transport,2019-10-01,1,0.459496911082,0.3601568253396745,0.003643599275276062,0.27772839775484376,0.3966196020260928
final-final-SME11623-020216,final-SME11623,Retail,2019-04-01,1,0.655863087076,0.6901333306785851,0.010191303734524051,0.6344891518332868,0.6717958102288175
final-final-SME11626-020220,final-SME11626,Retail,2020-04-01,1,0.756233119837,0.5446161013503428,0.005717626736302754,0.46968636288066773,0.5355121185233641
final-final-SME11627-020223,final-SME11627,Retail,2018-07-01,1,0.341912790135,0.40715642818489894,0.002569428042915023,0.30821902731151574,0.46129131803300427
final-final-SME11631-020228,final-SME11631,Services,2019-07-01,0,0.726273901338,0.4981252146728017,0.011153060290688728,0.48499805411796576,0.5124778140781554
final-final-SME11638-020238,final-SME11638,Retail,2020-01-01,1,0.789148124738,0.7201109500049868,0.01000679139805309,0.638584918061989,0.6853870185933633
final-final-SME11643-020245,final-SME11643,Manufacturing,2018-01-01,1,0.992801842568,0.8029371619047794,0.008098102321097655,0.7441402324587368,0.7990907638051485
final-final-SME11648-020257,final-SME11648,Construction,2018-01-01,1,0.205166099601,0.10133399223581843,0.0028571402657722412,0.08926466810427611,0.15980956628610657
final-final-SME11650-020260,final-SME11650,Manufacturing,2018-01-01,1,0.745948893099,0.5633057919719854,0.009191714225835685,0.5430653071926768,0.572818107802173
final-final-SME11653-020265,final-SME11653,Services,2018-01-01,1,0.727756842721,0.6476555194469051,0.010511141267483787,0.5915165313252821,0.6586176873264166
final-final-SME11656-020270,final-SME11656,Hospitality,2018-07-01,0,0.228974202524,0.21732003085100415,0.002042836915138936,0.24937276148503257,0.2497852946215536
final-final-SME11658-020272,final-SME11658,Services,2020-10-01,1,0.28443232923,0.37255984347594234,0.004113382375605592,0.2814107253846334,0.3535577519836762
final-final-SME11666-020286,final-SME11666,Retail,2018-07-01,1,0.220452292189,0.7154822506850455,0.009493089161806313,0.6486783082392601,0.7223126837882451
final-final-SME11668-020292,final-SME11668,Services,2020-07-01,0,0.671634558981,0.5809497482141464,0.010489479129105372,0.6076353847935245,0.5964764507074798
final-final-SME11669-020293,final-SME11669,Services,2019-07-01,0,0.181658584762,0.2654631861189493,0.002833962914193388,0.40116244253686467,0.408176678382518
final-final-SME11670-020294,final-SME11670,Transport,2019-01-01,1,0.970933356608,0.8068405284806495,0.008335378700767532,0.6638940503787765,0.7778143562675801
final-final-SME11673-020299,final-SME11673,Transport,2019-01-01,1,0.702177109338,0.6796763682752154,0.01076403101394874,0.567472454389296,0.7015545656084489
final-final-SME11675-020301,final-SME11675,Construction,2020-07-01,0,0.568789492525,0.441728237104677,0.007370483538984309,0.4598564303023447,0.4319758258539437
final-final-SME11676-020303,final-SME11676,Services,2020-10-01,1,0.532460837321,0.38896175939356836,0.004174728693768888,0.31620557134616906,0.3778165447770847
final-final-SME11676-020304,final-SME11676,Services,2020-10-01,1,0.286738614044,0.3038442645926338,0.0023061857526858924,0.33923921113938965,0.3507702221944005
final-final-SME11681-020315,final-SME11681,Services,2020-04-01,0,0.406791157663,0.368057156334489,0.002937210225623061,0.3422611796693125,0.41244640166300295
final-final-SME11687-020324,final-SME11687,Technology,2019-04-01,0,0.782625666575,0.5719402068848423,0.010544639695638762,0.6397475698166374,0.5559656799754773
final-final-SME11687-020325,final-SME11687,Technology,2019-04-01,0,0.736049319579,0.5594223119596033,0.010532259299658073,0.6132688964007252,0.5559656799754773
final-final-SME11692-020334,final-SME11692,Hospitality,2018-04-01,0,0.151771703031,0.5686273293930553,0.010523358555960184,0.563424104410125,0.5796044907800307
final-final-SME11694-020341,final-SME11694,Retail,2020-10-01,0,0.260388632449,0.11317972922697252,0.0029939035493318808,0.0804372017480159,0.18683789775664958
final-final-SME11696-020344,final-SME11696,Construction,2019-07-01,0,0.618247219164,0.42861706182684634,0.008868253755533904,0.4511345504396757,0.44307065352374175
final-final-SME11697-020347,final-SME11697,Hospitality,2019-01-01,1,0.654630562092,0.571350920081094,0.005292287827639284,0.393352021133587,0.5266234668619766
final-final-SME11701-020354,final-SME11701,Construction,2018-01-01,1,0.0488977861045,0.0892589151401606,0.0023170543543700075,0.050205206807953144,0.07740026978507687
final-final-SME11703-020358,final-SME11703,Retail,2019-01-01,1,0.714341851121,0.6234460170590469,0.0070678492138925375,0.5010503342717446,0.5928775023373822
final-final-SME11707-020364,final-SME11707,Construction,2019-01-01,1,0.748380060296,0.5167976462107322,0.0061519182480264415,0.30356707063878,0.470596126372946
final-final-SME11714-020374,final-SME11714,Hospitality,2020-01-01,0,0.535240415851,0.4026102103783029,0.003839793051394768,0.4128629383375023,0.425974625426593
final-final-SME11726-020395,final-SME11726,Services,2018-07-01,1,0.942807897569,0.782613091611509,0.009418620595446302,0.6557962399176257,0.7620087939824692
final-final-SME11733-020408,final-SME11733,Services,2020-07-01,0,0.24150302495,0.3900030817177565,0.008387145593859644,0.523095842189747,0.35853084546070024
final-final-SME11741-020421,final-SME11741,Transport,2018-07-01,0,0.629206112926,0.4557278268528777,0.003355010909969622,0.3400551858969599,0.4499678988153129
final-final-SME11743-020425,final-SME11743,Retail,2019-04-01,1,0.642427269353,0.509869432170424,0.008434995067607677,0.44741489221745706,0.5100377403537169
final-final-SME11743-020427,final-SME11743,Retail,2019-04-01,1,0.609499210669,0.5314927356409571,0.008167583901715236,0.49690072633588805,0.5602719979453731
final-final-SME11744-020429,final-SME11744,Retail,2020-10-01,0,0.65991187912,0.5673436598960006,0.010494968539838312,0.6700659937508597,0.552239572290426
final-final-SME11746-020431,final-SME11746,Transport,2018-10-01,0,0.32232657235,0.3359157673369926,0.0034673920976248406,0.416027301232794,0.4455912718321733
final-final-SME11750-020438,final-SME11750,Transport,2019-01-01,1,0.618658711658,0.5884664565436983,0.003587857140939759,0.38759993078962784,0.5623617331654687
final-final-SME11753-020445,final-SME11753,Manufacturing,2019-07-01,1,0.648207274265,0.5260373385754249,0.004292981478073461,0.3186153511795763,0.4762731587693896
final-final-SME11755-020448,final-SME11755,Manufacturing,2018-01-01,1,0.174159758021,0.6181253655953615,0.0077115204405592466,0.6074457091536976,0.598035993813537
final-final-SME11757-020454,final-SME11757,Retail,2019-04-01,1,0.263923495663,0.5622932455479052,0.0060301299856399425,0.48910043260440844,0.608963256390378
final-final-SME11768-020475,final-SME11768,Retail,2020-10-01,0,0.596983961138,0.4670000809778669,0.009088088255429462,0.5588332407083461,0.4949264907474499
final-final-SME11769-020476,final-SME11769,Transport,2020-04-01,1,0.48962819768,0.5565518916146521,0.0065165113659842264,0.44335579215840953,0.4800290859508683
final-final-SME11777-020491,final-SME11777,Manufacturing,2019-10-01,0,0.250721724584,0.2485966108327115,0.002170376939379246,0.265280175046903,0.26905157761214027
final-final-SME11781-020497,final-SME11781,Services,2019-10-01,0,0.65668396038,0.5145648440014297,0.00796807440488156,0.533047606159761,0.5113209993093625
final-final-SME11786-020504,final-SME11786,Hospitality,2019-04-01,1,0.345877561343,0.35163563064971776,0.0053962499778656145,0.1905589166785716,0.2956688994405502
final-final-SME11791-020510,final-SME11791,Construction,2020-07-01,0,0.658431239423,0.6445515073262327,0.01019518853677214,0.6603481720759227,0.6387793799655955
final-final-SME11792-020511,final-SME11792,Transport,2019-10-01,1,0.83704166591,0.7372428819314203,0.010021688269518316,0.6840790618534084,0.7035556520180997
final-final-SME11793-020512,final-SME11793,Transport,2019-04-01,1,0.29763649671,0.6243773895074947,0.005995590549602165,0.5275178446638035,0.617688914516719
final-final-SME11800-020526,final-SME11800,Construction,2020-10-01,0,0.58708469135,0.5357703255740999,0.010651940311643812,0.6425214630512044,0.5504669834473106
final-final-SME11808-020540,final-SME11808,Retail,2020-01-01,1,0.677795983919,0.6372756730525426,0.007553976520732422,0.630190013879803,0.6387530281485747
final-final-SME11811-020548,final-SME11811,Transport,2020-10-01,1,0.637361372771,0.6694691064249134,0.006253484964066896,0.47954428515557174,0.6466452977733936
final-final-SME11824-020572,final-SME11824,Retail,2018-01-01,1,0.835811249092,0.7087014642109214,0.00963654393513401,0.6395894756877254,0.6538111313666775
final-final-SME11824-020574,final-SME11824,Retail,2018-01-01,1,0.791343901446,0.7031815159538393,0.009713809409880763,0.6303352837819128,0.6538111313666775
final-final-SME11829-020586,final-SME11829,Manufacturing,2018-04-01,1,0.643423442439,0.6302763973597675,0.00820980875668849,0.5137367517708163,0.664479215905687
final-final-SME11837-020600,final-SME11837,Manufacturing,2019-07-01,1,0.156327407679,0.7365138950740573,0.009466664259281514,0.6555324297834727,0.7204175999973771
final-final-SME11845-020616,final-SME11845,Services,2020-10-01,1,0.540105071741,0.49021588064477595,0.00380294484658958,0.3695555070028908,0.48085565707221656
final-final-SME11855-020634,final-SME11855,Retail,2018-01-01,1,0.705682336839,0.5999038196947708,0.00451330578534829,0.4287768982299859,0.5632054650062229
final-final-SME11865-020651,final-SME11865,Retail,2019-10-01,1,0.759408995604,0.8409464105872622,0.008249169694286814,0.7801271968004837,0.7386379814280919
final-final-SME11866-020652,final-SME11866,Construction,2019-01-01,1,0.610333454965,0.5788508896840463,0.005336496836654949,0.45372832767527665,0.5842249394050166
final-final-SME11866-020653,final-SME11866,Construction,2019-01-01,1,0.686286480098,0.643596960331219,0.006307955470312056,0.5801531972754279,0.6744658951550273
final-final-SME11869-020659,final-SME11869,Technology,2020-10-01,1,0.715598421717,0.649038461948902,0.010833377337132296,0.5572942845602218,0.6406763922637647
final-final-SME11877-020672,final-SME11877,Construction,2018-04-01,1,0.589649033185,0.5686439345655617,0.004549136222556097,0.38190228315635555,0.5710035198072705
final-final-SME11890-020693,final-SME11890,Retail,2019-07-01,1,0.599581890215,0.6094099184118805,0.0071127662679109005,0.4571332421927206,0.6449761273456044
final-final-SME11892-020697,final-SME11892,Retail,2019-04-01,1,0.324010906517,0.6282172995391948,0.008281417686877662,0.6025330831477543,0.5919186859945048
final-final-SME11894-020702,final-SME11894,Hospitality,2019-01-01,1,0.295320740838,0.36727852215395884,0.004100298087669961,0.26432803966488677,0.35013615777292356
final-final-SME11909-020726,final-SME11909,Services,2019-07-01,0,0.312223478077,0.3810328571680015,0.0036942232023561175,0.35031645577785314,0.36724115426814746
final-final-SME11914-020734,final-SME11914,Manufacturing,2020-01-01,0,0.93148353332,0.5547320134880867,0.010280054084525475,0.6124468412551028,0.541049818720905
final-final-SME11915-020737,final-SME11915,Transport,2020-07-01,1,0.701016938999,0.6629206828721537,0.006573536483992898,0.5502734519238124,0.6739603579907828
final-final-SME11918-020741,final-SME11918,Services,2018-04-01,1,0.792362316738,0.7021024126124619,0.00694209349353979,0.5900270521841857,0.6909302513400138
final-final-SME11924-020753,final-SME11924,Manufacturing,2020-07-01,0,0.443144331359,0.32434449140436383,0.005261315619296777,0.33052806609734264,0.31583034200405335
final-final-SME11933-020765,final-SME11933,Retail,2020-07-01,1,0.699855655732,0.5210705109212957,0.00495207980081206,0.31629486253171574,0.517235435668677
final-final-SME11938-020773,final-SME11938,Hospitality,2018-01-01,1,0.311041753386,0.6548879622209332,0.010341603685903722,0.6660498214191154,0.6393186753430229
final-final-SME11939-020774,final-SME11939,Transport,2020-07-01,1,0.226339513657,0.7400854589933865,0.010055037792658738,0.6597744871623573,0.6979556052727894
final-final-SME11939-020776,final-SME11939,Transport,2020-07-01,1,0.761729956024,0.7527507701049658,0.010109016264739678,0.6380530299543447,0.6979556052727894
final-final-SME11944-020785,final-SME11944,Construction,2020-07-01,0,0.539842449871,0.5172519029849515,0.010809185153101995,0.5662569930271965,0.5180887107864777
final-final-SME11944-020786,final-SME11944,Construction,2020-07-01,0,0.396793708129,0.32040970142204805,0.005054181070264224,0.3248507264557881,0.317721207277377
final-final-SME11946-020790,final-SME11946,Transport,2018-10-01,0,0.468237029659,0.40249985804350896,0.0036582879789920746,0.3862995153545832,0.454229599062341
final-final-SME11947-020791,final-SME11947,Services,2019-04-01,0,0.315902852893,0.29326692016689065,0.0032358276222764475,0.2601419885679458,0.2843697067783673
final-final-SME11948-020793,final-SME11948,Transport,2018-07-01,0,0.275617619805,0.3593597601447843,0.0032029931746019183,0.3460983871832583,0.40112318808978376
final-final-SME11955-020805,final-SME11955,Manufacturing,2019-10-01,0,0.296130612236,0.38186200239838963,0.003744728153295441,0.3622607376893156,0.39247556209798096
final-final-SME11963-020820,final-SME11963,Retail,2018-01-01,1,0.846568535157,0.6685937434438206,0.008835720457033966,0.5856936925739238,0.6255986691917527
final-final-SME11968-020828,final-SME11968,Construction,2019-01-01,1,0.841160439746,0.6660793995438483,0.01071940341501599,0.5952296142660126,0.6869168047180582
final-final-SME11971-020833,final-SME11971,Manufacturing,2019-01-01,1,0.728468316907,0.6163451909660271,0.006573172077722764,0.5075251809150828,0.5600918046211771
final-final-SME11975-020842,final-SME11975,Retail,2020-07-01,1,0.447013351603,0.4601965040548411,0.0057014881439267145,0.2647817750125026,0.38723966746642124
final-final-SME11976-020843,final-SME11976,Retail,2018-01-01,1,0.628647392759,0.4455954442787414,0.006242069906463706,0.3518357409812718,0.42853324639882817
final-final-SME11980-020852,final-SME11980,Manufacturing,2018-01-01,1,0.327349620823,0.4996827023199839,0.008664654698666641,0.4998683882696813,0.5597187017445169
final-final-SME11989-020868,final-SME11989,Hospitality,2020-01-01,0,0.691949881275,0.561156415407732,0.010312624939994996,0.6364417063950017,0.5444306594729726
final-final-SME12002-020893,final-SME12002,Manufacturing,2019-07-01,1,0.295230399685,0.6237955178137303,0.00488269141151707,0.44531328389414804,0.5832604862128239
final-final-SME12005-020898,final-SME12005,Services,2019-07-01,0,0.516535207683,0.5568205038474451,0.0071922289515245555,0.5568577933145692,0.568064820192144
final-final-SME12006-020899,final-SME12006,Construction,2020-04-01,0,0.048205324492,0.07164029322856716,0.0020122769851757577,0.08423152718189642,0.15512265745205492
final-final-SME12013-020910,final-SME12013,Services,2018-10-01,0,0.170490594191,0.6231316731371017,0.01070109176300822,0.6557962399176257,0.620434993024799
final-final-SME12014-020912,final-SME12014,Construction,2020-01-01,1,0.461994600418,0.44848190562563395,0.004238243783937133,0.4134640988778631,0.5031198903561964
final-final-SME12015-020913,final-SME12015,Manufacturing,2019-01-01,1,0.53163520702,0.5131697048543977,0.0046823155756658885,0.3750305163408608,0.4599963375429105
final-final-SME12020-020923,final-SME12020,Manufacturing,2019-01-01,1,0.76371441317,0.766933630735274,0.008204230002942832,0.7298111153564361,0.7520431011443901
final-final-SME12028-020936,final-SME12028,Transport,2019-07-01,1,0.582930527164,0.641651463375194,0.007913353845646443,0.49263715433885896,0.60906568999258
final-final-SME12034-020945,final-SME12034,Retail,2020-07-01,1,0.293345171638,0.2480295289689558,0.003961904391936881,0.13431592232431913,0.3026243433654084
final-final-SME12035-020946,final-SME12035,Manufacturing,2019-01-01,1,0.724511064036,0.6062316773452707,0.007586154670436718,0.43080903420568667,0.5906832551006916
final-final-SME12039-020953,final-SME12039,Manufacturing,2018-10-01,1,0.680166957918,0.702401769146929,0.0098876503524822,0.6476659485639258,0.6978627088877335
final-final-SME12041-020958,final-SME12041,Retail,2020-01-01,1,0.885892322848,0.8163782242748303,0.008406216961030308,0.8205083320512124,0.7475359863066094
final-final-SME12043-020960,final-SME12043,Transport,2018-01-01,1,0.660132259672,0.6299510766344019,0.010745194410879401,0.6351157698231903,0.6442287503601335
final-final-SME12047-020966,final-SME12047,Manufacturing,2020-01-01,0,0.696872490292,0.5418818121554824,0.006975594734033496,0.5415048852650083,0.4766271192228185
final-final-SME12050-020971,final-SME12050,Construction,2018-01-01,1,0.33474156858,0.582587241230548,0.006437569716274177,0.4764214067109842,0.5900826704079984
final-final-SME12057-020982,final-SME12057,Retail,2019-10-01,1,0.222253354625,0.28093827379173963,0.001703479841126498,0.2028667862567215,0.3180255681955542
final-final-SME12062-020989,final-SME12062,Technology,2020-07-01,1,0.80177999345,0.6998101038495282,0.01060924489315186,0.6143495794193894,0.7012442762333346
final-final-SME12062-020991,final-SME12062,Technology,2020-07-01,1,0.944615818508,0.6608138225540909,0.011202463705471895,0.5977845722573263,0.7012442762333346
final-final-SME12063-020992,final-SME12063,Services,2018-07-01,1,0.121937329932,0.18865835536471443,0.0038471352540766983,0.1261086177378315,0.2542319667419345
final-final-SME12063-020993,final-SME12063,Services,2018-07-01,1,0.386228804709,0.17386973811115733,0.0037231952055609926,0.14144451475999248,0.2536160716498567
final-final-SME12067-020998,final-SME12067,Services,2020-04-01,0,0.531993169879,0.5040986564050366,0.00533397168004549,0.517186653240238,0.4869450146380123
final-final-SME12068-020999,final-SME12068,Transport,2020-07-01,1,0.658381347331,0.5594764978851176,0.005831081826700365,0.2573097221036038,0.4791372892939347
final-final-SME12078-021018,final-SME12078,Technology,2019-01-01,1,0.813037343166,0.7287695364723017,0.008313971040130576,0.6245897817863137,0.7327563728130854
final-final-SME12081-021023,final-SME12081,Technology,2019-07-01,0,0.065514196418,0.0873548689008127,0.0019762836432618077,0.10177044964519649,0.1759933123641637
final-final-SME12082-021027,final-SME12082,Retail,2020-04-01,1,0.796702903,0.7250398950069832,0.007018180839638938,0.6185474619890842,0.7332826013184348
final-final-SME12090-021041,final-SME12090,Retail,2020-01-01,1,0.489267528656,0.47768399244504745,0.006619144784386895,0.3544216103486651,0.542255415072062
final-final-SME12091-021042,final-SME12091,Technology,2018-10-01,1,0.1641102711,0.09941114576868096,0.002516198340803218,0.047788739868368596,0.160558326884592
final-final-SME12101-021057,final-SME12101,Construction,2020-04-01,0,0.513126417653,0.4244414097922077,0.007491601920086972,0.44463131663754357,0.49710707128118997
final-final-SME12103-021060,final-SME12103,Services,2020-07-01,0,0.361714331476,0.33433828560602263,0.0037758716301292917,0.3377885713802543,0.33114765385844314
final-final-SME12105-021064,final-SME12105,Services,2020-07-01,0,0.570470641052,0.5156214904223426,0.007956417955329321,0.5887502700093953,0.5028133455340326
final-final-SME12111-021073,final-SME12111,Retail,2019-04-01,1,0.527866008453,0.5038164421903534,0.0038551204910098847,0.3889027790983614,0.5297882610552496
final-final-SME12113-021076,final-SME12113,Manufacturing,2018-07-01,1,0.31800423393,0.38423252494897076,0.005414425607501912,0.408757474927506,0.4093917586162586
final-final-SME12115-021078,final-SME12115,Retail,2018-01-01,1,0.473225421523,0.438546168507734,0.004105023432889237,0.35827411449894814,0.49303003531708767
final-final-SME12116-021080,final-SME12116,Services,2020-04-01,0,0.691709655334,0.4870905707359816,0.00896343756341338,0.5346470757765706,0.4374591013349314
final-final-SME12119-021084,final-SME12119,Retail,2019-07-01,1,0.830566601956,0.7410054246426743,0.00926453262833218,0.6964591713717333,0.7586370961962936
final-final-SME12128-021099,final-SME12128,Construction,2018-04-01,1,0.857856442268,0.6948689234540286,0.010444219805688831,0.646227981334354,0.6951926082971529
final-final-SME12135-021109,final-SME12135,Manufacturing,2019-04-01,1,0.838633168598,0.6716920212715072,0.008430692065546393,0.6063085806333247,0.6776054739177654
final-final-SME12140-021119,final-SME12140,Construction,2018-10-01,1,0.711150242214,0.7055208711456309,0.010085777634850319,0.7166349997548137,0.715751451331224
final-final-SME12147-021133,final-SME12147,Services,2020-04-01,0,0.241599486703,0.4653621439653296,0.005650078034846746,0.42816069044516125,0.4194489197071914
final-final-SME12151-021141,final-SME12151,Construction,2018-01-01,1,0.380042859381,0.32069001878633135,0.004184317147020925,0.3653761015114764,0.4634692075437342
final-final-SME12155-021146,final-SME12155,Technology,2020-10-01,1,0.22740467899,0.1920470493371032,0.001223688662240582,0.2098056304657989,0.2616801538999862
final-final-SME12166-021164,final-SME12166,Retail,2020-10-01,0,0.180483407022,0.2923521163396615,0.005106711546451284,0.3473487079476425,0.3162875468423803
final-final-SME12170-021171,final-SME12170,Services,2020-04-01,0,0.725333438994,0.6989806145864097,0.010085834700872478,0.7103178456089507,0.6533370880337691
final-final-SME12175-021178,final-SME12175,Retail,2020-01-01,1,0.559678258214,0.5230979795649957,0.006248680106122818,0.48643488473638646,0.579066366023502
final-final-SME12176-021179,final-SME12176,Retail,2019-07-01,1,0.0609848919569,0.07986510655821566,0.002261748333946101,0.0827366910210859,0.17544195499660728
final-final-SME12189-021198,final-SME12189,Manufacturing,2019-04-01,1,0.885498578979,0.7919773686826846,0.009181116790992613,0.7674790139135155,0.8075229603047981
final-final-SME12192-021203,final-SME12192,Retail,2019-07-01,1,0.487025978692,0.5422576714195461,0.006491734715712419,0.4463906181385512,0.5059741037017271
final-final-SME12203-021221,final-SME12203,Technology,2020-04-01,0,0.363799262832,0.2868374096194708,0.0026403363204731863,0.23778955320523953,0.34637625021568624
final-final-SME12205-021226,final-SME12205,Services,2018-04-01,1,0.478476164797,0.4072527110922651,0.003998843412076575,0.3641212584265306,0.4034188375827619
final-final-SME12212-021237,final-SME12212,Construction,2018-07-01,1,0.856221244375,0.7277877843691694,0.010059882333845515,0.6248442439867407,0.7070989887264721
final-final-SME12215-021240,final-SME12215,Retail,2019-07-01,1,0.262858231634,0.35473620066023404,0.0036887212231866816,0.25197241281600297,0.4229777446158528
final-final-SME12223-021253,final-SME12223,Retail,2020-10-01,0,0.142047889304,0.4010903972918275,0.006883984318735234,0.4668465930108825,0.40035600865280047
final-final-SME12224-021255,final-SME12224,Retail,2020-07-01,1,0.637750198601,0.40586452752158914,0.0046309468642556795,0.4724696409423399,0.48936475143090385
final-final-SME12232-021266,final-SME12232,Retail,2020-07-01,1,0.816165549308,0.7281377172504995,0.010089205386216509,0.6638940503787765,0.7004435407166454
final-final-SME12233-021269,final-SME12233,Retail,2018-07-01,1,0.786397543569,0.6118362350135613,0.010738719533323353,0.5683611240881218,0.6657598107086924
final-final-SME12240-021279,final-SME12240,Manufacturing,2018-04-01,1,0.685483769277,0.65026370821794,0.006394518305625693,0.5202075045390405,0.658613374965645
final-final-SME12247-021292,final-SME12247,Retail,2018-07-01,1,0.923406451404,0.7375978822021845,0.00874180644702477,0.6433580625330734,0.7275826196850125
final-final-SME12247-021294,final-SME12247,Retail,2018-07-01,1,0.700313193957,0.7226223310294388,0.009527822737565443,0.6385408819908449,0.7267151654303546
final-final-SME12249-021296,final-SME12249,Transport,2019-01-01,1,0.76769758586,0.6136149983176953,0.008525592903916012,0.5357327910079681,0.647238649018144
final-final-SME12270-021334,final-SME12270,Transport,2020-10-01,1,0.602083596104,0.6258182122864673,0.005024565520958854,0.5109191013755165,0.588532052886896
final-final-SME12288-021369,final-SME12288,Transport,2018-10-01,0,0.675581400644,0.465421232636577,0.010468907737584321,0.5290590275768857,0.4957305575849801
final-final-SME12289-021371,final-SME12289,Technology,2019-07-01,0,0.321758260474,0.5114440759897351,0.006617839799418273,0.4679966259442976,0.5245072553339635
final-final-SME12291-021374,final-SME12291,Retail,2018-01-01,1,0.566315101654,0.5114670549110472,0.003942809015303518,0.3640379420645596,0.47960061140358645
final-final-SME12293-021377,final-SME12293,Construction,2018-10-01,1,0.608868388294,0.5521458907150196,0.004041644534445965,0.43837891435698345,0.5812417518660614
final-final-SME12294-021380,final-SME12294,Transport,2019-10-01,1,0.509479052961,0.5030216438683148,0.004084162045593612,0.3816374309646145,0.49264615325076627
final-final-SME12296-021383,final-SME12296,Manufacturing,2018-01-01,1,0.147103723182,0.627442712466931,0.006217183534106937,0.6423404231169962,0.6765190095480498
final-final-SME12297-021384,final-SME12297,Retail,2019-04-01,1,0.246984600746,0.42935871569120826,0.0057356973899906,0.39171983053637793,0.5052966771000579
final-final-SME12302-021394,final-SME12302,Services,2020-01-01,0,0.335333128069,0.37329766507545614,0.00274400193297073,0.42846299723224984,0.41670461663271857
final-final-SME12306-021400,final-SME12306,Construction,2020-10-01,0,0.358326746384,0.34437150576046177,0.0033856898159245665,0.3588922231120852,0.40466658471912664
final-final-SME12338-021454,final-SME12338,Construction,2019-01-01,1,0.694480542272,0.5826045582604374,0.0050151012675200895,0.44985167779160257,0.5740777594929217
final-final-SME12340-021458,final-SME12340,Services,2019-10-01,0,0.285069739419,0.24362679351946373,0.004723052726364279,0.16504277769159748,0.22339056649544378
final-final-SME12341-021460,final-SME12341,Hospitality,2020-04-01,1,0.86559819326,0.7580633976114917,0.00987433741756488,0.6063015699427694,0.7358010686757332
final-final-SME12372-021510,final-SME12372,Manufacturing,2019-04-01,1,0.575379888051,0.4729507218443663,0.006914144892204192,0.40569213722962494,0.4933787456781871
final-final-SME12374-021513,final-SME12374,Construction,2020-01-01,1,0.249122372549,0.28503566895690113,0.0019677445572776394,0.21337631614483113,0.3449469013839502
final-final-SME12377-021518,final-SME12377,Retail,2019-07-01,1,0.891985233899,0.8072729507132598,0.008842493956700306,0.7374963276049213,0.8284148664015232
final-final-SME12383-021526,final-SME12383,Manufacturing,2020-01-01,0,0.677461328733,0.6323465403705179,0.009884915588851314,0.6774379685573195,0.5981262307244123
final-final-SME12384-021527,final-SME12384,Manufacturing,2018-01-01,1,0.901207017921,0.7719030642977328,0.009278874913811096,0.73799173097245,0.7811608481895392
final-final-SME12388-021534,final-SME12388,Services,2020-01-01,0,0.340646530243,0.37911240207410407,0.003270620665769817,0.4336018627906708,0.42511943093778487
final-final-SME12394-021543,final-SME12394,Manufacturing,2018-07-01,1,0.428133118702,0.5136202356000956,0.004811818866403266,0.3666393382948065,0.5103745946398753
final-final-SME12402-021558,final-SME12402,Manufacturing,2019-04-01,1,0.0880097499443,0.18412474140011173,0.004223402067561709,0.1504222065819637,0.23967688781906366
final-final-SME12403-021560,final-SME12403,Construction,2019-07-01,0,0.170158516134,0.21736593198059873,0.0015976853537401391,0.273515353488953,0.2537448137814724
final-final-SME12403-021561,final-SME12403,Construction,2019-07-01,0,0.355031983941,0.502139527698116,0.004077510960117188,0.5022518220910397,0.48875876604857604
final-final-SME12412-021581,final-SME12412,Manufacturing,2020-07-01,0,0.522293733363,0.4481919951091816,0.007418652637695849,0.47100187706426305,0.47877695466512477
final-final-SME12413-021582,final-SME12413,Manufacturing,2019-04-01,1,0.538286471266,0.48699441711258756,0.003743850744796477,0.36875291570344115,0.5352379494872744
final-final-SME12418-021593,final-SME12418,Services,2018-07-01,1,0.417896928597,0.5147750396390491,0.0033980104718584754,0.3707713020346724,0.5433871338495708
final-final-SME12426-021606,final-SME12426,Construction,2020-04-01,0,0.676070742115,0.626707189091248,0.006401615180807938,0.5827759954340788,0.6224729911117801
final-final-SME12430-021612,final-SME12430,Transport,2020-07-01,1,0.581365548279,0.6276977843853384,0.007498228036990863,0.4550107859196705,0.6287133819639039
final-final-SME12434-021618,final-SME12434,Services,2020-01-01,0,0.415955716643,0.3198992991200311,0.0045960157889991145,0.33958529310947555,0.34189973062876483
final-final-SME12444-021635,final-SME12444,Services,2018-07-01,1,0.926596228744,0.78675727809937,0.009369491684198221,0.658379282983055,0.778997166787166
final-final-SME12445-021637,final-SME12445,Manufacturing,2019-01-01,1,0.552119129719,0.4828697733397924,0.004066218254578545,0.3726299939824668,0.4949227388890392
final-final-SME12445-021638,final-SME12445,Manufacturing,2019-01-01,1,0.366223500352,0.4877904231836471,0.0030816988366113448,0.3775584307217045,0.5500713567702527
final-final-SME12466-021673,final-SME12466,Retail,2020-10-01,0,0.140536736462,0.14927130258051835,0.001180669629070644,0.20450169361779436,0.1866894205617137
final-final-SME12474-021686,final-SME12474,Retail,2020-10-01,0,0.186402757764,0.36284202259343035,0.007164492305109768,0.4605227761638546,0.38959265963217415
final-final-SME12486-021705,final-SME12486,Services,2019-07-01,0,0.180365236077,0.6915558696472024,0.009706913695654438,0.660112857772534,0.6680050814945412
final-final-SME12488-021708,final-SME12488,Construction,2018-07-01,1,0.273846437794,0.4952464251577476,0.0067371390042947985,0.39928303062323994,0.5202389929286719
final-final-SME12489-021709,final-SME12489,Services,2018-07-01,1,0.95432449003,0.7818512843230776,0.00974362463045376,0.6760213152985552,0.8066825748301214
final-final-SME12506-021740,final-SME12506,Technology,2020-10-01,1,0.703481278988,0.671741183229054,0.005735533517511093,0.5222845006020582,0.6548013406066637
final-final-SME12510-021747,final-SME12510,Services,2018-07-01,1,0.389176324083,0.5854281135526825,0.005325482450375665,0.44334271261151575,0.5904980560249158
final-final-SME12510-021748,final-SME12510,Services,2018-07-01,1,0.762408571583,0.6014900341989928,0.0057593896785181065,0.4200774339854493,0.5907496151874958
final-final-SME12515-021758,final-SME12515,Transport,2018-07-01,0,0.244157410719,0.26092341086650195,0.0035266006191097964,0.3594334551744281,0.3619022193054834
final-final-SME12523-021772,final-SME12523,Retail,2020-10-01,0,0.456568476037,0.34293484018789167,0.006251420911478449,0.40620185832014805,0.3765246364216872
final-final-SME12524-021774,final-SME12524,Retail,2020-07-01,1,0.529979505008,0.4447114973322551,0.006128095864272366,0.2717582241776865,0.4829769151017987
final-final-SME12527-021779,final-SME12527,Manufacturing,2019-07-01,1,0.581137987452,0.5631746772198785,0.004478221355405639,0.3854071899931303,0.5377845327853861
final-final-SME12527-021780,final-SME12527,Manufacturing,2019-07-01,1,0.648213177008,0.5870045879688262,0.004767343454483423,0.36607130209223304,0.5338546303321916
final-final-SME12532-021788,final-SME12532,Retail,2020-10-01,0,0.719385086533,0.4632855048976653,0.0109799822263068,0.552484374492006,0.47418898953193195
final-final-SME12534-021793,final-SME12534,Transport,2019-07-01,1,0.430182054729,0.5294881242272866,0.004348363181521029,0.44064633909121964,0.5616162764772793
final-final-SME12560-021840,final-SME12560,Technology,2019-07-01,0,0.905737947911,0.6543031221841351,0.009985462132339423,0.6973252961187764,0.6246772102060364
final-final-SME12569-021851,final-SME12569,Transport,2018-07-01,0,0.405451957691,0.42675635788841215,0.0036110698827618833,0.3592013697686073,0.4187867685344625
final-final-SME12570-021852,final-SME12570,Services,2020-01-01,0,0.1687762714,0.4182479031373463,0.008368777797948835,0.5527648263560064,0.46725491574178407
final-final-SME12583-021876,final-SME12583,Services,2019-10-01,0,0.106487926487,0.20732145184619272,0.003706652123932651,0.13052462780784835,0.22703993405428294
final-final-SME12586-021882,final-SME12586,Retail,2020-07-01,1,0.865961087482,0.7640982319535308,0.006497304068901938,0.6297276502771504,0.7413287437875827
final-final-SME12597-021901,final-SME12597,Manufacturing,2018-04-01,1,0.833988569331,0.725728833599699,0.00938987652388718,0.648906079139859,0.7205281877990175
final-final-SME12601-021906,final-SME12601,Hospitality,2018-07-01,0,0.361317193591,0.32297069131139783,0.0029510992525379606,0.37514526699341744,0.3172925760886816
final-final-SME12602-021909,final-SME12602,Manufacturing,2020-07-01,0,0.639331206031,0.6346028293317694,0.010633035856095385,0.6482408560940527,0.621695883469234
final-final-SME12603-021910,final-SME12603,Services,2018-10-01,0,0.793319581256,0.6464042414572945,0.010018868735207801,0.6133687354336765,0.6520339333611843
final-final-SME12609-021920,final-SME12609,Retail,2020-04-01,1,0.665345153019,0.6440961935953229,0.0066559552951259435,0.5428503794418678,0.628225241622749
final-final-SME12612-021927,final-SME12612,Services,2019-07-01,0,0.664852436941,0.5434182221594799,0.01101481875232165,0.5178056875708338,0.5889490670742186
final-final-SME12621-021941,final-SME12621,Retail,2020-01-01,1,0.580424990362,0.4803552148780713,0.005381291481478364,0.36002690352063066,0.5205671437029756
final-final-SME12627-021952,final-SME12627,Services,2020-01-01,0,0.272030994307,0.4062318420960246,0.005901011261117901,0.4482644236299571,0.45649663022288944
final-final-SME12628-021954,final-SME12628,Transport,2018-01-01,1,0.0673389427623,0.06562791466552184,0.00040797667594555593,0.011633609560929443,0.03319513278545033
final-final-SME12630-021958,final-SME12630,Retail,2020-01-01,1,0.771921577411,0.6229779529748933,0.0075198776271029905,0.528843243808786,0.6302310161259025
final-final-SME12634-021965,final-SME12634,Hospitality,2020-04-01,1,0.201418433363,0.32155245693363405,0.004458003589841326,0.2589765661993324,0.36529297545753275
final-final-SME12637-021969,final-SME12637,Retail,2020-01-01,1,0.598050557083,0.601675610128282,0.006754761446236968,0.45327376843855666,0.5818867737609067
final-final-SME12639-021971,final-SME12639,Services,2020-04-01,0,0.121680120462,0.5785409978473535,0.010622124727646214,0.6102824837302289,0.5590102455385144
final-final-SME12645-021982,final-SME12645,Manufacturing,2020-04-01,1,0.228831785556,0.6577993807171505,0.011062702537381883,0.6236464364911863,0.6471416477871818
final-final-SME12646-021983,final-SME12646,Manufacturing,2018-04-01,1,0.647941299476,0.5453067743714215,0.004168875132467654,0.38962713163888746,0.5232483173543722
final-final-SME12646-021984,final-SME12646,Manufacturing,2018-04-01,1,0.816773165205,0.7286544627308311,0.0064508495919411825,0.5809429644474853,0.7063638970116247
final-final-SME12649-021989,final-SME12649,Manufacturing,2019-04-01,1,0.75481651866,0.5742450900459931,0.01064050287134323,0.49215824474539155,0.619714706053018
final-final-SME12650-021992,final-SME12650,Technology,2019-07-01,0,0.385439727088,0.3041274072096188,0.003979433760920854,0.30487309830374393,0.3850663538151242
final-final-SME12651-021994,final-SME12651,Manufacturing,2019-01-01,1,0.433349516776,0.4637991142615262,0.0030974681747314987,0.3266379011185825,0.516747791982627
final-final-SME12654-022000,final-SME12654,Transport,2019-07-01,1,0.76416134149,0.6955555549765304,0.010424322746957737,0.656813957197825,0.7466755639675954
final-final-SME12657-022005,final-SME12657,Manufacturing,2018-10-01,1,0.727643813882,0.6265931448773705,0.010303883914043611,0.609183276824804,0.6257846247807048
final-final-SME12667-022028,final-SME12667,Services,2018-01-01,1,0.906046776487,0.7866153125949802,0.00782350993081958,0.7252543345332628,0.7468537317682178
final-final-SME12672-022037,final-SME12672,Retail,2018-01-01,1,0.601236859154,0.6212211504741008,0.008482497382374034,0.49431888944817404,0.6105526117160729
final-final-SME12673-022038,final-SME12673,Services,2019-01-01,0,0.267385973081,0.5067636247180968,0.0108720430625707,0.6058143038777021,0.512499194850664
final-final-SME12696-022077,final-SME12696,Construction,2020-01-01,1,0.255868531057,0.6817015277609157,0.009708023827754089,0.6187015476084973,0.654287536830274
final-final-SME12697-022080,final-SME12697,Services,2020-04-01,0,0.73391908569,0.588728125967318,0.005557346891112651,0.5360552290863901,0.5346090559346977
final-final-SME12701-022086,final-SME12701,Manufacturing,2020-07-01,0,0.451332835227,0.4074268378202941,0.0033867311957572178,0.3451146590909888,0.39970153076052944
final-final-SME12702-022088,final-SME12702,Retail,2019-04-01,1,0.166713117937,0.18298820111402753,0.00211176098580121,0.2420621605857747,0.30820880724929406
final-final-SME12704-022091,final-SME12704,Technology,2019-01-01,1,0.596246484938,0.5746381545606456,0.005119167695554211,0.4312170108569938,0.5562719975076372
final-final-SME12722-022122,final-SME12722,Hospitality,2020-07-01,1,0.76543758749,0.7052206711547374,0.010189142704004122,0.6504482755670605,0.7266660398383631
final-final-SME12726-022127,final-SME12726,Construction,2020-04-01,0,0.419256015698,0.3538167440584552,0.003535419148226599,0.399729386286077,0.46490365317703763
final-final-SME12733-022138,final-SME12733,Services,2018-10-01,0,0.855976724258,0.5587245587014626,0.010866402373332768,0.5916864372492828,0.5553299802237607
final-final-SME12736-022144,final-SME12736,Retail,2020-04-01,1,0.175628529733,0.1983980359859935,0.003879014141209667,0.12376860544503299,0.24112686930488628
final-final-SME12738-022148,final-SME12738,Transport,2019-04-01,1,0.722850018379,0.7503505549195307,0.009595538513567996,0.6693316639548831,0.7265256741542269
final-final-SME12741-022154,final-SME12741,Services,2019-10-01,0,0.223929670644,0.4250637677478142,0.006689408872906049,0.47950543693645514,0.40025911079672855
final-final-SME12747-022163,final-SME12747,Hospitality,2018-01-01,1,0.3792957592,0.32058510390526124,0.00309601483793767,0.26395722574595915,0.3385861483198362
final-final-SME12752-022171,final-SME12752,Construction,2020-01-01,1,0.318063651015,0.360743186372786,0.004758449293247105,0.34808289369473805,0.42620877253466427
final-final-SME12761-022187,final-SME12761,Retail,2018-10-01,1,0.637773010164,0.6073977503455625,0.005947079627420593,0.4643416476015607,0.6048574999167692
final-final-SME12775-022211,final-SME12775,Services,2020-07-01,0,0.677414151898,0.514545320354634,0.007142019191319595,0.5650132789666994,0.5108086555352794
final-final-SME12776-022213,final-SME12776,Services,2018-01-01,1,0.356997740533,0.2835368380246991,0.0017833403774833198,0.2924832382750298,0.3303973146703342
final-final-SME12777-022215,final-SME12777,Technology,2020-10-01,1,0.288499516291,0.4406413765048778,0.00407705575466486,0.37632555717398747,0.42694961745969956
final-final-SME12779-022221,final-SME12779,Hospitality,2018-10-01,1,0.840612489466,0.7650194041572321,0.009356764639596012,0.681118531888876,0.7663956232542445
final-final-SME12804-022265,final-SME12804,Construction,2018-04-01,1,0.403622263491,0.476662177855109,0.004491528057766355,0.39232352590290637,0.5208911173361279
final-final-SME12816-022286,final-SME12816,Construction,2018-07-01,1,0.302338786164,0.36637578033324786,0.003809637116656815,0.22243019625989457,0.4027786940359129
final-final-SME12826-022309,final-SME12826,Retail,2019-01-01,1,0.54020878023,0.4892545313869,0.005339921837407019,0.4250984431166473,0.4916779808832625
final-final-SME12830-022317,final-SME12830,Retail,2018-07-01,1,0.729505429031,0.637357585901827,0.010665979792466331,0.612445550150442,0.691732629521503
final-final-SME12834-022325,final-SME12834,Construction,2018-01-01,1,0.0421031155245,0.054555267182636216,0.0004151213074771418,0.0,0.03301437547961121
final-final-SME12838-022330,final-SME12838,Services,2020-10-01,1,0.854532897387,0.8014928405946238,0.008349629682900834,0.7352800577442643,0.70192139216341
final-final-SME12858-022360,final-SME12858,Retail,2020-10-01,0,0.0402915792747,0.07926524521219148,0.0021828306519427127,0.08923338871401508,0.13635169502011438
final-final-SME12872-022386,final-SME12872,Hospitality,2020-04-01,1,0.602903040215,0.5917863872700125,0.00831455785268392,0.4375480961120206,0.5431820982595923
final-final-SME12873-022389,final-SME12873,Retail,2019-10-01,1,0.687818272375,0.7518734142367417,0.006336532599871707,0.5934203504014098,0.700224511084145
final-final-SME12881-022400,final-SME12881,Retail,2018-07-01,1,0.392625106561,0.5526353197250253,0.0055892963023787675,0.4428785943617569,0.553526014089182
final-final-SME12898-022431,final-SME12898,Transport,2018-07-01,0,0.820974409945,0.7241026252408083,0.008994065762193533,0.7150180530502604,0.6671109531038155
final-final-SME12902-022436,final-SME12902,Transport,2020-07-01,1,0.27926827431,0.651391663548607,0.011258215656311379,0.5699567590688959,0.6868214621280885
final-final-SME12911-022453,final-SME12911,Manufacturing,2018-10-01,1,0.431484131821,0.3701670879237704,0.0028081900941841504,0.3236889175934804,0.4394162881439922
final-final-SME12919-022465,final-SME12919,Services,2019-04-01,0,0.868025199967,0.578309635652759,0.00970676454383066,0.631794544790958,0.5292949161355817
final-final-SME12919-022466,final-SME12919,Services,2019-04-01,0,0.676249114911,0.5688498278116718,0.010299184581693764,0.6358756997474615,0.5326389378730325
final-final-SME12945-022512,final-SME12945,Retail,2020-04-01,1,0.737489788816,0.592495649776701,0.005245922003504187,0.5114344994163138,0.6064856287680911
final-final-SME12950-022519,final-SME12950,Manufacturing,2020-10-01,0,0.788762842701,0.6835131236144556,0.009297173883693331,0.7352800577442643,0.636797613458786
final-final-SME12952-022523,final-SME12952,Transport,2019-10-01,1,0.290506870868,0.35020480141523425,0.0035609038317438195,0.41096984465358033,0.4548789633580465
final-final-SME12973-022560,final-SME12973,Retail,2020-07-01,1,0.104054173806,0.3152230878520893,0.00455610860006954,0.2718292522142352,0.36843918353695676
final-final-SME12976-022564,final-SME12976,Services,2018-04-01,1,0.513277794055,0.49287016913937637,0.0061138889823507455,0.4081803221169009,0.5093420602670713
final-final-SME12978-022568,final-SME12978,Manufacturing,2018-01-01,1,0.728612089474,0.600403959548547,0.01029406054416923,0.567447742885077,0.642946029621206
final-final-SME12981-022572,final-SME12981,Hospitality,2018-04-01,0,0.141428455857,0.24218274617161673,0.0019118925003084558,0.2874172713136123,0.28246605905390665
final-final-SME12986-022584,final-SME12986,Services,2018-04-01,1,0.153031035555,0.24495001473721853,0.003864431595850041,0.05346381156921273,0.18378713104999855
final-final-SME12993-022594,final-SME12993,Hospitality,2020-04-01,1,0.364726676158,0.5344361663970989,0.005980896795095692,0.31459063869671855,0.5033363754587966
final-final-SME13000-022610,final-SME13000,Services,2018-10-01,0,0.830644351706,0.6112858594083593,0.010964186816114252,0.6504482755670605,0.6326650334160361
final-final-SME13016-022633,final-SME13016,Manufacturing,2019-10-01,0,0.0488255587257,0.03664331415518752,0.00031453105183065115,0.0,0.0
final-final-SME13020-022639,final-SME13020,Hospitality,2019-10-01,0,0.233200626915,0.47728582747852594,0.007760872352145881,0.4502449523377318,0.4536922232619727
final-final-SME13026-022650,final-SME13026,Technology,2018-07-01,0,0.0369781309506,0.04173002539259968,0.0003068489276598643,0.00027770353478647706,0.0
final-final-SME13039-022674,final-SME13039,Manufacturing,2020-01-01,0,0.240047207029,0.20085970500112238,0.003341636916576398,0.38314559753851635,0.36319174742166216
final-final-SME13040-022676,final-SME13040,Retail,2020-01-01,1,0.641439838043,0.6117643186454214,0.004638748011881502,0.5326498662605593,0.6300851758925238
final-final-SME13054-022695,final-SME13054,Manufacturing,2019-10-01,0,0.681950596649,0.5233491176360688,0.006035155521502198,0.4909111423204313,0.5080145165450842
final-final-SME13057-022698,final-SME13057,Retail,2018-10-01,1,0.272956275063,0.43453854854615825,0.005054390562282923,0.36483494757657414,0.4515436087062955
final-final-SME13057-022700,final-SME13057,Retail,2018-10-01,1,0.763044057597,0.700002370803127,0.00990683465784749,0.576314431398458,0.6804998786945265
final-final-SME13068-022717,final-SME13068,Construction,2018-07-01,1,0.18959533817,0.18819872792624037,0.0036478280763146847,0.08361093472345937,0.17602236113816047
final-final-SME13074-022728,final-SME13074,Manufacturing,2020-10-01,0,0.778951129492,0.6858577789910237,0.009397157811990835,0.6830982267977799,0.6490440492528116
final-final-SME13074-022729,final-SME13074,Manufacturing,2020-10-01,0,0.790648414106,0.6613834419309343,0.010284249605940547,0.7087857855916554,0.6545246610575522
final-final-SME13082-022744,final-SME13082,Retail,2018-07-01,1,0.505113583956,0.4909152006541738,0.0036896748555238995,0.4391498638663539,0.5579070324733528
final-final-SME13084-022749,final-SME13084,Retail,2020-10-01,0,0.286031931356,0.33806359151224474,0.0032641373877508196,0.3380955807904782,0.3802804364636096
final-final-SME13094-022765,final-SME13094,Technology,2018-04-01,0,0.262016770054,0.40543163403841764,0.004006859928299682,0.42264813409803204,0.4102403244313073
final-final-SME13097-022769,final-SME13097,Transport,2020-10-01,1,0.424730576178,0.5231234309540128,0.003954228389688638,0.2838023995623206,0.4555215814839216
final-final-SME13105-022783,final-SME13105,Transport,2020-10-01,1,0.426278742368,0.5394097535899001,0.005085989438792277,0.37493961651390173,0.516927946449674
final-final-SME13115-022802,final-SME13115,Services,2018-01-01,1,0.781769118947,0.7147794244793984,0.007646629291596132,0.6918731160128266,0.703017163621272
final-final-SME13117-022804,final-SME13117,Retail,2019-10-01,1,0.600964707955,0.5205962101957011,0.004092994365070947,0.3081083789987739,0.5213353127219938
final-final-SME13128-022824,final-SME13128,Retail,2020-01-01,1,0.244783064949,0.69390425589852,0.009475594606404514,0.6100560773660391,0.6880034834779344
final-final-SME13131-022830,final-SME13131,Hospitality,2019-04-01,1,0.863813224258,0.724717605012929,0.009923016498825354,0.6728766488399716,0.7019906035135393
final-final-SME13132-022832,final-SME13132,Retail,2018-07-01,1,0.671102318376,0.49976573138937763,0.006341517911942689,0.458879728263338,0.5126576315978237
final-final-SME13134-022835,final-SME13134,Manufacturing,2018-04-01,1,0.500419644532,0.4146597900785801,0.0026468880604716425,0.3210905744072771,0.46089989649118923
final-final-SME13139-022842,final-SME13139,Hospitality,2018-07-01,0,0.257302068284,0.24936596959141916,0.0028307518927734644,0.2547214717811406,0.3088413912309205
final-final-SME13141-022845,final-SME13141,Manufacturing,2020-01-01,0,0.685035815887,0.53665903786502,0.010370880055256588,0.5987635132269817,0.533444092353171
final-final-SME13141-022846,final-SME13141,Manufacturing,2020-01-01,0,0.216592686813,0.5263377571023616,0.010442543224810223,0.6161637811899544,0.533444092353171
final-final-SME13173-022893,final-SME13173,Construction,2020-01-01,1,0.747092326734,0.5431294006245613,0.006756734549818668,0.5080839304957939,0.5458220208602698
final-final-SME13181-022907,final-SME13181,Manufacturing,2020-01-01,0,0.11515011845,0.5275340935460601,0.008075544553704255,0.6015197985965078,0.49601657925591175
final-final-SME13183-022910,final-SME13183,Transport,2020-10-01,1,0.249988185137,0.6391328610256368,0.011265658356876762,0.5942541689312332,0.6877567283327297
final-final-SME13184-022911,final-SME13184,Technology,2019-04-01,0,0.123739953603,0.20689935925986946,0.0033256342028485752,0.04603658723706543,0.14347801462353715
final-final-SME13190-022921,final-SME13190,Hospitality,2020-01-01,0,0.0434138167552,0.07617321573569188,0.0024099695900141604,0.05153507426857143,0.1135441959103848
final-final-SME13192-022923,final-SME13192,Manufacturing,2019-04-01,1,0.181308393085,0.6401867297741883,0.010380777910999887,0.5980510413325262,0.6607539178322476
final-final-SME13193-022925,final-SME13193,Services,2019-01-01,0,0.340935640265,0.29800854192021864,0.0029842581281294884,0.2960291501045102,0.3206957773199117
final-final-SME13204-022942,final-SME13204,Hospitality,2018-10-01,1,0.416188201926,0.6262402794623985,0.005655882930445972,0.45261035827615254,0.5903707162612096
final-final-SME13206-022946,final-SME13206,Construction,2019-10-01,1,0.704627140171,0.554379665402956,0.006992910452127766,0.3852979958576724,0.570612649681231
final-final-SME13210-022954,final-SME13210,Technology,2019-04-01,0,0.707098336063,0.546970787062433,0.008062226557537787,0.6400674007362572,0.5690747551220686
final-final-SME13213-022960,final-SME13213,Services,2020-04-01,0,0.411091679817,0.3462188948056386,0.004213182934444989,0.35873486644616187,0.347299047304288
final-final-SME13215-022962,final-SME13215,Transport,2020-01-01,1,0.334407615712,0.37721951212071086,0.0037158695011075,0.3245835340653414,0.3944144662759234
final-final-SME13226-022978,final-SME13226,Retail,2019-01-01,1,0.775594261976,0.7541545116610135,0.009362432797178001,0.7043270841489411,0.7231872234070708
final-final-SME13227-022981,final-SME13227,Construction,2019-07-01,0,0.700555175612,0.5687313434641952,0.009119953907667407,0.6386756514776267,0.5448270387663021
final-final-SME13234-022993,final-SME13234,Retail,2018-07-01,1,0.791531152932,0.674221712165238,0.010618322850877061,0.6839954710233582,0.7076784165877537
final-final-SME13241-023005,final-SME13241,Services,2020-04-01,0,0.596000791178,0.6258264118390824,0.005033054619505806,0.5932694400125655,0.611611940254539
final-final-SME13250-023020,final-SME13250,Construction,2019-10-01,1,0.54338215723,0.482161782564875,0.00391291399772911,0.26889197585491276,0.4703651172028904
final-final-SME13253-023027,final-SME13253,Services,2020-10-01,1,0.606289579326,0.5558159851545986,0.007504598931839067,0.4479890552080338,0.46226257448382263
final-final-SME13255-023031,final-SME13255,Manufacturing,2019-10-01,0,0.57472961343,0.4389866156841222,0.004750432682082101,0.39867731952478574,0.442636347737597
final-final-SME13258-023038,final-SME13258,Technology,2019-01-01,1,0.333208827099,0.3623313860080719,0.002546573800213608,0.3820151877838956,0.45543036383136787
final-final-SME13268-023058,final-SME13268,Services,2020-01-01,0,0.131951868886,0.10955367334522198,0.0030884510813824874,0.1012304082562824,0.1377872208544088
final-final-SME13271-023063,final-SME13271,Services,2018-10-01,0,0.251255573611,0.2178560487859579,0.00390900070372279,0.15587667618994347,0.2500822088696321
final-final-SME13273-023065,final-SME13273,Retail,2020-04-01,1,0.703478123737,0.6220892523693429,0.01095398026715599,0.6122281675009619,0.6102919443285525
final-final-SME13274-023068,final-SME13274,Services,2020-07-01,0,0.461192619078,0.4198189163874492,0.00422586632221614,0.3257281610172718,0.37265350931880503
final-final-SME13282-023082,final-SME13282,Services,2019-10-01,0,0.507275086888,0.3813369359276362,0.0038721200115015915,0.37990846410687407,0.39151809310884333
final-final-SME13288-023091,final-SME13288,Technology,2018-07-01,0,0.396457416948,0.39609432082416723,0.0034297637918654983,0.3586960975848064,0.3724409507448122
final-final-SME13292-023097,final-SME13292,Retail,2018-07-01,1,0.44919663795,0.4263109038237896,0.0038260953538263097,0.2801006862919711,0.43486085186508855
final-final-SME13294-023101,final-SME13294,Manufacturing,2018-04-01,1,0.725149711598,0.7036960771802662,0.007437728565515753,0.558166217516206,0.7372063829294095
final-final-SME13300-023111,final-SME13300,Technology,2019-01-01,1,0.667573748926,0.5933794224373872,0.004687230934959539,0.4045347162915883,0.5759055698853408
final-final-SME13302-023117,final-SME13302,Services,2018-07-01,1,0.837661243575,0.7589318814826893,0.009683248460807288,0.6559543340465377,0.7470451961762434
final-final-SME13308-023129,final-SME13308,Manufacturing,2020-04-01,1,0.556140051345,0.4706605961939696,0.003990232898860036,0.3457927559002177,0.4849155065733048
final-final-SME13311-023136,final-SME13311,Retail,2020-10-01,0,0.585923119847,0.4841620089845595,0.006362881965130385,0.5672033114116437,0.4947811065914007
final-final-SME13326-023160,final-SME13326,Construction,2020-01-01,1,0.62656370438,0.7045178601611337,0.004775026944865164,0.6081657369522576,0.7017396639067874
final-final-SME13328-023162,final-SME13328,Transport,2020-07-01,1,0.588471399265,0.5238866814903775,0.007229304579841709,0.42882299992895223,0.5523243409158514
final-final-SME13329-023165,final-SME13329,Construction,2018-01-01,1,0.319001767442,0.2803413291485725,0.0016726892969741046,0.250676990658141,0.35303433437668374
final-final-SME13343-023188,final-SME13343,Retail,2020-10-01,0,0.238779346523,0.234362687548478,0.001759741201027677,0.25629765051344766,0.23078778330965374
final-final-SME13345-023191,final-SME13345,Hospitality,2018-04-01,0,0.295770793717,0.51519142023672,0.004863333024237551,0.4995874007375854,0.45056612672279234
final-final-SME13346-023192,final-SME13346,Services,2018-10-01,0,0.710519786573,0.5803126310606501,0.01072685838521955,0.6236464364911863,0.5652192103747387
final-final-SME13346-023193,final-SME13346,Services,2018-10-01,0,0.142307118471,0.4881409813738494,0.008490848932204635,0.3477296995526943,0.40986910535821447
final-final-SME13351-023199,final-SME13351,Transport,2018-07-01,0,0.395735713377,0.3003305060536171,0.003333642005635888,0.31778462203849406,0.38050279156382083
final-final-SME13351-023201,final-SME13351,Transport,2018-07-01,0,0.717813775204,0.5874430765494889,0.00751131231107355,0.5971974992999207,0.5578247812178599
final-final-SME13352-023204,final-SME13352,Services,2019-04-01,0,0.128974224813,0.30435102699247607,0.004641165493257438,0.34242992221420426,0.32570753822693577
final-final-SME13358-023210,final-SME13358,Technology,2020-01-01,0,0.580782569572,0.48836822609520025,0.004896575752672905,0.30663670585022,0.3652769852234367
final-final-SME13358-023211,final-SME13358,Technology,2020-01-01,0,0.690380152648,0.6767848759327222,0.00733616458525348,0.6782765290129227,0.6548419225983442
final-final-SME13359-023214,final-SME13359,Hospitality,2019-04-01,1,0.357834496414,0.6445786640237735,0.004983604611537382,0.5345740685749738,0.6287502488542308
final-final-SME13363-023220,final-SME13363,Services,2018-10-01,0,0.616446665106,0.45851686828476945,0.008379679524162001,0.48581865344166625,0.5000717750330304
final-final-SME13364-023223,final-SME13364,Construction,2020-07-01,0,0.655288900324,0.4358159484147174,0.0071548856465014875,0.43998917259179704,0.4336769218421265
final-final-SME13365-023225,final-SME13365,Services,2020-07-01,0,0.716481212347,0.6730638325920841,0.0101840921720443,0.8353421957944199,0.6625097922278572
final-final-SME13366-023228,final-SME13366,Manufacturing,2019-10-01,0,0.625917522356,0.5918652020294234,0.010414525686877335,0.7109754830532132,0.5484568793004426
final-final-SME13366-023229,final-SME13366,Manufacturing,2019-10-01,0,0.188379973769,0.5806631746913345,0.010428822873736658,0.6849111787609748,0.5484568793004426
final-final-SME13368-023233,final-SME13368,Services,2018-07-01,1,0.760726917403,0.6855202369462732,0.010466216742593216,0.6163772311137781,0.7103561329695731
final-final-SME13369-023234,final-SME13369,Technology,2018-01-01,0,0.48333054793,0.40556436281076647,0.005896638602950286,0.44401137842772465,0.4116387398318065
final-final-SME13377-023246,final-SME13377,Manufacturing,2018-01-01,1,0.813746900266,0.7427240020837511,0.00890870994524126,0.7049146088027086,0.7351307622162658
final-final-SME13382-023254,final-SME13382,Construction,2019-01-01,1,0.760012264685,0.7288762286930939,0.01043543688215498,0.6572115949839802,0.719847194757025
final-final-SME13386-023260,final-SME13386,Manufacturing,2019-04-01,1,0.465039094484,0.39582725049829803,0.004523685477641072,0.39802647112242157,0.43962156982128614
final-final-SME13402-023285,final-SME13402,Hospitality,2019-07-01,0,0.734877199626,0.5381616649780265,0.011165515045096878,0.5644571106642007,0.5468209153674144
final-final-SME13409-023295,final-SME13409,Services,2019-01-01,0,0.259969633065,0.27317540381724137,0.002666878492315723,0.28855033717751133,0.3256696573673354
final-final-SME13410-023297,final-SME13410,Hospitality,2020-04-01,1,0.186101603023,0.13062719159109065,0.0034289254295913874,0.08581699473285138,0.23640636500756368
final-final-SME13410-023298,final-SME13410,Hospitality,2020-04-01,1,0.293019130832,0.31266807992948026,0.004567661172620295,0.09996157622392854,0.23640636500756368
final-final-SME13417-023310,final-SME13417,Services,2020-01-01,0,0.182778121792,0.1977790821601146,0.0022296009676370018,0.2830405023923186,0.27216470933861536
final-final-SME13417-023311,final-SME13417,Services,2020-01-01,0,0.208747578178,0.2277106933738697,0.0016926606773738063,0.3068965392332665,0.3016033929843555
final-final-SME13418-023314,final-SME13418,Transport,2018-07-01,0,0.381557519171,0.4666634968754513,0.005353826519207332,0.43844667993311875,0.41789651521264953
final-final-SME13424-023327,final-SME13424,Services,2018-04-01,1,0.464816474597,0.457957600864327,0.003688322153625015,0.36626301300121933,0.506193622402042
final-final-SME13425-023328,final-SME13425,Services,2018-10-01,0,0.182522846262,0.18865958477424513,0.0016429429384433364,0.20983850437878696,0.22704829955473077
final-final-SME13425-023329,final-SME13425,Services,2018-10-01,0,0.295538013161,0.27853164100229577,0.0028646965310780387,0.3157254307683366,0.33315188341607904
final-final-SME13431-023338,final-SME13431,Construction,2018-04-01,1,0.727386094053,0.6331482025095573,0.003948046074849269,0.3283535917388143,0.5172523283614815
final-final-SME13431-023340,final-SME13431,Construction,2018-04-01,1,0.639986747729,0.6753809794951213,0.0035766483891097748,0.4635954069190101,0.6377465980710224
final-final-SME13434-023345,final-SME13434,Services,2019-10-01,0,0.277549533006,0.23593698859685586,0.002827613283222083,0.37625825525672846,0.37136196185816234
final-final-SME13436-023348,final-SME13436,Technology,2018-01-01,0,0.558472252017,0.390007666208359,0.007997496788958275,0.5240862251112789,0.42125764247733444
final-final-SME13437-023349,final-SME13437,Technology,2018-01-01,0,0.0674143771589,0.4249240608931049,0.006705046831525121,0.45958523754701597,0.42646663712016847
final-final-SME13438-023350,final-SME13438,Services,2019-01-01,0,0.700694188723,0.7368914103648248,0.009160636835277722,0.7419625149932368,0.6849838484802837
final-final-SME13445-023360,final-SME13445,Hospitality,2018-01-01,1,0.351291675004,0.40216840921134384,0.003141030392802298,0.27740304569077645,0.44583253032954107
final-final-SME13449-023367,final-SME13449,Retail,2019-04-01,1,0.354630043872,0.36681893927075826,0.003474025205317311,0.2948369930839575,0.42164247751911677
final-final-SME13450-023370,final-SME13450,Services,2018-01-01,1,0.286582912588,0.48204616404785955,0.004957903864470395,0.5029984777494071,0.5067889642364146
final-final-SME13451-023371,final-SME13451,Manufacturing,2020-10-01,0,0.417177769581,0.28861661380332027,0.005827734204643014,0.20590732734817163,0.23871507185362487
final-final-SME13455-023381,final-SME13455,Technology,2019-10-01,0,0.754199878892,0.6948836334842117,0.009066375691217255,0.7467025236968725,0.6019458841772154
final-final-SME13456-023383,final-SME13456,Services,2020-01-01,0,0.216645760828,0.20109562825974076,0.003690862330440172,0.08671390548184861,0.16531915972053948
final-final-SME13466-023402,final-SME13466,Hospitality,2020-10-01,1,0.803398027235,0.7889790844332432,0.009066971204080664,0.6759619586275764,0.7594256204588301
final-final-SME13467-023404,final-SME13467,Hospitality,2018-01-01,1,0.238181361985,0.5833013102337933,0.007565972714179768,0.5358306337562219,0.5850758993381059
final-final-SME13467-023406,final-SME13467,Hospitality,2018-01-01,1,0.247438259754,0.639043231133958,0.008247599153499664,0.5992154466507071,0.6409011531176614
final-final-SME13473-023412,final-SME13473,Manufacturing,2019-10-01,0,0.288584797541,0.25697439953245316,0.002706727186783811,0.30786644093771154,0.32530344773055553
final-final-SME13474-023414,final-SME13474,Retail,2018-01-01,1,0.439194851118,0.6805218603870229,0.006256683370650045,0.5747434732298754,0.6407186557046624
final-final-SME13476-023418,final-SME13476,Transport,2020-04-01,1,0.119660267422,0.13265886238053232,0.003081646908963686,0.05612382643715805,0.17595842624012828
final-final-SME13479-023421,final-SME13479,Manufacturing,2018-10-01,1,0.250742880426,0.562445354874063,0.010642263229142341,0.48767095601603083,0.5897611685406505
final-final-SME13481-023426,final-SME13481,Services,2018-10-01,0,0.367764502807,0.3207292852770537,0.004440913218716705,0.32691818915468923,0.3575370673105695
final-final-SME13481-023427,final-SME13481,Services,2018-10-01,0,0.404708748054,0.3716234796583525,0.003912971749835939,0.3008883910280182,0.3754616020662479
final-final-SME13483-023430,final-SME13483,Retail,2019-10-01,1,0.956749313994,0.6576860002123787,0.008620418857222048,0.5487252277576624,0.6367828223401765
final-final-SME13484-023432,final-SME13484,Services,2019-01-01,0,0.354464830815,0.3215041060959252,0.0032629678144085942,0.3365746860807092,0.322569190010979
final-final-SME13491-023442,final-SME13491,Retail,2020-04-01,1,0.33594492428,0.38383013663829735,0.0024968419986808434,0.29107558874598716,0.41957490873386005
final-final-SME13506-023469,final-SME13506,Construction,2018-04-01,1,0.988198490196,0.7533626241086824,0.009721297695685015,0.6356087179683374,0.7835098960847995
final-final-SME13513-023481,final-SME13513,Construction,2020-01-01,1,0.321819978945,0.4038237824441264,0.0030232230861183037,0.295051777993964,0.4732615573129678
final-final-SME13514-023484,final-SME13514,Services,2020-07-01,0,0.462320350976,0.3823290214718703,0.004324479880220751,0.3526128914739459,0.3805107654548768
final-final-SME13522-023501,final-SME13522,Manufacturing,2018-10-01,1,0.260539165514,0.6063199069195824,0.007612563182976396,0.5780744950703848,0.6219776520896181
final-final-SME13524-023503,final-SME13524,Hospitality,2019-04-01,1,0.70917869595,0.48937198243685975,0.009276783773928347,0.4451383626900684,0.5239640384634201
final-final-SME13524-023504,final-SME13524,Hospitality,2019-04-01,1,0.755446202485,0.5428886352816888,0.00940708647305569,0.4939730198183717,0.5759399652548373
final-final-SME13530-023514,final-SME13530,Technology,2019-04-01,0,0.307220606882,0.45780726959731327,0.005760366701095843,0.460627218364656,0.49427947405603523
final-final-SME13533-023518,final-SME13533,Manufacturing,2019-04-01,1,0.638683827953,0.6715912366270061,0.010293910412338948,0.5788615746658743,0.7264765537265477
final-final-SME13534-023521,final-SME13534,Construction,2020-04-01,0,0.115918953446,0.1619794957764813,0.0030250394207226817,0.08338767340224956,0.11202667690786987
final-final-SME13535-023522,final-SME13535,Manufacturing,2020-07-01,0,0.603308703279,0.549537535421478,0.008248086696483404,0.544719767061651,0.56898280880754
final-final-SME13535-023523,final-SME13535,Manufacturing,2020-07-01,0,0.256262961819,0.42357501621987426,0.004618008068721258,0.34446914283616625,0.4330919611787138
final-final-SME13537-023525,final-SME13537,Construction,2018-10-01,1,0.629079602529,0.5173868776763341,0.007029064235015548,0.46162127879866105,0.5230692395181218
final-final-SME13557-023557,final-SME13557,Manufacturing,2018-07-01,1,0.884956276049,0.6548455306211335,0.010527223990368624,0.6104516155957934,0.6528627303870156
final-final-SME13561-023561,final-SME13561,Services,2018-04-01,1,0.763405972718,0.6672326119064171,0.010672404465532236,0.5544973564988089,0.7003005258923405
final-final-SME13573-023582,final-SME13573,Transport,2018-01-01,1,0.716975958266,0.7159160219681143,0.009647959599146763,0.6944069813488984,0.7213536142215956
final-final-SME13577-023589,final-SME13577,Transport,2020-04-01,1,0.329300333698,0.28453079751563815,0.0018090752994990348,0.21173262276206362,0.37931848149226177
final-final-SME13584-023602,final-SME13584,Retail,2018-01-01,1,0.774041390405,0.7231730737003219,0.007021954842563461,0.6457446181447862,0.7347144532511638
final-final-SME13591-023613,final-SME13591,Services,2018-04-01,1,0.588852279368,0.4967704278164419,0.005479497402055562,0.3250129263917846,0.4241515618957634
final-final-SME13595-023620,final-SME13595,Retail,2020-04-01,1,0.744116042627,0.7115827972975681,0.009903540102982038,0.6579035315769343,0.7029585660927082
final-final-SME13596-023621,final-SME13596,Transport,2020-01-01,1,0.321670942482,0.6261707433525766,0.007906984742127771,0.5154928587111545,0.6196128766375743
final-final-SME13602-023631,final-SME13602,Transport,2020-01-01,1,0.25913591073,0.742250931584505,0.010092123001915978,0.6747783036662003,0.7320702786222019
final-final-SME13604-023633,final-SME13604,Retail,2019-07-01,1,0.101855083316,0.10297221298777057,0.002957031379400005,0.07139759217715187,0.1683514411539115
final-final-SME13607-023640,final-SME13607,Retail,2020-07-01,1,0.706409526482,0.4579032714694591,0.007236199120282136,0.3315871903276962,0.49004345209414585
final-final-SME13626-023667,final-SME13626,Services,2018-01-01,1,0.632283018178,0.6308381762052294,0.00846048398320116,0.6658819074548737,0.6696891217882486
final-final-SME13635-023683,final-SME13635,Transport,2019-01-01,1,0.652499435594,0.6282409322555408,0.006342221016011578,0.4783386173103072,0.6125106873765876
final-final-SME13639-023688,final-SME13639,Construction,2019-04-01,0,0.223024110502,0.18888529945671312,0.0033140898591844294,0.42236354435120943,0.2938737919491142
final-final-SME13645-023697,final-SME13645,Retail,2018-10-01,1,0.674845655271,0.6932457718211205,0.0065851295661997,0.551628529064399,0.6283059484329319
final-final-SME13647-023699,final-SME13647,Services,2020-04-01,0,0.310858825986,0.3924946735503123,0.004485050815807879,0.39775422925299353,0.4123183444573826
final-final-SME13655-023714,final-SME13655,Construction,2020-01-01,1,0.648460790575,0.539346775165336,0.008848439116951538,0.46649920267207196,0.5421043920153437
final-final-SME13667-023736,final-SME13667,Manufacturing,2018-04-01,1,0.621061179471,0.36332956398460825,0.0038319610430123017,0.2521763548865957,0.41156175953222307
final-final-SME13669-023741,final-SME13669,Construction,2019-07-01,0,0.752560750761,0.6312795414063408,0.01027609449797538,0.6572075632400507,0.5949623055243793
final-final-SME13687-023779,final-SME13687,Construction,2018-04-01,1,0.704985595144,0.6294447761663745,0.005246193744623869,0.3786958443968699,0.5717945830457213
final-final-SME13713-023828,final-SME13713,Manufacturing,2018-10-01,1,0.243928850072,0.7050486480383816,0.010126679373595557,0.681118531888876,0.6674742386245482
final-final-SME13717-023835,final-SME13717,Transport,2019-01-01,1,0.68638215714,0.5607888467257223,0.004893062566452634,0.4693630267471437,0.5839988445178442
final-final-SME13718-023836,final-SME13718,Construction,2020-10-01,0,0.173529992735,0.3311923855177602,0.0058818180244169255,0.40117155622557443,0.3647822262859714
final-final-SME13726-023849,final-SME13726,Services,2018-10-01,0,0.392787677647,0.4163783013075064,0.0038236829990242935,0.42615736748237987,0.42844192476840437
final-final-SME13728-023853,final-SME13728,Services,2020-04-01,0,0.77963009125,0.699553689400663,0.009399697326380387,0.6899359416361793,0.6417268893246804
final-final-SME13733-023863,final-SME13733,Hospitality,2018-01-01,1,0.722175624943,0.6323468242626447,0.010407436694484266,0.5970161797299773,0.6359333214057542
final-final-SME13733-023864,final-SME13733,Hospitality,2018-01-01,1,0.86176963148,0.6284635326828304,0.010752235774710595,0.6088181301724465,0.6359333214057542
final-final-SME13738-023872,final-SME13738,Manufacturing,2018-04-01,1,0.86033059659,0.7870140593032354,0.009326316136203081,0.6901328341343188,0.8133923556340156
final-final-SME13739-023876,final-SME13739,Services,2018-10-01,0,0.157150944534,0.22221211141310154,0.003898251717894689,0.1499923024347356,0.22237665738938184
final-final-SME13747-023891,final-SME13747,Retail,2020-10-01,0,0.322121974965,0.3336320963826183,0.002642915748021797,0.3186624705191485,0.2928782749923388
final-final-SME13751-023900,final-SME13751,Transport,2018-04-01,0,0.577763050302,0.5350822451491798,0.008288955474833114,0.5286790679418887,0.5056497423178993
final-final-SME13752-023903,final-SME13752,Retail,2019-01-01,1,0.213621072225,0.6834648798519893,0.010466294571181724,0.5712771201100411,0.7097128426213433
final-final-SME13773-023937,final-SME13773,Hospitality,2020-10-01,1,0.474531189473,0.42021711142373,0.0047479446159591895,0.42098453963256144,0.4653428303136004
final-final-SME13776-023942,final-SME13776,Manufacturing,2020-10-01,0,0.368676575009,0.34845925224894797,0.004533055261713025,0.38781229383126714,0.4274426047378104
final-final-SME13779-023948,final-SME13779,Hospitality,2020-01-01,0,0.206826569128,0.629670434335739,0.010155434436881397,0.6949880593765325,0.6257837444060736
final-final-SME13782-023952,final-SME13782,Transport,2018-04-01,0,0.0887093194668,0.38809599836271935,0.0075139277242691664,0.3918844579069003,0.39364905511235665
final-final-SME13785-023959,final-SME13785,Hospitality,2018-01-01,1,0.894953676876,0.7870883336931568,0.008092766812287612,0.7397938410514813,0.7255350021651027
final-final-SME13788-023965,final-SME13788,Retail,2020-04-01,1,0.37584034755,0.5500500568511201,0.004398829858368799,0.3323406884516314,0.5083305139918811
final-final-SME13790-023969,final-SME13790,Hospitality,2019-07-01,0,0.32098687323,0.44134500813221633,0.005576287578757758,0.35431195055263065,0.4011906883094936
final-final-SME13791-023970,final-SME13791,Retail,2019-07-01,1,0.851697847624,0.7216867670814625,0.008135358187551666,0.7206332529181,0.7244104826894404
final-final-SME13794-023976,final-SME13794,Services,2019-01-01,0,0.596243993323,0.6086259869595836,0.004300005859112788,0.6101363436251661,0.6071055900266898
final-final-SME13807-023991,final-SME13807,Manufacturing,2020-01-01,0,0.73283776485,0.6506325086645768,0.010387950145174775,0.7333446423300256,0.6206080778841208
final-final-SME13809-023993,final-SME13809,Construction,2019-10-01,1,0.788121862587,0.6564061499197675,0.006749361442814064,0.50787966419221,0.6108033862101051
final-final-SME13816-024007,final-SME13816,Services,2018-01-01,1,0.69237679644,0.6288955084177668,0.006728209644942075,0.623921987108158,0.6149623146223505
final-final-SME13820-024011,final-SME13820,Transport,2020-07-01,1,0.179455196398,0.12829043130422246,0.0032252315065720116,0.10151333790154479,0.23938597060601843
final-final-SME13822-024017,final-SME13822,Transport,2018-10-01,0,0.363210761111,0.338714622720216,0.0032727637442740423,0.34522952746753016,0.40275707304336655
final-final-SME13828-024026,final-SME13828,Services,2018-04-01,1,0.865740046528,0.7613211964640456,0.009636738429768674,0.6316871267654739,0.7269599770608637
final-final-SME13830-024030,final-SME13830,Services,2020-04-01,0,0.520273240406,0.4891684375156603,0.004686242487327882,0.4423849563605707,0.44959788351388874
final-final-SME13831-024032,final-SME13831,Transport,2020-04-01,1,0.0660750578125,0.07286054685015961,0.0014018386504903362,0.06308974843221878,0.11952731725726609
final-final-SME13834-024040,final-SME13834,Services,2019-10-01,0,0.176053929051,0.22739458356652872,0.0027713790493981657,0.2919246857478367,0.3084526763354057
final-final-SME13839-024047,final-SME13839,Construction,2019-10-01,1,0.368205443324,0.3375993647200875,0.0024195033077396588,0.2904097664826685,0.414987768738026
final-final-SME13840-024048,final-SME13840,Technology,2018-01-01,0,0.539688524007,0.308496138338872,0.004611674022502425,0.41365659805591953,0.34479253124156095
final-final-SME13842-024052,final-SME13842,Services,2018-04-01,1,0.493243754707,0.386184901056346,0.004912676027060923,0.08811961788736966,0.21781561156078802
final-final-SME13844-024056,final-SME13844,Retail,2020-01-01,1,0.673026817242,0.6533315948824219,0.004420275432139103,0.4414157782725782,0.5896631302076866
final-final-SME13846-024059,final-SME13846,Retail,2019-04-01,1,0.895550476389,0.7162051619427752,0.009677521899248859,0.6202218765046424,0.6937022449118316
final-final-SME13848-024062,final-SME13848,Construction,2018-10-01,1,0.815170853196,0.7117697880242045,0.009978875882796221,0.7014264002865971,0.6962797406244636
final-final-SME13850-024065,final-SME13850,Hospitality,2019-04-01,1,0.482935408462,0.4270427551922634,0.0038359047077863805,0.35243015836108976,0.4499851477784158
final-final-SME13852-024070,final-SME13852,Construction,2019-04-01,0,0.236511293713,0.3957934124742069,0.00567233481006532,0.5049278445531478,0.4344846448479476
final-final-SME13859-024080,final-SME13859,Technology,2018-04-01,0,0.149118260769,0.14991063712353997,0.0035192351491779078,0.0867449832598589,0.1688849641262412
final-final-SME13875-024106,final-SME13875,Services,2018-07-01,1,0.718856480728,0.5876558874097213,0.010868227523380092,0.5073880001720829,0.6542307524880087
final-final-SME13878-024114,final-SME13878,Retail,2018-10-01,1,0.25720738933,0.1932893495165958,0.0037654167911075737,0.14667210028585984,0.2660625812044872
final-final-SME13883-024123,final-SME13883,Technology,2018-10-01,1,0.825467453824,0.6848398435723815,0.010538894255539262,0.6619478890881778,0.6686109025822025
final-final-SME13888-024132,final-SME13888,Retail,2019-01-01,1,0.801192577559,0.6278688965445272,0.007258708805289936,0.5035483243037259,0.6495251081262969
final-final-SME13900-024155,final-SME13900,Transport,2018-04-01,0,0.718842305203,0.5985209326634536,0.010400791060473369,0.6088181301724465,0.6086866092272586
final-final-SME13904-024161,final-SME13904,Retail,2020-01-01,1,0.640376527123,0.6127284946244131,0.0061880490417302765,0.5372838596150523,0.6109967527012151
final-final-SME13911-024172,final-SME13911,Transport,2020-04-01,1,0.452544282303,0.39543049743580166,0.0039025152511942235,0.32696122549235124,0.4588384627938262
final-final-SME13915-024176,final-SME13915,Transport,2018-01-01,1,0.679114403443,0.5646398638190462,0.007973610532025428,0.53135096373918,0.5933042004132124
final-final-SME13921-024187,final-SME13921,Services,2019-07-01,0,0.477627668125,0.3905033846725806,0.005420683734150251,0.3894835626609619,0.3721669028837532
final-final-SME13934-024209,final-SME13934,Manufacturing,2020-10-01,0,0.39356036462,0.38635498658524337,0.0029902852478242772,0.34415408609318615,0.4276086143337068
final-final-SME13935-024211,final-SME13935,Retail,2019-10-01,1,0.531877300765,0.5525131834230632,0.0042567323521763584,0.4240372455144779,0.5782512579364094
final-final-SME13936-024212,final-SME13936,Services,2018-07-01,1,0.0821896941603,0.14874429934473998,0.0033926611338329937,0.13637815084054697,0.2692896989995581
final-final-SME13937-024215,final-SME13937,Technology,2020-01-01,0,0.402693249774,0.33249856415790935,0.003173882371343023,0.3318943983433545,0.36451549867297006
final-final-SME13939-024219,final-SME13939,Services,2019-01-01,0,0.472955902995,0.41395784707242134,0.0063070502563662865,0.45760598137241615,0.4357010346320959
final-final-SME13944-024228,final-SME13944,Services,2018-04-01,1,0.587934015148,0.4755295731982302,0.005101238063339532,0.3795212354755171,0.4825321412633211
final-final-SME13953-024243,final-SME13953,Technology,2019-04-01,0,0.357106393848,0.39471526007362556,0.003557807637510525,0.31337064492251193,0.4137895186431581
final-final-SME13958-024250,final-SME13958,Construction,2018-01-01,1,0.721322867985,0.6010616610509183,0.010302261310191385,0.5997167580169165,0.6380926665941515
final-final-SME13959-024251,final-SME13959,Services,2020-10-01,1,0.535776759725,0.43835283216299903,0.00577116433869589,0.4054305250192601,0.41960083021574535
final-final-SME13960-024253,final-SME13960,Transport,2019-07-01,1,0.778725042424,0.5489806846897874,0.007936947413304116,0.40066471101107975,0.5292866863143251
final-final-SME13964-024259,final-SME13964,Retail,2020-01-01,1,0.383914015169,0.5499642983760278,0.004677421148957292,0.41946723159084104,0.5428345586759822
final-final-SME13965-024261,final-SME13965,Manufacturing,2020-07-01,0,0.325912356731,0.29351141809986525,0.002608794991513864,0.2622578036072024,0.31102777346340965
final-final-SME13966-024264,final-SME13966,Services,2018-07-01,1,0.59698444268,0.682146030848634,0.006187185808463523,0.47762434475661464,0.6379431164632094
final-final-SME13967-024265,final-SME13967,Manufacturing,2020-07-01,0,0.739540499334,0.6194383633687203,0.01059894894300586,0.6182879878527053,0.6224103363416925
final-final-SME13977-024284,final-SME13977,Hospitality,2019-07-01,0,0.656734008488,0.6277233266094855,0.010450721861050895,0.6730207214277253,0.5952086073872617
final-final-SME13986-024301,final-SME13986,Retail,2020-07-01,1,0.125486644873,0.30674738595541606,0.004238428487163518,0.18363624139675125,0.27454469631610007
final-final-SME13988-024306,final-SME13988,Manufacturing,2020-10-01,0,0.628104632777,0.580407124427962,0.00535426681372854,0.5114436835973463,0.5858425047361971
final-final-SME13997-024320,final-SME13997,Services,2019-10-01,0,0.759384804025,0.660654185769791,0.010069037433189404,0.6973252961187764,0.6577185776605345
final-final-SME13997-024321,final-SME13997,Services,2019-10-01,0,0.707197823373,0.6529078563212568,0.01040673776755303,0.6746464923723482,0.6583966690775847
final-final-SME13998-024322,final-SME13998,Technology,2019-04-01,0,0.0480391214694,0.08297826610095801,0.0018808498068111684,0.042273581364868695,0.132477423011192
final-final-SME13999-024324,final-SME13999,Retail,2018-01-01,1,0.664068319975,0.4718147391923974,0.007676216018459437,0.4026297428325942,0.47197262446992144
final-final-SME14000-024325,final-SME14000,Construction,2020-10-01,0,0.645161878866,0.5805968565906658,0.007900729906990365,0.6882047993698152,0.577936968553052
final-final-SME14003-024331,final-SME14003,Construction,2018-04-01,1,0.871472748682,0.7875463199464239,0.00919349727713379,0.6834927204338217,0.7826250245851752
final-final-SME14004-024335,final-SME14004,Retail,2018-04-01,1,0.633557265716,0.6008636439025478,0.005623063642746155,0.5127700706266869,0.5945111449301794
final-final-SME14006-024338,final-SME14006,Manufacturing,2020-04-01,1,0.24478024879,0.7337832526664108,0.00801089471729481,0.6639616179780579,0.753343297912981
final-final-SME14008-024342,final-SME14008,Manufacturing,2020-07-01,0,0.858714500646,0.48338697009645093,0.011159510870324305,0.4972923766602235,0.5089704889271505
final-final-SME14018-024361,final-SME14018,Transport,2019-01-01,1,0.135569907383,0.12980581093382446,0.0029747351814097558,0.05966766044222744,0.2057257663336339
final-final-SME14019-024362,final-SME14019,Services,2019-01-01,0,0.203549833709,0.1646706980511365,0.0029455899482187173,0.08349823897676464,0.1746638850445402
final-final-SME14025-024370,final-SME14025,Retail,2018-10-01,1,0.478864658759,0.4763784965328885,0.003264450745653929,0.3037772606398005,0.4350685101276471
final-final-SME14035-024384,final-SME14035,Construction,2018-04-01,1,0.4149521587,0.46713853935383076,0.004989743711840312,0.3920608313594176,0.5426329408248894
final-final-SME14056-024417,final-SME14056,Transport,2019-07-01,1,0.899465922887,0.8119882606070346,0.006227055699925857,0.7592541318445071,0.7677275764968412
final-final-SME14061-024425,final-SME14061,Construction,2020-04-01,0,0.608210566094,0.45889977354136197,0.0036493102583382395,0.38809724328255385,0.4681983724816828
final-final-SME14063-024430,final-SME14063,Hospitality,2018-04-01,0,0.221707670807,0.624161431747292,0.010597573083970408,0.6318117188539146,0.5949966307286311
final-final-SME14064-024434,final-SME14064,Hospitality,2018-10-01,1,0.719883070566,0.5815302916341298,0.006462975698155239,0.3689937585451001,0.5139884641512429
final-final-SME14067-024441,final-SME14067,Technology,2020-01-01,0,0.664944236503,0.5354555226386131,0.00519578971342175,0.471420448942518,0.4958016321846375
final-final-SME14070-024446,final-SME14070,Manufacturing,2018-04-01,1,0.373969852073,0.24814008121345288,0.004229676082256698,0.2700651873217311,0.3448345766244997
final-final-SME14072-024448,final-SME14072,Technology,2020-04-01,0,0.622172116319,0.5553936622891096,0.005760604798275426,0.4397028398069021,0.552739114059349
final-final-SME14080-024463,final-SME14080,Retail,2019-01-01,1,0.209002882328,0.23498604328769496,0.0037679591880399117,0.18653178875589643,0.32248725234711934
final-final-SME14086-024477,final-SME14086,Services,2018-10-01,0,0.3908632806,0.2977359421218607,0.004621111429090306,0.23568469455941327,0.28283983413596214
final-final-SME14102-024506,final-SME14102,Hospitality,2019-04-01,1,0.741529653913,0.6644247856182881,0.007071784809282186,0.512033618544632,0.6294459601131378
final-final-SME14109-024517,final-SME14109,Manufacturing,2019-01-01,1,0.31529785454,0.5682134758361816,0.00564723622849033,0.46364509261063597,0.5646713534102383
final-final-SME14117-024528,final-SME14117,Retail,2018-10-01,1,0.923234774453,0.7407340323545821,0.010181535954775141,0.7184271649850346,0.7341940430101813
final-final-SME14121-024533,final-SME14121,Construction,2020-01-01,1,0.911245436318,0.7724356012185267,0.009411338837702475,0.7925568365842914,0.7669116537466367
final-final-SME14121-024534,final-SME14121,Construction,2020-01-01,1,0.870893898033,0.7930558857269825,0.00887606233024908,0.7601833750640554,0.7669116537466367
final-final-SME14141-024561,final-SME14141,Services,2018-07-01,1,0.599265965521,0.6058584918408487,0.006019539678650336,0.45053508250292146,0.6228464280264516
final-final-SME14143-024566,final-SME14143,Retail,2020-07-01,1,0.957637255194,0.7922878695854281,0.009382461547774269,0.6616013808126118,0.75139800286185
final-final-SME14145-024570,final-SME14145,Technology,2019-10-01,0,0.745121737187,0.5132935868618871,0.010486361586027376,0.6016861956231349,0.4928870017367678
final-final-SME14146-024572,final-SME14146,Technology,2019-01-01,1,0.333415607441,0.653044114830589,0.011186651578848898,0.5250530202636827,0.6898925802409692
final-final-SME14147-024574,final-SME14147,Technology,2019-01-01,1,0.222682908513,0.7173719106337989,0.007988044499154164,0.5749703408710036,0.7243899190499662
final-final-SME14151-024580,final-SME14151,Retail,2020-04-01,1,0.280258880713,0.7901188758341874,0.009357476113619534,0.8103349511838023,0.755471680588179
final-final-SME14156-024588,final-SME14156,Transport,2018-10-01,0,0.418259592462,0.3706977648254791,0.00407235130410372,0.38599509837256624,0.3736352531886786
final-final-SME14158-024590,final-SME14158,Hospitality,2020-01-01,0,0.641491925432,0.5781333382827851,0.010479879807252577,0.6116560289652945,0.5618384871162422
final-final-SME14160-024596,final-SME14160,Retail,2020-10-01,0,0.150354253943,0.5063234574139716,0.010564376235190126,0.588626584515445,0.4838976700914611
final-final-SME14166-024608,final-SME14166,Technology,2018-04-01,0,0.652345155162,0.4858766748876361,0.007901311913962627,0.49830264054924966,0.4804190320839616
final-final-SME14168-024612,final-SME14168,Transport,2020-07-01,1,0.823926488634,0.7799356125898846,0.005072766008782919,0.6698884496607429,0.7792249966439312
final-final-SME14170-024615,final-SME14170,Hospitality,2018-04-01,0,0.426867399988,0.4073942357218894,0.005304148811688483,0.36903398305717805,0.39910898230308156
final-final-SME14175-024623,final-SME14175,Construction,2018-01-01,1,0.55791850249,0.6055924386802325,0.00455148602468595,0.5291476263929615,0.576210045026969
final-final-SME14177-024628,final-SME14177,Retail,2019-10-01,1,0.429575620644,0.42722349942530685,0.005165083966629127,0.3393949831205378,0.48752587930315966
final-final-SME14178-024629,final-SME14178,Services,2019-10-01,0,0.768811476238,0.6303077308847757,0.0074290761480623226,0.6628596530805047,0.5287557881421575
final-final-SME14182-024637,final-SME14182,Retail,2020-07-01,1,0.864606301592,0.7977618224089705,0.00906117054266758,0.7187875545534466,0.7523301036228579
final-final-SME14183-024640,final-SME14183,Construction,2020-10-01,0,0.503275998452,0.39792451421103137,0.0062626613409354935,0.4123583807388911,0.4340669292613922
final-final-SME14185-024643,final-SME14185,Services,2020-04-01,0,0.939564992308,0.7240086417861469,0.00897007770112812,0.7386906938151603,0.658977729306541
final-final-SME14195-024664,final-SME14195,Manufacturing,2019-10-01,0,0.743781055434,0.6903000807007814,0.009635838972849576,0.7326855236545209,0.6255521749834168
final-final-SME14197-024667,final-SME14197,Transport,2018-04-01,0,0.353404787953,0.37219393209751866,0.003689966895426345,0.33749485992601896,0.38512406571433133
final-final-SME14209-024687,final-SME14209,Transport,2019-01-01,1,0.565263214917,0.5214271324214161,0.004430639370053645,0.4006843244191751,0.5550607260064662
final-final-SME14212-024692,final-SME14212,Services,2019-04-01,0,0.669396058441,0.5245585416584961,0.007020966751229574,0.632779013089304,0.4800619145289662
final-final-SME14218-024703,final-SME14218,Manufacturing,2019-04-01,1,0.236927738375,0.2326415357720157,0.0039026686353034246,0.16581487876743797,0.25727220742994317
final-final-SME14219-024704,final-SME14219,Manufacturing,2019-10-01,0,0.519030867244,0.40258934408808283,0.008201657685222075,0.464360484249361,0.4204775002369781
final-final-SME14221-024709,final-SME14221,Services,2019-10-01,0,0.246156078769,0.5166183681506629,0.008585633048200758,0.5969924668335381,0.5619031515504451
final-final-SME14239-024747,final-SME14239,Technology,2018-04-01,0,0.598595425976,0.5258630457296101,0.010956032585915494,0.58758981371052,0.5209679220250755
final-final-SME14243-024753,final-SME14243,Transport,2018-04-01,0,0.396643606976,0.3677164676081527,0.0041304523392527645,0.4150407575269519,0.3968534030098448
final-final-SME14244-024756,final-SME14244,Retail,2019-10-01,1,0.765181385709,0.7751597227334885,0.009142763853960257,0.6697766317202998,0.7242717587949545
final-final-SME14252-024768,final-SME14252,Services,2019-07-01,0,0.552552789863,0.5220103169468979,0.00424836970073571,0.444953006350633,0.5003624580585707
final-final-SME14258-024780,final-SME14258,Services,2020-01-01,0,0.282722303264,0.19068914736241624,0.0035593384345148226,0.24773170153566712,0.25203695292787964
final-final-SME14280-024822,final-SME14280,Construction,2018-04-01,1,0.243434418039,0.3260416432908818,0.0016420560267041435,0.30469474249295736,0.402067128494054
final-final-SME14280-024823,final-SME14280,Construction,2018-04-01,1,0.335301000017,0.5344035431650369,0.004984894078497339,0.35712389897183927,0.5177638912447582
final-final-SME14289-024839,final-SME14289,Services,2018-10-01,0,0.656080768454,0.5963199818615785,0.010605019832021738,0.670186998647123,0.6077025542105791
final-final-SME14297-024855,final-SME14297,Transport,2018-01-01,1,0.865251337051,0.7680899539182292,0.009256883014022502,0.827160430341995,0.7269061295712482
final-final-SME14300-024860,final-SME14300,Services,2020-10-01,1,0.0625755117382,0.08164782081587378,0.0022604346304076713,0.029317297966909208,0.13623759761615284
final-final-SME14309-024876,final-SME14309,Technology,2019-10-01,0,0.572575017412,0.4831944699102158,0.004877423415591031,0.4640588843884129,0.44749075379953757
final-final-SME14314-024886,final-SME14314,Construction,2019-10-01,1,0.736043453365,0.6240352026870185,0.008336571557335876,0.5427667841781464,0.619690034241517
final-final-SME14317-024889,final-SME14317,Transport,2018-01-01,1,0.57261984066,0.5741162392007124,0.006661057451257253,0.5124510773998462,0.576831892688092
final-final-SME14318-024892,final-SME14318,Construction,2019-10-01,1,0.379237932589,0.347136049360903,0.005507186463326278,0.25591193534712137,0.3138103695968528
final-final-SME14320-024895,final-SME14320,Retail,2019-10-01,1,0.31872669074,0.7426983517258079,0.009858797926035258,0.5740565606401423,0.6897629521955114
final-final-SME14322-024898,final-SME14322,Technology,2018-01-01,0,0.207897548618,0.29917624701886014,0.005813162600728548,0.4289341298146509,0.35151496057593545
final-final-SME14324-024902,final-SME14324,Transport,2019-07-01,1,0.436615597957,0.37248000597306147,0.0039015295162942503,0.2694169680541874,0.45774469171521526
final-final-SME14328-024910,final-SME14328,Services,2018-01-01,1,0.638068420408,0.652994627987594,0.010338424287520093,0.6239362814030016,0.6305131000853461
final-final-SME14336-024924,final-SME14336,Services,2018-10-01,0,0.451845706432,0.4484299248851503,0.007239033809779836,0.46681058007226034,0.4404149112901377
final-final-SME14338-024928,final-SME14338,Hospitality,2018-01-01,1,0.302491485711,0.3636508134805898,0.0034074704413500152,0.2675878804282736,0.39905905929145374
final-final-SME14341-024932,final-SME14341,Retail,2020-07-01,1,0.815141293777,0.7004401722049262,0.009997762976038662,0.5435712943778276,0.6731289510950906
final-final-SME14351-024948,final-SME14351,Construction,2019-01-01,1,0.351011297685,0.36673587857990125,0.0026866869308293465,0.3198302857834859,0.4569541219753332
final-final-SME14352-024951,final-SME14352,Hospitality,2019-04-01,1,0.264267110948,0.7029432333754977,0.010033378857883416,0.6827714196374169,0.6710786488820719
final-final-SME14364-024969,final-SME14364,Services,2019-10-01,0,0.285855776582,0.2696214624013564,0.004269410064679684,0.10739175807280694,0.1594601937648809
final-final-SME14368-024975,final-SME14368,Transport,2019-01-01,1,0.277051039378,0.2393159785848235,0.001606543101521777,0.11267743480957601,0.27257301291626695
final-final-SME14383-024999,final-SME14383,Manufacturing,2020-04-01,1,0.742529529312,0.7588095768927332,0.009366269264195388,0.7419238544242058,0.7107715214269167
final-final-SME14385-025004,final-SME14385,Retail,2020-07-01,1,0.520184861112,0.5984281195599112,0.005852168880783875,0.4139749920585686,0.5528419741433517
final-final-SME14386-025008,final-SME14386,Hospitality,2018-01-01,1,0.306681264446,0.4591145363312782,0.006319330919163155,0.3243345830982832,0.45713903921184834
final-final-SME14390-025013,final-SME14390,Services,2018-07-01,1,0.403564219797,0.4452780290012737,0.0033085137826900737,0.2274372688293087,0.4402119153008498
final-final-SME14393-025017,final-SME14393,Technology,2018-10-01,1,0.584192581365,0.5186682496317621,0.005399207021075939,0.3698120269793764,0.5068127348124878
final-final-SME14396-025023,final-SME14396,Retail,2019-07-01,1,0.27479536449,0.3644614854729825,0.0037975079273284418,0.22413276083779138,0.4253395991262228
final-final-SME14397-025025,final-SME14397,Technology,2019-04-01,0,0.783807482098,0.5808934601008333,0.010432506607632359,0.6303091168662143,0.5963869580645725
final-final-SME14398-025026,final-SME14398,Manufacturing,2018-01-01,1,0.26560726583,0.3003889086782602,0.003053048639937303,0.23578383822448062,0.37911510806853743
final-final-SME14402-025036,final-SME14402,Construction,2018-07-01,1,0.24210750133,0.3834582713630256,0.005296269232014631,0.3006907789206791,0.3868380659328372
final-final-SME14402-025038,final-SME14402,Construction,2018-07-01,1,0.811334237443,0.559795898618506,0.011257609058430838,0.5159847241764461,0.572160895717912
final-final-SME14414-025059,final-SME14414,Technology,2019-10-01,0,0.562460698846,0.3694891376978093,0.005996942253901155,0.45986170340723853,0.38823661482149385
final-final-SME14417-025068,final-SME14417,Services,2018-01-01,1,0.410045610371,0.3942506139894123,0.0016576055612361259,0.3898174871014664,0.46560969597072577
final-final-SME14423-025079,final-SME14423,Manufacturing,2020-01-01,0,0.232531424935,0.461516676321008,0.007800928184822144,0.4657641242455883,0.5055376069299461
final-final-SME14425-025083,final-SME14425,Technology,2019-07-01,0,0.171688576824,0.25236079343995854,0.00373938928632796,0.35113226849563584,0.4160528173202536
final-final-SME14429-025088,final-SME14429,Services,2019-10-01,0,0.492030550341,0.5220924386560765,0.0037390004650136215,0.39061656752305784,0.4841469015937816
final-final-SME14445-025114,final-SME14445,Services,2018-04-01,1,0.823065600923,0.6944290201791032,0.009313500933001498,0.5996603117713444,0.6717730313480831
final-final-SME14459-025140,final-SME14459,Services,2020-10-01,1,0.388096977049,0.4244949512335138,0.003742682286527026,0.3296357830387294,0.4298475731983208
final-final-SME14466-025151,final-SME14466,Manufacturing,2019-07-01,1,0.746798037007,0.6764927864299778,0.010284165826445509,0.6301314175463915,0.6696713867461115
final-final-SME14472-025162,final-SME14472,Retail,2020-10-01,0,0.503313291683,0.5461390335804369,0.008081001827013008,0.6394379717954365,0.541918642195626
final-final-SME14486-025189,final-SME14486,Retail,2020-10-01,0,0.71303433962,0.47753867037382275,0.010882085817345209,0.5811188984260698,0.4573343230194076
final-final-SME14487-025190,final-SME14487,Technology,2019-01-01,1,0.8581553886,0.6582561008898611,0.007931077316807833,0.5529252407805862,0.6867604918201503
final-final-SME14495-025204,final-SME14495,Retail,2020-01-01,1,0.306961285253,0.40008528798517384,0.004006839813984477,0.3039991041865011,0.45384700475496165
final-final-SME14502-025218,final-SME14502,Services,2020-04-01,0,0.215193552138,0.62149996483233,0.010669477475228383,0.6638940503787765,0.6085680912315672
final-final-SME14505-025227,final-SME14505,Retail,2018-04-01,1,0.738396780115,0.6065194253221509,0.007197692544198619,0.5105923509786114,0.6321567892861509
final-final-SME14507-025231,final-SME14507,Retail,2018-04-01,1,0.708312462932,0.7409256780337498,0.009910581984745164,0.6498894012683057,0.7082431627020231
final-final-SME14512-025239,final-SME14512,Transport,2018-10-01,0,0.276167150911,0.42027162730392226,0.005692480882315292,0.3937241170141449,0.42837099751724267
final-final-SME14518-025249,final-SME14518,Hospitality,2019-01-01,1,0.720525531841,0.6630318225791006,0.004668313865409015,0.5827283695257637,0.6732858162728708
final-final-SME14520-025253,final-SME14520,Transport,2018-01-01,1,0.0480221781405,0.06183792221138856,0.0009369848183807108,0.028251190150963792,0.05738331348870501
final-final-SME14524-025259,final-SME14524,Services,2018-04-01,1,0.714569986717,0.7670236230606249,0.009887124783291113,0.6515511085094003,0.7342491484433298
final-final-SME14525-025261,final-SME14525,Manufacturing,2019-04-01,1,0.790775702867,0.7103735149774688,0.008745375226703668,0.6479416015980352,0.7163061961226395
final-final-SME14531-025273,final-SME14531,Manufacturing,2018-04-01,1,0.720197162557,0.550593331641767,0.008388724390594137,0.4404799381728566,0.6063876558683493
final-final-SME14539-025287,final-SME14539,Construction,2018-04-01,1,0.261953295003,0.36299502618746626,0.003754254534457477,0.2467157023485309,0.419018169745593
final-final-SME14550-025308,final-SME14550,Manufacturing,2018-04-01,1,0.473232022698,0.5410489781998667,0.005748500948410986,0.38942742174952544,0.5162344196563574
final-final-SME14551-025311,final-SME14551,Transport,2018-01-01,1,0.878398433274,0.7501157552113311,0.008947989856573975,0.6686256620849869,0.7183573699658958
final-final-SME14554-025315,final-SME14554,Construction,2018-10-01,1,0.607162229102,0.5585044770831868,0.006355398267057663,0.5072152077350297,0.6040684277895682
final-final-SME14559-025323,final-SME14559,Hospitality,2019-07-01,0,0.581640678012,0.4563682815378548,0.005687540792154204,0.42587213913782596,0.3811395993119558
final-final-SME14559-025324,final-SME14559,Hospitality,2019-07-01,0,0.562120864214,0.5807029375878319,0.0063974320595047325,0.4920521906767907,0.5026894492419056
final-final-SME14564-025333,final-SME14564,Construction,2018-10-01,1,0.499472828746,0.5369028356827843,0.006897833070613949,0.5013937263505153,0.5676284918644169
final-final-SME14564-025334,final-SME14564,Construction,2018-10-01,1,0.676075491717,0.6106302440444402,0.007076681665207936,0.5643896900271039,0.6609220286025113
final-final-SME14565-025335,final-SME14565,Retail,2020-10-01,0,0.514810004975,0.4571785864575065,0.0048634706219624945,0.47153568588899836,0.43980775450832704
final-final-SME14569-025343,final-SME14569,Construction,2020-01-01,1,0.0913813094321,0.10336133955338608,0.002686510930378207,0.12459265165440477,0.1600403092611916
final-final-SME14575-025354,final-SME14575,Services,2018-04-01,1,0.683251842644,0.7200285233243391,0.009615997632696802,0.5572942845602218,0.6609322509220362
final-final-SME14579-025360,final-SME14579,Construction,2020-04-01,0,0.526666675126,0.46778904922035053,0.0062689808049313355,0.44297041118761044,0.4868072272424681
final-final-SME14610-025417,final-SME14610,Retail,2019-04-01,1,0.303838396754,0.3143818355973624,0.0035070019293508125,0.31985208163022916,0.42857692470620107
final-final-SME14612-025422,final-SME14612,Construction,2019-07-01,0,0.101140002718,0.16097159307570785,0.0029105622676124285,0.1176685902804945,0.20059689792063215
final-final-SME14612-025423,final-SME14612,Construction,2019-07-01,0,0.283428210846,0.18396097824268742,0.0034292520644311733,0.13035091393542259,0.20059689792063215
final-final-SME14618-025434,final-SME14618,Manufacturing,2019-01-01,1,0.259891056997,0.5127249729789701,0.008418139260911553,0.45857199488678674,0.5459619210587587
final-final-SME14622-025440,final-SME14622,Construction,2019-04-01,0,0.765529346231,0.5413181742052147,0.010438656387623473,0.5930029934378954,0.5484270593545062
final-final-SME14626-025448,final-SME14626,Manufacturing,2019-07-01,1,0.212729525178,0.5862637148484622,0.007892239422321423,0.47173462012088885,0.6373642907543121
final-final-SME14656-025499,final-SME14656,Manufacturing,2020-07-01,0,0.324302018933,0.2560729235368332,0.0020438218431185658,0.20773707898745367,0.25668737531992086
final-final-SME14658-025504,final-SME14658,Retail,2019-04-01,1,0.402043587773,0.368525170078181,0.0024806983016304345,0.31619606710619447,0.4006232117427653
final-final-SME14661-025507,final-SME14661,Retail,2018-07-01,1,0.592485043103,0.4432251003614467,0.006893134187885659,0.35176718172535526,0.4072212381837608
final-final-SME14663-025511,final-SME14663,Services,2019-10-01,0,0.179083000002,0.101027949806619,0.002710918184312114,0.05780035131671923,0.1693387757559374
final-final-SME14663-025512,final-SME14663,Services,2019-10-01,0,0.0603958197703,0.14493823930517608,0.003333725603043275,0.064456618339009,0.1693387757559374
final-final-SME14665-025516,final-SME14665,Transport,2019-10-01,1,0.0712529499386,0.10818617502739925,0.002747385909205715,0.055212865048060014,0.22209432987604236
final-final-SME14667-025519,final-SME14667,Manufacturing,2018-01-01,1,0.765693994069,0.6276691223291352,0.010800959151266372,0.6135039232922623,0.6436821182349853
final-final-SME14668-025522,final-SME14668,Manufacturing,2019-07-01,1,0.650647734129,0.5126294652282308,0.006103287709795135,0.35026888420944086,0.47600775048943206
final-final-SME14669-025523,final-SME14669,Manufacturing,2018-10-01,1,0.462766996519,0.44587390346964273,0.003963709111033029,0.3524453886544931,0.47737143367027846
final-final-SME14670-025527,final-SME14670,Retail,2020-10-01,0,0.110338823023,0.21169726009271,0.0032493507388228846,0.2596986072627418,0.2971194570306118
final-final-SME14684-025551,final-SME14684,Construction,2019-04-01,0,0.169817739371,0.38201430674298287,0.007917594732903667,0.44532053744893674,0.4170440539417062
final-final-SME14685-025553,final-SME14685,Services,2019-04-01,0,0.112873658034,0.4696565149334472,0.010235761201832939,0.5583548154030309,0.4722522568814964
final-final-SME14703-025584,final-SME14703,Retail,2019-07-01,1,0.592938927746,0.504759795818216,0.00505979684775891,0.33988056499548064,0.5029921099096697
final-final-SME14705-025590,final-SME14705,Services,2019-07-01,0,0.3385436772,0.3730495647023906,0.0037672986532901773,0.38052214007778884,0.4161630144480758
final-final-SME14706-025592,final-SME14706,Retail,2019-07-01,1,0.663724666632,0.5766187939903542,0.0066450956108263974,0.48674276691473983,0.5727414086308458
final-final-SME14710-025596,final-SME14710,Services,2018-04-01,1,0.407168850476,0.4047185376001383,0.003591085579479783,0.23642825176502988,0.43783512585966444
final-final-SME14715-025603,final-SME14715,Construction,2019-07-01,0,0.145379102239,0.18239492691882211,0.0033949850673385754,0.08526967329011646,0.2088385114318359
final-final-SME14724-025618,final-SME14724,Services,2020-01-01,0,0.43821507389,0.48862609124862566,0.005219570606598356,0.5778538597333797,0.5353273535075469
final-final-SME14727-025623,final-SME14727,Services,2018-01-01,1,0.867700624588,0.7899207050353232,0.008999385159799696,0.8265578808937711,0.738814733088429
final-final-SME14732-025632,final-SME14732,Services,2018-04-01,1,0.416808128515,0.31868220992245194,0.005497387816948992,0.21630169228855192,0.3543177873003624
final-final-SME14735-025636,final-SME14735,Retail,2018-10-01,1,0.214367001992,0.15186841144509852,0.0036411661422710365,0.10719916403987488,0.18403655947842015
final-final-SME14738-025639,final-SME14738,Manufacturing,2018-07-01,1,0.845367108031,0.7520756554294445,0.009241537250882151,0.7187875545534466,0.7424342440267399
final-final-SME14743-025646,final-SME14743,Services,2020-07-01,0,0.308754107277,0.44689417604906456,0.004197030424093994,0.4205275048430649,0.44736677702244804
final-final-SME14743-025647,final-SME14743,Services,2020-07-01,0,0.412688239459,0.43552621248204904,0.003917686948945696,0.3940387227118742,0.4405739564508654
final-final-SME14750-025658,final-SME14750,Construction,2018-04-01,1,0.805371361314,0.7490645533191107,0.009220228558961853,0.6823442548386682,0.7250953015348565
final-final-SME14752-025660,final-SME14752,Manufacturing,2018-04-01,1,0.690671894788,0.6033975943111687,0.00869228297471965,0.4999780591954628,0.6592986177584013
final-final-SME14759-025673,final-SME14759,Services,2020-07-01,0,0.84527671273,0.5114640372147015,0.010872243918910661,0.571294645280101,0.5123161077302159
final-final-SME14763-025679,final-SME14763,Construction,2019-01-01,1,0.258432397499,0.5778820151671116,0.009345501928586719,0.49384739123454663,0.5371565488631858
final-final-SME14767-025686,final-SME14767,Manufacturing,2020-07-01,0,0.312919904822,0.28809005776150254,0.0031422060865700504,0.2804591226851564,0.3025463347685403
final-final-SME14770-025690,final-SME14770,Transport,2018-10-01,0,0.203941000242,0.2593555348416211,0.002900449918462425,0.32141429856066234,0.3273987814032727
final-final-SME14771-025693,final-SME14771,Hospitality,2018-10-01,1,0.500635524997,0.49677186281532715,0.004004704112532694,0.36196370463618455,0.5575887797362143
final-final-SME14774-025697,final-SME14774,Manufacturing,2019-01-01,1,0.71994783344,0.7640262630827138,0.008932361589242445,0.6664437604145123,0.7480667308428436
final-final-SME14776-025700,final-SME14776,Construction,2020-01-01,1,0.486897405977,0.46872937541862,0.004166369695294837,0.38512991750388853,0.4994548225132146
final-final-SME14784-025720,final-SME14784,Retail,2019-10-01,1,0.650724422786,0.7741985859949878,0.009009620251419072,0.6255704724078572,0.6969842689029041
final-final-SME14786-025723,final-SME14786,Services,2019-01-01,0,0.27958113588,0.2792526119184823,0.00284606399817117,0.2692169087423895,0.318087938643648
final-final-SME14800-025743,final-SME14800,Retail,2020-01-01,1,0.584308502607,0.5688425025368831,0.005451346839402002,0.4168312541994455,0.553807172033414
final-final-SME14803-025747,final-SME14803,Retail,2018-01-01,1,0.816031451096,0.7544399121240971,0.00944756635411184,0.6942792510866559,0.7129853723364913
final-final-SME14808-025758,final-SME14808,Manufacturing,2018-07-01,1,0.784400795215,0.6358493709406465,0.006847870760727678,0.5506400988176702,0.6571463496693278
final-final-SME14817-025774,final-SME14817,Technology,2019-07-01,0,0.547285340337,0.4918558800474645,0.010360724193940813,0.5513393821647181,0.5161640826744319
final-final-SME14819-025778,final-SME14819,Services,2019-07-01,0,0.559481798337,0.4606674439558777,0.0042872114430896075,0.40856870487302294,0.44626171842955464
final-final-SME14829-025795,final-SME14829,Transport,2019-01-01,1,0.854188572514,0.6835932163797178,0.01046998356603301,0.5283664024281849,0.704899670938512
final-final-SME14840-025816,final-SME14840,Construction,2020-01-01,1,0.569316983747,0.5665997359273314,0.006566301246758881,0.48925960397904267,0.5594566890432988
final-final-SME14848-025826,final-SME14848,Retail,2020-04-01,1,0.698033678429,0.6508058725328194,0.0075404941866575766,0.6176309781087651,0.6620560316592617
final-final-SME14851-025832,final-SME14851,Manufacturing,2020-10-01,0,0.540567265949,0.47551882269963797,0.00475394854424001,0.4231156039261528,0.4774201902883584
final-final-SME14857-025839,final-SME14857,Retail,2019-07-01,1,0.935764901362,0.6436847104442646,0.01067021512026516,0.5978979779281384,0.6521207275898439
final-final-SME14860-025846,final-SME14860,Services,2020-04-01,0,0.435089199445,0.47476083721501516,0.00445051832901673,0.4969553004318812,0.485919410021266
final-final-SME14860-025847,final-SME14860,Services,2020-04-01,0,0.511605631582,0.5204480912306234,0.005463349115983401,0.46184855211338943,0.485919410021266
final-final-SME14861-025849,final-SME14861,Services,2019-01-01,0,0.384444486601,0.4036160907181424,0.0034011294767351177,0.38463885353944033,0.41124517097079016
final-final-SME14865-025858,final-SME14865,Services,2018-04-01,1,0.724920255791,0.6682516615053358,0.003969914694379435,0.46657697649021557,0.6320570394580745
final-final-SME14869-025864,final-SME14869,Services,2019-04-01,0,0.218657134264,0.42836288346901485,0.00563775805014493,0.432344177483402,0.4097181378749255
final-final-SME14872-025871,final-SME14872,Transport,2019-04-01,1,0.248628681829,0.3396395993385197,0.0029795369411740567,0.22027058295528154,0.3084418082014786
final-final-SME14880-025886,final-SME14880,Retail,2020-04-01,1,0.641268211129,0.6052340786584798,0.006312657521541514,0.5027738874703132,0.587084007251369
final-final-SME14882-025889,final-SME14882,Services,2020-07-01,0,0.552919652989,0.5298058734151297,0.009310604392353962,0.6293843047453115,0.5348212251674008
final-final-SME14888-025896,final-SME14888,Manufacturing,2019-10-01,0,0.464888245994,0.3383565873032398,0.003343999222415,0.2590950837056337,0.3159223478864533
final-final-SME14891-025902,final-SME14891,Services,2018-07-01,1,0.637207467482,0.5673169274838844,0.0042896959228478585,0.35146900647279156,0.5181058453974813
final-final-SME14901-025915,final-SME14901,Manufacturing,2020-10-01,0,0.0779025012777,0.15059207945869582,0.003043116989702635,0.1429175751687027,0.20098166028310424
final-final-SME14903-025919,final-SME14903,Services,2019-04-01,0,0.633947449041,0.3727644171987372,0.010113106173642342,0.4838222824581745,0.4451049421289553
final-final-SME14906-025926,final-SME14906,Manufacturing,2019-07-01,1,0.398746062374,0.3455809009620411,0.004209626293563008,0.23290186145032937,0.3817835578588212
final-final-SME14918-025946,final-SME14918,Retail,2019-04-01,1,0.236544527686,0.5867710111921505,0.011077352473592273,0.580704529302396,0.5934718001742353
final-final-SME14919-025947,final-SME14919,Construction,2019-01-01,1,0.734014378815,0.7125980997486342,0.01015939549915967,0.628165980062582,0.7162487166851361
final-final-SME14925-025955,final-SME14925,Manufacturing,2018-10-01,1,0.629211869899,0.5344075939774513,0.0046347033767503215,0.4116478707307906,0.5121555674100107
final-final-SME14925-025956,final-SME14925,Manufacturing,2018-10-01,1,0.468632678794,0.4582874177455851,0.002878218434150938,0.34211792637576444,0.443600853516354
final-final-SME14930-025963,final-SME14930,Services,2020-10-01,1,0.516492435558,0.4521679022124022,0.003570068486811202,0.30106802554061574,0.3418380026998124
final-final-SME14932-025967,final-SME14932,Services,2018-01-01,1,0.642102996144,0.6892039421459004,0.010008418153605706,0.6640946272251594,0.6915873474027502
final-final-SME14934-025971,final-SME14934,Technology,2018-07-01,0,0.176768157285,0.537980549641774,0.010610836963915213,0.6479510111822374,0.544328578357956
final-final-SME14946-025990,final-SME14946,Retail,2020-07-01,1,0.742103481889,0.5909389521163113,0.009877250705255622,0.5066619201002451,0.5749581873748867
final-final-SME14948-025994,final-SME14948,Services,2020-07-01,0,0.241325093309,0.40540398430457636,0.004330481010892039,0.419203166560178,0.41502479453357777
final-final-SME14961-026019,final-SME14961,Construction,2018-10-01,1,0.245054062053,0.24436668444502055,0.001626786122488524,0.18765385410419927,0.2770258712108583
final-final-SME14964-026023,final-SME14964,Construction,2019-10-01,1,0.822288285969,0.6347398979179537,0.00876729211611862,0.5742507855716074,0.634985872170579
final-final-SME14969-026033,final-SME14969,Retail,2018-04-01,1,0.803828768171,0.6172995866328201,0.011184770147011025,0.5884156383015622,0.6643262666027385
final-final-SME14981-026051,final-SME14981,Retail,2018-07-01,1,0.0658043702561,0.0576050059240541,0.00048159540050689477,0.0,0.023494505122357952
final-final-SME14982-026055,final-SME14982,Retail,2018-01-01,1,0.836198612455,0.7537807415061575,0.009843816438010775,0.682721481299417,0.7467004157376944
final-final-SME14983-026056,final-SME14983,Manufacturing,2018-01-01,1,0.183632501141,0.7096508236178043,0.009432257391198422,0.6597785189062868,0.714258533346694
final-final-SME14984-026058,final-SME14984,Retail,2018-04-01,1,0.572212035635,0.4801433720538204,0.004559704707246113,0.38328049697390737,0.5182650673764848
final-final-SME14984-026059,final-SME14984,Retail,2018-04-01,1,0.450315409738,0.38496270250231507,0.0031355829504551313,0.277566739989808,0.42106712282030045
final-final-SME14985-026060,final-SME14985,Construction,2020-07-01,0,0.32167386734,0.2557672314140211,0.0029885007194604273,0.31319293020970573,0.30983451171028126
final-final-SME14993-026077,final-SME14993,Retail,2020-10-01,0,0.204100403966,0.32772791130915857,0.0064643538738210025,0.33592998848440475,0.35487846750140334
final-final-SME14995-026080,final-SME14995,Retail,2020-10-01,0,0.780571965861,0.49470958891917877,0.010743992907510743,0.5741946843586804,0.4884386612576565
final-final-SME14998-026085,final-SME14998,Services,2020-04-01,0,0.745636164989,0.587478301138303,0.010656549687706404,0.6395894756877254,0.5348627538654738
final-final-SME14999-026087,final-SME14999,Transport,2018-07-01,0,0.212588521598,0.20962692134254826,0.0016181370259948857,0.19539484460763978,0.18966540097674736
