cohort,model,group,n,macro_clusters,mean_prediction,mean_realized,mean_conditional,conditional_bias,conditional_bias_se,conditional_rmse,mae,rmse,bias,scenario,role
current,r1,all,8695,7,0.5205818922154768,0.5190055152353896,0.5195674083099386,0.0010144839055381636,0.003387043358198439,0.03373909230083274,0.12465965733977762,0.16849903633399269,0.0015763769800870781,baseline,KNOWN ENGINEERING ONLY
current,r1,regime:0,2305,2,0.4316856903846043,0.4335729283325506,0.43595616414887267,-0.004270473764268363,0.0046786261582838305,0.03278117873901794,0.13203908031336534,0.1722064262868351,-0.0018872379479462759,baseline,KNOWN ENGINEERING ONLY
current,r1,regime:1,6390,5,0.552648519010494,0.5498227472871962,0.5497276458359569,0.002920873174537231,0.0040380181044996025,0.034078023142548534,0.12199775280861647,0.16714152646250474,0.002825771723297857,baseline,KNOWN ENGINEERING ONLY
current,r1,collateral_type:Cash,842,7,0.18960975769307595,0.19429376153908123,0.19607961057368356,-0.006469852880607645,0.005863014356583763,0.04873908993851742,0.07310982796821344,0.09542216950334022,-0.004684003846005294,baseline,KNOWN ENGINEERING ONLY
current,r1,collateral_type:Mortgage,3049,7,0.476875280861423,0.4801564200654693,0.47992106246673094,-0.003045781605308024,0.005707217848750485,0.035034741540338775,0.08935333497960238,0.1135453816477289,-0.003281139204046379,baseline,KNOWN ENGINEERING ONLY
current,r1,collateral_type:Other,1674,7,0.5477648766705268,0.5485284480620242,0.5468828772696263,0.0008819994009005065,0.0038129074579992283,0.030613036460854556,0.12922361021218814,0.16675262299064209,-0.0007635713914974187,baseline,KNOWN ENGINEERING ONLY
current,r1,collateral_type:Unsecured,3130,7,0.6376539942310097,0.6284102431055472,0.6306001045180375,0.007053889712972104,0.0021201377973323744,0.02874550378518111,0.17047878708374437,0.22134044084364804,0.009243751125462519,baseline,KNOWN ENGINEERING ONLY
current,r1,product_type:Financial Guarantee,367,7,0.5454284337912206,0.5455469072638512,0.5409615718815655,0.00446686190965525,0.004106841635744107,0.03454270519505194,0.12677346463720038,0.16847699868006713,-0.00011847347263060944,baseline,KNOWN ENGINEERING ONLY
current,r1,product_type:Import LC,831,7,0.544775064024582,0.5430109018255675,0.5423165214960688,0.0024585425285131523,0.003919701593490051,0.035285957687776294,0.12313718145505989,0.16729443377021355,0.001764162199014504,baseline,KNOWN ENGINEERING ONLY
current,r1,product_type:OVD,2848,7,0.5426994192970427,0.5380948317641977,0.5427379658097599,-3.85465127172592e-05,0.003000725392466538,0.03294060624765641,0.12977236359627786,0.17495349702195034,0.004604587532844931,baseline,KNOWN ENGINEERING ONLY
current,r1,product_type:Performance Guarantee,658,7,0.5452132098054759,0.5420545279033333,0.5400978081978606,0.005115401607615322,0.0031284764588767767,0.03215944373465769,0.12348869611130446,0.1690063650374345,0.0031586819021426583,baseline,KNOWN ENGINEERING ONLY
current,r1,product_type:Term Loan,3991,7,0.49341543502825963,0.494144129382111,0.49294377464063144,0.00047166038762823777,0.003594394246768359,0.03414974874287222,0.12132688742042627,0.16391058616666762,-0.000728694353851345,baseline,KNOWN ENGINEERING ONLY
current,r1,industry:Construction,1077,1,0.5320885115120471,0.5320008312690064,0.5320439009141121,4.461059793485681e-05,,0.032265693767723286,0.12175344558038632,0.16558960344441118,8.768024304049268e-05,baseline,KNOWN ENGINEERING ONLY
current,r1,industry:Hospitality,668,1,0.513013445127839,0.5247971330939042,0.5197120236289038,-0.006698578501064793,,0.03232275659717485,0.12770045303196648,0.17025493414705822,-0.01178368796606518,baseline,KNOWN ENGINEERING ONLY
current,r1,industry:Manufacturing,1661,1,0.44708497659706214,0.4517467992349149,0.4546017577950585,-0.007516781197996306,,0.03407569637046565,0.13574598006027838,0.17614089225189558,-0.004661822637852717,baseline,KNOWN ENGINEERING ONLY
current,r1,industry:Retail,1629,1,0.570302466584562,0.5578271325429582,0.559770371410642,0.010532095173919795,,0.035247502212144545,0.121173497412864,0.16743804791168507,0.012475334041603612,baseline,KNOWN ENGINEERING ONLY
current,r1,industry:Services,2128,1,0.5544509229982989,0.5598711274733427,0.5581857153766705,-0.0037347923783715075,,0.03322700349549238,0.12201094170686307,0.16533683807397623,-0.005420204475043755,baseline,KNOWN ENGINEERING ONLY
current,r1,industry:Technology,644,1,0.39196796616272145,0.3866990159585953,0.38786558798999893,0.004102378172722498,,0.029178472564466425,0.12247827211519355,0.16161718161397817,0.005268950204126078,baseline,KNOWN ENGINEERING ONLY
current,r1,industry:Transport,888,1,0.5706953221019762,0.5514997937004322,0.5550626199027785,0.015632702199197712,,0.03719337646505559,0.11948464605165472,0.17037678802785183,0.019195528401543982,baseline,KNOWN ENGINEERING ONLY
current,r1,lien_rank:First,3026,7,0.3794554114893742,0.38416724093642063,0.38349761609547534,-0.004042204606101134,0.005037214981468741,0.039199823918710394,0.09312831599686235,0.12219966502946533,-0.0047118294470464344,baseline,KNOWN ENGINEERING ONLY
current,r1,lien_rank:Second,2539,7,0.5444546970081385,0.5448360862456644,0.5448588033905278,-0.00040410638238925524,0.004781969473496821,0.03237716665952113,0.10575456194987826,0.13797840593649258,-0.0003813892375258112,baseline,KNOWN ENGINEERING ONLY
current,r1,lien_rank:Unsecured,3130,7,0.6376539942310097,0.6284102431055472,0.6306001045180375,0.007053889712972104,0.0021201377973323744,0.02874550378518111,0.17047878708374437,0.22134044084364804,0.009243751125462519,baseline,KNOWN ENGINEERING ONLY
current,r1,reporting_date:2026-01-01,8695,7,0.5205818922154768,0.5190055152353896,0.5195674083099386,0.0010144839055381636,0.003387043358198439,0.03373909230083274,0.12465965733977762,0.16849903633399269,0.0015763769800870781,baseline,KNOWN ENGINEERING ONLY
current,r1,collateral_coverage:0-0.5,3620,7,0.6321951325532054,0.6243484258973632,0.6248181121417311,0.0073770204114743014,0.0020068774778737968,0.029042026849595403,0.1653250309903655,0.21554080666164005,0.007846706655842337,baseline,KNOWN ENGINEERING ONLY
current,r1,collateral_coverage:0.5-1,3044,7,0.46431227327714053,0.46293140512517,0.46752227858299655,-0.0032100053058559696,0.004700908572087807,0.03575375205013501,0.10656439343353225,0.1382690694786803,0.0013808681519705819,baseline,KNOWN ENGINEERING ONLY
current,r1,collateral_coverage:1-inf,2031,7,0.4059806071468985,0.4152872752448259,0.4099750040842974,-0.003994396937398852,0.005548381069446063,0.038132542077318136,0.07929940658422986,0.10045244305229097,-0.009306668097927412,baseline,KNOWN ENGINEERING ONLY
current,r1,ead_at_default:0-100000,1892,7,0.532716592166453,0.5277927298181693,0.5305460387674211,0.0021705533990319065,0.003844071655495114,0.03440547590965472,0.1269178952371045,0.17085810441337432,0.004923862348283783,baseline,KNOWN ENGINEERING ONLY
current,r1,ead_at_default:100000-500000,4580,7,0.5195433360939586,0.5174931302077619,0.5189545305106595,0.0005888055832992216,0.0032860793403854676,0.033733421133202664,0.1251973604907102,0.16982875573575915,0.002050205886196759,baseline,KNOWN ENGINEERING ONLY
current,r1,ead_at_default:500000-inf,2223,7,0.5123937386973956,0.5146426332902326,0.5114861719154903,0.0009075667819053213,0.003362098762440212,0.03317326941201114,0.12162984783324861,0.1636572055484208,-0.002248894592837128,baseline,KNOWN ENGINEERING ONLY
current,r1,guarantee:zero,6915,7,0.5457206457175904,0.5436218918014961,0.5436025367668913,0.0021181089506990725,0.00326962393485056,0.030651383011719904,0.13101550187082112,0.17616778642815484,0.00209875391609434,baseline,KNOWN ENGINEERING ONLY
current,r1,guarantee:partial,1451,7,0.4400792907527222,0.44040760626095365,0.44478600414798425,-0.0047067133952621585,0.003992351022092316,0.04026336342678577,0.10548912649582078,0.1418162758044182,-0.0003283155082315202,baseline,KNOWN ENGINEERING ONLY
current,r1,guarantee:full,329,7,0.34725299937456783,0.34825573398092435,0.34420237535907955,0.0030506240154882618,0.00676440955365108,0.05646051674143977,0.07561946075137477,0.09672205927537571,-0.0010027346063565016,baseline,KNOWN ENGINEERING ONLY
current,r1,predicted:0.0,509,7,0.13494152644195498,0.13946785468124853,0.14191769125291484,-0.0069761648109598565,0.005331576118287321,0.0461358458906852,0.061148529066384585,0.08227406107428915,-0.004526328239293552,baseline,KNOWN ENGINEERING ONLY
current,r1,predicted:0.2,1404,7,0.3155194853759791,0.3242862143357602,0.3213647409263716,-0.00584525555039243,0.0071100996599253044,0.04514961017463912,0.08309093406553397,0.10363372967259213,-0.008766728959781023,baseline,KNOWN ENGINEERING ONLY
current,r1,predicted:0.4,3747,7,0.5092575852127731,0.5109984429241482,0.5116790418809428,-0.002421456668169756,0.0031039934133756755,0.03287141628256036,0.12948573534475438,0.162917051824019,-0.001740857711375101,baseline,KNOWN ENGINEERING ONLY
current,r1,predicted:0.6,2738,7,0.6788867196832014,0.6708701185119096,0.6719861281094575,0.0069005915737438885,0.0021085840814864245,0.022734858123448914,0.15129222562008204,0.2061156031833973,0.008016601171291849,baseline,KNOWN ENGINEERING ONLY
current,r1,predicted:0.8,297,5,0.8343600946191062,0.7909509154517139,0.7981381328450147,0.03622196177409151,0.0034876833046008178,0.040549687704260526,0.12360364903026076,0.20573029438343438,0.04340917916739237,baseline,KNOWN ENGINEERING ONLY
current,r1,realized_gt:0.6,3736,7,0.642316896544974,0.7446304594676718,0.6393419744237601,0.002974922121214099,0.0026522124901247938,0.02855746421191725,0.11068432000988024,0.13223233317199243,-0.10231356292269767,baseline,KNOWN ENGINEERING ONLY
current,r1,realized_gt:0.75,1657,7,0.7018523221428665,0.83068223366386,0.69220081173355,0.009651510409316461,0.0023556011667201803,0.026886413805866288,0.13318423983707642,0.15436660171876204,-0.12882991152099363,baseline,KNOWN ENGINEERING ONLY
current,r1,realized_gt:0.9,225,7,0.7617811315407881,0.94547610185048,0.7433093967139007,0.018471734826887527,0.003460338478554561,0.029066202027546686,0.18369497030969187,0.20007746906405746,-0.18369497030969187,baseline,KNOWN ENGINEERING ONLY
current,calibrated,all,8695,7,0.5154795379186927,0.5190055152353896,0.5195674083099386,-0.004087870391245814,0.00261940651289758,0.03382881879062581,0.1267362782247792,0.1684599158352503,-0.0035259773166968996,baseline,KNOWN ENGINEERING ONLY
current,calibrated,regime:0,2305,2,0.4302266698104868,0.4335729283325506,0.43595616414887267,-0.005729494338385866,0.0048736666120262504,0.034235355775162846,0.13295556948023068,0.1723356164922229,-0.003346258522063779,baseline,KNOWN ENGINEERING ONLY
current,calibrated,regime:1,6390,5,0.5462319418293993,0.5498227472871962,0.5497276458359569,-0.0034957040065575792,0.0033290045650839943,0.03368096857063764,0.12449285626174075,0.16703980570046997,-0.0035908054577969543,baseline,KNOWN ENGINEERING ONLY
current,calibrated,collateral_type:Cash,842,7,0.1921565536077658,0.19429376153908123,0.19607961057368356,-0.003923056965917807,0.005950031052297851,0.05090957056963649,0.07523827268275461,0.09632093247527526,-0.0021372079313154574,baseline,KNOWN ENGINEERING ONLY
current,calibrated,collateral_type:Mortgage,3049,7,0.4744448424532033,0.4801564200654693,0.47992106246673094,-0.0054762200135276655,0.0056442517104485015,0.03560610086551995,0.08995625219646002,0.1138298425156553,-0.005711577612266019,baseline,KNOWN ENGINEERING ONLY
current,calibrated,collateral_type:Other,1674,7,0.543963114673907,0.5485284480620242,0.5468828772696263,-0.002919762595719184,0.003311971287323318,0.02995823773950857,0.13055921796391198,0.16677463631104403,-0.004565333388117109,baseline,KNOWN ENGINEERING ONLY
current,calibrated,collateral_type:Unsecured,3130,7,0.6271955864093794,0.6284102431055472,0.6306001045180375,-0.003404518108658081,0.0030487278153990935,0.027692205119593107,0.1743733449670864,0.22100153990994648,-0.0012146566961676664,baseline,KNOWN ENGINEERING ONLY
current,calibrated,product_type:Financial Guarantee,367,7,0.5390056352141706,0.5455469072638512,0.5409615718815655,-0.001955936667394774,0.0031989742712211235,0.03333086280402028,0.12961716902403475,0.16971710516571184,-0.006541272049680632,baseline,KNOWN ENGINEERING ONLY
current,calibrated,product_type:Import LC,831,7,0.5391062986659282,0.5430109018255675,0.5423165214960688,-0.003210222830140651,0.002795309320067281,0.034961763962628484,0.1262585628167641,0.16774537503632933,-0.003904603159639299,baseline,KNOWN ENGINEERING ONLY
current,calibrated,product_type:OVD,2848,7,0.5372773113366476,0.5380948317641977,0.5427379658097599,-0.005460654473112317,0.002291307891354144,0.033278381154084914,0.13168274124324097,0.17457209514192826,-0.0008175204275501271,baseline,KNOWN ENGINEERING ONLY
current,calibrated,product_type:Performance Guarantee,658,7,0.5387691858704846,0.5420545279033333,0.5400978081978606,-0.0013286223273760297,0.0028084386632432207,0.03199988272891004,0.12654591981599833,0.16901659846105976,-0.0032853420328486926,baseline,KNOWN ENGINEERING ONLY
current,calibrated,product_type:Term Loan,3991,7,0.48900182232485484,0.494144129382111,0.49294377464063144,-0.0039419523157765675,0.002838281018198163,0.034313930560992925,0.12307239041148237,0.16389782415055915,-0.005142307057256151,baseline,KNOWN ENGINEERING ONLY
current,calibrated,industry:Construction,1077,1,0.5276504406822929,0.5320008312690064,0.5320439009141121,-0.004393460231819196,,0.03173892597512253,0.12409542946993472,0.16580138632075464,-0.004350390586713558,baseline,KNOWN ENGINEERING ONLY
current,calibrated,industry:Hospitality,668,1,0.5103309510385194,0.5247971330939042,0.5197120236289038,-0.009381072590384374,,0.03300572458136484,0.12921661416888633,0.17079099660083819,-0.014466182055384764,baseline,KNOWN ENGINEERING ONLY
current,calibrated,industry:Manufacturing,1661,1,0.4454906254251493,0.4517467992349149,0.4546017577950585,-0.009111132369909196,,0.0355403612387111,0.13664703196589262,0.17630210652854914,-0.006256173809765607,baseline,KNOWN ENGINEERING ONLY
current,calibrated,industry:Retail,1629,1,0.5616405593988811,0.5578271325429582,0.559770371410642,0.0018701879882390767,,0.03356232551904797,0.12440536366627143,0.16712757730846,0.0038134268559228937,baseline,KNOWN ENGINEERING ONLY
current,calibrated,industry:Services,2128,1,0.5484103253150356,0.5598711274733427,0.5581857153766705,-0.00977539006163489,,0.03388171748279244,0.12401803984041906,0.1648308179035215,-0.011460802158307137,baseline,KNOWN ENGINEERING ONLY
current,calibrated,industry:Technology,644,1,0.39085798925776255,0.3866990159585953,0.38786558798999893,0.002992401267763595,,0.030613792067090355,0.12343457695121735,0.16165667858858776,0.004158973299167177,baseline,KNOWN ENGINEERING ONLY
current,calibrated,industry:Transport,888,1,0.5622881360924865,0.5514997937004322,0.5550626199027785,0.007225516189707994,,0.03611790234793289,0.12271976296826552,0.17073929847302102,0.010788342392054262,baseline,KNOWN ENGINEERING ONLY
current,calibrated,lien_rank:First,3026,7,0.3785471166292794,0.38416724093642063,0.38349761609547534,-0.004950499466195901,0.004872712362555862,0.04026743929185434,0.09412637611678719,0.12253603593424849,-0.005620124307141199,baseline,KNOWN ENGINEERING ONLY
current,calibrated,lien_rank:Second,2539,7,0.5409566056799828,0.5448360862456644,0.5448588033905278,-0.003902197710545003,0.004250019091130246,0.032267820096238034,0.1068755239417395,0.13812889006703857,-0.0038794805656815587,baseline,KNOWN ENGINEERING ONLY
current,calibrated,lien_rank:Unsecured,3130,7,0.6271955864093794,0.6284102431055472,0.6306001045180375,-0.003404518108658081,0.0030487278153990935,0.027692205119593107,0.1743733449670864,0.22100153990994648,-0.0012146566961676664,baseline,KNOWN ENGINEERING ONLY
current,calibrated,reporting_date:2026-01-01,8695,7,0.5154795379186927,0.5190055152353896,0.5195674083099386,-0.004087870391245814,0.00261940651289758,0.03382881879062581,0.1267362782247792,0.1684599158352503,-0.0035259773166968996,baseline,KNOWN ENGINEERING ONLY
current,calibrated,collateral_coverage:0-0.5,3620,7,0.6222704766833264,0.6243484258973632,0.6248181121417311,-0.0025476354584048227,0.0027149211044465746,0.027735635026451894,0.16901374360074425,0.21526264260610567,-0.0020779492140367874,baseline,KNOWN ENGINEERING ONLY
current,calibrated,collateral_coverage:0.5-1,3044,7,0.46187915691094,0.46293140512517,0.46752227858299655,-0.005643121672056567,0.004349716918728363,0.03648431172535507,0.10744813369525573,0.13832321743710316,-0.0010522482142300154,baseline,KNOWN ENGINEERING ONLY
current,calibrated,collateral_coverage:1-inf,2031,7,0.40547282273387053,0.4152872752448259,0.4099750040842974,-0.0045021813504267354,0.005534157375521043,0.03915552214546002,0.08029053095096128,0.10112072653602606,-0.009814452510955298,baseline,KNOWN ENGINEERING ONLY
current,calibrated,ead_at_default:0-100000,1892,7,0.5267650607584595,0.5277927298181693,0.5305460387674211,-0.003780978008961636,0.0028397918312060553,0.0345969166754724,0.12962884822821447,0.17130159827102645,-0.0010276690597097592,baseline,KNOWN ENGINEERING ONLY
current,calibrated,ead_at_default:100000-500000,4580,7,0.514548679931837,0.5174931302077619,0.5189545305106595,-0.00440585057882245,0.0026581117462623574,0.03379569840159984,0.12714643253336833,0.16957636606970403,-0.0029444502759249144,baseline,KNOWN ENGINEERING ONLY
current,calibrated,ead_at_default:500000-inf,2223,7,0.5077922326406724,0.5146426332902326,0.5114861719154903,-0.0036939392748178636,0.0025891119713251634,0.03323058159686524,0.12342937351050223,0.16364430423549114,-0.006850400649560314,baseline,KNOWN ENGINEERING ONLY
current,calibrated,guarantee:zero,6915,7,0.5393294698604327,0.5436218918014961,0.5436025367668913,-0.00427306690645856,0.0023335397882442615,0.030332159729111904,0.13332886803294608,0.1761391069905799,-0.0042924219410632935,baseline,KNOWN ENGINEERING ONLY
current,calibrated,guarantee:partial,1451,7,0.4394983430032586,0.44040760626095365,0.44478600414798425,-0.005287661144725821,0.003928110219087657,0.04136322741120768,0.10642836522546405,0.14156837840406955,-0.0009092632576951824,baseline,KNOWN ENGINEERING ONLY
current,calibrated,guarantee:full,329,7,0.34929848760003934,0.34825573398092435,0.34420237535907955,0.005096112240959754,0.006538248153317987,0.057976156490401706,0.07773634885861566,0.09761644409952817,0.001042753619114993,baseline,KNOWN ENGINEERING ONLY
current,calibrated,predicted:0.0,528,7,0.14567888700844728,0.14183812244230096,0.14455069154992475,0.0011281954585225247,0.005260183066077572,0.048852061226900535,0.06499759048041051,0.08371302647850899,0.003840764566146325,baseline,KNOWN ENGINEERING ONLY
current,calibrated,predicted:0.2,1419,7,0.3145316750775135,0.3277625402137533,0.3246359825002471,-0.01010430742273357,0.0072246784923828645,0.04589295631448454,0.08407452747514382,0.10492039817208815,-0.013230865136239752,baseline,KNOWN ENGINEERING ONLY
current,calibrated,predicted:0.4,3935,7,0.5142513513066617,0.5167813289327539,0.5181513558237798,-0.003900004517118104,0.003003240729169415,0.033197412736371855,0.13231256525009952,0.16596125541322532,-0.0025299776260921114,baseline,KNOWN ENGINEERING ONLY
current,calibrated,predicted:0.6,2813,7,0.6879760453380264,0.6893824573083812,0.690270816133001,-0.002294770794974607,0.0022572185697628928,0.022029076540620692,0.1520446187857901,0.20572157528405072,-0.0014064119703548297,baseline,KNOWN ENGINEERING ONLY
current,calibrated,realized_gt:0.6,3736,7,0.6329371311550909,0.7446304594676718,0.6393419744237601,-0.006404843268669277,0.0022162653014949204,0.027621362502453485,0.11650566862535802,0.13719632822759764,-0.11169332831258104,baseline,KNOWN ENGINEERING ONLY
current,calibrated,realized_gt:0.75,1657,7,0.685783515556686,0.83068223366386,0.69220081173355,-0.006417296176863875,0.0021756656350513425,0.024464642354658415,0.145281194162621,0.16302227495400282,-0.14489871810717395,baseline,KNOWN ENGINEERING ONLY
current,calibrated,realized_gt:0.9,225,7,0.7294234577705808,0.94547610185048,0.7433093967139007,-0.013885938943319728,0.002572643512726902,0.028797671450632594,0.21605264407989916,0.22354489351061968,-0.21605264407989916,baseline,KNOWN ENGINEERING ONLY
current,r1,all,8695,7,0.5781620767918717,0.5824416088476793,0.5828622856459259,-0.0047002088540540965,0.0034671302519682996,0.03718967962610397,0.12134720965849194,0.16660396070108144,-0.004279532055807458,downside,KNOWN ENGINEERING ONLY
current,r1,regime:0,2305,2,0.49669075454303446,0.4978703402035117,0.49910970647720765,-0.0024189519341731,0.0035953448643321817,0.032945482308146846,0.12727675638310412,0.1697310281347267,-0.001179585660477174,downside,KNOWN ENGINEERING ONLY
current,r1,regime:1,6390,5,0.6075504019536199,0.6129481462850511,0.6130735055182099,-0.005523103564590199,0.004685741035205887,0.03860630572619632,0.11920830430634309,0.16546146200866751,-0.005397744331431292,downside,KNOWN ENGINEERING ONLY
current,r1,collateral_type:Cash,842,7,0.21427417820391362,0.21815587730447727,0.2206573140066591,-0.006383135802745484,0.006441455493688003,0.05439079311909213,0.08219760273183845,0.10171658179356745,-0.0038816991005636366,downside,KNOWN ENGINEERING ONLY
current,r1,collateral_type:Mortgage,3049,7,0.5333252152258006,0.5427167618357165,0.5445675781089259,-0.011242362883125287,0.0050925395166811615,0.03812403645228457,0.09297886828858652,0.11930131898986568,-0.009391546609915882,downside,KNOWN ENGINEERING ONLY
current,r1,collateral_type:Other,1674,7,0.6073436390478439,0.6111653983894649,0.6132319243614366,-0.0058882853135926215,0.0034156434986005783,0.03440899570221319,0.12596458882965286,0.1677570267335413,-0.0038217593416209616,downside,KNOWN ENGINEERING ONLY
current,r1,collateral_type:Unsecured,3130,7,0.7041209478172756,0.7037726059102675,0.7013601687739803,0.0027607790432953292,0.0022192501408198582,0.031579048782223486,0.1570435512356678,0.21309246147527813,0.00034834190700822824,downside,KNOWN ENGINEERING ONLY
current,r1,product_type:Financial Guarantee,367,7,0.6016671393469739,0.6062500081336948,0.6024670469470601,-0.000799907600086236,0.004295614441490845,0.037902927549246686,0.1202863415168597,0.16854871672279143,-0.0045828687867208295,downside,KNOWN ENGINEERING ONLY
current,r1,product_type:Import LC,831,7,0.6040331116327344,0.6110521539045587,0.6047069420928319,-0.0006738304600973605,0.0033300802815953994,0.03780486293411662,0.11915378088577665,0.16575634722816499,-0.0070190422718242025,downside,KNOWN ENGINEERING ONLY
current,r1,product_type:OVD,2848,7,0.6002427100169649,0.6022635863369169,0.6056173863885617,-0.005374676371596707,0.0031776409373252185,0.036677002013916264,0.12611942383208055,0.17121775256214272,-0.0020208763199520002,downside,KNOWN ENGINEERING ONLY
current,r1,product_type:Performance Guarantee,658,7,0.6020405881473363,0.6028870082166986,0.6027299704436362,-0.0006893822962999922,0.003858939198828723,0.034954435564234936,0.11669753104860615,0.16402655653094372,-0.0008464200693623769,downside,KNOWN ENGINEERING ONLY
current,r1,product_type:Term Loan,3991,7,0.5509200593006565,0.5567790906431195,0.5569972592322914,-0.006077199931634927,0.0036210048675200442,0.03771143049373099,0.11926259439340296,0.16365770751960707,-0.005859031342462953,downside,KNOWN ENGINEERING ONLY
current,r1,industry:Construction,1077,1,0.5822735900833158,0.6114133878742984,0.5972005457876903,-0.014926955704374523,,0.03935293225415473,0.12097448413983358,0.16028478179954397,-0.02913979779098251,downside,KNOWN ENGINEERING ONLY
current,r1,industry:Hospitality,668,1,0.5771141868026612,0.5803999283888145,0.5844459864292673,-0.007331799626605927,,0.036407820786977206,0.12592097729233054,0.1714308583818007,-0.003285741586153317,downside,KNOWN ENGINEERING ONLY
current,r1,industry:Manufacturing,1661,1,0.5152198576987956,0.5178240816747718,0.5201334724602672,-0.004913614761471618,,0.03424759512798707,0.12797818948250503,0.17165239417350703,-0.0026042239759761256,downside,KNOWN ENGINEERING ONLY
current,r1,industry:Retail,1629,1,0.6213559962255059,0.6196388402635385,0.6224889011062601,-0.0011329048807541867,,0.03666503541105794,0.11932030728783191,0.16974869582272387,0.0017171559619673562,downside,KNOWN ENGINEERING ONLY
current,r1,industry:Services,2128,1,0.6088223262039923,0.6177469694059426,0.6211782270303118,-0.01235590082631953,,0.04033670076764478,0.11960944154640779,0.1643049038816878,-0.008924643201950364,downside,KNOWN ENGINEERING ONLY
current,r1,industry:Technology,644,1,0.4489006297888122,0.4464057989243767,0.4448853659525772,0.004015263836235033,,0.029321384598513495,0.1254676253612021,0.1646720117472175,0.0024948308644354954,downside,KNOWN ENGINEERING ONLY
current,r1,industry:Transport,888,1,0.632728949511573,0.6155203402837598,0.6171656604624635,0.01556328904910955,,0.03853066773187135,0.11084984243808654,0.16182551472139117,0.01720860922781326,downside,KNOWN ENGINEERING ONLY
current,r1,lien_rank:First,3026,7,0.42796222499452774,0.4358889897852618,0.4384930670408632,-0.010530842046335507,0.005223162326046258,0.04333348320257541,0.0967152990537302,0.12640460071337584,-0.007926764790734042,downside,KNOWN ENGINEERING ONLY
current,r1,lien_rank:Second,2539,7,0.6018932643575466,0.6075310946597997,0.6088421522501436,-0.006948887892596888,0.004330950735487982,0.03562456219341391,0.10669837639872377,0.14154382246894445,-0.005637830302253008,downside,KNOWN ENGINEERING ONLY
current,r1,lien_rank:Unsecured,3130,7,0.7041209478172756,0.7037726059102675,0.7013601687739803,0.0027607790432953292,0.0022192501408198582,0.031579048782223486,0.1570435512356678,0.21309246147527813,0.00034834190700822824,downside,KNOWN ENGINEERING ONLY
current,r1,reporting_date:2026-01-01,8695,7,0.5781620767918717,0.5824416088476793,0.5828622856459259,-0.0047002088540540965,0.0034671302519682996,0.03718967962610397,0.12134720965849194,0.16660396070108144,-0.004279532055807458,downside,KNOWN ENGINEERING ONLY
current,r1,collateral_coverage:0-0.5,3620,7,0.6983209008071967,0.6975138538916972,0.6950881536472975,0.0032327471598991016,0.0022625861182040347,0.032087244273640375,0.15408173812574827,0.20925450135536885,0.000807046915499496,downside,KNOWN ENGINEERING ONLY
current,r1,collateral_coverage:0.5-1,3044,7,0.5175394112507548,0.5220687965488929,0.5247821178842784,-0.007242706633523721,0.004568637505018971,0.03875600099096977,0.10626178474577999,0.13952498567141955,-0.004529385298138162,downside,KNOWN ENGINEERING ONLY
current,r1,collateral_coverage:1-inf,2031,7,0.4548535839172702,0.4678248257743955,0.4698826640316911,-0.01502908011442093,0.00539790046353688,0.04283480820823096,0.08561163131424149,0.10774372552819608,-0.012971241857125287,downside,KNOWN ENGINEERING ONLY
current,r1,ead_at_default:0-100000,1892,7,0.5907304695018878,0.5939789378670638,0.5935720486547951,-0.0028415791529072215,0.0035561094783096003,0.037597784492587404,0.12259489762595986,0.166824985149786,-0.0032484683651759533,downside,KNOWN ENGINEERING ONLY
current,r1,ead_at_default:100000-500000,4580,7,0.5768342961994938,0.5843841798987127,0.5822359136058816,-0.005401617406387722,0.003577767355449665,0.037130332351187234,0.12067127302052645,0.16529680002229633,-0.007549883699218969,downside,KNOWN ENGINEERING ONLY
current,r1,ead_at_default:500000-inf,2223,7,0.5702006895249987,0.5686199255735411,0.5750376848050005,-0.004836995280001861,0.0032805520682143547,0.03696191182825968,0.12167791778599205,0.16907987476114175,0.0015807639514574612,downside,KNOWN ENGINEERING ONLY
current,r1,guarantee:zero,6915,7,0.605356505501667,0.606050525417598,0.6071861248845448,-0.0018296193828779208,0.0032728746903385123,0.03339216264315314,0.12629667088900273,0.17420385362130808,-0.0006940199159309275,downside,KNOWN ENGINEERING ONLY
current,r1,guarantee:partial,1451,7,0.4897281790990506,0.5117678094689028,0.5076406826588847,-0.01791250355983415,0.00565480358230747,0.047134242867421364,0.10682316753106404,0.1380955213351229,-0.022039630369852202,downside,KNOWN ENGINEERING ONLY
current,r1,guarantee:full,329,7,0.3966061832479506,0.39791888792858265,0.4033704850354284,-0.006764301787477776,0.004133419433522229,0.05760521617419321,0.08137414193179152,0.10783265688076725,-0.0013127046806320334,downside,KNOWN ENGINEERING ONLY
current,r1,predicted:0.0,399,7,0.14375945748270236,0.14257167924394695,0.14755401489414594,-0.0037945574114435932,0.006432224870654549,0.051467203507468924,0.06860577599060248,0.08615101425479282,0.00118777823875539,downside,KNOWN ENGINEERING ONLY
current,r1,predicted:0.2,947,7,0.30954154401771006,0.31899660390170514,0.3179578157304221,-0.008416271712712005,0.005059672191599067,0.05024425350883406,0.08453602941486296,0.10443219102090276,-0.009455059883995061,downside,KNOWN ENGINEERING ONLY
current,r1,predicted:0.4,3074,7,0.515322103123781,0.5282937228300869,0.5311085920231234,-0.0157864888993425,0.005144681007269175,0.04234645988548915,0.1182114550288074,0.14903078529442151,-0.012971619706305905,downside,KNOWN ENGINEERING ONLY
current,r1,predicted:0.6,3445,7,0.6930366553679472,0.6972065787377356,0.6940439773366911,-0.0010073219687438686,0.003164261978699782,0.0257055556470532,0.14014827590831716,0.19099345989690494,-0.004169923369788416,downside,KNOWN ENGINEERING ONLY
current,r1,predicted:0.8,830,6,0.8494120111323787,0.818677514802572,0.8245760921058664,0.024835919026512502,0.0023862685874291942,0.030841361754433857,0.1222793255924762,0.20273466498917841,0.030734496329806654,downside,KNOWN ENGINEERING ONLY
current,r1,realized_gt:0.6,4726,7,0.6826492433853323,0.7715248345262082,0.6865454951759513,-0.003896251790618974,0.0031762654085888253,0.03379527892222196,0.10035733691044174,0.12106369996092746,-0.08887559114087586,downside,KNOWN ENGINEERING ONLY
current,r1,realized_gt:0.75,2564,7,0.7420055135384951,0.8490083638194136,0.7378906200152485,0.004114893523246566,0.0026977622070740405,0.029763719481523468,0.11389970495566944,0.13504975815813733,-0.10700285028091863,downside,KNOWN ENGINEERING ONLY
current,r1,realized_gt:0.9,611,7,0.8034516275075704,0.9485716919473537,0.7904034332548877,0.013048194252682535,0.002268330552203351,0.027042132529261197,0.14584733388191495,0.16323710472587483,-0.1451200644397833,downside,KNOWN ENGINEERING ONLY
current,calibrated,all,8695,7,0.5669897439357906,0.5824416088476793,0.5828622856459259,-0.01587254171013533,0.003900038070955367,0.040799768947978945,0.12647656888589628,0.16730995411946462,-0.015451864911888689,downside,KNOWN ENGINEERING ONLY
current,calibrated,regime:0,2305,2,0.49376662788783937,0.4978703402035117,0.49910970647720765,-0.005343078589368237,0.004433170933768549,0.033570094707714986,0.12877089230048408,0.17004180450375786,-0.004103712315672311,downside,KNOWN ENGINEERING ONLY
current,calibrated,regime:1,6390,5,0.5934027771893942,0.6129481462850511,0.6130735055182099,-0.01967072832881579,0.003611806086134002,0.043111128038153146,0.12564896083102542,0.16631350902274009,-0.019545369095656878,downside,KNOWN ENGINEERING ONLY
current,calibrated,collateral_type:Cash,842,7,0.21367932116169727,0.21815587730447727,0.2206573140066591,-0.0069779928449618875,0.006348096865472915,0.05557981467888209,0.083612433403312,0.1024813225886552,-0.004476556142780038,downside,KNOWN ENGINEERING ONLY
current,calibrated,collateral_type:Mortgage,3049,7,0.530061979055225,0.5427167618357165,0.5445675781089259,-0.014505599053700772,0.004835374171013673,0.03911481649625939,0.09401190236447075,0.11966971830625163,-0.012654782780491364,downside,KNOWN ENGINEERING ONLY
current,calibrated,collateral_type:Other,1674,7,0.6000205156756273,0.6111653983894649,0.6132319243614366,-0.013211408685809174,0.0031786414316727074,0.0345076706542187,0.12896898953746683,0.16810580879240608,-0.011144882713837515,downside,KNOWN ENGINEERING ONLY
current,calibrated,collateral_type:Unsecured,3130,7,0.6803401015089995,0.7037726059102675,0.7013601687739803,-0.02102006726498101,0.006654210084818296,0.04081676374664026,0.16829895167485265,0.21417949868368696,-0.02343250440126811,downside,KNOWN ENGINEERING ONLY
current,calibrated,product_type:Financial Guarantee,367,7,0.5882277003691943,0.6062500081336948,0.6024670469470601,-0.0142393465778659,0.0041422054870413035,0.0408504367182631,0.1263191632504471,0.16912957661972514,-0.018022307764500492,downside,KNOWN ENGINEERING ONLY
current,calibrated,product_type:Import LC,831,7,0.5906536285423927,0.6110521539045587,0.6047069420928319,-0.014053313550439237,0.0036207254381134912,0.04031713559956671,0.1261885019317461,0.16751495750411047,-0.02039852536216608,downside,KNOWN ENGINEERING ONLY
current,calibrated,product_type:OVD,2848,7,0.5882303255324565,0.6022635863369169,0.6056173863885617,-0.017387060856105203,0.004111700504645405,0.04074326196816611,0.1308089427257445,0.1714053545003137,-0.014033260804460497,downside,KNOWN ENGINEERING ONLY
current,calibrated,product_type:Performance Guarantee,658,7,0.5881850858110673,0.6028870082166986,0.6027299704436362,-0.014544884632569007,0.005524006707116936,0.03964623477651585,0.12360637063471083,0.1655260803415825,-0.01470192240563139,downside,KNOWN ENGINEERING ONLY
current,calibrated,product_type:Term Loan,3991,7,0.5414576142789672,0.5567790906431195,0.5569972592322914,-0.015539644953324192,0.003599197591055117,0.04112152837657578,0.12393263033929165,0.16440811280087114,-0.01532147636415222,downside,KNOWN ENGINEERING ONLY
current,calibrated,industry:Construction,1077,1,0.5726509945836512,0.6114133878742984,0.5972005457876903,-0.024549551204039153,,0.0416919507420149,0.12553480358517394,0.1613428973035543,-0.03876239329064714,downside,KNOWN ENGINEERING ONLY
current,calibrated,industry:Hospitality,668,1,0.5688111044838181,0.5803999283888145,0.5844459864292673,-0.015634881945449076,,0.036772617507503186,0.1297756028150021,0.1722294812305139,-0.011588823904996465,downside,KNOWN ENGINEERING ONLY
current,calibrated,industry:Manufacturing,1661,1,0.5117143977835009,0.5178240816747718,0.5201334724602672,-0.008419074676766341,,0.03474700570667317,0.12973482937799097,0.17204017067524383,-0.00610968389127085,downside,KNOWN ENGINEERING ONLY
current,calibrated,industry:Retail,1629,1,0.6048675256795641,0.6196388402635385,0.6224889011062601,-0.017621375426696,,0.04349834490213701,0.1264921592513231,0.16922899513737572,-0.014771314583974455,downside,KNOWN ENGINEERING ONLY
current,calibrated,industry:Services,2128,1,0.5948484873586125,0.6177469694059426,0.6211782270303118,-0.026329739671699364,,0.04580139494024813,0.12666006310079178,0.1662536251886781,-0.022898482047330193,downside,KNOWN ENGINEERING ONLY
current,calibrated,industry:Technology,644,1,0.44747587354514723,0.4464057989243767,0.4448853659525772,0.002590507592570044,,0.030324512551605048,0.12628471297480245,0.16477580598096586,0.0010700746207705056,downside,KNOWN ENGINEERING ONLY
current,calibrated,industry:Transport,888,1,0.6125743545577802,0.6155203402837598,0.6171656604624635,-0.00459130590468323,,0.041841339185275564,0.11871332417759957,0.1624253224906546,-0.002945985725979522,downside,KNOWN ENGINEERING ONLY
current,calibrated,lien_rank:First,3026,7,0.42606316730898325,0.4358889897852618,0.4384930670408632,-0.012429899731879945,0.005043563457623479,0.044396764857305294,0.09770112591010616,0.12685784836907485,-0.00982582247627848,downside,KNOWN ENGINEERING ONLY
current,calibrated,lien_rank:Second,2539,7,0.5952123519186873,0.6075310946597997,0.6088421522501436,-0.01362980033145624,0.003972324704859574,0.0360233235423738,0.1092140373046862,0.14188934455037314,-0.012318742741112363,downside,KNOWN ENGINEERING ONLY
current,calibrated,lien_rank:Unsecured,3130,7,0.6803401015089995,0.7037726059102675,0.7013601687739803,-0.02102006726498101,0.006654210084818296,0.04081676374664026,0.16829895167485265,0.21417949868368696,-0.02343250440126811,downside,KNOWN ENGINEERING ONLY
current,calibrated,reporting_date:2026-01-01,8695,7,0.5669897439357906,0.5824416088476793,0.5828622856459259,-0.01587254171013533,0.003900038070955367,0.040799768947978945,0.12647656888589628,0.16730995411946462,-0.015451864911888689,downside,KNOWN ENGINEERING ONLY
current,calibrated,collateral_coverage:0-0.5,3620,7,0.6758171543493467,0.6975138538916972,0.6950881536472975,-0.019270999297950845,0.006163737438643385,0.03988407913794067,0.16462105367673202,0.21031179756728108,-0.021696699542350453,downside,KNOWN ENGINEERING ONLY
current,calibrated,collateral_coverage:0.5-1,3044,7,0.5128929485157153,0.5220687965488929,0.5247821178842784,-0.011889169368563183,0.00424048373139995,0.03965805462159756,0.10779829496221167,0.1397165315675241,-0.009175848033177622,downside,KNOWN ENGINEERING ONLY
current,calibrated,collateral_coverage:1-inf,2031,7,0.4540972868021794,0.4678248257743955,0.4698826640316911,-0.01578537722951171,0.0053086401360907046,0.04397706262561167,0.08648328029942186,0.10838410657043067,-0.013727538972216064,downside,KNOWN ENGINEERING ONLY
current,calibrated,ead_at_default:0-100000,1892,7,0.578112766732939,0.5939789378670638,0.5935720486547951,-0.015459281921856104,0.004299930541267324,0.04152596861288867,0.12846689010585313,0.16825433991748875,-0.01586617113412484,downside,KNOWN ENGINEERING ONLY
current,calibrated,ead_at_default:100000-500000,4580,7,0.5656674190671984,0.5843841798987127,0.5822359136058816,-0.016568494538683063,0.003943523024055963,0.041078273842483415,0.1259552091855903,0.16604448111065012,-0.018716760831514308,downside,KNOWN ENGINEERING ONLY
current,calibrated,ead_at_default:500000-inf,2223,7,0.5602472737450335,0.5686199255735411,0.5750376848050005,-0.014790411059966934,0.0036390402369191575,0.039582276771362,0.1258567486786282,0.16909179593486737,-0.008372651828507613,downside,KNOWN ENGINEERING ONLY
current,calibrated,guarantee:zero,6915,7,0.5917675862473872,0.606050525417598,0.6071861248845448,-0.015418538637157581,0.0035077937169264964,0.037823822065026526,0.1323120874954917,0.1749175161609709,-0.014282939170210587,downside,KNOWN ENGINEERING ONLY
current,calibrated,guarantee:partial,1451,7,0.48735257585205,0.5117678094689028,0.5076406826588847,-0.0202881068068347,0.005957682779998359,0.048909074554900824,0.10880084697358663,0.13891609780760625,-0.024415233616852744,downside,KNOWN ENGINEERING ONLY
current,calibrated,guarantee:full,329,7,0.3974297175066599,0.39791888792858265,0.4033704850354284,-0.005940767528768519,0.004087156595399818,0.058086540778525535,0.08178009870172893,0.10779088654241693,-0.0004891704219227756,downside,KNOWN ENGINEERING ONLY
current,calibrated,predicted:0.0,407,7,0.1501981899417134,0.14320866632780485,0.1483923123908514,0.001805877550861962,0.006362331125745857,0.05268970495694771,0.07141382515706395,0.0873402842893071,0.006989523613908547,downside,KNOWN ENGINEERING ONLY
current,calibrated,predicted:0.2,958,7,0.30730066676068846,0.3221985959658912,0.32107549540362323,-0.013774828642934816,0.005005225745902859,0.051183167206859934,0.0848114821453189,0.10509307410268302,-0.014897929205202711,downside,KNOWN ENGINEERING ONLY
current,calibrated,predicted:0.4,3248,7,0.5200388591536557,0.5352107444832435,0.5368291149348405,-0.01679025578118489,0.005276701618154162,0.043092873131055955,0.12038191092171664,0.15129973163491423,-0.015171885329587817,downside,KNOWN ENGINEERING ONLY
current,calibrated,predicted:0.6,4082,7,0.7068507856265576,0.7248929712685585,0.7242480677714883,-0.01739728214493077,0.0036931997050513817,0.034301152229197523,0.14659443729911614,0.19508819141183978,-0.018042185642000854,downside,KNOWN ENGINEERING ONLY
current,calibrated,realized_gt:0.6,4726,7,0.6651911127296607,0.7715248345262082,0.6865454951759513,-0.021354382446290558,0.004098210002673421,0.03960243777811125,0.11188484664271325,0.13149690468522726,-0.10633372179654746,downside,KNOWN ENGINEERING ONLY
current,calibrated,realized_gt:0.75,2564,7,0.7140808257354834,0.8490083638194136,0.7378906200152485,-0.02380979427976516,0.004435181874319683,0.03993484486638635,0.13534168094529575,0.15192276417218614,-0.13492753808393038,downside,KNOWN ENGINEERING ONLY
current,calibrated,realized_gt:0.9,611,7,0.7521692612824482,0.9485716919473537,0.7904034332548877,-0.03823417197243962,0.004523962705776987,0.05186213073781022,0.19640243066490543,0.20147565576897894,-0.19640243066490543,downside,KNOWN ENGINEERING ONLY
current,r1,all,8695,7,0.48971492553083473,0.49187858760207,0.4933319454091733,-0.0036170198783386236,0.0041020910775908526,0.0337201503797093,0.12536740157714985,0.16586155854745058,-0.0021636620712352176,upside,KNOWN ENGINEERING ONLY
current,r1,regime:0,2305,2,0.40216116670444435,0.40475478930300873,0.4119807497603356,-0.009819583055891182,0.005488674821412685,0.03246432086225371,0.1301503910899061,0.16713621821775218,-0.002593622598564324,upside,KNOWN ENGINEERING ONLY
current,r1,regime:1,6390,5,0.5212973064533433,0.5233058732169895,0.5226769385188089,-0.0013796320654655958,0.004833461059382707,0.03416182494497745,0.12364208219891774,0.16539935267552958,-0.002008566763646235,upside,KNOWN ENGINEERING ONLY
current,r1,collateral_type:Cash,842,7,0.17679266046308822,0.18696953456259238,0.18654122739412313,-0.00974856693103488,0.00596716021277221,0.047179922670803474,0.07064264921593878,0.09105242266581724,-0.010176874099504182,upside,KNOWN ENGINEERING ONLY
current,r1,collateral_type:Mortgage,3049,7,0.44571247235305744,0.45498460624193615,0.45358104548353656,-0.00786857313047916,0.006728147715080155,0.0367111524296318,0.08667921318421692,0.10922043147454677,-0.009272133888878764,upside,KNOWN ENGINEERING ONLY
current,r1,collateral_type:Other,1674,7,0.5163136844254896,0.5155098085443158,0.5193967183983131,-0.003083033972823555,0.0044670076364428475,0.031334773832450126,0.13152109024265732,0.16465814143527768,0.0008038758811738046,upside,KNOWN ENGINEERING ONLY
current,r1,collateral_type:Unsecured,3130,7,0.6025320835296951,0.597202711553817,0.6006437180794988,0.0018883654501963677,0.002818100473522569,0.026868394856109274,0.1744847348270325,0.2192504471091258,0.005329371975878182,upside,KNOWN ENGINEERING ONLY
current,r1,product_type:Financial Guarantee,367,7,0.5144940827792954,0.5280408198407585,0.51602467763039,-0.0015305948510944117,0.005138860073664824,0.03420674940843575,0.11505788694821882,0.15328139361654372,-0.013546737061463022,upside,KNOWN ENGINEERING ONLY
current,r1,product_type:Import LC,831,7,0.5130920818733213,0.5234099491957376,0.5161154579581162,-0.0030233760847949284,0.005060458546905584,0.03491850636317393,0.1207576258727481,0.15729071486703733,-0.010317867322416309,upside,KNOWN ENGINEERING ONLY
current,r1,product_type:OVD,2848,7,0.5114947571121501,0.514416365858695,0.5164305304016849,-0.004935773289534749,0.004102378241680076,0.03326951835619435,0.12884325160675633,0.16871085444179287,-0.0029216087465449543,upside,KNOWN ENGINEERING ONLY
current,r1,product_type:Performance Guarantee,658,7,0.513278994844244,0.5094181520782674,0.5150287084684867,-0.0017497136242426597,0.003949254834861607,0.03112593967122477,0.12700480986034246,0.1705312245710597,0.0038608427659766434,upside,KNOWN ENGINEERING ONLY
current,r1,product_type:Term Loan,3991,7,0.46314151395914827,0.4630129582820643,0.46644079737483135,-0.003299283415683152,0.0040821394688482756,0.03414908187310819,0.12452492599321488,0.1658815493904943,0.00012855567708395559,upside,KNOWN ENGINEERING ONLY
current,r1,industry:Construction,1077,1,0.4877519321747304,0.503616627355226,0.5046086145011272,-0.01685668232639681,,0.03632602566509583,0.13279963363966132,0.17171888520651743,-0.01586469518049569,upside,KNOWN ENGINEERING ONLY
current,r1,industry:Hospitality,668,1,0.4812001846230431,0.4896684735949215,0.4921538307856273,-0.010953646162584285,,0.03374592744859728,0.13220549123066158,0.17360748366662873,-0.008468288971878537,upside,KNOWN ENGINEERING ONLY
current,r1,industry:Manufacturing,1661,1,0.413973929308396,0.42127831791582826,0.4276018794513902,-0.013627950142994205,,0.033794539914564416,0.13396344099442178,0.1711472939012652,-0.007304388607432203,upside,KNOWN ENGINEERING ONLY
current,r1,industry:Retail,1629,1,0.5371940046668915,0.5405398714251171,0.5329459706586501,0.004248034008241353,,0.03173640742895836,0.11800375647806231,0.15846349388152509,-0.003345866758225609,upside,KNOWN ENGINEERING ONLY
current,r1,industry:Services,2128,1,0.527564955574895,0.531007470816136,0.5310762958022792,-0.003511340227384334,,0.03308541484319495,0.12185031314382666,0.16122133976226666,-0.0034425152412410104,upside,KNOWN ENGINEERING ONLY
current,r1,industry:Technology,644,1,0.3716937774417679,0.36213742746155964,0.3716908484919477,2.9289498201850177e-06,,0.02875074252307596,0.12031580119642697,0.15631653358679742,0.00955634998020826,upside,KNOWN ENGINEERING ONLY
current,r1,industry:Transport,888,1,0.547963935687774,0.5224183934519411,0.5285856494172119,0.019378286270562175,,0.038339604229017735,0.12073068243948272,0.17340911991863164,0.025545542235832955,upside,KNOWN ENGINEERING ONLY
current,r1,lien_rank:First,3026,7,0.35410318504353716,0.36188500176739663,0.36125674448147477,-0.007153559437937617,0.00560420660140067,0.03949975974695042,0.0909810620304557,0.11794770231947146,-0.0077818167238594286,upside,KNOWN ENGINEERING ONLY
current,r1,lien_rank:Second,2539,7,0.5122605821586917,0.5169656623428155,0.5184495939121655,-0.006189011753473703,0.006224609380847134,0.03382994851662395,0.1057989929108103,0.13553648636239266,-0.004705080184123786,upside,KNOWN ENGINEERING ONLY
current,r1,lien_rank:Unsecured,3130,7,0.6025320835296951,0.597202711553817,0.6006437180794988,0.0018883654501963677,0.002818100473522569,0.026868394856109274,0.1744847348270325,0.2192504471091258,0.005329371975878182,upside,KNOWN ENGINEERING ONLY
current,r1,reporting_date:2026-01-01,8695,7,0.48971492553083473,0.49187858760207,0.4933319454091733,-0.0036170198783386236,0.0041020910775908526,0.0337201503797093,0.12536740157714985,0.16586155854745058,-0.0021636620712352176,upside,KNOWN ENGINEERING ONLY
current,r1,collateral_coverage:0-0.5,3620,7,0.597627549600261,0.5909280118635445,0.5951457941488851,0.0024817554513758807,0.0027289598283471504,0.027164582030278325,0.17053539606612156,0.21460182124260063,0.006699537736716439,upside,KNOWN ENGINEERING ONLY
current,r1,collateral_coverage:0.5-1,3044,7,0.4365818256591577,0.4435288461440215,0.4437551140823823,-0.007173288423224554,0.005410682961393015,0.03658782249696204,0.10441938069889964,0.13254642510213427,-0.006947020484863751,upside,KNOWN ENGINEERING ONLY
current,r1,collateral_coverage:1-inf,2031,7,0.3770086019848285,0.3878006443089932,0.3861658903234989,-0.009157288338670347,0.006482459431787756,0.03932266769877169,0.07625742398153983,0.0967364875924631,-0.01079204232416468,upside,KNOWN ENGINEERING ONLY
current,r1,ead_at_default:0-100000,1892,7,0.5013995900125228,0.5049728602999013,0.5044685110348007,-0.0030689210222780176,0.004961432621881049,0.03471991767870173,0.12370351070170332,0.1641413837451475,-0.003573270287378663,upside,KNOWN ENGINEERING ONLY
current,r1,ead_at_default:100000-500000,4580,7,0.48898865156643684,0.49096523412737403,0.492931555193291,-0.0039429036268541695,0.003878509425547136,0.0335978018073816,0.12653509351849893,0.16686127886598429,-0.0019765825609371446,upside,KNOWN ENGINEERING ONLY
current,r1,ead_at_default:500000-inf,2223,7,0.4812664098122511,0.48261578731858384,0.48467850637411,-0.00341209656185885,0.003954764077251605,0.033102591935312745,0.12437777154789485,0.16525097714388157,-0.0013493775063327315,upside,KNOWN ENGINEERING ONLY
current,r1,guarantee:zero,6915,7,0.514713371880495,0.5152268248953674,0.5171353743462537,-0.0024220024657587197,0.00392042609781846,0.030593692816547193,0.13263710843497525,0.17421976579232598,-0.0005134530148724277,upside,KNOWN ENGINEERING ONLY
current,r1,guarantee:partial,1451,7,0.4102565082393333,0.4205875895409951,0.41913210748033736,-0.008875599241004034,0.004856449485032423,0.040717849261746646,0.10101379894422076,0.1331777575950347,-0.010331081301661866,upside,KNOWN ENGINEERING ONLY
current,r1,guarantee:full,329,7,0.3147298403699466,0.3155569380685363,0.3202719263661044,-0.005542085996157846,0.006574458716751155,0.055371114023476296,0.07997850947537882,0.10426798186555317,-0.0008270976985897022,upside,KNOWN ENGINEERING ONLY
current,r1,predicted:0.0,599,7,0.13381023542412201,0.14457869381134536,0.1448007185088221,-0.010990483084700076,0.004848989274124344,0.04548987831644975,0.0586295087497401,0.07667892574857456,-0.01076845838722338,upside,KNOWN ENGINEERING ONLY
current,r1,predicted:0.2,1759,7,0.3189180607320156,0.3278409661066622,0.3288150639813185,-0.009897003249302797,0.006101460359629433,0.04329788000277979,0.08575015735888267,0.1076746838340005,-0.008922905374646496,upside,KNOWN ENGINEERING ONLY
current,r1,predicted:0.4,3994,7,0.5052233606674684,0.5085358107946368,0.511441526884886,-0.006218166217417587,0.003594740776486389,0.031924055196153774,0.13972671716226984,0.17235204477013888,-0.0033124501271684717,upside,KNOWN ENGINEERING ONLY
current,r1,predicted:0.6,2232,7,0.6752114872940709,0.6686770973430635,0.6689484289430656,0.0062630583510053205,0.002669691729784508,0.022547302170867797,0.1499629709876808,0.20443909087403594,0.006534389951007392,upside,KNOWN ENGINEERING ONLY
current,r1,predicted:0.8,111,4,0.828900319799174,0.8110820958728485,0.7982845551683037,0.03061576463087031,0.003412167395066371,0.03605901668507447,0.10207292421026841,0.17384330607455714,0.017818223926325746,upside,KNOWN ENGINEERING ONLY
current,r1,realized_gt:0.6,3327,7,0.6193091918892312,0.7330663882424685,0.620420397975117,-0.0011112060858860491,0.0029737811592237206,0.027381313757673827,0.12049282784360767,0.14234347509600634,-0.11375719635323736,upside,KNOWN ENGINEERING ONLY
current,r1,realized_gt:0.75,1305,7,0.6766632826432984,0.8239522191408761,0.6702705891680523,0.0063926934752461815,0.0023890185333476,0.02392742497444234,0.14938279027446202,0.17025563326284512,-0.1472889364975778,upside,KNOWN ENGINEERING ONLY
current,r1,realized_gt:0.9,148,7,0.7257756649210453,0.9390870179157589,0.713006320926065,0.012769343994980453,0.004343782485948456,0.024638376807685783,0.21331135299471338,0.22904906670371789,-0.21331135299471338,upside,KNOWN ENGINEERING ONLY
current,calibrated,all,8695,7,0.48664736501597206,0.49187858760207,0.4933319454091733,-0.006684580393201273,0.0035541269146750105,0.034460804726089075,0.12680341790662994,0.16599262355896588,-0.005231222586097866,upside,KNOWN ENGINEERING ONLY
current,calibrated,regime:0,2305,2,0.40110882145064775,0.40475478930300873,0.4119807497603356,-0.010871928309687827,0.0055997401283944676,0.034482866373585046,0.13101056333533395,0.16742889937547667,-0.0036459678523609695,upside,KNOWN ENGINEERING ONLY
current,calibrated,regime:1,6390,5,0.5175028177418051,0.5233058732169895,0.5226769385188089,-0.0051741207770038536,0.004313366406346616,0.0344528431843204,0.12528581693430396,0.1654714707776366,-0.005803055475184494,upside,KNOWN ENGINEERING ONLY
current,calibrated,collateral_type:Cash,842,7,0.181808191220699,0.18696953456259238,0.18654122739412313,-0.004733036173424097,0.006207743287340318,0.049837240938081145,0.0745795878116726,0.09290649358882262,-0.005161343341893397,upside,KNOWN ENGINEERING ONLY
current,calibrated,collateral_type:Mortgage,3049,7,0.44369067265762097,0.45498460624193615,0.45358104548353656,-0.009890372825915572,0.006798728376779758,0.03763928253514595,0.08689473930593528,0.10940415180592165,-0.011293933584315177,upside,KNOWN ENGINEERING ONLY
current,calibrated,collateral_type:Other,1674,7,0.513497112638238,0.5155098085443158,0.5193967183983131,-0.005899605760075184,0.004258798998195106,0.03139321661060095,0.132258974034399,0.16472106853426607,-0.002012695906077825,upside,KNOWN ENGINEERING ONLY
current,calibrated,collateral_type:Unsecured,3130,7,0.5961371611234989,0.597202711553817,0.6006437180794988,-0.004506556955999853,0.0017214113622332015,0.026900917973293678,0.17681026296592273,0.21920223721046925,-0.0010655504303180366,upside,KNOWN ENGINEERING ONLY
current,calibrated,product_type:Financial Guarantee,367,7,0.5110658498937646,0.5280408198407585,0.51602467763039,-0.004958827736625388,0.004813479957411156,0.033954037056762185,0.11681303643343975,0.15359554386376156,-0.016974969946993997,upside,KNOWN ENGINEERING ONLY
current,calibrated,product_type:Import LC,831,7,0.5098126506024518,0.5234099491957376,0.5161154579581162,-0.006302807355664358,0.0042370678239839,0.035369057768550115,0.12297600924983375,0.15844850701833937,-0.013597298593285737,upside,KNOWN ENGINEERING ONLY
current,calibrated,product_type:OVD,2848,7,0.5084211120979905,0.514416365858695,0.5164305304016849,-0.008009418303694258,0.0034737109375787027,0.03424882615716367,0.130173068062255,0.1687240328127817,-0.0059952537607044646,upside,KNOWN ENGINEERING ONLY
current,calibrated,product_type:Performance Guarantee,658,7,0.5096019891693852,0.5094181520782674,0.5150287084684867,-0.005426719299101441,0.003172487858709496,0.03147921567481021,0.1286284090652495,0.1705113627305386,0.00018383709111786175,upside,KNOWN ENGINEERING ONLY
current,calibrated,product_type:Term Loan,3991,7,0.4602560569089691,0.4630129582820643,0.46644079737483135,-0.006184740465862309,0.003671630229729372,0.03493333134063305,0.12581355039694972,0.16590482110039895,-0.002756901373095201,upside,KNOWN ENGINEERING ONLY
current,calibrated,industry:Construction,1077,1,0.48584757191778394,0.503616627355226,0.5046086145011272,-0.0187610425833432,,0.03766664311340654,0.1343388779620008,0.17193564126214486,-0.017769055437442078,upside,KNOWN ENGINEERING ONLY
current,calibrated,industry:Hospitality,668,1,0.47910010334119335,0.4896684735949215,0.4921538307856273,-0.013053727444433973,,0.03519332036848315,0.1332743783679974,0.1737702974715672,-0.010568370253728223,upside,KNOWN ENGINEERING ONLY
current,calibrated,industry:Manufacturing,1661,1,0.41284452037832214,0.42127831791582826,0.4276018794513902,-0.014757359073068094,,0.035905719778207015,0.1348487193764924,0.17147071406907077,-0.008433797537506093,upside,KNOWN ENGINEERING ONLY
current,calibrated,industry:Retail,1629,1,0.5326829226249236,0.5405398714251171,0.5329459706586501,-0.0002630480337266198,,0.0322407582471133,0.1200844904464362,0.1589883304281643,-0.007856948800193582,upside,KNOWN ENGINEERING ONLY
current,calibrated,industry:Services,2128,1,0.523645456271233,0.531007470816136,0.5310762958022792,-0.00743083953104624,,0.0331487544644841,0.12339362246114055,0.1612718308506516,-0.007362014544902917,upside,KNOWN ENGINEERING ONLY
current,calibrated,industry:Technology,644,1,0.37084019424743786,0.36213742746155964,0.3716908484919477,-0.00085065424450984,,0.03050827973094624,0.12111121988135237,0.1565232801308778,0.008702766785878236,upside,KNOWN ENGINEERING ONLY
current,calibrated,industry:Transport,888,1,0.5422165422089855,0.5224183934519411,0.5285856494172119,0.013630892791773598,,0.03672872225092805,0.1223725792350828,0.17252501650611674,0.019798148757044377,upside,KNOWN ENGINEERING ONLY
current,calibrated,lien_rank:First,3026,7,0.3538552490368003,0.36188500176739663,0.36125674448147477,-0.00740149544467445,0.00546215253810483,0.04080509202625128,0.09223850582531803,0.11849418472246631,-0.00802975273059626,upside,KNOWN ENGINEERING ONLY
current,calibrated,lien_rank:Second,2539,7,0.5099344391145992,0.5169656623428155,0.5184495939121655,-0.008515154797566224,0.006062584665479781,0.03450094195186581,0.10635127096786,0.13561398226762372,-0.007031223228216308,upside,KNOWN ENGINEERING ONLY
current,calibrated,lien_rank:Unsecured,3130,7,0.5961371611234989,0.597202711553817,0.6006437180794988,-0.004506556955999853,0.0017214113622332015,0.026900917973293678,0.17681026296592273,0.21920223721046925,-0.0010655504303180366,upside,KNOWN ENGINEERING ONLY
current,calibrated,reporting_date:2026-01-01,8695,7,0.48664736501597206,0.49187858760207,0.4933319454091733,-0.006684580393201273,0.0035541269146750105,0.034460804726089075,0.12680341790662994,0.16599262355896588,-0.005231222586097866,upside,KNOWN ENGINEERING ONLY
current,calibrated,collateral_coverage:0-0.5,3620,7,0.5915296409149102,0.5909280118635445,0.5951457941488851,-0.003616153233975041,0.0016248213933746773,0.02701052130341294,0.1726960219380446,0.2145644064731439,0.0006016290513655163,upside,KNOWN ENGINEERING ONLY
current,calibrated,collateral_coverage:0.5-1,3044,7,0.4350249778620376,0.4435288461440215,0.4437551140823823,-0.008730136220344619,0.005226331005559109,0.03767372142858543,0.1053282925350651,0.13276247084061576,-0.008503868281983816,upside,KNOWN ENGINEERING ONLY
current,calibrated,collateral_coverage:1-inf,2031,7,0.3770780433726538,0.3878006443089932,0.3861658903234989,-0.009087846950845099,0.006517466128329192,0.04069985449556157,0.07719192358724154,0.09740054502155397,-0.010722600936339434,upside,KNOWN ENGINEERING ONLY
current,calibrated,ead_at_default:0-100000,1892,7,0.497979582433577,0.5049728602999013,0.5044685110348007,-0.0064889286012237936,0.00430011862966424,0.03535094029176859,0.12552107969257803,0.16443869896122754,-0.006993277866324439,upside,KNOWN ENGINEERING ONLY
current,calibrated,ead_at_default:100000-500000,4580,7,0.4858235087139701,0.49096523412737403,0.492931555193291,-0.007108046479320918,0.0033433761923869956,0.03438259560880561,0.12798523216546667,0.16701457194380054,-0.0051417254134038925,upside,KNOWN ENGINEERING ONLY
current,calibrated,ead_at_default:500000-inf,2223,7,0.4786998645702054,0.48261578731858384,0.48467850637411,-0.005978641803904563,0.0035238665421989316,0.033848941800339295,0.1254599516877877,0.16519508562100854,-0.003915922748378445,upside,KNOWN ENGINEERING ONLY
current,calibrated,guarantee:zero,6915,7,0.5106881835925609,0.5152268248953674,0.5171353743462537,-0.006447190753692847,0.003255955389568507,0.031118896429691872,0.13402598353859055,0.1742572376271733,-0.004538641302806555,upside,KNOWN ENGINEERING ONLY
current,calibrated,guarantee:partial,1451,7,0.41053540447959297,0.4205875895409951,0.41913210748033736,-0.008596703000744372,0.0047518774944992626,0.04192814339261412,0.10248567090617658,0.13376904212303223,-0.010052185061402204,upside,KNOWN ENGINEERING ONLY
current,calibrated,guarantee:full,329,7,0.3170309342596639,0.3155569380685363,0.3202719263661044,-0.003240992106440552,0.006595171920035841,0.05725539134561203,0.08224721593900128,0.10512239197978987,0.0014739961911275933,upside,KNOWN ENGINEERING ONLY
current,calibrated,predicted:0.0,622,7,0.1461238924015418,0.1469938170633258,0.14753342173381181,-0.0014095293322699933,0.004617192253101756,0.04838022878893708,0.06373930794425005,0.07950910606323885,-0.000869924661783987,upside,KNOWN ENGINEERING ONLY
current,calibrated,predicted:0.2,1764,7,0.31731082004850825,0.33089391960589193,0.3315263797475373,-0.014215559699029061,0.006084863967388701,0.044493071730343704,0.08655838289315507,0.10869849134377073,-0.01358309955738371,upside,KNOWN ENGINEERING ONLY
current,calibrated,predicted:0.4,4194,7,0.5104192374737584,0.5148822623924552,0.5175185166182914,-0.007099279144533064,0.0035092527389682673,0.03247208355993956,0.1416765507438686,0.1745157449703641,-0.004463024918696793,upside,KNOWN ENGINEERING ONLY
current,calibrated,predicted:0.6,2115,7,0.6808866237397669,0.6819579585474511,0.6820190470177595,-0.001132423277992527,0.0020435674105041515,0.021254516628025855,0.14942289735863504,0.20290133895116802,-0.0010713348076842079,upside,KNOWN ENGINEERING ONLY
current,calibrated,realized_gt:0.6,3327,7,0.6131373723625831,0.7330663882424685,0.620420397975117,-0.007283025612534053,0.0019638052053862027,0.027434480902466876,0.12439813597505307,0.14568781867983008,-0.11992901587988533,upside,KNOWN ENGINEERING ONLY
current,calibrated,realized_gt:0.75,1305,7,0.6657916699372868,0.8239522191408761,0.6702705891680523,-0.004478919230765563,0.0013215193631368467,0.022744874295580135,0.1583710510616568,0.17627630509183667,-0.15816054920358952,upside,KNOWN ENGINEERING ONLY
current,calibrated,realized_gt:0.9,148,7,0.7048687818876986,0.9390870179157589,0.713006320926065,-0.008137539038366289,0.0033369282917997596,0.024450044984669152,0.23421823602806016,0.24315878047611408,-0.23421823602806016,upside,KNOWN ENGINEERING ONLY
promotion,r1,all,6000,84,0.48861517490596346,0.48576183950753893,0.4862179510766259,0.0023972238293375947,0.000999133315440583,0.03225972310672354,0.12274298229793065,0.16395075618143876,0.002853335398424621,baseline,KNOWN ENGINEERING ONLY
promotion,r1,regime:0,3495,49,0.43475592658647,0.436965524992086,0.4350942629730651,-0.00033833638659510267,0.0012066427214828554,0.03145956838808584,0.12464675870107685,0.1618039995464692,-0.0022095984056160456,baseline,KNOWN ENGINEERING ONLY
promotion,r1,regime:1,2505,35,0.5637601141780713,0.5538429250290989,0.5575462105265043,0.006213903651567047,0.001400586523418784,0.033344038484635054,0.12008681522048711,0.16689979955454065,0.009917189148972376,baseline,KNOWN ENGINEERING ONLY
promotion,r1,collateral_type:Cash,595,82,0.17869005177740846,0.173873025154599,0.1731559355703925,0.005534116207015947,0.002815335728608112,0.04568356588104979,0.07120639577507493,0.08992263658827485,0.004817026622809458,baseline,KNOWN ENGINEERING ONLY
promotion,r1,collateral_type:Mortgage,2021,84,0.44504283986116416,0.4382000157933078,0.44198299498617405,0.003059844874990124,0.001625701108800745,0.03363325334717486,0.08274692899650934,0.10626594171301522,0.006842824067856416,baseline,KNOWN ENGINEERING ONLY
promotion,r1,collateral_type:Other,1239,84,0.5104328300390569,0.5110044322216802,0.5081215950113703,0.002311235027686768,0.0014058762246299409,0.030102367927663225,0.12690792165626472,0.16250992409569162,-0.0005716021826232088,baseline,KNOWN ENGINEERING ONLY
promotion,r1,collateral_type:Unsecured,2145,84,0.6030361831470483,0.602508094935809,0.6020837462513877,0.0009524368956606669,0.001087614542419263,0.0272561094136422,0.17231684376100553,0.21691254027286258,0.0005280882112393636,baseline,KNOWN ENGINEERING ONLY
promotion,r1,product_type:Financial Guarantee,236,73,0.5170034573726653,0.49922795987484747,0.5137937878985751,0.0032096694740902233,0.0026222051696992857,0.03310630178488068,0.12897430826661993,0.1721712591285729,0.01777549749781787,baseline,KNOWN ENGINEERING ONLY
promotion,r1,product_type:Import LC,538,84,0.5153469147125203,0.5057613357230569,0.510833680125266,0.004513234587254078,0.0016919922949807072,0.033226482345628576,0.126868402621659,0.17046261861850806,0.009585578989463257,baseline,KNOWN ENGINEERING ONLY
promotion,r1,product_type:OVD,1992,84,0.5096590392968169,0.5051845917266479,0.5087854405395656,0.0008735987572513722,0.0010581813921928006,0.030801772734623572,0.12667858744527968,0.16777473595560183,0.004474447570169024,baseline,KNOWN ENGINEERING ONLY
promotion,r1,product_type:Performance Guarantee,420,82,0.5211165908095975,0.5174205910550991,0.5176849504193053,0.0034316403902922466,0.0018983881339496658,0.0308349604918176,0.13102409580879856,0.17296461273699115,0.0036959997544984305,baseline,KNOWN ENGINEERING ONLY
promotion,r1,product_type:Term Loan,2814,84,0.4613759129215373,0.4623345006869724,0.45852721246530775,0.0028487004562296023,0.0011436988549676336,0.033203097908312315,0.11740969793728373,0.15773568319729703,-0.0009585877654351684,baseline,KNOWN ENGINEERING ONLY
promotion,r1,industry:Construction,728,12,0.5063325023776633,0.5098773789143861,0.5082512080135305,-0.0019187056358673305,0.001804071492720788,0.029805391256329788,0.11546632968183672,0.15689038983828602,-0.0035448765367228838,baseline,KNOWN ENGINEERING ONLY
promotion,r1,industry:Hospitality,425,12,0.49050594758803073,0.5190235187611795,0.5041040998506453,-0.013598152262614615,0.002339245259984342,0.03420662912285837,0.11855302199828992,0.15112525754177278,-0.028517571173148838,baseline,KNOWN ENGINEERING ONLY
promotion,r1,industry:Manufacturing,1104,12,0.48232953175434656,0.4783349531458855,0.4823720861190962,-4.255436474958636e-05,0.0014620435700532306,0.030138995436201396,0.1238997852602156,0.16494804284703407,0.003994578608461229,baseline,KNOWN ENGINEERING ONLY
promotion,r1,industry:Retail,1182,12,0.4825853951006874,0.4703269379281379,0.47294187783936537,0.009643517261321972,0.0023567710600098293,0.03417728206819942,0.12779984225099872,0.1712163467972301,0.012258457172549529,baseline,KNOWN ENGINEERING ONLY
promotion,r1,industry:Services,1492,12,0.4865063418163458,0.4860890345715715,0.4852922279561512,0.0012141138601946151,0.002135064822554037,0.032477688122049424,0.12021764711977492,0.16139753576475435,0.0004173072447742257,baseline,KNOWN ENGINEERING ONLY
promotion,r1,industry:Technology,470,12,0.49354951580466033,0.4718357597225375,0.48576638704362013,0.00778312876104013,0.0026592605309920738,0.031714356514562315,0.13457576926379825,0.17915195448948124,0.02171375608212284,baseline,KNOWN ENGINEERING ONLY
promotion,r1,industry:Transport,599,12,0.49060515107836383,0.4871109084600423,0.482694984785793,0.007910166292570847,0.0015158497724639369,0.03344760766503475,0.11945451403219635,0.15832554059746348,0.003494242618321571,baseline,KNOWN ENGINEERING ONLY
promotion,r1,lien_rank:First,2132,84,0.3544479708041858,0.35063607757367554,0.3506308914685034,0.0038170793356824095,0.0016647406398500638,0.037584331295697194,0.08674540108640313,0.1139992261231541,0.003811893230510239,baseline,KNOWN ENGINEERING ONLY
promotion,r1,lien_rank:Second,1723,84,0.5121853527747176,0.5076233639122733,0.5097463784908183,0.0024389742838993264,0.0012301484940720993,0.030842332321255085,0.10556997609054873,0.13765194605235692,0.004561988862444259,baseline,KNOWN ENGINEERING ONLY
promotion,r1,lien_rank:Unsecured,2145,84,0.6030361831470483,0.602508094935809,0.6020837462513877,0.0009524368956606669,0.001087614542419263,0.0272561094136422,0.17231684376100553,0.21691254027286258,0.0005280882112393636,baseline,KNOWN ENGINEERING ONLY
promotion,r1,reporting_date:2026-01-01,506,7,0.4049427593757293,0.4061857029088049,0.4045016979946964,0.00044106138103296074,0.0016356054138083461,0.031304048284758954,0.122720589843887,0.16053614453321646,-0.0012429435330755815,baseline,KNOWN ENGINEERING ONLY
promotion,r1,reporting_date:2026-04-01,521,7,0.4221181968023995,0.42646134741771896,0.4252880966152565,-0.0031698998128570303,0.003260161297682531,0.03220000357018733,0.13236772015923182,0.166259216070478,-0.004343150615319509,baseline,KNOWN ENGINEERING ONLY
promotion,r1,reporting_date:2026-07-01,514,7,0.44942143059611706,0.4405410688587249,0.4533722632615845,-0.00395083266546738,0.002923789480572651,0.03189493194808063,0.1357998943331076,0.17577334677094028,0.008880361737392166,baseline,KNOWN ENGINEERING ONLY
promotion,r1,reporting_date:2026-10-01,473,7,0.46859828990089447,0.4547466050882059,0.46435792646304774,0.004240363437846782,0.004941653453915563,0.032512986898166035,0.12505083034469341,0.1667292620416382,0.01385168481268857,baseline,KNOWN ENGINEERING ONLY
promotion,r1,reporting_date:2027-01-01,460,7,0.49705468096394356,0.5033259239595461,0.49459794351135566,0.0024567374525879433,0.00522753738004861,0.03116009902498492,0.11212341752939145,0.15126367653937922,-0.006271242995602562,baseline,KNOWN ENGINEERING ONLY
promotion,r1,reporting_date:2027-04-01,490,7,0.5539587974453452,0.550603952434022,0.5490689649340083,0.004889832511336964,0.002101906087720611,0.0334651183817337,0.11927661138840125,0.16474439438636465,0.0033548450113231724,baseline,KNOWN ENGINEERING ONLY
promotion,r1,reporting_date:2027-07-01,535,7,0.5728620784954936,0.5570740484214282,0.564631118739765,0.008230959755728512,0.002859996977935064,0.03241075932428192,0.11623462854083688,0.16937519806349938,0.015788030074065394,baseline,KNOWN ENGINEERING ONLY
promotion,r1,reporting_date:2027-10-01,497,7,0.5631333527846656,0.5546745063332964,0.5567764977709987,0.006356855013666962,0.0028325606080629997,0.03443278745671926,0.12284367869423927,0.168580806395774,0.008458846451369045,baseline,KNOWN ENGINEERING ONLY
promotion,r1,reporting_date:2028-01-01,524,7,0.5589784030844022,0.5530495028260288,0.5557656311433471,0.003212771941055094,0.0036452874893325884,0.03514330587055137,0.12093803399828937,0.16480581109353137,0.005928900258373343,baseline,KNOWN ENGINEERING ONLY
promotion,r1,reporting_date:2028-04-01,526,7,0.5077215202565837,0.5117826484180601,0.5058383460245034,0.0018831742320803136,0.0025785256438584305,0.029509264030784965,0.12579618514669388,0.16423135999898514,-0.0040611281614764475,baseline,KNOWN ENGINEERING ONLY
promotion,r1,reporting_date:2028-07-01,486,7,0.4443951066226791,0.4436426530907792,0.4421713015561757,0.0022238050665034405,0.002218349253947062,0.03028892564541114,0.11444669727516428,0.1518370179128684,0.0007524535318999372,baseline,KNOWN ENGINEERING ONLY
promotion,r1,reporting_date:2028-10-01,468,7,0.40989561794352947,0.4181235182705312,0.4077740990796203,0.0021215188639092278,0.004644529282224465,0.03227447740273232,0.12398491534432506,0.15937163252506284,-0.00822790032700171,baseline,KNOWN ENGINEERING ONLY
promotion,r1,collateral_coverage:0-0.5,2527,84,0.5960618862334685,0.5954789773301682,0.5940011276146346,0.0020607586188338065,0.0010406199326104685,0.02764042448720921,0.16706274317486655,0.2114145644936943,0.0005829089033002418,baseline,KNOWN ENGINEERING ONLY
promotion,r1,collateral_coverage:0.5-1,2093,84,0.4352603994552896,0.4293194685939077,0.43244740645601093,0.002812992999278655,0.0013032243821581798,0.03421703107247128,0.10230639875208108,0.13247850899207841,0.0059409308613819585,baseline,KNOWN ENGINEERING ONLY
promotion,r1,collateral_coverage:1-inf,1380,84,0.3727845267129602,0.37045653156873154,0.3704017646848861,0.00238276202807414,0.0018739438779452478,0.03674266777207055,0.07258191970767419,0.09167799662482183,0.0023279951442286765,baseline,KNOWN ENGINEERING ONLY
promotion,r1,ead_at_default:0-100000,1300,84,0.500393895924373,0.4925994965096622,0.496557652321089,0.003836243603283992,0.0012744079471383532,0.03320264812935985,0.1235299025254979,0.16839289013781206,0.007794399414710737,baseline,KNOWN ENGINEERING ONLY
promotion,r1,ead_at_default:100000-500000,3147,84,0.4874173032101135,0.4882366067484808,0.48615779695089967,0.0012595062592138716,0.0010482722602703188,0.03210514267288431,0.12377996899483709,0.1637353795504051,-0.0008193035383672687,baseline,KNOWN ENGINEERING ONLY
promotion,r1,ead_at_default:500000-inf,1553,84,0.48118269899025695,0.47502323898596494,0.4776845920398318,0.003498106950425192,0.0012623253319144056,0.03176761289191123,0.11998290925800657,0.16058349160791674,0.006159460004292056,baseline,KNOWN ENGINEERING ONLY
promotion,r1,guarantee:zero,4795,84,0.5133075769206495,0.5107590701409225,0.5111154327400712,0.0021921441805784142,0.001038610851545679,0.02928083319207421,0.1299075255503126,0.17234760682036174,0.002548506779726968,baseline,KNOWN ENGINEERING ONLY
promotion,r1,guarantee:partial,972,83,0.41001296286034655,0.40892669952418903,0.4092545043086276,0.0007584585517189768,0.0015934382961712771,0.03843479036479452,0.0977753641792381,0.13038454484165146,0.0010862633361575903,baseline,KNOWN ENGINEERING ONLY
promotion,r1,guarantee:full,233,72,0.3083631682446761,0.29186499477252276,0.29490913426235327,0.013454033982322856,0.0036576025669958242,0.054701379672680815,0.07945774588676169,0.09990869067061517,0.016498173472153363,baseline,KNOWN ENGINEERING ONLY
promotion,r1,predicted:0.0,434,77,0.1355474207513448,0.13714579551782813,0.13479818773165544,0.0007492330196893469,0.002781154175314115,0.0441938856463424,0.05875913764288764,0.07675629557698,-0.0015983747664833168,baseline,KNOWN ENGINEERING ONLY
promotion,r1,predicted:0.2,1252,84,0.31288286749403094,0.305755946538424,0.306943453644862,0.005939413849169,0.001836837438384982,0.04124284395358695,0.0832241670560166,0.10402158991098359,0.00712692095560701,baseline,KNOWN ENGINEERING ONLY
promotion,r1,predicted:0.4,2704,84,0.5038194211204644,0.5094375958919809,0.5045338293302197,-0.0007144082097552869,0.00101343175146555,0.02898103643033638,0.13603160778399948,0.16866746109668798,-0.005618174771516507,baseline,KNOWN ENGINEERING ONLY
promotion,r1,predicted:0.6,1424,78,0.6757844152700413,0.6648231840965195,0.6732082307250493,0.0025761845449920316,0.0012553655424986578,0.023799932569362033,0.14969168189510437,0.20421976799602418,0.01096123117352172,baseline,KNOWN ENGINEERING ONLY
promotion,r1,predicted:0.8,186,33,0.841340842327399,0.7957841036506936,0.8150757739756225,0.026265068351776586,0.0017335451824165744,0.031891885646262164,0.13854488403158385,0.218261330779616,0.04555673867670547,baseline,KNOWN ENGINEERING ONLY
promotion,r1,realized_gt:0.6,2240,84,0.6279266102714484,0.7383884207425276,0.6287145248031212,-0.0007879145316729612,0.0011204025930518647,0.02588241226370605,0.11903481364171878,0.14036319882602893,-0.11046181047107943,baseline,KNOWN ENGINEERING ONLY
promotion,r1,realized_gt:0.75,908,83,0.6949551628769306,0.8341658168660903,0.6914114348099294,0.0035437280670011406,0.0013722066188153277,0.024761979189390108,0.143326106428825,0.16459823940460733,-0.13921065398915974,baseline,KNOWN ENGINEERING ONLY
promotion,r1,realized_gt:0.9,144,45,0.7842115119255683,0.9491620248264514,0.7713576946236612,0.012853817301907104,0.002746364622403649,0.027916396215730034,0.16553636426129203,0.1833621734545042,-0.1649505129008831,baseline,KNOWN ENGINEERING ONLY
promotion,calibrated,all,6000,84,0.4843998499053128,0.48576183950753893,0.4862179510766259,-0.0018181011713130886,0.0010208698091538897,0.033702604159541245,0.12461109774478726,0.16419498925706288,-0.0013619896022260625,baseline,KNOWN ENGINEERING ONLY
promotion,calibrated,regime:0,3495,49,0.43327832935462884,0.436965524992086,0.4350942629730651,-0.0018159336184362259,0.0011786155576381232,0.032601201132292666,0.12554876071279591,0.1619819343455515,-0.00368719563745717,baseline,KNOWN ENGINEERING ONLY
promotion,calibrated,regime:1,2505,35,0.5557250851646505,0.5538429250290989,0.5575462105265043,-0.0018211253618538614,0.0018316457279246262,0.035181725267428465,0.12330286138822427,0.16723373752094944,0.00188216013555147,baseline,KNOWN ENGINEERING ONLY
promotion,calibrated,collateral_type:Cash,595,82,0.18453247187243327,0.173873025154599,0.1731559355703925,0.011376536302040764,0.002774631118146969,0.049076154206621446,0.07524169916772773,0.09148951895371682,0.010659446717834272,baseline,KNOWN ENGINEERING ONLY
promotion,calibrated,collateral_type:Mortgage,2021,84,0.44229385726488896,0.4382000157933078,0.44198299498617405,0.0003108622787149108,0.0016225475080115367,0.03366539996966661,0.08243632823282132,0.10604875042570525,0.004093841471581204,baseline,KNOWN ENGINEERING ONLY
promotion,calibrated,collateral_type:Other,1239,84,0.50775584187611,0.5110044322216802,0.5081215950113703,-0.00036575313526023755,0.0014280237030085145,0.030067907248614474,0.12773317673048623,0.1626229019415191,-0.0032485903455702135,baseline,KNOWN ENGINEERING ONLY
promotion,calibrated,collateral_type:Unsecured,2145,84,0.5937607948955423,0.602508094935809,0.6020837462513877,-0.008322951355845308,0.0013276520114075172,0.030316753347797164,0.17623895111250407,0.21729843632556828,-0.008747300040266614,baseline,KNOWN ENGINEERING ONLY
promotion,calibrated,product_type:Financial Guarantee,236,73,0.5123736615014431,0.49922795987484747,0.5137937878985751,-0.001420126397131925,0.00260464073169151,0.03409152208791931,0.13027252874632594,0.17298869863726765,0.013145701626595722,baseline,KNOWN ENGINEERING ONLY
promotion,calibrated,product_type:Import LC,538,84,0.5108169325253666,0.5057613357230569,0.510833680125266,-1.674759989938109e-05,0.0017333402497585592,0.03467879712130334,0.12868683236527134,0.17014583329488076,0.0050555968023097975,baseline,KNOWN ENGINEERING ONLY
promotion,calibrated,product_type:OVD,1992,84,0.5053760309464905,0.5051845917266479,0.5087854405395656,-0.0034094095930750825,0.001109908885855508,0.03264865133887767,0.1289886598566796,0.16818715933574355,0.00019143921984256858,baseline,KNOWN ENGINEERING ONLY
promotion,calibrated,product_type:Performance Guarantee,420,82,0.515570842964794,0.5174205910550991,0.5176849504193053,-0.0021141074545111987,0.001765012148111455,0.033586381837443356,0.13370906946255479,0.17411761255772593,-0.001849748090305015,baseline,KNOWN ENGINEERING ONLY
promotion,calibrated,product_type:Term Loan,2814,84,0.45750198931352765,0.4623345006869724,0.45852721246530775,-0.001025223151780122,0.0011964283418842404,0.034228096466802416,0.11890033200543565,0.15776749228166018,-0.004832511373444893,baseline,KNOWN ENGINEERING ONLY
promotion,calibrated,industry:Construction,728,12,0.5018799458450854,0.5098773789143861,0.5082512080135305,-0.006371262168445182,0.001696308849514373,0.03193654291302491,0.11781750244210756,0.15787962857770593,-0.007997433069300735,baseline,KNOWN ENGINEERING ONLY
promotion,calibrated,industry:Hospitality,425,12,0.48629238547259895,0.5190235187611795,0.5041040998506453,-0.017811714378046396,0.002473064231691467,0.03635026743751395,0.12013501241205139,0.15203235910265467,-0.03273113328858061,baseline,KNOWN ENGINEERING ONLY
promotion,calibrated,industry:Manufacturing,1104,12,0.4780568271092985,0.4783349531458855,0.4823720861190962,-0.004315259009797718,0.0014108561978706667,0.03142103134220783,0.12544210860511157,0.1651547056616857,-0.0002781260365869031,baseline,KNOWN ENGINEERING ONLY
promotion,calibrated,industry:Retail,1182,12,0.47958213894827395,0.4703269379281379,0.47294187783936537,0.006640261108908553,0.002079869434066578,0.03456740493934471,0.1292615138843896,0.1710174652106309,0.00925520102013611,baseline,KNOWN ENGINEERING ONLY
promotion,calibrated,industry:Services,1492,12,0.48194141916042466,0.4860890345715715,0.4852922279561512,-0.0033508087957264685,0.0021316895863665373,0.03422469609857532,0.12237199523461237,0.1617613047444973,-0.004147615411146857,baseline,KNOWN ENGINEERING ONLY
promotion,calibrated,industry:Technology,470,12,0.4874164901226006,0.4718357597225375,0.48576638704362013,0.001650103078980387,0.0033606314184170746,0.03545040041707294,0.1372567552411741,0.17906779081948113,0.015580730400063093,baseline,KNOWN ENGINEERING ONLY
promotion,calibrated,industry:Transport,599,12,0.48676638050133403,0.4871109084600423,0.482694984785793,0.004071395715541166,0.0019821531288001615,0.03345642632943384,0.12099027587806722,0.15822649488871773,-0.000344527958708115,baseline,KNOWN ENGINEERING ONLY
promotion,calibrated,lien_rank:First,2132,84,0.3543453953470143,0.35063607757367554,0.3506308914685034,0.003714503878510931,0.0016596390811803225,0.038697427924578504,0.08764901675217604,0.11418207754174131,0.0037093177733387626,baseline,KNOWN ENGINEERING ONLY
promotion,calibrated,lien_rank:Second,1723,84,0.5091803897278608,0.5076233639122733,0.5097463784908183,-0.00056598876295743,0.001191496131804472,0.030955579494699313,0.10607448207589264,0.13772043010926951,0.0015570258155875017,baseline,KNOWN ENGINEERING ONLY
promotion,calibrated,lien_rank:Unsecured,2145,84,0.5937607948955423,0.602508094935809,0.6020837462513877,-0.008322951355845308,0.0013276520114075172,0.030316753347797164,0.17623895111250407,0.21729843632556828,-0.008747300040266614,baseline,KNOWN ENGINEERING ONLY
promotion,calibrated,reporting_date:2026-01-01,506,7,0.40400333399731586,0.4061857029088049,0.4045016979946964,-0.0004983639973804491,0.0016202102706744518,0.032185006344283666,0.12285617387942879,0.16009303432225086,-0.00218236891148899,baseline,KNOWN ENGINEERING ONLY
promotion,calibrated,reporting_date:2026-04-01,521,7,0.4213662403740363,0.42646134741771896,0.4252880966152565,-0.003921856241220196,0.0030247213331610952,0.033799203849359104,0.1332207074295372,0.16674772407635938,-0.0050951070436826736,baseline,KNOWN ENGINEERING ONLY
promotion,calibrated,reporting_date:2026-07-01,514,7,0.44794727558391434,0.4405410688587249,0.4533722632615845,-0.005424987677670073,0.003008729372762393,0.03330443749864695,0.13663439195430033,0.17577008456065493,0.007406206725189472,baseline,KNOWN ENGINEERING ONLY
promotion,calibrated,reporting_date:2026-10-01,473,7,0.46617506661369584,0.4547466050882059,0.46435792646304774,0.0018171401506481735,0.004649348138484386,0.032739120300289026,0.12532336908204952,0.1664203831451901,0.011428461525489963,baseline,KNOWN ENGINEERING ONLY
promotion,calibrated,reporting_date:2027-01-01,460,7,0.492925867110432,0.5033259239595461,0.49459794351135566,-0.0016720764009236116,0.005405130590755915,0.03222004165712968,0.11464456543125785,0.15182195869046222,-0.010400056849114117,baseline,KNOWN ENGINEERING ONLY
promotion,calibrated,reporting_date:2027-04-01,490,7,0.5473614163895139,0.550603952434022,0.5490689649340083,-0.0017075485444943367,0.003059471977043538,0.03556267860317783,0.12094124502303627,0.165056838537571,-0.003242536044508128,baseline,KNOWN ENGINEERING ONLY
promotion,calibrated,reporting_date:2027-07-01,535,7,0.5648715240579439,0.5570740484214282,0.564631118739765,0.00024040531817888202,0.003812495406314579,0.03237648104137706,0.11810217127353086,0.1680541226758484,0.007797475636515764,baseline,KNOWN ENGINEERING ONLY
promotion,calibrated,reporting_date:2027-10-01,497,7,0.5556827843096659,0.5546745063332964,0.5567764977709987,-0.0010937134613328123,0.003827140067026656,0.0354835888498637,0.12604517793669942,0.16900534844741444,0.0010082779763692694,baseline,KNOWN ENGINEERING ONLY
promotion,calibrated,reporting_date:2028-01-01,524,7,0.5503422056170902,0.5530495028260288,0.5557656311433471,-0.005423425526256848,0.00472243518421216,0.03764541487073038,0.1250537649157149,0.1656655055917696,-0.002707297208938602,baseline,KNOWN ENGINEERING ONLY
promotion,calibrated,reporting_date:2028-04-01,526,7,0.5020024933550752,0.5117826484180601,0.5058383460245034,-0.003835852669428093,0.002687180632049714,0.03343722260813231,0.1295890160769413,0.16556174548050911,-0.009780155062984854,baseline,KNOWN ENGINEERING ONLY
promotion,calibrated,reporting_date:2028-07-01,486,7,0.4414648325671419,0.4436426530907792,0.4421713015561757,-0.0007064689890337446,0.00155919901593226,0.03192287584909868,0.11641882872847749,0.15230309282762067,-0.0021778205236372456,baseline,KNOWN ENGINEERING ONLY
promotion,calibrated,reporting_date:2028-10-01,468,7,0.40892683137955504,0.4181235182705312,0.4077740990796203,0.0011527322999347973,0.004646131203950327,0.03297796978907607,0.1249721615699427,0.16009162910098443,-0.00919668689097614,baseline,KNOWN ENGINEERING ONLY
promotion,calibrated,collateral_coverage:0-0.5,2527,84,0.5875386431043929,0.5954789773301682,0.5940011276146346,-0.006462484510241898,0.001253810792779526,0.030096773753242226,0.17050810680609776,0.2117752793432784,-0.007940334225775463,baseline,KNOWN ENGINEERING ONLY
promotion,calibrated,collateral_coverage:0.5-1,2093,84,0.4334973131477757,0.4293194685939077,0.43244740645601093,0.0010499066917647121,0.0012944717084378647,0.034971075432486294,0.10317024266419539,0.1324870015607134,0.004177844553868016,baseline,KNOWN ENGINEERING ONLY
promotion,calibrated,collateral_coverage:1-inf,1380,84,0.3727384578904217,0.37045653156873154,0.3704017646848861,0.0023366932055356535,0.0018830326356923655,0.03774924558131617,0.07308498744460408,0.09203459409757764,0.00228192632169019,baseline,KNOWN ENGINEERING ONLY
promotion,calibrated,ead_at_default:0-100000,1300,84,0.4961118763978591,0.4925994965096622,0.496557652321089,-0.00044577592322980563,0.0012285256683023961,0.03446696266646284,0.12536697494031074,0.16838208084687506,0.0035123798881969413,baseline,KNOWN ENGINEERING ONLY
promotion,calibrated,ead_at_default:100000-500000,3147,84,0.48340016931076196,0.4882366067484808,0.48615779695089967,-0.0027576276401376303,0.0011383195328570738,0.033665747743140455,0.12560295200069052,0.16401390632032986,-0.004836437437718771,baseline,KNOWN ENGINEERING ONLY
promotion,calibrated,ead_at_default:500000-inf,1553,84,0.4766215887274257,0.47502323898596494,0.4776845920398318,-0.0010630033124060948,0.0013143740805258103,0.03312521116291697,0.12196846690286318,0.16098061009653114,0.0015983497414607693,baseline,KNOWN ENGINEERING ONLY
promotion,calibrated,guarantee:zero,4795,84,0.5078884339159441,0.5107590701409225,0.5111154327400712,-0.0032269988241271108,0.0010095347397239666,0.030756683913922542,0.13191050967304907,0.1726182330964034,-0.002870636224978557,baseline,KNOWN ENGINEERING ONLY
promotion,calibrated,guarantee:partial,972,83,0.4103846420403177,0.40892669952418903,0.4092545043086276,0.0011301377316901152,0.0017437838379145408,0.04004033630148649,0.0989429484667504,0.1304892549610641,0.0014579425161287294,baseline,KNOWN ENGINEERING ONLY
promotion,calibrated,guarantee:full,233,72,0.3097862091920021,0.29186499477252276,0.29490913426235327,0.014877074929648803,0.0034884842434882756,0.055624106020396635,0.08147273251833417,0.10005178843071111,0.01792121441947931,baseline,KNOWN ENGINEERING ONLY
promotion,calibrated,predicted:0.0,460,78,0.14956094438816475,0.14081046492037155,0.13876350048688865,0.01079744390127611,0.0029275916623300187,0.048857938818780165,0.06478042800806702,0.08021385538721465,0.008750479467793233,baseline,KNOWN ENGINEERING ONLY
promotion,calibrated,predicted:0.2,1257,84,0.3127086601065888,0.31005594344904874,0.3113439198436384,0.0013647402629503465,0.001775044438040483,0.040527488475731795,0.08431512248386337,0.10565679313429602,0.0026527166575400257,baseline,KNOWN ENGINEERING ONLY
promotion,calibrated,predicted:0.4,2809,84,0.5089695644233787,0.5152889394378046,0.5108616945335402,-0.0018921301101615074,0.0010164020179053244,0.02980527506548463,0.13707444739105046,0.17040734762832987,-0.006319375014426009,baseline,KNOWN ENGINEERING ONLY
promotion,calibrated,predicted:0.6,1474,76,0.6884876341886488,0.686981866611679,0.696815935581831,-0.008328301393182126,0.001702522540939786,0.02801853467814949,0.15389508677159824,0.20706362418437588,0.0015057675769698645,baseline,KNOWN ENGINEERING ONLY
promotion,calibrated,realized_gt:0.6,2240,84,0.6187915699762903,0.7383884207425276,0.6287145248031212,-0.009922954826830971,0.0013152276101083375,0.02881655030909308,0.12471689708159693,0.14533647709478165,-0.11959685076623744,baseline,KNOWN ENGINEERING ONLY
promotion,calibrated,realized_gt:0.75,908,83,0.677411751658163,0.8341658168660903,0.6914114348099294,-0.013999683151766444,0.0019869388819429568,0.030956102312440132,0.1570238167131495,0.17448218722794864,-0.1567540652079273,baseline,KNOWN ENGINEERING ONLY
promotion,calibrated,realized_gt:0.9,144,45,0.7410071310679158,0.9491620248264514,0.7713576946236612,-0.030350563555745322,0.004845134016134891,0.04754945772303415,0.20815489375853552,0.2147677252938959,-0.20815489375853552,baseline,KNOWN ENGINEERING ONLY
promotion,r1,all,6000,84,0.5502616148489405,0.5470888176514851,0.5477636062793995,0.0024980085695410492,0.0010417764389305903,0.034555444149075985,0.11872689623893168,0.1639815626553631,0.0031727971974553444,downside,KNOWN ENGINEERING ONLY
promotion,r1,regime:0,3495,49,0.4991849834320349,0.49525456127225587,0.4958857563699596,0.0032992270620753623,0.0013097219283833349,0.03263013931432572,0.12402990114916579,0.16679186819388853,0.003930422159779007,downside,KNOWN ENGINEERING ONLY
promotion,r1,regime:1,2505,35,0.621524220358755,0.6194084687674158,0.6201440795063426,0.0013801408524123362,0.0016938744601105405,0.03707496307057544,0.11132809298094037,0.15997812905312248,0.0021157515913390952,downside,KNOWN ENGINEERING ONLY
promotion,r1,collateral_type:Cash,595,82,0.20232822067954748,0.1965758110075172,0.19466145703419607,0.007666763645351379,0.003037371024560993,0.04983985542117049,0.07561781469732429,0.09587456553474814,0.0057524096720302596,downside,KNOWN ENGINEERING ONLY
promotion,r1,collateral_type:Mortgage,2021,84,0.506693418843665,0.5040593994832557,0.5045709539430531,0.002122464900611986,0.0016527158607352872,0.03530934384320668,0.08387481491209148,0.10885375024024423,0.002634019360409428,downside,KNOWN ENGINEERING ONLY
promotion,r1,collateral_type:Other,1239,84,0.5747345672247745,0.5709308529908974,0.5729578262284051,0.001776740996369374,0.001473804851103156,0.03241165749260532,0.12704063947780753,0.16760061509754107,0.003803714233877074,downside,KNOWN ENGINEERING ONLY
promotion,r1,collateral_type:Unsecured,2145,84,0.6736880510558367,0.6710876107916349,0.6718533455128887,0.0018347055429481331,0.0010981576666400073,0.029488377378006962,0.15872001139316627,0.21278477665000564,0.002600440264201823,downside,KNOWN ENGINEERING ONLY
promotion,r1,product_type:Financial Guarantee,236,73,0.5807702296544969,0.564637702768697,0.5765313495989091,0.00423888005558759,0.0024860574697195626,0.03606222810277688,0.13127457329059408,0.18056272252667613,0.016132526885799907,downside,KNOWN ENGINEERING ONLY
promotion,r1,product_type:Import LC,538,84,0.5803727658836146,0.5799140367345252,0.573309585553592,0.007063180330022725,0.001911600124400881,0.03604042431235504,0.11649870392455793,0.16017907644727486,0.00045872914908933,downside,KNOWN ENGINEERING ONLY
promotion,r1,product_type:OVD,1992,84,0.5730939498050328,0.5722854152242083,0.5701994304968733,0.0028945193081595703,0.0011544367540943234,0.03326340401616854,0.11778341467157612,0.16180944706985642,0.0008085345808245547,downside,KNOWN ENGINEERING ONLY
promotion,r1,product_type:Performance Guarantee,420,82,0.5840170153458629,0.5662860314475616,0.5782388029104414,0.005778212435421503,0.0018399267991465326,0.03423262554236006,0.12214743575866947,0.16982831696464792,0.017730983898301345,downside,KNOWN ENGINEERING ONLY
promotion,r1,product_type:Term Loan,2814,84,0.520745228284616,0.5186396503048064,0.5200362897551759,0.0007089385294401212,0.001201695347749204,0.03507784164504039,0.1182579212441993,0.1638784052970514,0.0021055779798095776,downside,KNOWN ENGINEERING ONLY
promotion,r1,industry:Construction,728,12,0.5708687380356975,0.5704385336166565,0.5705936287321187,0.00027510930357874824,0.002030349587178589,0.03304939048573668,0.11512725480680133,0.1607475288704051,0.0004302044190408925,downside,KNOWN ENGINEERING ONLY
promotion,r1,industry:Hospitality,425,12,0.5542877415578311,0.5624831518869988,0.566948342694513,-0.012660601136681781,0.003000292791456437,0.03772624455810395,0.12580415195832143,0.16970450354740094,-0.008195410329167627,downside,KNOWN ENGINEERING ONLY
promotion,r1,industry:Manufacturing,1104,12,0.5431527932887603,0.5498491526087953,0.5429842120879683,0.00016858120079190055,0.0010179349354421275,0.0326535522113854,0.12060177971237863,0.16393505440429956,-0.006696359320035111,downside,KNOWN ENGINEERING ONLY
promotion,r1,industry:Retail,1182,12,0.5456683816955451,0.5333037749393843,0.5354276771380565,0.010240704557488618,0.002142160731606314,0.035361516897084506,0.11866003827113625,0.16479317679468986,0.012364606756160655,downside,KNOWN ENGINEERING ONLY
promotion,r1,industry:Services,1492,12,0.5447535608426184,0.5471353116455536,0.5469412596477509,-0.0021876988051324317,0.0018836590344403,0.03398874074584508,0.11757646373635694,0.16156427731343762,-0.0023817508029351023,downside,KNOWN ENGINEERING ONLY
promotion,r1,industry:Technology,470,12,0.5516588178731283,0.5464114782424149,0.5439733864579943,0.007685431415133994,0.0025448212335331347,0.03267814813175335,0.11937586928168124,0.165224741251852,0.0052473396307135085,downside,KNOWN ENGINEERING ONLY
promotion,r1,industry:Transport,599,12,0.5571490642889726,0.5303180428655215,0.5445784553626796,0.012570608926293036,0.001430780113363312,0.038410615283299476,0.11711301979293533,0.16718827482931886,0.02683102142345114,downside,KNOWN ENGINEERING ONLY
promotion,r1,lien_rank:First,2132,84,0.40357655111015955,0.40362413618328,0.4024332797431523,0.0011432713670072943,0.0017251729501882869,0.0395802762109092,0.09073788700303986,0.12002896535033022,-4.758507312042277e-05,downside,KNOWN ENGINEERING ONLY
promotion,r1,lien_rank:Second,1723,84,0.5781100479466125,0.5702398853268145,0.5731099588733896,0.005000089073222866,0.001406283291829686,0.03372130823903054,0.1035715484067135,0.13944620350746348,0.007870162619797968,downside,KNOWN ENGINEERING ONLY
promotion,r1,lien_rank:Unsecured,2145,84,0.6736880510558367,0.6710876107916349,0.6718533455128887,0.0018347055429481331,0.0010981576666400073,0.029488377378006962,0.15872001139316627,0.21278477665000564,0.002600440264201823,downside,KNOWN ENGINEERING ONLY
promotion,r1,reporting_date:2026-01-01,506,7,0.4665512513589051,0.4708749730077086,0.4655448195304448,0.0010064318284602912,0.0029794086977769805,0.032186003881244596,0.1245494036908808,0.16333590096258288,-0.004323721648803488,downside,KNOWN ENGINEERING ONLY
promotion,r1,reporting_date:2026-04-01,521,7,0.4851240462585245,0.4848286605033418,0.4866535621272279,-0.001529515868703347,0.0025492376293666428,0.03157443477503658,0.12650228714914694,0.16366192729388374,0.0002953857551827798,downside,KNOWN ENGINEERING ONLY
promotion,r1,reporting_date:2026-07-01,514,7,0.5191789104266871,0.5109520734094084,0.5160069768713229,0.0031719335553640816,0.004369401840030999,0.0331815610099556,0.12498161434405412,0.16603623784851873,0.00822683701727865,downside,KNOWN ENGINEERING ONLY
promotion,r1,reporting_date:2026-10-01,473,7,0.5327744646240821,0.525705505000861,0.5265403319376707,0.006234132686411315,0.0036727260840258877,0.033920695853802744,0.11847905453440856,0.16195782679722304,0.007068959623221147,downside,KNOWN ENGINEERING ONLY
promotion,r1,reporting_date:2027-01-01,460,7,0.5663961749144237,0.5612031070188742,0.5574343593374115,0.00896181557701219,0.003263363856337631,0.03375401334411341,0.1115610615959597,0.16007510645090262,0.005193067895549614,downside,KNOWN ENGINEERING ONLY
promotion,r1,reporting_date:2027-04-01,490,7,0.6143707981620551,0.6109353977778358,0.6116101522982491,0.0027606458638059707,0.0024232640263773626,0.03763024495583373,0.11539636613019232,0.1620489754268266,0.003435400384219452,downside,KNOWN ENGINEERING ONLY
promotion,r1,reporting_date:2027-07-01,535,7,0.6294501124931009,0.6364999002901137,0.6276401487895457,0.0018099637035553001,0.0026948890589938426,0.036306430333274936,0.10648054835169662,0.15265120536842272,-0.007049787797012822,downside,KNOWN ENGINEERING ONLY
promotion,r1,reporting_date:2027-10-01,497,7,0.6179745361036482,0.6089467376479877,0.6186303561450419,-0.0006558200413938149,0.004517061082445697,0.03796040466428616,0.11288023533682819,0.16298430896205848,0.009027798455660435,downside,KNOWN ENGINEERING ONLY
promotion,r1,reporting_date:2028-01-01,524,7,0.6180691759671754,0.6090459966453825,0.618317078774563,-0.0002479028073876293,0.004786603878943434,0.038418895204006244,0.12185559898390236,0.17335706021660294,0.009023179321792796,downside,KNOWN ENGINEERING ONLY
promotion,r1,reporting_date:2028-04-01,526,7,0.5739698268207261,0.5606231429156924,0.5676432656223688,0.00632656119835726,0.004369532310038998,0.034135016098154974,0.12129873204241469,0.17508646529657906,0.013346683905033845,downside,KNOWN ENGINEERING ONLY
promotion,r1,reporting_date:2028-07-01,486,7,0.5014134283447772,0.5043483245218844,0.4997277435108098,0.0016856848339674429,0.002396730732901492,0.03199571935598585,0.11816867108771478,0.16364564623022004,-0.0029348961771072163,downside,KNOWN ENGINEERING ONLY
promotion,r1,reporting_date:2028-10-01,468,7,0.4678385824816462,0.4712808916824225,0.46663793405554094,0.0012006484261052794,0.0034379196624327343,0.03227562122346898,0.12208167917666324,0.16077795593468985,-0.003442309200776232,downside,KNOWN ENGINEERING ONLY
promotion,r1,collateral_coverage:0-0.5,2527,84,0.6662911867339344,0.664140953818914,0.663224624841804,0.0030665618921304626,0.0010319171136272485,0.03000971741733151,0.15445935255261284,0.20716708922057078,0.002150232915020478,downside,KNOWN ENGINEERING ONLY
promotion,r1,collateral_coverage:0.5-1,2093,84,0.49126376798708016,0.48602389819232683,0.48809398518766267,0.0031697827994175004,0.0013447045440974142,0.03671205086367497,0.10175426265812108,0.13668084750336973,0.005239869794753356,downside,KNOWN ENGINEERING ONLY
promotion,r1,collateral_coverage:1-inf,1380,84,0.4272730390000232,0.4253628236898373,0.4268349997850582,0.0004380392149650627,0.0020291210703476466,0.03870930613362172,0.07903689984760141,0.0999446105678814,0.0019102153101859024,downside,KNOWN ENGINEERING ONLY
promotion,r1,ead_at_default:0-100000,1300,84,0.5643877816459782,0.5573559483397578,0.5581970901067094,0.006190691539268953,0.001349597498540082,0.03585209196949855,0.11843245366058135,0.1649070471342666,0.007031833306220538,downside,KNOWN ENGINEERING ONLY
promotion,r1,ead_at_default:100000-500000,3147,84,0.548407427879551,0.5470607602514684,0.5477811940903837,0.0006262337891672619,0.0011929405420239756,0.034208564835618835,0.12030622276432434,0.16538006095226543,0.0013466676280825282,downside,KNOWN ENGINEERING ONLY
promotion,r1,ead_at_default:500000-inf,1553,84,0.5421940743186893,0.538551165844079,0.5389942065262313,0.003199867792458004,0.0011388159765997894,0.034146639772521276,0.1157730229462367,0.16031773068386568,0.003642908474610208,downside,KNOWN ENGINEERING ONLY
promotion,r1,guarantee:zero,4795,84,0.5764269456946369,0.5723509143408027,0.5731403167365019,0.0032866289581350073,0.001036206112507788,0.031402051122977476,0.12452677366131551,0.17184746554379354,0.004076031353834397,downside,KNOWN ENGINEERING ONLY
promotion,r1,guarantee:partial,972,83,0.4661658805103555,0.4694343942897997,0.47002982210137156,-0.0038639415910161246,0.002068914545256434,0.0423668419498554,0.10006328685966681,0.13413275420249654,-0.0032685137794442685,downside,KNOWN ENGINEERING ONLY
promotion,r1,guarantee:full,233,72,0.3626148009948217,0.35115897165269305,0.3498061452460809,0.012808655748740802,0.0033431756508769685,0.0544770589553582,0.0772273944205408,0.0982267073619673,0.011455829342128599,downside,KNOWN ENGINEERING ONLY
promotion,r1,predicted:0.0,319,73,0.13815125620126473,0.12965509941824901,0.13127065578400512,0.0068806004172596216,0.003009454488380838,0.045524073269513625,0.059113101273486235,0.07622354794865956,0.008496156783015747,downside,KNOWN ENGINEERING ONLY
promotion,r1,predicted:0.2,878,83,0.3108418214262005,0.30799577077578094,0.3044642167637884,0.006377604662412087,0.002174656094966875,0.046248637165356876,0.08280573888055925,0.10174396909482977,0.0028460506504195057,downside,KNOWN ENGINEERING ONLY
promotion,r1,predicted:0.4,2259,84,0.5127715200257214,0.5120750668844343,0.515451664650068,-0.002680144624346695,0.0013016855281166265,0.034460392302798806,0.1225427827504053,0.15590240882474235,0.0006964531412869255,downside,KNOWN ENGINEERING ONLY
promotion,r1,predicted:0.6,2054,84,0.6856281380139505,0.684909433700478,0.6843189497421087,0.0013091882718418183,0.0013501193876891075,0.02661031598520173,0.1406989732308812,0.19515775818307543,0.0007187043134724477,downside,KNOWN ENGINEERING ONLY
promotion,r1,predicted:0.8,490,55,0.8529576733356674,0.8309614072257854,0.8314087407099965,0.02154893262567093,0.002164548289033802,0.031568424309620126,0.11220616763432925,0.18768932917765713,0.021996266109881923,downside,KNOWN ENGINEERING ONLY
promotion,r1,realized_gt:0.6,2856,84,0.6760404046139923,0.7657068802151764,0.6758616797008606,0.00017872491313177736,0.001234844836090904,0.02989198068934352,0.10041616937412999,0.12197376645257561,-0.0896664756011841,downside,KNOWN ENGINEERING ONLY
promotion,r1,realized_gt:0.75,1478,84,0.7389789073545558,0.8489073636734774,0.7354454970734925,0.0035334102810634597,0.0015632949104710534,0.02936356165222641,0.11718268022011268,0.1389576898070771,-0.10992845631892155,downside,KNOWN ENGINEERING ONLY
promotion,r1,realized_gt:0.9,361,64,0.8090700754204256,0.9512758577458592,0.7993558946467081,0.0097141807737174,0.0020833354371016795,0.02750856210509003,0.14246956942943023,0.16223785258314727,-0.14220578232543382,downside,KNOWN ENGINEERING ONLY
promotion,calibrated,all,6000,84,0.5406759807851457,0.5470888176514851,0.5477636062793995,-0.007087625494253857,0.0015562295002293424,0.038958797194655934,0.12338772496372283,0.16508458499059694,-0.006412836866339561,downside,KNOWN ENGINEERING ONLY
promotion,calibrated,regime:0,3495,49,0.49550009370594134,0.49525456127225587,0.4958857563699596,-0.00038566266401817773,0.0011855176061039377,0.03317814286497231,0.12560510320466367,0.16677318726114762,0.0002455324336854679,downside,KNOWN ENGINEERING ONLY
promotion,calibrated,regime:1,2505,35,0.6037058112609216,0.6194084687674158,0.6201440795063426,-0.016438268245421,0.0024846917040647737,0.04582126668982748,0.12029401759761975,0.1626993501327372,-0.01570265750649424,downside,KNOWN ENGINEERING ONLY
promotion,calibrated,collateral_type:Cash,595,82,0.20413288696795673,0.1965758110075172,0.19466145703419607,0.009471429933760656,0.002982742292432935,0.05122345485752027,0.07791322944133516,0.0967627071541665,0.007557075960439537,downside,KNOWN ENGINEERING ONLY
promotion,calibrated,collateral_type:Mortgage,2021,84,0.5032052606531033,0.5040593994832557,0.5045709539430531,-0.0013656932899498058,0.0016979275856160985,0.03559885878603174,0.08431317984736388,0.10886114560622677,-0.0008541388301523627,downside,KNOWN ENGINEERING ONLY
promotion,calibrated,collateral_type:Other,1239,84,0.5688013234244546,0.5709308529908974,0.5729578262284051,-0.004156502803950516,0.0016651697178553877,0.03221302867137643,0.12844574306904197,0.16712027840874225,-0.0021295295664428148,downside,KNOWN ENGINEERING ONLY
promotion,calibrated,collateral_type:Unsecured,2145,84,0.6530881797026193,0.6710876107916349,0.6718533455128887,-0.018765165810269224,0.002565983848122424,0.04152504337174299,0.16989592826604993,0.21525925864443576,-0.01799943108901553,downside,KNOWN ENGINEERING ONLY
promotion,calibrated,product_type:Financial Guarantee,236,73,0.5694744609060601,0.564637702768697,0.5765313495989091,-0.007056888692849216,0.002918937426936423,0.04048650898378259,0.134232562925484,0.17981796099195857,0.004836758137363107,downside,KNOWN ENGINEERING ONLY
promotion,calibrated,product_type:Import LC,538,84,0.5693923489706598,0.5799140367345252,0.573309585553592,-0.003917236582932139,0.002107796270486912,0.038502709980327086,0.12133174338801024,0.16208393948416452,-0.010521687763865535,downside,KNOWN ENGINEERING ONLY
promotion,calibrated,product_type:OVD,1992,84,0.5631976558277129,0.5722854152242083,0.5701994304968733,-0.007001774669160348,0.0017576874709160808,0.0381205621313026,0.1229230544391378,0.16310929163996582,-0.009087759396495362,downside,KNOWN ENGINEERING ONLY
promotion,calibrated,product_type:Performance Guarantee,420,82,0.5712465810258195,0.5662860314475616,0.5782388029104414,-0.0069922218846219155,0.0024800850373184993,0.04099181864658,0.1296477138057195,0.17312701062395003,0.004960549578257926,downside,KNOWN ENGINEERING ONLY
promotion,calibrated,product_type:Term Loan,2814,84,0.5122649373671572,0.5186396503048064,0.5200362897551759,-0.007771352388018697,0.001643587905891893,0.03918980473765192,0.12226589294527665,0.16452164415082943,-0.006374712937649243,downside,KNOWN ENGINEERING ONLY
promotion,calibrated,industry:Construction,728,12,0.560104503976096,0.5704385336166565,0.5705936287321187,-0.010489124756022703,0.003813373400838901,0.038612956626519424,0.11937699236738943,0.16127093268407192,-0.01033402964056056,downside,KNOWN ENGINEERING ONLY
promotion,calibrated,industry:Hospitality,425,12,0.5431613116017001,0.5624831518869988,0.566948342694513,-0.023787031092812796,0.004694137504924353,0.04417610155756809,0.13038252204777964,0.16801535268501622,-0.01932184028529864,downside,KNOWN ENGINEERING ONLY
promotion,calibrated,industry:Manufacturing,1104,12,0.5343542118428359,0.5498491526087953,0.5429842120879683,-0.008630000245132495,0.0030410428221642177,0.037203914049653515,0.12480475360867894,0.16553918285937755,-0.015494940765959505,downside,KNOWN ENGINEERING ONLY
promotion,calibrated,industry:Retail,1182,12,0.5375975342616635,0.5333037749393843,0.5354276771380565,0.002169857123606964,0.002814627635139197,0.0368470157087133,0.12239519117922744,0.16586096884510998,0.004293759322279,downside,KNOWN ENGINEERING ONLY
promotion,calibrated,industry:Services,1492,12,0.5354536172267927,0.5471353116455536,0.5469412596477509,-0.011487642420958137,0.003436323288005537,0.03964784302728725,0.12323553464980175,0.16338219037945154,-0.011681694418760807,downside,KNOWN ENGINEERING ONLY
promotion,calibrated,industry:Technology,470,12,0.5404016370065008,0.5464114782424149,0.5439733864579943,-0.0035717494514935703,0.005325303666926346,0.04034668108172996,0.12612192483961185,0.16783891183882632,-0.006009841235914057,downside,KNOWN ENGINEERING ONLY
promotion,calibrated,industry:Transport,599,12,0.5462493267418134,0.5303180428655215,0.5445784553626796,0.001670871379133869,0.003421909364386562,0.03979455038258297,0.12087986834494319,0.16721898501403845,0.01593128387629197,downside,KNOWN ENGINEERING ONLY
promotion,calibrated,lien_rank:First,2132,84,0.4021582249466365,0.40362413618328,0.4024332797431523,-0.00027505479651574865,0.0017322043105296387,0.040401945131497204,0.0915985263925516,0.1203191309218513,-0.0014659112366434653,downside,KNOWN ENGINEERING ONLY
promotion,calibrated,lien_rank:Second,1723,84,0.5721302400827197,0.5702398853268145,0.5731099588733896,-0.000979718790669809,0.0015493957807440632,0.033450623462192124,0.10482386847518273,0.1389399273511696,0.0018903547559052938,downside,KNOWN ENGINEERING ONLY
promotion,calibrated,lien_rank:Unsecured,2145,84,0.6530881797026193,0.6710876107916349,0.6718533455128887,-0.018765165810269224,0.002565983848122424,0.04152504337174299,0.16989592826604993,0.21525925864443576,-0.01799943108901553,downside,KNOWN ENGINEERING ONLY
promotion,calibrated,reporting_date:2026-01-01,506,7,0.46418223045379725,0.4708749730077086,0.4655448195304448,-0.001362589076647504,0.0029479235893736556,0.032692047803874684,0.12573664462150452,0.16338040829765607,-0.006692742553911284,downside,KNOWN ENGINEERING ONLY
promotion,calibrated,reporting_date:2026-04-01,521,7,0.48369934983492596,0.4848286605033418,0.4866535621272279,-0.002954212292301899,0.002404163188824348,0.032790780068080935,0.12693251432906028,0.16328404014683365,-0.001129310668415774,downside,KNOWN ENGINEERING ONLY
promotion,calibrated,reporting_date:2026-07-01,514,7,0.5146086042350159,0.5109520734094084,0.5160069768713229,-0.0013983726363070745,0.004072778582629414,0.034037318907575005,0.12645022350073437,0.16596173970723635,0.0036565308256074954,downside,KNOWN ENGINEERING ONLY
promotion,calibrated,reporting_date:2026-10-01,473,7,0.5276789521724857,0.525705505000861,0.5265403319376707,0.0011386202348149473,0.0036134969268669125,0.03370800933008909,0.12042252807467194,0.1624948081854862,0.0019734471716247822,downside,KNOWN ENGINEERING ONLY
promotion,calibrated,reporting_date:2027-01-01,460,7,0.5553711640180146,0.5612031070188742,0.5574343593374115,-0.002063195319396987,0.005462638483132339,0.03695040432117513,0.1162767680413571,0.16138167691896899,-0.005831943000859563,downside,KNOWN ENGINEERING ONLY
promotion,calibrated,reporting_date:2027-04-01,490,7,0.598527146619623,0.6109353977778358,0.6116101522982491,-0.013083005678626122,0.005255728404145425,0.045325388491087346,0.12337405178069173,0.16426808416631675,-0.01240825115821264,downside,KNOWN ENGINEERING ONLY
promotion,calibrated,reporting_date:2027-07-01,535,7,0.6113013986446485,0.6364999002901137,0.6276401487895457,-0.016338750144897263,0.004205597984982809,0.04243337224751718,0.11500444269768023,0.1556206740195672,-0.02519850164546538,downside,KNOWN ENGINEERING ONLY
promotion,calibrated,reporting_date:2027-10-01,497,7,0.6007167179446798,0.6089467376479877,0.6186303561450419,-0.017913638200362157,0.006122611150824427,0.04673198129795311,0.12053836479981754,0.16356033388137223,-0.008230019703307907,downside,KNOWN ENGINEERING ONLY
promotion,calibrated,reporting_date:2028-01-01,524,7,0.6007120120002132,0.6090459966453825,0.618317078774563,-0.01760506677434993,0.007197384707334042,0.048356137664245576,0.13089388684140194,0.17570306559647303,-0.008333984645169509,downside,KNOWN ENGINEERING ONLY
promotion,calibrated,reporting_date:2028-04-01,526,7,0.5620365129422735,0.5606231429156924,0.5676432656223688,-0.005606752680095339,0.007514996247511574,0.04042643833430584,0.12822547002868895,0.17645941994295672,0.001413370026581247,downside,KNOWN ENGINEERING ONLY
promotion,calibrated,reporting_date:2028-07-01,486,7,0.4949382795349131,0.5043483245218844,0.4997277435108098,-0.004789463975896689,0.0033856055284202835,0.035251420713370306,0.12199975896805504,0.1652270478229875,-0.009410044986971344,downside,KNOWN ENGINEERING ONLY
promotion,calibrated,reporting_date:2028-10-01,468,7,0.46533237082876505,0.4712808916824225,0.46663793405554094,-0.0013055632267758594,0.003142837977369709,0.03270387672429573,0.12374802854898885,0.16142870114027072,-0.00594852085365737,downside,KNOWN ENGINEERING ONLY
promotion,calibrated,collateral_coverage:0-0.5,2527,84,0.6471280162393935,0.664140953818914,0.663224624841804,-0.016096608602410453,0.002389962545041814,0.040135646777247756,0.16438939351393647,0.20943298824248727,-0.017012937579520437,downside,KNOWN ENGINEERING ONLY
promotion,calibrated,collateral_coverage:0.5-1,2093,84,0.48741679563666346,0.48602389819232683,0.48809398518766267,-0.0006771895509991237,0.0014058026078765725,0.03703562058795018,0.10269658568217217,0.13618639132258856,0.0013928974443367307,downside,KNOWN ENGINEERING ONLY
promotion,calibrated,collateral_coverage:1-inf,1380,84,0.42652176406260106,0.4253628236898373,0.4268349997850582,-0.0003132357224570754,0.002049334345938944,0.03961062092382126,0.07968869459408201,0.10021530619669143,0.0011589403727637645,downside,KNOWN ENGINEERING ONLY
promotion,calibrated,ead_at_default:0-100000,1300,84,0.5540582037696465,0.5573559483397578,0.5581970901067094,-0.004138886337062865,0.0017091564200601883,0.038941981572375446,0.12306273482554979,0.1659795586076838,-0.0032977445701112807,downside,KNOWN ENGINEERING ONLY
promotion,calibrated,ead_at_default:100000-500000,3147,84,0.5393424865710189,0.5470607602514684,0.5477811940903837,-0.008438707519364727,0.0017052447720323541,0.03900299207330317,0.12487914266976025,0.16654642102386918,-0.007718273680449459,downside,KNOWN ENGINEERING ONLY
promotion,calibrated,ead_at_default:500000-inf,1553,84,0.5321760557445825,0.538551165844079,0.5389942065262313,-0.006818150781648823,0.0017742289569243914,0.03888318965043106,0.12063756118956007,0.1613149616690756,-0.006375110099496622,downside,KNOWN ENGINEERING ONLY
promotion,calibrated,guarantee:zero,4795,84,0.5646305622181635,0.5723509143408027,0.5731403167365019,-0.008509754518338393,0.0015307864174127963,0.036727959716750636,0.12996460070923324,0.17305130589934622,-0.007720352122639003,downside,KNOWN ENGINEERING ONLY
promotion,calibrated,guarantee:partial,972,83,0.464907065731522,0.4694343942897997,0.47002982210137156,-0.005122756369849643,0.002294537202159467,0.044489547058511936,0.10160030111848549,0.13475630423001464,-0.004527328558277789,downside,KNOWN ENGINEERING ONLY
promotion,calibrated,guarantee:full,233,72,0.3637882874838633,0.35115897165269305,0.3498061452460809,0.013982142237782427,0.003206901675878529,0.05538188240194407,0.07892959954676265,0.09874820152481129,0.012629315831170222,downside,KNOWN ENGINEERING ONLY
promotion,calibrated,predicted:0.0,335,74,0.14939625862700406,0.1336247295187825,0.13433508528238264,0.015061173344621457,0.0030299976642325743,0.04906350968402335,0.06565797773479645,0.08040046522859053,0.01577152910822157,downside,KNOWN ENGINEERING ONLY
promotion,calibrated,predicted:0.2,876,83,0.3096213145507616,0.3114997153230224,0.3079952732981474,0.0016260412526141745,0.002106633699477104,0.045611010463764874,0.0823636197802542,0.10166908511248073,-0.0018784007722607821,downside,KNOWN ENGINEERING ONLY
promotion,calibrated,predicted:0.4,2388,84,0.5177167383635153,0.5191006375292445,0.5220319204272141,-0.004315182063698834,0.0013058615566458795,0.03533994975622458,0.1234359250516992,0.15680702510076686,-0.0013838991657291477,downside,KNOWN ENGINEERING ONLY
promotion,calibrated,predicted:0.6,2401,84,0.702404121329565,0.7185683250634385,0.7185186583579484,-0.016114537028383395,0.0022856540208065963,0.0381556514349345,0.14636210216169085,0.19742188419608736,-0.01616420373387336,downside,KNOWN ENGINEERING ONLY
promotion,calibrated,realized_gt:0.6,2856,84,0.6588838686359914,0.7657068802151764,0.6758616797008606,-0.016977811064869286,0.0021121842321260424,0.03865657592577629,0.11214361391090084,0.1326872310794076,-0.10682301157918515,downside,KNOWN ENGINEERING ONLY
promotion,calibrated,realized_gt:0.75,1478,84,0.7095569573051016,0.8489073636734774,0.7354454970734925,-0.02588853976839088,0.002834797505531134,0.044623149449193204,0.13970620962548563,0.15656576467238917,-0.1393504063683759,downside,KNOWN ENGINEERING ONLY
promotion,calibrated,realized_gt:0.9,361,64,0.7524420742599002,0.9512758577458592,0.7993558946467081,-0.046913820386808004,0.00456179725335637,0.06273246578740023,0.1988337834859592,0.20423942748303592,-0.1988337834859592,downside,KNOWN ENGINEERING ONLY
promotion,r1,all,6000,84,0.46557791051567254,0.4645126178684702,0.4628599396318975,0.002717970883775088,0.001009448289988262,0.03147669102478081,0.12124796400684665,0.16095325681027067,0.0010652926472023633,upside,KNOWN ENGINEERING ONLY
promotion,r1,regime:0,3495,49,0.4137006909597302,0.41667862532870487,0.4141008386614834,-0.00040014770175318963,0.0011291818831662224,0.030890525456226774,0.12289165609517196,0.15977742423021776,-0.0029779343689746536,upside,KNOWN ENGINEERING ONLY
promotion,r1,regime:1,2505,35,0.5379575042673765,0.5312510625496996,0.5308891044588823,0.007068399808494181,0.0015467652882135427,0.03227673268657179,0.11895466905726698,0.1625795808398891,0.006706441717676884,upside,KNOWN ENGINEERING ONLY
promotion,r1,collateral_type:Cash,595,82,0.16980613244541254,0.16604937685114077,0.1654069604915249,0.0043991719538876315,0.0025863116503284174,0.04366599989358008,0.06908290126034321,0.08619139478825975,0.0037567555942717595,upside,KNOWN ENGINEERING ONLY
promotion,r1,collateral_type:Mortgage,2021,84,0.4223721517239988,0.41605729592414226,0.4187189864276686,0.0036531652963301222,0.001812084192641293,0.03335342098029619,0.07775590957944782,0.09947895146435783,0.0063148557998564375,upside,KNOWN ENGINEERING ONLY
promotion,r1,collateral_type:Other,1239,84,0.4866471544963842,0.4926528820411742,0.4835985071716938,0.0030486473246903885,0.0011783327220785966,0.029085292483129067,0.1276734436996135,0.1602004930498422,-0.006005727544790076,upside,KNOWN ENGINEERING ONLY
promotion,r1,collateral_type:Unsecured,2145,84,0.5761598467290413,0.5767028494511357,0.574980360999012,0.0011794857300292856,0.0009639619404977044,0.02656560852549055,0.17298432064675545,0.21507042698954226,-0.0005430027220943934,upside,KNOWN ENGINEERING ONLY
promotion,r1,product_type:Financial Guarantee,236,73,0.4921269066627074,0.489306349276562,0.4914825681937451,0.0006443384689621951,0.0024033352619356697,0.03025233532339207,0.12346423133159408,0.1657246262395552,0.002820557386145329,upside,KNOWN ENGINEERING ONLY
promotion,r1,product_type:Import LC,538,84,0.49098925205521143,0.4940610626065046,0.488474056445331,0.0025151956098804886,0.0016019110294589196,0.03129461909398222,0.12593689745628928,0.16425078084548664,-0.0030718105512931994,upside,KNOWN ENGINEERING ONLY
promotion,r1,product_type:OVD,1992,84,0.48630464061362627,0.4876003475643097,0.48482407757072316,0.001480563042903082,0.001088105664417317,0.030643734735534275,0.12188955557963373,0.1602740141092897,-0.0012957069506834118,upside,KNOWN ENGINEERING ONLY
promotion,r1,product_type:Performance Guarantee,420,82,0.4971780325168946,0.4945248822881155,0.4933696729989829,0.003808359517911712,0.00162578457783335,0.028299358194584297,0.12822018554284562,0.16878980998818274,0.0026531502287790725,upside,KNOWN ENGINEERING ONLY
promotion,r1,product_type:Term Loan,2814,84,0.4391043630975456,0.4359609858529281,0.43546051320171264,0.0036438498958329376,0.0011300510401405536,0.03262333312945073,0.11867082515021837,0.15918222821474154,0.003143377244617544,upside,KNOWN ENGINEERING ONLY
promotion,r1,industry:Construction,728,12,0.48250437521715284,0.4933187728689895,0.48421576029053726,-0.0017113850733843474,0.002765857691865812,0.029872567269071164,0.11604634601959264,0.15368328746943222,-0.010814397651836645,upside,KNOWN ENGINEERING ONLY
promotion,r1,industry:Hospitality,425,12,0.4703320690701824,0.49290087786409614,0.48169680102704626,-0.011364731956863936,0.002979067618695461,0.033513837325291444,0.12083814920009535,0.15928048071763562,-0.022568808793913753,upside,KNOWN ENGINEERING ONLY
promotion,r1,industry:Manufacturing,1104,12,0.45990547613517535,0.4588001576425984,0.4603697967508129,-0.0004643206156375805,0.0021556175316905027,0.029939511910315093,0.12469045618679919,0.16707024804661272,0.0011053184925769691,upside,KNOWN ENGINEERING ONLY
promotion,r1,industry:Retail,1182,12,0.45832329134013355,0.4396185024800686,0.44856300805309796,0.009760283287035506,0.0015275354828656075,0.03252637767329693,0.12496329409942564,0.165740739752276,0.018704788860064856,upside,KNOWN ENGINEERING ONLY
promotion,r1,industry:Services,1492,12,0.46330307839211043,0.46237962738142074,0.46134560495183063,0.0019574734402797427,0.002013682701948902,0.03148286646868229,0.11900499159854726,0.15709567157165946,0.000923451010689707,upside,KNOWN ENGINEERING ONLY
promotion,r1,industry:Technology,470,12,0.4698240158568627,0.4716819342715048,0.4650540646329141,0.004769951223948553,0.002132541077724613,0.029802612781363022,0.11992374528563737,0.15841185129500832,-0.0018579184146421306,upside,KNOWN ENGINEERING ONLY
promotion,r1,industry:Transport,599,12,0.468737716444232,0.4687001842076782,0.4583917191421015,0.010345997302130601,0.002129691373134658,0.03372543026500107,0.1208102599728654,0.16116576011120629,3.7532236553793635e-05,upside,KNOWN ENGINEERING ONLY
promotion,r1,lien_rank:First,2132,84,0.33612711000436135,0.3319706162767895,0.331625900521883,0.004501209482478347,0.001573882633354703,0.036670969608811915,0.08513658911754857,0.11157265736575922,0.00415649372757183,upside,KNOWN ENGINEERING ONLY
promotion,r1,lien_rank:Second,1723,84,0.48809146449851626,0.48884895022403946,0.48566473797785814,0.0024267265206580806,0.0012194807065891598,0.030127124091674864,0.10152362638141373,0.13124255303021054,-0.0007574857255232092,upside,KNOWN ENGINEERING ONLY
promotion,r1,lien_rank:Unsecured,2145,84,0.5761598467290413,0.5767028494511357,0.574980360999012,0.0011794857300292856,0.0009639619404977044,0.02656560852549055,0.17298432064675545,0.21507042698954226,-0.0005430027220943934,upside,KNOWN ENGINEERING ONLY
promotion,r1,reporting_date:2026-01-01,506,7,0.38895246583410026,0.3874096331905777,0.38634576526438064,0.002606700569719703,0.002043838524782906,0.031129256306494227,0.11783500124731557,0.15588574734877955,0.0015428326435226237,upside,KNOWN ENGINEERING ONLY
promotion,r1,reporting_date:2026-04-01,521,7,0.4019801857400013,0.4095539831803306,0.4062606295100957,-0.004280443770094351,0.003881438016978004,0.0321979011397064,0.126108518636744,0.15992581166806513,-0.007573797440329251,upside,KNOWN ENGINEERING ONLY
promotion,r1,reporting_date:2026-07-01,514,7,0.42737619580218394,0.43777836277368865,0.42978811567724795,-0.0024119198750641112,0.0032337697414365945,0.03139258775471377,0.12462940861380492,0.16122450369787794,-0.010402166971504782,upside,KNOWN ENGINEERING ONLY
promotion,r1,reporting_date:2026-10-01,473,7,0.43558868678654605,0.4503229341315512,0.4385407364302169,-0.0029520496436708636,0.0025341016389113075,0.031306686492167585,0.12470702764254196,0.15910442177822134,-0.014734247345005218,upside,KNOWN ENGINEERING ONLY
promotion,r1,reporting_date:2027-01-01,460,7,0.4711483832780046,0.47399338262317237,0.46848694078730835,0.002661442490696269,0.003884797279117931,0.02982580724161286,0.12328824091806412,0.16552878886763725,-0.0028449993451677563,upside,KNOWN ENGINEERING ONLY
promotion,r1,reporting_date:2027-04-01,490,7,0.5320870332266135,0.5293876900021044,0.5225911875266858,0.009495845699927723,0.001970227843260357,0.03264844811335692,0.11787505748603747,0.15934477214954884,0.0026993432245091247,upside,KNOWN ENGINEERING ONLY
promotion,r1,reporting_date:2027-07-01,535,7,0.5466993966951768,0.5229727214763878,0.5379383135913819,0.008761083103794733,0.0036152733842697306,0.03143206477479381,0.12512994552455184,0.17597249862984224,0.023726675218788722,upside,KNOWN ENGINEERING ONLY
promotion,r1,reporting_date:2027-10-01,497,7,0.5378529001540128,0.5368206125071693,0.5304393726455634,0.007413527508449508,0.004247248093647652,0.03355634540171353,0.11436137887204889,0.15490456700923969,0.0010322876468435564,upside,KNOWN ENGINEERING ONLY
promotion,r1,reporting_date:2028-01-01,524,7,0.534040281398799,0.5314089976939265,0.5289937176334549,0.0050465637653441,0.004110581624623108,0.034496941147444914,0.11347855870802537,0.15349802586076658,0.0026312837048725487,upside,KNOWN ENGINEERING ONLY
promotion,r1,reporting_date:2028-04-01,526,7,0.48504302807741245,0.48489859430929333,0.4829682946271958,0.0020747334502166613,0.003093042763995041,0.029180664869087502,0.1250965424165575,0.16364377556960738,0.00014443376811910127,upside,KNOWN ENGINEERING ONLY
promotion,r1,reporting_date:2028-07-01,486,7,0.423697133037534,0.4179645605333061,0.42147278692563284,0.0022243461119010694,0.0024390425619819603,0.029711249752120385,0.11760039658184786,0.1576056973321105,0.005732572504227858,upside,KNOWN ENGINEERING ONLY
promotion,r1,reporting_date:2028-10-01,468,7,0.391851510777272,0.38242533106500676,0.3901649288826606,0.0016865818946114042,0.002697527676286511,0.030095935322094994,0.12488025884481313,0.16302415465908981,0.009426179712265122,upside,KNOWN ENGINEERING ONLY
promotion,r1,collateral_coverage:0-0.5,2527,84,0.5694934907647085,0.570389396504655,0.5671236597490313,0.002369831015676983,0.0008831254224118687,0.02688445894757202,0.16805325674518037,0.2096040122876795,-0.0008959057399466625,upside,KNOWN ENGINEERING ONLY
promotion,r1,collateral_coverage:0.5-1,2093,84,0.4144118930267156,0.4142028556003146,0.4116150326758586,0.002796860350857061,0.0013441850115363248,0.03337151486227235,0.09823467722240377,0.1259731433528846,0.00020903742640106016,upside,KNOWN ENGINEERING ONLY
promotion,r1,collateral_coverage:1-inf,1380,84,0.35289371001934877,0.3469384967189126,0.3496578885616017,0.003235821457747075,0.0018592721627356983,0.03598868613051396,0.07044349624602751,0.09009086503677168,0.005955213300436215,upside,KNOWN ENGINEERING ONLY
promotion,r1,ead_at_default:0-100000,1300,84,0.47636643041788906,0.4761000338946379,0.47308982100286084,0.003276609415028158,0.0012654423641152318,0.032076444189379,0.12404556353956339,0.1647156625922741,0.0002663965232511187,upside,KNOWN ENGINEERING ONLY
promotion,r1,ead_at_default:100000-500000,3147,84,0.4647945035374431,0.4649034744229646,0.46273424659091056,0.0020602569465325514,0.001086864986290007,0.031469550983210436,0.12122746607746554,0.16053456787830622,-0.00010897088552147717,upside,KNOWN ENGINEERING ONLY
promotion,r1,ead_at_default:500000-inf,1553,84,0.4581344500440734,0.45402088160896475,0.454551317750206,0.003583132293867341,0.0011711564094148885,0.030980415667753225,0.11894765981575235,0.15859705749442912,0.004113568435108701,upside,KNOWN ENGINEERING ONLY
promotion,r1,guarantee:zero,4795,84,0.48990160272912264,0.48914047572336417,0.4875132386513686,0.002388364077753914,0.001009037237406992,0.028460990798154527,0.12881823797322842,0.16968938499314157,0.0007611270057583739,upside,KNOWN ENGINEERING ONLY
promotion,r1,guarantee:partial,972,83,0.3884445022599495,0.3874745328105021,0.38631719815019605,0.002127304109753437,0.0015480146139148407,0.03754040421295745,0.09550664621734557,0.12582387777040757,0.0009699694494473594,upside,KNOWN ENGINEERING ONLY
promotion,r1,guarantee:full,233,72,0.2867863597048144,0.27906386362867736,0.2748212096827536,0.011965150022060804,0.003986494993624206,0.05444949491434273,0.07284065594931222,0.09213202450575166,0.0077224960761370955,upside,KNOWN ENGINEERING ONLY
promotion,r1,predicted:0.0,490,80,0.1348649837117479,0.13677617306427461,0.13577889449016686,-0.0009139107784189811,0.002666546042317968,0.04301745852534348,0.05863323425582787,0.07470868358280494,-0.0019111893525267454,upside,KNOWN ENGINEERING ONLY
promotion,r1,predicted:0.2,1428,84,0.31391870274090716,0.30723699029361046,0.30793640856637555,0.005982294174531677,0.0016172649638877842,0.03905368548456444,0.08269035626740134,0.1047244186255847,0.006681712447296707,upside,KNOWN ENGINEERING ONLY
promotion,r1,predicted:0.4,2836,84,0.5013596531393517,0.5018335974135764,0.5009475991546676,0.00041205398468408005,0.001013340702389608,0.02755685143504202,0.1426885280483735,0.17697065576053758,-0.00047394427422460696,upside,KNOWN ENGINEERING ONLY
promotion,r1,predicted:0.6,1145,74,0.6746958573603077,0.6762828054901668,0.6711745275389424,0.003521329821365421,0.0013447040432003872,0.02252089002905028,0.14420785041932105,0.19847990991403325,-0.001586948129859158,upside,KNOWN ENGINEERING ONLY
promotion,r1,predicted:0.8,101,25,0.8388611938664317,0.829475898207003,0.8090352754821033,0.029825918384328055,0.0017724767152838567,0.03526979950381322,0.10785164584718043,0.17557902515611323,0.009385295659428783,upside,KNOWN ENGINEERING ONLY
promotion,r1,realized_gt:0.6,2020,84,0.6114300885311965,0.7313970278784405,0.6115745017222456,-0.0001444131910491063,0.0011444747236297541,0.02507304708926325,0.12502397866746842,0.1476834451515737,-0.119966939347244,upside,KNOWN ENGINEERING ONLY
promotion,r1,realized_gt:0.75,772,82,0.6772946655305045,0.828825973483843,0.6736702967249981,0.0036243688055062834,0.0014120682935514863,0.02285579301562831,0.15396766924945096,0.17719577140433165,-0.15153130795333855,upside,KNOWN ENGINEERING ONLY
promotion,r1,realized_gt:0.9,108,43,0.7355983900514755,0.939445898463696,0.726405773359454,0.009192616692021439,0.0024303767133068708,0.024699824216818846,0.2042027405541337,0.2254635737079276,-0.20384750841222055,upside,KNOWN ENGINEERING ONLY
promotion,calibrated,all,6000,84,0.4625737146060948,0.4645126178684702,0.4628599396318975,-0.0002862250258026923,0.0009558547452634112,0.03243827799012369,0.12289584710254686,0.16131421689990338,-0.0019389032623754175,upside,KNOWN ENGINEERING ONLY
promotion,calibrated,regime:0,3495,49,0.41260333737415256,0.41667862532870487,0.4141008386614834,-0.0014975012873308176,0.0011468273599022029,0.032052896956165054,0.12381760246324632,0.16020136863464612,-0.004075287954552281,upside,KNOWN ENGINEERING ONLY
promotion,calibrated,regime:1,2505,35,0.5322928636782056,0.5312510625496996,0.5308891044588823,0.0014037592193233749,0.001601449217108775,0.03296843892869558,0.12160980519210991,0.16285416745542652,0.0010418011285060777,upside,KNOWN ENGINEERING ONLY
promotion,calibrated,collateral_type:Cash,595,82,0.17762924149467968,0.16604937685114077,0.1654069604915249,0.012222281003154796,0.0025785149911099173,0.04794018170475166,0.07387907628483638,0.08827783330232986,0.011579864643538922,upside,KNOWN ENGINEERING ONLY
promotion,calibrated,collateral_type:Mortgage,2021,84,0.41960976955751605,0.41605729592414226,0.4187189864276686,0.0008907831298474053,0.0018354353483258075,0.0331843502766986,0.07753893951163357,0.09935397281688578,0.0035524736333737202,upside,KNOWN ENGINEERING ONLY
promotion,calibrated,collateral_type:Other,1239,84,0.4843758712855781,0.4926528820411742,0.4835985071716938,0.0007773641138842628,0.0011630150098813634,0.02898592699899017,0.12828652833494844,0.16042005364277295,-0.0082770107555962,upside,KNOWN ENGINEERING ONLY
promotion,calibrated,collateral_type:Unsecured,2145,84,0.5695010909783977,0.5767028494511357,0.574980360999012,-0.0054792700206142035,0.001041115322517367,0.0279816007199858,0.17611367219850396,0.2155515049933255,-0.007201758472737882,upside,KNOWN ENGINEERING ONLY
promotion,calibrated,product_type:Financial Guarantee,236,73,0.48848269231132324,0.489306349276562,0.4914825681937451,-0.0029998758824219137,0.0021615978858982826,0.030837233101398367,0.12539091462295793,0.16611168074360064,-0.0008236569652387799,upside,KNOWN ENGINEERING ONLY
promotion,calibrated,product_type:Import LC,538,84,0.487529017442027,0.4940610626065046,0.488474056445331,-0.0009450390033039344,0.0015981485837624806,0.032155995277098316,0.12811077519734057,0.16529461023511838,-0.006532045164477622,upside,KNOWN ENGINEERING ONLY
promotion,calibrated,product_type:OVD,1992,84,0.4834036293871331,0.4876003475643097,0.48482407757072316,-0.0014204481835900788,0.0010429447296116665,0.03204075376718177,0.12379787860039818,0.16070835289089266,-0.0041967181771765715,upside,KNOWN ENGINEERING ONLY
promotion,calibrated,product_type:Performance Guarantee,420,82,0.49351688471459304,0.4945248822881155,0.4933696729989829,0.00014721171561016508,0.0016804748728227693,0.031082533746125334,0.1293954517011962,0.16775210545703442,-0.0010079975735224735,upside,KNOWN ENGINEERING ONLY
promotion,calibrated,product_type:Term Loan,2814,84,0.4362660410618293,0.4359609858529281,0.43546051320171264,0.0008055278601165962,0.001115239381958855,0.03309414185182214,0.12008094023510957,0.15957414162222322,0.00030505520890120215,upside,KNOWN ENGINEERING ONLY
promotion,calibrated,industry:Construction,728,12,0.479506913890381,0.4933187728689895,0.48421576029053726,-0.004708846400156106,0.002547678536032454,0.031477151175127276,0.11834548138406284,0.1542602466025008,-0.013811858978608406,upside,KNOWN ENGINEERING ONLY
promotion,calibrated,industry:Hospitality,425,12,0.46724935238951515,0.49290087786409614,0.48169680102704626,-0.014447448637531167,0.0030533131084467665,0.03437703103366456,0.12254782366494502,0.1595490425230056,-0.025651525474580987,upside,KNOWN ENGINEERING ONLY
promotion,calibrated,industry:Manufacturing,1104,12,0.4567525918827194,0.4588001576425984,0.4603697967508129,-0.003617204868093513,0.0017567662062085915,0.030564694908994,0.125572002627185,0.16697971685958418,-0.002047565759878964,upside,KNOWN ENGINEERING ONLY
promotion,calibrated,industry:Retail,1182,12,0.4562996969337989,0.4396185024800686,0.44856300805309796,0.007736688880700928,0.0013299557054744957,0.033309361995114944,0.1264289573663371,0.1660128272056173,0.01668119445373028,upside,KNOWN ENGINEERING ONLY
promotion,calibrated,industry:Services,1492,12,0.4603032348108047,0.46237962738142074,0.46134560495183063,-0.0010423701410259409,0.0017292316644160505,0.03249982712321509,0.1209523293486777,0.15785484825576307,-0.0020763925706159766,upside,KNOWN ENGINEERING ONLY
promotion,calibrated,industry:Technology,470,12,0.46501275981255297,0.4716819342715048,0.4650540646329141,-4.1304820361195035e-05,0.002418611294629608,0.03278295328785447,0.12192856838348792,0.15890026228311793,-0.006669174458951876,upside,KNOWN ENGINEERING ONLY
promotion,calibrated,industry:Transport,599,12,0.46552713338052454,0.4687001842076782,0.4583917191421015,0.007135414238423114,0.001875492336068642,0.03334581611626883,0.12236882483170726,0.16131759669740314,-0.003173050827153694,upside,KNOWN ENGINEERING ONLY
promotion,calibrated,lien_rank:First,2132,84,0.3364000681718447,0.3319706162767895,0.331625900521883,0.00477416764996174,0.001534413484337282,0.03781189772105357,0.086269819877311,0.11197646085291107,0.0044294518950552236,upside,KNOWN ENGINEERING ONLY
promotion,calibrated,lien_rank:Second,1723,84,0.48558183525567766,0.48884895022403946,0.48566473797785814,-8.29027221805692e-05,0.0012226160083516153,0.030337392979006325,0.10196401611785441,0.13137765882413394,-0.003267114968361859,upside,KNOWN ENGINEERING ONLY
promotion,calibrated,lien_rank:Unsecured,2145,84,0.5695010909783977,0.5767028494511357,0.574980360999012,-0.0054792700206142035,0.001041115322517367,0.0279816007199858,0.17611367219850396,0.2155515049933255,-0.007201758472737882,upside,KNOWN ENGINEERING ONLY
promotion,calibrated,reporting_date:2026-01-01,506,7,0.38830832210411714,0.3874096331905777,0.38634576526438064,0.0019625568397365063,0.0021031558612985895,0.031790464785871234,0.11849826402346199,0.15625250992955056,0.000898688913539428,upside,KNOWN ENGINEERING ONLY
promotion,calibrated,reporting_date:2026-04-01,521,7,0.40131882108400774,0.4095539831803306,0.4062606295100957,-0.004941808426087949,0.0035458035898865434,0.033902923921072727,0.12700857408318902,0.16052468391654262,-0.00823516209632285,upside,KNOWN ENGINEERING ONLY
promotion,calibrated,reporting_date:2026-07-01,514,7,0.4257794636628876,0.43777836277368865,0.42978811567724795,-0.004008652014360382,0.0036747186328934867,0.03267783444168121,0.12572939398876593,0.1617058850278337,-0.011998899110801053,upside,KNOWN ENGINEERING ONLY
promotion,calibrated,reporting_date:2026-10-01,473,7,0.4343229348020097,0.4503229341315512,0.4385407364302169,-0.0042178016282072035,0.0023659280703768304,0.03219528549148577,0.12587311973796356,0.16010519799386003,-0.015999999329541558,upside,KNOWN ENGINEERING ONLY
promotion,calibrated,reporting_date:2027-01-01,460,7,0.4682353032604665,0.47399338262317237,0.46848694078730835,-0.0002516375268418918,0.0037190948046075993,0.030582935249674793,0.12470055137301657,0.1659900384930837,-0.0057580793627059175,upside,KNOWN ENGINEERING ONLY
promotion,calibrated,reporting_date:2027-04-01,490,7,0.527281645611086,0.5293876900021044,0.5225911875266858,0.004690458084400298,0.002972802522393864,0.03330111028213458,0.12086663251612971,0.1603604416834483,-0.002106044391018301,upside,KNOWN ENGINEERING ONLY
promotion,calibrated,reporting_date:2027-07-01,535,7,0.5415289651124142,0.5229727214763878,0.5379383135913819,0.0035906515210322554,0.0037249315798800137,0.031338315908981014,0.1264277604739894,0.17514718395934628,0.018556243636026246,upside,KNOWN ENGINEERING ONLY
promotion,calibrated,reporting_date:2027-10-01,497,7,0.5328231849947018,0.5368206125071693,0.5304393726455634,0.002383812349138543,0.004342577436157349,0.033890935330327214,0.11643481963492038,0.15510765588943154,-0.003997427512467408,upside,KNOWN ENGINEERING ONLY
promotion,calibrated,reporting_date:2028-01-01,524,7,0.5274622249102476,0.5314089976939265,0.5289937176334549,-0.0015314927232073954,0.003843407632813702,0.03513422529883865,0.11569119714288,0.1530929608294693,-0.003946772783678947,upside,KNOWN ENGINEERING ONLY
promotion,calibrated,reporting_date:2028-04-01,526,7,0.4806754076915335,0.48489859430929333,0.4829682946271958,-0.0022928869356623233,0.0029082636126195895,0.03160970728334786,0.12842599367664131,0.16468243396178983,-0.004223186617759884,upside,KNOWN ENGINEERING ONLY
promotion,calibrated,reporting_date:2028-07-01,486,7,0.42192577790704755,0.4179645605333061,0.42147278692563284,0.00045299098141466206,0.0020361703359977022,0.03136635019055318,0.11940120540981582,0.15806547604723806,0.003961217373741451,upside,KNOWN ENGINEERING ONLY
promotion,calibrated,reporting_date:2028-10-01,468,7,0.3910619976383459,0.38242533106500676,0.3901649288826606,0.0008970687556854301,0.0028200894414073504,0.03078811652847235,0.12560575468632823,0.16314529294327026,0.008636666573339146,upside,KNOWN ENGINEERING ONLY
promotion,calibrated,collateral_coverage:0-0.5,2527,84,0.5634264886877699,0.570389396504655,0.5671236597490313,-0.0036971710612614837,0.000966641483949639,0.028016365038901956,0.17080198277371728,0.21008239352677235,-0.006962907816885128,upside,KNOWN ENGINEERING ONLY
promotion,calibrated,collateral_coverage:0.5-1,2093,84,0.4130270315566458,0.4142028556003146,0.4116150326758586,0.0014119988807871529,0.0013250414480563651,0.03401387730130031,0.09926995188719563,0.12620132356536484,-0.0011758240436688476,upside,KNOWN ENGINEERING ONLY
promotion,calibrated,collateral_coverage:1-inf,1380,84,0.3530420099090684,0.3469384967189126,0.3496578885616017,0.003384121347466741,0.0018382476967619427,0.037188155270424995,0.071004683221882,0.09037264485942355,0.006103513190155879,upside,KNOWN ENGINEERING ONLY
promotion,calibrated,ead_at_default:0-100000,1300,84,0.47352879131850634,0.4761000338946379,0.47308982100286084,0.00043897031564545173,0.0011321152905811199,0.03286359235787115,0.12573573774110863,0.1652268866613129,-0.0025712425761315865,upside,KNOWN ENGINEERING ONLY
promotion,calibrated,ead_at_default:100000-500000,3147,84,0.4619980594984937,0.4649034744229646,0.46273424659091056,-0.0007361870924169281,0.001084957836818466,0.032538112995338035,0.1227281982075132,0.16074578849502938,-0.0029054149244709558,upside,KNOWN ENGINEERING ONLY
promotion,calibrated,ead_at_default:500000-inf,1553,84,0.4545698426791699,0.45402088160896475,0.454551317750206,1.8524928963832254e-05,0.0011845055572231203,0.03187236433029508,0.12085832826322983,0.15913434720856642,0.0005489610702051925,upside,KNOWN ENGINEERING ONLY
promotion,calibrated,guarantee:zero,4795,84,0.48589607940035645,0.48914047572336417,0.4875132386513686,-0.001617159251012181,0.0009225588069346333,0.02930871365812366,0.13042105854552308,0.16999391898371227,-0.003244396323007722,upside,KNOWN ENGINEERING ONLY
promotion,calibrated,guarantee:partial,972,83,0.3892799123463656,0.3874745328105021,0.38631719815019605,0.0029627141961695758,0.0016291168035034824,0.039031036038951125,0.09719354646911899,0.1264827561299021,0.0018053795358634983,upside,KNOWN ENGINEERING ONLY
promotion,calibrated,guarantee:full,233,72,0.288371296614558,0.27906386362867736,0.2748212096827536,0.013550086931804407,0.0037019577905465133,0.05534817498430992,0.07525313185199328,0.0930671086094916,0.009307432985880696,upside,KNOWN ENGINEERING ONLY
promotion,calibrated,predicted:0.0,507,80,0.14853788214245814,0.13989437186284315,0.13806945096367146,0.010468431178786725,0.0026771567995651844,0.047501307911737435,0.06449422639082128,0.07819644875912142,0.008643510279615012,upside,KNOWN ENGINEERING ONLY
promotion,calibrated,predicted:0.2,1446,84,0.312680961774938,0.31226702954036606,0.31152518223220316,0.0011557795427347525,0.0016159435688234503,0.038541976989082925,0.08292536520554132,0.10553813801343322,0.00041393223457186903,upside,KNOWN ENGINEERING ONLY
promotion,calibrated,predicted:0.4,2911,84,0.5054349292124144,0.5064607888372279,0.5060903731681958,-0.000655443955781393,0.0009995506579101,0.028140341558325205,0.14445142627154614,0.17890260165227162,-0.0010258596248134929,upside,KNOWN ENGINEERING ONLY
promotion,calibrated,predicted:0.6,1136,74,0.6836935138437006,0.6956899468801232,0.6896689580567074,-0.005975444213006902,0.0016079318205533002,0.025110677959791244,0.14460240305585495,0.1962627463274634,-0.011996433036422673,upside,KNOWN ENGINEERING ONLY
promotion,calibrated,realized_gt:0.6,2020,84,0.6043462744329152,0.7313970278784405,0.6115745017222456,-0.007228227289330411,0.0012108995924165966,0.026485877989925438,0.1301855231234644,0.1516337191593468,-0.12705075344552527,upside,KNOWN ENGINEERING ONLY
promotion,calibrated,realized_gt:0.75,772,82,0.6635544639772388,0.828825973483843,0.6736702967249981,-0.010115832747759354,0.0016902089295512664,0.025628776341257792,0.16535318417255254,0.18427782083574412,-0.1652715095066042,upside,KNOWN ENGINEERING ONLY
promotion,calibrated,realized_gt:0.9,108,43,0.7075661545798831,0.939445898463696,0.726405773359454,-0.018839618779570997,0.004070817961860756,0.03579745914691059,0.231879743883813,0.2422964064706843,-0.231879743883813,upside,KNOWN ENGINEERING ONLY
